UserId,Date,Time,Operator,Transaction_type,Direction,Amount,Currency,New_balance,Anonymized_Content
USER_6,2023-06-24,16:59:08,OrangeMoney,transfert,OUT,10150.0,FCFA,38292.12,"Transfert de [USER_6_phone] [USER_6] vers [PHONE_0747] [CONTACT_6B53] reussi. ID transaction: PP230624.1659.C27779, Montant Transaction: 10150 FCFA, Frais: 50.75 FCFA, Commission: 0 FCFA, Montant Net: 10200.75 FCFA, Nouveau Solde: 38292.12 FCFA."
USER_6,2023-06-25,16:41:10,OrangeMoney,transfert,OUT,5075.0,FCFA,33191.75,"Transfert de [USER_6_phone] [USER_6] vers [PHONE_9183] [CONTACT_7FB6] reussi. ID transaction: PP230625.1526.B12319, Montant Transaction: 5075 FCFA, Frais: 25.37 FCFA, Commission: 0 FCFA, Montant Net: 5100.37 FCFA, Nouveau Solde: 33191.75 FCFA."
USER_6,2023-06-26,18:51:01,OrangeMoney,transfert,OUT,10000.0,FCFA,20141.75,"Transfert de [USER_6_phone] [USER_6] vers [PHONE_4432] [CONTACT_95E8] reussi. ID transaction: PP230626.1851.C19015, Montant Transaction: 10000 FCFA, Frais: 50 FCFA, Commission: 0 FCFA, Montant Net: 10050 FCFA, Nouveau Solde: 20141.75 FCFA."
USER_6,2023-06-27,15:03:47,OrangeMoney,transfert,OUT,5075.0,FCFA,15041.38,"Transfert de [USER_6_phone] [USER_6] vers [PHONE_5524] [CONTACT_82CD] reussi. ID transaction: PP230627.1503.C61022, Montant Transaction: 5075 FCFA, Frais: 25.37 FCFA, Commission: 0 FCFA, Montant Net: 5100.37 FCFA, Nouveau Solde: 15041.38 FCFA."
USER_6,2023-06-29,12:30:58,OrangeMoney,transfert,OUT,49750.0,FCFA,54791.38,"Transfert de [PHONE_9111] [CONTACT_0289] vers [USER_6_phone] [USER_6] reussi. Details: ID transaction: PP230629.1230.A65686, Montant Transaction: 49750FCFA, Frais: 0 FCFA, Commission: 0 FCFA, Montant Net: 49750 FCFA, Nouveau Solde: 54791.38 FCFA."
USER_6,2023-06-29,15:53:23,OrangeMoney,transfert,OUT,5500.0,FCFA,49263.88,"Transfert de [USER_6_phone] [USER_6] vers [PHONE_0280] [CONTACT_8DDB] reussi. ID transaction: PP230629.1553.C42389, Montant Transaction: 5500 FCFA, Frais: 27.5 FCFA, Commission: 0 FCFA, Montant Net: 5527.5 FCFA, Nouveau Solde: 49263.88 FCFA."
USER_6,2023-06-30,10:59:07,OrangeMoney,transfert,OUT,10000.0,FCFA,39213.88,"Transfert de [USER_6_phone] [USER_6] vers [PHONE_0261] [CONTACT_6794] reussi. ID transaction: PP230630.1059.A64273, Montant Transaction: 10000 FCFA, Frais: 50 FCFA, Commission: 0 FCFA, Montant Net: 10050 FCFA, Nouveau Solde: 39213.88 FCFA."
USER_6,2023-07-01,12:27:52,OrangeMoney,transfert,OUT,10150.0,FCFA,29013.13,"Transfert de [USER_6_phone] [USER_6] vers [PHONE_9559] [CONTACT_4D25] reussi. ID transaction: PP230701.1227.B12204, Montant Transaction: 10150 FCFA, Frais: 50.75 FCFA, Commission: 0 FCFA, Montant Net: 10200.75 FCFA, Nouveau Solde: 29013.13 FCFA."
USER_6,2023-07-01,14:24:01,OrangeMoney,transfert,OUT,5075.0,FCFA,23912.76,"Transfert de [USER_6_phone] [USER_6] vers [PHONE_4432] [CONTACT_95E8] reussi. ID transaction: PP230701.1423.A81508, Montant Transaction: 5075 FCFA, Frais: 25.37 FCFA, Commission: 0 FCFA, Montant Net: 5100.37 FCFA, Nouveau Solde: 23912.76 FCFA."
USER_6,2023-07-01,16:23:18,OrangeMoney,depot,IN,10000.0,FCFA,33912.76,"Depot effectue par [PHONE_4897] [CONTACT_6C17] to [USER_6_phone] [USER_6]. Informations detaillees: Montant de transaction : 10000 FCFA, ID transaction : CI230701.1623.B97484, Frais : 0 FCFA, Commission : 0 FCFA, Montant Net du Credit : 10000 FCFA, Nouveau Solde : 33912.76 FCFA."
USER_6,2023-07-01,16:24:33,OrangeMoney,transfert,OUT,10000.0,FCFA,23862.76,"Transfert de [USER_6_phone] [USER_6] vers [PHONE_9069] [CONTACT_E7C5] reussi. ID transaction: PP230701.1624.B57814, Montant Transaction: 10000 FCFA, Frais: 50 FCFA, Commission: 0 FCFA, Montant Net: 10050 FCFA, Nouveau Solde: 23862.76 FCFA."
USER_6,2023-07-03,14:07:00,OrangeMoney,depot,IN,10150.0,FCFA,34012.76,"Depot effectue par [PHONE_9437] [CONTACT_D16C] to [USER_6_phone] [USER_6]. Informations detaillees: Montant de transaction : 10150 FCFA, ID transaction : CI230703.1406.A78194, Frais : 0 FCFA, Commission : 0 FCFA, Montant Net du Credit : 10150 FCFA, Nouveau Solde : 34012.76 FCFA."
USER_6,2023-07-03,15:59:19,OrangeMoney,transfert,OUT,10000.0,FCFA,23962.76,"Transfert de [USER_6_phone] [USER_6] vers [PHONE_9555] [CONTACT_532D] reussi. ID transaction: PP230703.1559.A78583, Montant Transaction: 10000 FCFA, Frais: 50 FCFA, Commission: 0 FCFA, Montant Net: 10050 FCFA, Nouveau Solde: 23962.76 FCFA."
USER_6,2023-07-05,09:34:26,OrangeMoney,depot,IN,30000.0,FCFA,48862.76,"Depot effectue par [PHONE_1669] [CONTACT_A525] to [USER_6_phone] [USER_6]. Informations detaillees: Montant de transaction : 30000 FCFA, ID transaction : CI230705.0934.A15500, Frais : 0 FCFA, Commission : 0 FCFA, Montant Net du Credit : 30000 FCFA, Nouveau Solde : 48862.76 FCFA."
USER_6,2023-07-05,10:35:23,OrangeMoney,transfert,OUT,30450.0,FCFA,18260.51,"Transfert de [USER_6_phone] [USER_6] vers [PHONE_6576] [CONTACT_808D] reussi. ID transaction: PP230705.1035.C83503, Montant Transaction: 30450 FCFA, Frais: 152.25 FCFA, Commission: 0 FCFA, Montant Net: 30602.25 FCFA, Nouveau Solde: 18260.51 FCFA."
USER_6,2023-07-06,09:22:24,OrangeMoney,transfert,OUT,3050.0,FCFA,15195.26,"Transfert de [USER_6_phone] [USER_6] vers [PHONE_7656] [CONTACT_F02E] reussi. ID transaction: PP230706.0922.A40116, Montant Transaction: 3050 FCFA, Frais: 15.25 FCFA, Commission: 0 FCFA, Montant Net: 3065.25 FCFA, Nouveau Solde: 15195.26 FCFA."
USER_6,2023-07-06,17:15:13,OrangeMoney,transfert,OUT,5075.0,FCFA,10094.89,"Transfert de [USER_6_phone] [USER_6] vers [PHONE_1687] [CONTACT_3AB3] [USER_6] reussi. ID transaction: PP230706.1715.A37585, Montant Transaction: 5075 FCFA, Frais: 25.37 FCFA, Commission: 0 FCFA, Montant Net: 5100.37 FCFA, Nouveau Solde: 10094.89 FCFA."
USER_6,2023-07-07,10:21:46,OrangeMoney,depot,IN,20000.0,FCFA,27094.89,"Depot effectue par [PHONE_4897] [CONTACT_6C17] to [USER_6_phone] [USER_6]. Informations detaillees: Montant de transaction : 20000 FCFA, ID transaction : CI230707.1021.B25374, Frais : 0 FCFA, Commission : 0 FCFA, Montant Net du Credit : 20000 FCFA, Nouveau Solde : 27094.89 FCFA."
USER_6,2023-07-07,10:25:45,OrangeMoney,transfert,OUT,20000.0,FCFA,6994.89,"Transfert de [USER_6_phone] [USER_6] vers [PHONE_4432] [CONTACT_95E8] reussi. ID transaction: PP230707.1025.A40393, Montant Transaction: 20000 FCFA, Frais: 100 FCFA, Commission: 0 FCFA, Montant Net: 20100 FCFA, Nouveau Solde: 6994.89 FCFA."
USER_6,2023-07-10,12:40:08,OrangeMoney,depot,IN,20000.0,FCFA,26994.89,"Depot effectue par [PHONE_4897] [CONTACT_6C17] to [USER_6_phone] [USER_6]. Informations detaillees: Montant de transaction : 20000 FCFA, ID transaction : CI230710.1240.A06845, Frais : 0 FCFA, Commission : 0 FCFA, Montant Net du Credit : 20000 FCFA, Nouveau Solde : 26994.89 FCFA."
USER_6,2023-07-10,13:19:56,OrangeMoney,transfert,OUT,20300.0,FCFA,6593.39,"Transfert de [USER_6_phone] [USER_6] vers [PHONE_9009] [CONTACT_712C] reussi. ID transaction: PP230710.1319.A52178, Montant Transaction: 20300 FCFA, Frais: 101.5 FCFA, Commission: 0 FCFA, Montant Net: 20401.5 FCFA, Nouveau Solde: 6593.39 FCFA."
USER_6,2023-07-11,10:10:53,OrangeMoney,depot,IN,50000.0,FCFA,56593.39,"Depot effectue par [PHONE_1669] [CONTACT_A525] to [USER_6_phone] [USER_6]. Informations detaillees: Montant de transaction : 50000 FCFA, ID transaction : CI230711.1010.B65491, Frais : 0 FCFA, Commission : 0 FCFA, Montant Net du Credit : 50000 FCFA, Nouveau Solde : 56593.39 FCFA."
USER_6,2023-07-11,12:07:56,OrangeMoney,transfert,OUT,50000.0,FCFA,6343.39,"Transfert de [USER_6_phone] [USER_6] vers [PHONE_3523] mezatio reussi. ID transaction: PP230711.1207.A48564, Montant Transaction: 50000 FCFA, Frais: 250 FCFA, Commission: 0 FCFA, Montant Net: 50250 FCFA, Nouveau Solde: 6343.39 FCFA."
USER_6,2023-07-12,14:16:18,OrangeMoney,depot,IN,5000.0,FCFA,7969.39,"Depot effectue par [PHONE_5111] [CONTACT_76DD] to [USER_6_phone] [USER_6]. Informations detaillees: Montant de transaction : 5000 FCFA, ID transaction : CI230712.1416.C64945, Frais : 0 FCFA, Commission : 0 FCFA, Montant Net du Credit : 5000 FCFA, Nouveau Solde : 7969.39 FCFA."
USER_6,2023-07-14,14:05:17,OrangeMoney,depot,IN,100000.0,FCFA,104595.39,"Depot effectue par [PHONE_1729] [CONTACT_E2A1] to [USER_6_phone] [USER_6]. Informations detaillees: Montant de transaction : 100000 FCFA, ID transaction : CI230714.1405.B97650, Frais : 0 FCFA, Commission : 0 FCFA, Montant Net du Credit : 100000 FCFA, Nouveau Solde : 104595.39 FCFA."
USER_6,2023-07-14,14:24:19,OrangeMoney,transfert,OUT,15225.0,FCFA,89294.27,"Transfert de [USER_6_phone] [USER_6] vers [PHONE_4981] [CONTACT_C94C] reussi. ID transaction: PP230714.1424.A52372, Montant Transaction: 15225 FCFA, Frais: 76.12 FCFA, Commission: 0 FCFA, Montant Net: 15301.12 FCFA, Nouveau Solde: 89294.27 FCFA."
USER_6,2023-07-14,14:26:25,OrangeMoney,transfert,OUT,15000.0,FCFA,74219.27,"Transfert de [USER_6_phone] [USER_6] vers [PHONE_9009] [CONTACT_712C] reussi. ID transaction: PP230714.1426.C00259, Montant Transaction: 15000 FCFA, Frais: 75 FCFA, Commission: 0 FCFA, Montant Net: 15075 FCFA, Nouveau Solde: 74219.27 FCFA."
USER_6,2023-07-14,15:28:55,OrangeMoney,transfert,OUT,15000.0,FCFA,59144.27,"Transfert de [USER_6_phone] [USER_6] vers [PHONE_1408] [CONTACT_4E94] reussi. ID transaction: PP230714.1528.A94713, Montant Transaction: 15000 FCFA, Frais: 75 FCFA, Commission: 0 FCFA, Montant Net: 15075 FCFA, Nouveau Solde: 59144.27 FCFA."
USER_6,2023-07-15,17:40:29,OrangeMoney,transfert,OUT,20200.0,FCFA,64344.27,"Transfert de [PHONE_4428] [CONTACT_180E] vers [USER_6_phone] [USER_6] reussi. Details: ID transaction: PP230715.1740.B40226, Montant Transaction: 20200FCFA, Frais: 0 FCFA, Commission: 0 FCFA, Montant Net: 20200 FCFA, Nouveau Solde: 64344.27 FCFA."
USER_6,2023-07-17,07:28:35,OrangeMoney,transfert,OUT,25000.0,FCFA,39219.27,"Transfert de [USER_6_phone] [USER_6] vers [PHONE_9183] [CONTACT_7FB6] reussi. ID transaction: PP230717.0728.B23442, Montant Transaction: 25000 FCFA, Frais: 125 FCFA, Commission: 0 FCFA, Montant Net: 25125 FCFA, Nouveau Solde: 39219.27 FCFA."
USER_6,2023-07-18,09:53:42,OrangeMoney,transfert,OUT,40000.0,FCFA,29019.27,"Transfert de [USER_6_phone] [USER_6] vers [PHONE_8885] [CONTACT_FBC7] reussi. ID transaction: PP230718.0953.A44290, Montant Transaction: 40000 FCFA, Frais: 200 FCFA, Commission: 0 FCFA, Montant Net: 40200 FCFA, Nouveau Solde: 29019.27 FCFA."
USER_6,2023-07-18,11:32:19,OrangeMoney,transfert,OUT,1000.0,FCFA,28014.27,"Transfert de [USER_6_phone] [USER_6] vers [PHONE_1439] [CONTACT_7F47] reussi. ID transaction: PP230718.1132.B11221, Montant Transaction: 1000 FCFA, Frais: 5 FCFA, Commission: 0 FCFA, Montant Net: 1005 FCFA, Nouveau Solde: 28014.27 FCFA."
USER_6,2023-07-18,15:37:03,OrangeMoney,transfert,OUT,1700.0,FCFA,29714.27,"Transfert de [PHONE_2455] [CONTACT_ACDF] vers [USER_6_phone] [USER_6] reussi. Details: ID transaction: PP230718.1537.B57669, Montant Transaction: 1700FCFA, Frais: 0 FCFA, Commission: 0 FCFA, Montant Net: 1700 FCFA, Nouveau Solde: 29714.27 FCFA."
USER_6,2023-07-19,18:02:13,OrangeMoney,transfert,OUT,2500.0,FCFA,27201.77,"Transfert de [USER_6_phone] [USER_6] vers [PHONE_4432] [CONTACT_95E8] reussi. ID transaction: PP230719.1802.A66630, Montant Transaction: 2500 FCFA, Frais: 12.5 FCFA, Commission: 0 FCFA, Montant Net: 2512.5 FCFA, Nouveau Solde: 27201.77 FCFA."
USER_6,2023-07-21,14:52:08,OrangeMoney,transfert,OUT,2000.0,FCFA,23091.77,"Transfert de [USER_6_phone] [USER_6] vers [PHONE_6057] [CONTACT_B571] reussi. ID transaction: PP230721.1452.A13606, Montant Transaction: 2000 FCFA, Frais: 10 FCFA, Commission: 0 FCFA, Montant Net: 2010 FCFA, Nouveau Solde: 23091.77 FCFA."
USER_6,2023-07-21,18:18:20,OrangeMoney,transfert,OUT,5000.0,FCFA,18066.77,"Transfert de [USER_6_phone] [USER_6] vers [PHONE_1315] [CONTACT_E4A3] reussi. ID transaction: PP230721.1818.B54189, Montant Transaction: 5000 FCFA, Frais: 25 FCFA, Commission: 0 FCFA, Montant Net: 5025 FCFA, Nouveau Solde: 18066.77 FCFA."
USER_6,2023-07-25,09:14:08,OrangeMoney,transfert,OUT,15000.0,FCFA,2991.77,"Transfert de [USER_6_phone] [USER_6] vers [PHONE_3523] mezatio reussi. ID transaction: PP230725.0914.A82732, Montant Transaction: 15000 FCFA, Frais: 75 FCFA, Commission: 0 FCFA, Montant Net: 15075 FCFA, Nouveau Solde: 2991.77 FCFA."
USER_6,2023-07-25,17:55:21,OrangeMoney,depot,IN,55000.0,FCFA,57991.77,"Depot effectue par [PHONE_4120] [CONTACT_B1F8] to [USER_6_phone] [USER_6]. Informations detaillees: Montant de transaction : 55000 FCFA, ID transaction : CI230725.1755.C58053, Frais : 0 FCFA, Commission : 0 FCFA, Montant Net du Credit : 55000 FCFA, Nouveau Solde : 57991.77 FCFA."
USER_6,2023-07-25,18:13:28,OrangeMoney,transfert,OUT,34510.0,FCFA,10901.22,"Transfert de [USER_6_phone] [USER_6] vers [PHONE_1428] [CONTACT_6A60] reussi. ID transaction: PP230725.1813.B35439, Montant Transaction: 34510 FCFA, Frais: 172.55 FCFA, Commission: 0 FCFA, Montant Net: 34682.55 FCFA, Nouveau Solde: 10901.22 FCFA."
USER_6,2023-07-26,08:44:45,OrangeMoney,transfert,OUT,3552.5,FCFA,7330.96,"Transfert de [USER_6_phone] [USER_6] vers [PHONE_8361] [CONTACT_1FBD] reussi. ID transaction: PP230726.0844.B40472, Montant Transaction: 3552.5 FCFA, Frais: 17.76 FCFA, Commission: 0 FCFA, Montant Net: 3570.26 FCFA, Nouveau Solde: 7330.96 FCFA."
USER_6,2023-07-26,14:06:19,OrangeMoney,depot,IN,90000.0,FCFA,97330.96,"Depot effectue par [PHONE_2515] [CONTACT_5089] to [USER_6_phone] [USER_6]. Informations detaillees: Montant de transaction : 90000 FCFA, ID transaction : CI230726.1406.A82426, Frais : 0 FCFA, Commission : 0 FCFA, Montant Net du Credit : 90000 FCFA, Nouveau Solde : 97330.96 FCFA."
USER_6,2023-07-26,14:09:24,OrangeMoney,transfert,OUT,30000.0,FCFA,127330.96,"Transfert de [PHONE_1428] [CONTACT_6A60] vers [USER_6_phone] [USER_6] reussi. Details: ID transaction: PP230726.1409.C89799, Montant Transaction: 30000FCFA, Frais: 0 FCFA, Commission: 0 FCFA, Montant Net: 30000 FCFA, Nouveau Solde: 127330.96 FCFA."
USER_6,2023-07-26,14:14:00,OrangeMoney,transfert,OUT,25000.0,FCFA,102205.96,"Transfert de [USER_6_phone] [USER_6] vers [PHONE_9183] [CONTACT_7FB6] reussi. ID transaction: PP230726.1413.B51845, Montant Transaction: 25000 FCFA, Frais: 125 FCFA, Commission: 0 FCFA, Montant Net: 25125 FCFA, Nouveau Solde: 102205.96 FCFA."
USER_6,2023-07-26,14:16:59,OrangeMoney,transfert,OUT,10000.0,FCFA,92155.96,"Transfert de [USER_6_phone] [USER_6] vers [PHONE_0261] [CONTACT_6794] reussi. ID transaction: PP230726.1416.C94833, Montant Transaction: 10000 FCFA, Frais: 50 FCFA, Commission: 0 FCFA, Montant Net: 10050 FCFA, Nouveau Solde: 92155.96 FCFA."
USER_6,2023-07-27,19:37:27,OrangeMoney,transfert,OUT,25000.0,FCFA,67030.96,"Transfert de [USER_6_phone] [USER_6] vers [PHONE_4773] [CONTACT_DD32] reussi. ID transaction: PP230727.1937.C87920, Montant Transaction: 25000 FCFA, Frais: 125 FCFA, Commission: 0 FCFA, Montant Net: 25125 FCFA, Nouveau Solde: 67030.96 FCFA."
USER_6,2023-07-28,08:32:20,OrangeMoney,transfert,OUT,10150.0,FCFA,56830.21,"Transfert de [USER_6_phone] [USER_6] vers [PHONE_3523] mezatio reussi. ID transaction: PP230728.0832.A90060, Montant Transaction: 10150 FCFA, Frais: 50.75 FCFA, Commission: 0 FCFA, Montant Net: 10200.75 FCFA, Nouveau Solde: 56830.21 FCFA."
USER_6,2023-07-28,18:06:59,OrangeMoney,transfert,OUT,50000.0,FCFA,96830.21,"Transfert de [PHONE_0280] [CONTACT_89DB] vers [USER_6_phone] [USER_6] reussi. Details: ID transaction: PP230728.1806.A81519, Montant Transaction: 50000FCFA, Frais: 0 FCFA, Commission: 0 FCFA, Montant Net: 50000 FCFA, Nouveau Solde: 96830.21 FCFA."
USER_6,2023-07-29,09:39:33,OrangeMoney,transfert,OUT,5000.0,FCFA,91805.21,"Transfert de [USER_6_phone] [USER_6] vers [PHONE_9009] [CONTACT_712C] reussi. ID transaction: PP230729.0939.B41951, Montant Transaction: 5000 FCFA, Frais: 25 FCFA, Commission: 0 FCFA, Montant Net: 5025 FCFA, Nouveau Solde: 91805.21 FCFA."
USER_6,2023-07-29,13:09:33,OrangeMoney,transfert,OUT,30450.0,FCFA,61202.96,"Transfert de [USER_6_phone] [USER_6] vers [PHONE_7554] [CONTACT_12F9] reussi. ID transaction: PP230729.1309.C18633, Montant Transaction: 30450 FCFA, Frais: 152.25 FCFA, Commission: 0 FCFA, Montant Net: 30602.25 FCFA, Nouveau Solde: 61202.96 FCFA."
USER_6,2023-07-31,09:34:41,OrangeMoney,depot,IN,70000.0,FCFA,125202.96,"Depot effectue par [PHONE_9665] [CONTACT_EBF0] 2 to [USER_6_phone] [USER_6]. Informations detaillees: Montant de transaction : 70000 FCFA, ID transaction : CI230731.0934.B48775, Frais : 0 FCFA, Commission : 0 FCFA, Montant Net du Credit : 70000 FCFA, Nouveau Solde : 125202.96 FCFA."
USER_6,2023-07-31,09:34:45,OrangeMoney,depot,IN,50000.0,FCFA,175202.96,"Depot effectue par [PHONE_0574] [CONTACT_0824] to [USER_6_phone] [USER_6]. Informations detaillees: Montant de transaction : 50000 FCFA, ID transaction : CI230731.0934.B48796, Frais : 0 FCFA, Commission : 0 FCFA, Montant Net du Credit : 50000 FCFA, Nouveau Solde : 175202.96 FCFA."
USER_6,2023-07-31,12:08:04,OrangeMoney,transfert,OUT,3605.0,FCFA,171579.94,"Transfert de [USER_6_phone] [USER_6] vers [PHONE_4401] [CONTACT_EF36] reussi. ID transaction: PP230731.1208.C73684, Montant Transaction: 3605 FCFA, Frais: 18.02 FCFA, Commission: 0 FCFA, Montant Net: 3623.02 FCFA, Nouveau Solde: 171579.94 FCFA."
USER_6,2023-07-31,16:16:57,OrangeMoney,transfert,OUT,7105.0,FCFA,164439.42,"Transfert de [USER_6_phone] [USER_6] vers [PHONE_4432] [CONTACT_95E8] reussi. ID transaction: PP230731.1616.C36055, Montant Transaction: 7105 FCFA, Frais: 35.52 FCFA, Commission: 0 FCFA, Montant Net: 7140.52 FCFA, Nouveau Solde: 164439.42 FCFA."
USER_6,2023-08-01,09:05:27,OrangeMoney,transfert,OUT,10150.0,FCFA,154238.67,"Transfert de [USER_6_phone] [USER_6] vers [PHONE_4360] [CONTACT_5FF4] reussi. ID transaction: PP230801.0905.B88028, Montant Transaction: 10150 FCFA, Frais: 50.75 FCFA, Commission: 0 FCFA, Montant Net: 10200.75 FCFA, Nouveau Solde: 154238.67 FCFA."
USER_6,2023-08-02,18:32:17,OrangeMoney,transfert,OUT,15225.0,FCFA,118536.05,"Transfert de [USER_6_phone] [USER_6] vers [PHONE_6161] [CONTACT_FBD0] reussi. ID transaction: PP230802.1832.C23614, Montant Transaction: 15225 FCFA, Frais: 76.12 FCFA, Commission: 0 FCFA, Montant Net: 15301.12 FCFA, Nouveau Solde: 118536.05 FCFA."
USER_6,2023-08-03,09:57:46,OrangeMoney,transfert,OUT,30450.0,FCFA,87933.8,"Transfert de [USER_6_phone] [USER_6] vers [PHONE_6576] [CONTACT_808D] reussi. ID transaction: PP230803.0957.B06000, Montant Transaction: 30450 FCFA, Frais: 152.25 FCFA, Commission: 0 FCFA, Montant Net: 30602.25 FCFA, Nouveau Solde: 87933.8 FCFA."
USER_6,2023-08-04,16:00:53,OrangeMoney,transfert,OUT,10150.0,FCFA,77733.05,"Transfert de [USER_6_phone] [USER_6] vers [PHONE_2220] [CONTACT_CE7D] reussi. ID transaction: PP230804.1600.B18940, Montant Transaction: 10150 FCFA, Frais: 50.75 FCFA, Commission: 0 FCFA, Montant Net: 10200.75 FCFA, Nouveau Solde: 77733.05 FCFA."
USER_6,2023-08-04,17:54:21,OrangeMoney,transfert,OUT,5000.0,FCFA,72708.05,"Transfert de [USER_6_phone] [USER_6] vers [PHONE_4432] [CONTACT_95E8] reussi. ID transaction: PP230804.1754.B97952, Montant Transaction: 5000 FCFA, Frais: 25 FCFA, Commission: 0 FCFA, Montant Net: 5025 FCFA, Nouveau Solde: 72708.05 FCFA."
USER_6,2023-08-11,17:29:04,OrangeMoney,transfert,OUT,10000.0,FCFA,108724.05,"Transfert de [PHONE_4847] [CONTACT_D8BD] vers [USER_6_phone] [USER_6] reussi. Details: ID transaction: PP230811.1729.B23780, Montant Transaction: 10000FCFA, Frais: 0 FCFA, Commission: 0 FCFA, Montant Net: 10000 FCFA, Nouveau Solde: 108724.05 FCFA."
USER_6,2023-08-12,08:09:16,OrangeMoney,transfert,OUT,5000.0,FCFA,113724.05,"Transfert de [PHONE_4847] [CONTACT_D8BD] vers [USER_6_phone] [USER_6] reussi. Details: ID transaction: PP230812.0809.B52352, Montant Transaction: 5000FCFA, Frais: 0 FCFA, Commission: 0 FCFA, Montant Net: 5000 FCFA, Nouveau Solde: 113724.05 FCFA."
USER_6,2023-08-12,18:24:12,OrangeMoney,transfert,OUT,400000.0,FCFA,513724.05,"Transfert de [PHONE_3992] [CONTACT_6DB5] vers [USER_6_phone] [USER_6] reussi. Details: ID transaction: PP230812.1824.C34978, Montant Transaction: 400000FCFA, Frais: 0 FCFA, Commission: 0 FCFA, Montant Net: 400000 FCFA, Nouveau Solde: 513724.05 FCFA."
USER_6,2023-08-12,18:25:42,OrangeMoney,transfert,OUT,400000.0,FCFA,913724.05,"Transfert de [PHONE_3992] [CONTACT_6DB5] vers [USER_6_phone] [USER_6] reussi. Details: ID transaction: PP230812.1825.A39489, Montant Transaction: 400000FCFA, Frais: 0 FCFA, Commission: 0 FCFA, Montant Net: 400000 FCFA, Nouveau Solde: 913724.05 FCFA."
USER_6,2023-08-12,18:27:55,OrangeMoney,transfert,OUT,71000.0,FCFA,984724.05,"Transfert de [PHONE_3992] [CONTACT_6DB5] vers [USER_6_phone] [USER_6] reussi. Details: ID transaction: PP230812.1827.C37300, Montant Transaction: 71000FCFA, Frais: 0 FCFA, Commission: 0 FCFA, Montant Net: 71000 FCFA, Nouveau Solde: 984724.05 FCFA."
USER_6,2023-08-13,07:40:04,OrangeMoney,transfert,OUT,10000.0,FCFA,974674.05,"Transfert de [USER_6_phone] [USER_6] vers [PHONE_4432] [CONTACT_95E8] reussi. ID transaction: PP230813.0740.A02437, Montant Transaction: 10000 FCFA, Frais: 50 FCFA, Commission: 0 FCFA, Montant Net: 10050 FCFA, Nouveau Solde: 974674.05 FCFA."
USER_6,2023-08-13,09:40:53,OrangeMoney,transfert,OUT,50750.0,FCFA,923670.3,"Transfert de [USER_6_phone] [USER_6] vers [PHONE_8699] [CONTACT_5BC0] reussi. ID transaction: PP230813.0940.A53738, Montant Transaction: 50750 FCFA, Frais: 253.75 FCFA, Commission: 0 FCFA, Montant Net: 51003.75 FCFA, Nouveau Solde: 923670.3 FCFA."
USER_6,2023-08-13,21:41:14,OrangeMoney,transfert,OUT,20350.0,FCFA,944020.3,"Transfert de [PHONE_3231] [CONTACT_2555] vers [USER_6_phone] [USER_6] reussi. Details: ID transaction: PP230813.2141.C53713, Montant Transaction: 20350FCFA, Frais: 0 FCFA, Commission: 0 FCFA, Montant Net: 20350 FCFA, Nouveau Solde: 944020.3 FCFA."
USER_6,2023-08-14,10:17:51,OrangeMoney,transfert,OUT,370500.0,FCFA,573020.3,"Transfert de [USER_6_phone] [USER_6] vers [PHONE_9888] [CONTACT_1B6D] reussi. ID transaction: PP230814.1017.A90104, Montant Transaction: 370500 FCFA, Frais: 500 FCFA, Commission: 0 FCFA, Montant Net: 371000 FCFA, Nouveau Solde: 573020.3 FCFA."
USER_6,2023-08-15,12:16:56,OrangeMoney,transfert,OUT,20300.0,FCFA,557670.3,"Transfert de [PHONE_0178] [CONTACT_6724] vers [USER_6_phone] [USER_6] reussi. Details: ID transaction: PP230815.1216.B92337, Montant Transaction: 20300FCFA, Frais: 0 FCFA, Commission: 0 FCFA, Montant Net: 20300 FCFA, Nouveau Solde: 557670.3 FCFA."
USER_6,2023-08-15,19:11:43,OrangeMoney,transfert,OUT,25000.0,FCFA,556770.3,"Transfert de [PHONE_5834] [CONTACT_344B] N vers [USER_6_phone] [USER_6] reussi. Details: ID transaction: PP230815.1911.B33957, Montant Transaction: 25000FCFA, Frais: 0 FCFA, Commission: 0 FCFA, Montant Net: 25000 FCFA, Nouveau Solde: 556770.3 FCFA."
USER_6,2023-08-16,11:27:47,OrangeMoney,transfert,OUT,750.0,FCFA,556016.55,"Transfert de [USER_6_phone] [USER_6] vers [PHONE_9408] [CONTACT_0806] reussi. ID transaction: PP230816.1127.A77632, Montant Transaction: 750 FCFA, Frais: 3.75 FCFA, Commission: 0 FCFA, Montant Net: 753.75 FCFA, Nouveau Solde: 556016.55 FCFA."
USER_6,2023-08-17,09:58:16,OrangeMoney,transfert,OUT,20000.0,FCFA,353341.55,"Transfert de [PHONE_0125] [CONTACT_D8AE] vers [USER_6_phone] [USER_6] reussi. Details: ID transaction: PP230817.0958.B59424, Montant Transaction: 20000FCFA, Frais: 0 FCFA, Commission: 0 FCFA, Montant Net: 20000 FCFA, Nouveau Solde: 353341.55 FCFA."
USER_6,2023-08-17,09:59:04,OrangeMoney,transfert,OUT,10000.0,FCFA,343291.55,"Transfert de [USER_6_phone] [USER_6] vers [PHONE_4432] [CONTACT_95E8] reussi. ID transaction: PP230817.0959.C53693, Montant Transaction: 10000 FCFA, Frais: 50 FCFA, Commission: 0 FCFA, Montant Net: 10050 FCFA, Nouveau Solde: 343291.55 FCFA."
USER_6,2023-08-17,17:47:43,OrangeMoney,transfert,OUT,15000.0,FCFA,236241.55,"Transfert de [PHONE_7894] [CONTACT_CC0B] vers [USER_6_phone] [USER_6] reussi. Details: ID transaction: PP230817.1747.C49409, Montant Transaction: 15000FCFA, Frais: 0 FCFA, Commission: 0 FCFA, Montant Net: 15000 FCFA, Nouveau Solde: 236241.55 FCFA."
USER_6,2023-08-19,10:02:55,OrangeMoney,transfert,OUT,15000.0,FCFA,251241.55,"Transfert de [PHONE_8187] [CONTACT_D076] KENMEGNE vers [USER_6_phone] [USER_6] reussi. Details: ID transaction: PP230819.1002.B68793, Montant Transaction: 15000FCFA, Frais: 0 FCFA, Commission: 0 FCFA, Montant Net: 15000 FCFA, Nouveau Solde: 251241.55 FCFA."
USER_6,2023-08-20,10:23:19,OrangeMoney,transfert,OUT,81200.0,FCFA,169635.55,"Transfert de [USER_6_phone] [USER_6] vers [PHONE_5144] [CONTACT_6592] reussi. ID transaction: PP230820.1023.B20432, Montant Transaction: 81200 FCFA, Frais: 406 FCFA, Commission: 0 FCFA, Montant Net: 81606 FCFA, Nouveau Solde: 169635.55 FCFA."
USER_6,2023-08-21,09:33:07,OrangeMoney,transfert,OUT,20000.0,FCFA,149535.55,"Transfert de [USER_6_phone] [USER_6] vers [PHONE_2100] [CONTACT_3D90] reussi. ID transaction: PP230821.0933.C95913, Montant Transaction: 20000 FCFA, Frais: 100 FCFA, Commission: 0 FCFA, Montant Net: 20100 FCFA, Nouveau Solde: 149535.55 FCFA."
USER_6,2023-08-21,10:18:41,OrangeMoney,depot,IN,100000.0,FCFA,249535.55,"Depot effectue par [PHONE_2369] Foreignkennedy to [USER_6_phone] [USER_6]. Informations detaillees: Montant de transaction : 100000 FCFA, ID transaction : CI230821.1018.A26114, Frais : 0 FCFA, Commission : 0 FCFA, Montant Net du Credit : 100000 FCFA, Nouveau Solde : 249535.55 FCFA."
USER_6,2023-08-21,12:46:57,OrangeMoney,transfert,OUT,88305.0,FCFA,160789.03,"Transfert de [USER_6_phone] [USER_6] vers [PHONE_0747] [CONTACT_6B53] reussi. ID transaction: PP230821.1246.C15194, Montant Transaction: 88305 FCFA, Frais: 441.52 FCFA, Commission: 0 FCFA, Montant Net: 88746.52 FCFA, Nouveau Solde: 160789.03 FCFA."
USER_6,2023-08-27,09:13:38,OrangeMoney,transfert,OUT,10000.0,FCFA,92541.53,"Transfert de [USER_6_phone] [USER_6] vers [PHONE_4432] [CONTACT_95E8] reussi. ID transaction: PP230827.0913.A53477, Montant Transaction: 10000 FCFA, Frais: 50 FCFA, Commission: 0 FCFA, Montant Net: 10050 FCFA, Nouveau Solde: 92541.53 FCFA."
USER_6,2023-08-30,11:56:52,OrangeMoney,transfert,OUT,7612.5,FCFA,47902.97,"Transfert de [USER_6_phone] [USER_6] vers [PHONE_3005] [CONTACT_C739] reussi. ID transaction: PP230830.1156.C07482, Montant Transaction: 7612.5 FCFA, Frais: 38.06 FCFA, Commission: 0 FCFA, Montant Net: 7650.56 FCFA, Nouveau Solde: 47902.97 FCFA."
USER_6,2023-09-05,16:01:41,OrangeMoney,depot,IN,20000.0,FCFA,31777.97,"Depot effectue par [PHONE_4897] [CONTACT_6C17] to [USER_6_phone] [USER_6]. Informations detaillees: Montant de transaction : 20000 FCFA, ID transaction : CI230905.1601.C15061, Frais : 0 FCFA, Commission : 0 FCFA, Montant Net du Credit : 20000 FCFA, Nouveau Solde : 31777.97 FCFA."
USER_6,2023-09-06,18:36:54,OrangeMoney,transfert,OUT,2500.0,FCFA,14190.47,"Transfert de [USER_6_phone] [USER_6] vers [PHONE_4432] [CONTACT_95E8] reussi. ID transaction: PP230906.1836.B87644, Montant Transaction: 2500 FCFA, Frais: 12.5 FCFA, Commission: 0 FCFA, Montant Net: 2512.5 FCFA, Nouveau Solde: 14190.47 FCFA."
USER_6,2023-09-09,12:16:38,OrangeMoney,depot,IN,35000.0,FCFA,46190.47,"Depot effectue par [PHONE_0969] [CONTACT_1B18] to [USER_6_phone] [USER_6]. Informations detaillees: Montant de transaction : 35000 FCFA, ID transaction : CI230909.1216.A77303, Frais : 0 FCFA, Commission : 0 FCFA, Montant Net du Credit : 35000 FCFA, Nouveau Solde : 46190.47 FCFA."
USER_6,2023-09-09,12:35:57,OrangeMoney,transfert,OUT,25000.0,FCFA,21065.47,"Transfert de [USER_6_phone] [USER_6] vers [PHONE_9183] [CONTACT_7FB6] reussi. ID transaction: PP230909.1235.A04558, Montant Transaction: 25000 FCFA, Frais: 125 FCFA, Commission: 0 FCFA, Montant Net: 25125 FCFA, Nouveau Solde: 21065.47 FCFA."
USER_6,2023-09-11,09:43:38,OrangeMoney,transfert,OUT,20300.0,FCFA,21259.97,"Transfert de [USER_6_phone] [USER_6] vers [PHONE_3523] mezatio reussi. ID transaction: PP230911.0943.C03521, Montant Transaction: 20300 FCFA, Frais: 101.5 FCFA, Commission: 0 FCFA, Montant Net: 20401.5 FCFA, Nouveau Solde: 21259.97 FCFA."
USER_6,2023-09-21,10:34:47,OrangeMoney,depot,IN,10000.0,FCFA,11234.97,"Depot effectue par [PHONE_3440] [CONTACT_74B8] to [USER_6_phone] [USER_6]. Informations detaillees: Montant de transaction : 10000 FCFA, ID transaction : CI230921.1032.C43349, Frais : 0 FCFA, Commission : 0 FCFA, Montant Net du Credit : 10000 FCFA, Nouveau Solde : 11234.97 FCFA."
USER_6,2023-09-22,09:40:17,OrangeMoney,transfert,OUT,30450.0,FCFA,12632.72,"Transfert de [USER_6_phone] [USER_6] vers [PHONE_0747] [CONTACT_6B53] reussi. ID transaction: PP230922.0940.A33110, Montant Transaction: 30450 FCFA, Frais: 152.25 FCFA, Commission: 0 FCFA, Montant Net: 30602.25 FCFA, Nouveau Solde: 12632.72 FCFA."
USER_6,2023-09-28,11:09:22,OrangeMoney,depot,IN,10000.0,FCFA,17432.72,"Depot effectue par [PHONE_0969] [CONTACT_1B18] to [USER_6_phone] [USER_6]. Informations detaillees: Montant de transaction : 10000 FCFA, ID transaction : CI230928.1109.A52754, Frais : 0 FCFA, Commission : 0 FCFA, Montant Net du Credit : 10000 FCFA, Nouveau Solde : 17432.72 FCFA."
USER_6,2023-10-05,12:26:20,OrangeMoney,transfert,OUT,5000.0,FCFA,9990.47,"Transfert de [USER_6_phone] [USER_6] vers [PHONE_0261] [CONTACT_6794] reussi. ID transaction: PP231005.1226.C26433, Montant Transaction: 5000 FCFA, Frais: 25 FCFA, Commission: 0 FCFA, Montant Net: 5025 FCFA, Nouveau Solde: 9990.47 FCFA."
USER_6,2023-10-07,11:30:04,OrangeMoney,transfert,OUT,5000.0,FCFA,4965.47,"Transfert de [USER_6_phone] [USER_6] vers [PHONE_4432] [CONTACT_95E8] reussi. ID transaction: PP231007.1130.A73907, Montant Transaction: 5000 FCFA, Frais: 25 FCFA, Commission: 0 FCFA, Montant Net: 5025 FCFA, Nouveau Solde: 4965.47 FCFA."
USER_6,2023-10-11,14:30:45,OrangeMoney,depot,IN,30000.0,FCFA,43573.67,"Depot effectue par [PHONE_1021] [CONTACT_76DD] to [USER_6_phone] [USER_6]. Informations detaillees: Montant de transaction : 30000 FCFA, ID transaction : CI231011.1430.B45248, Frais : 0 FCFA, Commission : 0 FCFA, Montant Net du Credit : 30000 FCFA, Nouveau Solde : 43573.67 FCFA."
USER_6,2023-10-15,08:36:10,OrangeMoney,depot,IN,10000.0,FCFA,12351.09,"Depot effectue par [PHONE_5664] [CONTACT_7B9E] to [USER_6_phone] [USER_6]. Informations detaillees: Montant de transaction : 10000 FCFA, ID transaction : CI231015.0836.C18549, Frais : 0 FCFA, Commission : 0 FCFA, Montant Net du Credit : 10000 FCFA, Nouveau Solde : 12351.09 FCFA."
USER_6,2023-10-17,13:13:57,OrangeMoney,depot,IN,20000.0,FCFA,32100.34,"Depot effectue par [PHONE_2428] [CONTACT_58C1] [CONTACT_AB8D] to [USER_6_phone] [USER_6]. Informations detaillees: Montant de transaction : 20000 FCFA, ID transaction : CI231017.1313.A77486, Frais : 0 FCFA, Commission : 0 FCFA, Montant Net du Credit : 20000 FCFA, Nouveau Solde : 32100.34 FCFA."
USER_6,2023-10-17,13:19:17,OrangeMoney,transfert,OUT,15000.0,FCFA,14025.34,"Transfert de [USER_6_phone] [USER_6] vers [PHONE_0261] [CONTACT_6794] reussi. ID transaction: PP231017.1319.C66300, Montant Transaction: 15000 FCFA, Frais: 75 FCFA, Commission: 0 FCFA, Montant Net: 15075 FCFA, Nouveau Solde: 14025.34 FCFA."
USER_6,2023-10-17,16:54:00,OrangeMoney,transfert,OUT,50500.0,FCFA,64525.34,"Transfert de [PHONE_4765] [CONTACT_892A] vers [USER_6_phone] [USER_6] reussi. Details: ID transaction: PP231017.1654.B34610, Montant Transaction: 50500FCFA, Frais: 0 FCFA, Commission: 0 FCFA, Montant Net: 50500 FCFA, Nouveau Solde: 64525.34 FCFA."
USER_6,2023-10-17,17:14:42,OrangeMoney,transfert,OUT,15000.0,FCFA,49450.34,"Transfert de [USER_6_phone] [USER_6] vers [PHONE_5277] [CONTACT_B420] reussi. ID transaction: PP231017.1714.B49167, Montant Transaction: 15000 FCFA, Frais: 75 FCFA, Commission: 0 FCFA, Montant Net: 15075 FCFA, Nouveau Solde: 49450.34 FCFA."
USER_6,2023-10-18,17:53:08,OrangeMoney,transfert,OUT,2500.0,FCFA,61937.84,"Transfert de [USER_6_phone] [USER_6] vers [PHONE_4432] [CONTACT_95E8] reussi. ID transaction: PP231018.1753.B02281, Montant Transaction: 2500 FCFA, Frais: 12.5 FCFA, Commission: 0 FCFA, Montant Net: 2512.5 FCFA, Nouveau Solde: 61937.84 FCFA."
USER_6,2023-10-20,13:39:39,OrangeMoney,transfert,OUT,10150.0,FCFA,51737.09,"Transfert de [USER_6_phone] [USER_6] vers [PHONE_0741] [CONTACT_BEBA] reussi. ID transaction: PP231020.1339.C00061, Montant Transaction: 10150 FCFA, Frais: 50.75 FCFA, Commission: 0 FCFA, Montant Net: 10200.75 FCFA, Nouveau Solde: 51737.09 FCFA."
USER_6,2023-10-20,15:50:08,OrangeMoney,transfert,OUT,6000.0,FCFA,45707.09,"Transfert de [USER_6_phone] [USER_6] vers [PHONE_4432] [CONTACT_95E8] reussi. ID transaction: PP231020.1550.B94663, Montant Transaction: 6000 FCFA, Frais: 30 FCFA, Commission: 0 FCFA, Montant Net: 6030 FCFA, Nouveau Solde: 45707.09 FCFA."
USER_6,2023-10-20,15:58:21,OrangeMoney,depot,IN,500000.0,FCFA,545707.09,"Depot effectue par [PHONE_3111] [CONTACT_E375] to [USER_6_phone] [USER_6]. Informations detaillees: Montant de transaction : 500000 FCFA, ID transaction : CI231020.1558.C14432, Frais : 0 FCFA, Commission : 0 FCFA, Montant Net du Credit : 500000 FCFA, Nouveau Solde : 545707.09 FCFA."
USER_6,2023-10-20,15:59:00,OrangeMoney,depot,IN,146000.0,FCFA,691707.09,"Depot effectue par [PHONE_3111] [CONTACT_E375] to [USER_6_phone] [USER_6]. Informations detaillees: Montant de transaction : 146000 FCFA, ID transaction : CI231020.1558.C14629, Frais : 0 FCFA, Commission : 0 FCFA, Montant Net du Credit : 146000 FCFA, Nouveau Solde : 691707.09 FCFA."
USER_6,2023-10-20,17:24:26,OrangeMoney,retrait,OUT,120000.0,FCFA,569907.09,"Retrait d'argent reussi par le [PHONE_5664] avec le Code : 265687. Informations detaillees : Montant: 120000 FCFA, Frais: 1800 FCFA, No de transaction CO231020.1724.C01622, montant net debite 121800 FCFA, Nouveau solde: 569907.09 FCFA."
USER_6,2023-10-23,07:31:19,OrangeMoney,transfert,OUT,30450.0,FCFA,423752.22,"Transfert de [USER_6_phone] [USER_6] vers [PHONE_7810] [CONTACT_E63B] [USER_6] reussi. ID transaction: PP231023.0731.C80790, Montant Transaction: 30450 FCFA, Frais: 152.25 FCFA, Commission: 0 FCFA, Montant Net: 30602.25 FCFA, Nouveau Solde: 423752.22 FCFA."
USER_6,2023-10-23,14:46:21,OrangeMoney,transfert,OUT,168000.0,FCFA,245152.22,"Transfert de [USER_6_phone] [USER_6] vers [PHONE_9432] [CONTACT_5024] reussi. ID transaction: PP231023.1446.B36432, Montant Transaction: 168000 FCFA, Frais: 500 FCFA, Commission: 0 FCFA, Montant Net: 168500 FCFA, Nouveau Solde: 245152.22 FCFA."
USER_6,2023-10-24,09:52:55,OrangeMoney,depot,IN,60000.0,FCFA,305152.22,"Depot effectue par [PHONE_0574] [CONTACT_0824] to [USER_6_phone] [USER_6]. Informations detaillees: Montant de transaction : 60000 FCFA, ID transaction : CI231024.0952.C46829, Frais : 0 FCFA, Commission : 0 FCFA, Montant Net du Credit : 60000 FCFA, Nouveau Solde : 305152.22 FCFA."
USER_6,2023-10-24,09:53:15,OrangeMoney,depot,IN,60000.0,FCFA,365152.22,"Depot effectue par [PHONE_9665] [CONTACT_EBF0] 2 to [USER_6_phone] [USER_6]. Informations detaillees: Montant de transaction : 60000 FCFA, ID transaction : CI231024.0953.A47126, Frais : 0 FCFA, Commission : 0 FCFA, Montant Net du Credit : 60000 FCFA, Nouveau Solde : 365152.22 FCFA."
USER_6,2023-10-24,10:38:28,OrangeMoney,transfert,OUT,10150.0,FCFA,354951.47,"Transfert de [USER_6_phone] [USER_6] vers [PHONE_4432] [CONTACT_95E8] reussi. ID transaction: PP231024.1038.C28657, Montant Transaction: 10150 FCFA, Frais: 50.75 FCFA, Commission: 0 FCFA, Montant Net: 10200.75 FCFA, Nouveau Solde: 354951.47 FCFA."
USER_6,2023-10-24,15:19:29,OrangeMoney,transfert,OUT,143000.0,FCFA,187989.75,"Transfert de [USER_6_phone] [USER_6] vers [PHONE_6599] [CONTACT_B95D] reussi. ID transaction: PP231024.1519.C96595, Montant Transaction: 143000 FCFA, Frais: 500 FCFA, Commission: 0 FCFA, Montant Net: 143500 FCFA, Nouveau Solde: 187989.75 FCFA."
USER_6,2023-10-24,15:50:00,OrangeMoney,retrait,OUT,15000.0,FCFA,172764.75,"Retrait d'argent reussi par le [PHONE_8768] avec le Code : 450458. Informations detaillees : Montant: 15000 FCFA, Frais: 225 FCFA, No de transaction CO231024.1549.C46620, montant net debite 15225 FCFA, Nouveau solde: 172764.75 FCFA."
USER_6,2023-10-24,16:18:02,OrangeMoney,retrait,OUT,27000.0,FCFA,145359.75,"Retrait d'argent reussi par le [PHONE_5204] avec le Code : 351720. Informations detaillees : Montant: 27000 FCFA, Frais: 405 FCFA, No de transaction CO231024.1617.B69081, montant net debite 27405 FCFA, Nouveau solde: 145359.75 FCFA."
USER_6,2023-10-24,17:59:50,OrangeMoney,transfert,OUT,8000.0,FCFA,137319.75,"Transfert de [USER_6_phone] [USER_6] vers [PHONE_0747] [CONTACT_6B53] reussi. ID transaction: PP231024.1759.A01494, Montant Transaction: 8000 FCFA, Frais: 40 FCFA, Commission: 0 FCFA, Montant Net: 8040 FCFA, Nouveau Solde: 137319.75 FCFA."
USER_6,2023-10-25,19:22:26,OrangeMoney,retrait,OUT,10000.0,FCFA,120594.75,"Retrait d'argent reussi par le [PHONE_5156] avec le Code : 255405. Informations detaillees : Montant: 10000 FCFA, Frais: 150 FCFA, No de transaction CO231025.1922.C05216, montant net debite 10150 FCFA, Nouveau solde: 120594.75 FCFA."
USER_6,2023-10-26,19:55:36,OrangeMoney,depot,IN,50000.0,FCFA,160544.75,"Depot effectue par [PHONE_1166] [CONTACT_034D] 4 to [USER_6_phone] [USER_6]. Informations detaillees: Montant de transaction : 50000 FCFA, ID transaction : CI231026.1955.C94081, Frais : 0 FCFA, Commission : 0 FCFA, Montant Net du Credit : 50000 FCFA, Nouveau Solde : 160544.75 FCFA."
USER_6,2023-10-27,06:29:56,OrangeMoney,transfert,OUT,10000.0,FCFA,149644.75,"Transfert de [USER_6_phone] [USER_6] vers [PHONE_4432] [CONTACT_95E8] reussi. ID transaction: PP231027.0629.C55036, Montant Transaction: 10000 FCFA, Frais: 50 FCFA, Commission: 0 FCFA, Montant Net: 10050 FCFA, Nouveau Solde: 149644.75 FCFA."
USER_6,2023-11-01,10:08:02,OrangeMoney,transfert,OUT,15000.0,FCFA,47822.65,"Transfert de [USER_6_phone] [USER_6] vers [PHONE_1408] [CONTACT_4E94] reussi. ID transaction: PP231101.1007.B38190, Montant Transaction: 15000 FCFA, Frais: 75 FCFA, Commission: 0 FCFA, Montant Net: 15075 FCFA, Nouveau Solde: 47822.65 FCFA."
USER_6,2023-11-01,10:22:08,OrangeMoney,transfert,OUT,5075.0,FCFA,42722.28,"Transfert de [USER_6_phone] [USER_6] vers [PHONE_6866] [CONTACT_916A] reussi. ID transaction: PP231101.1022.A41282, Montant Transaction: 5075 FCFA, Frais: 25.37 FCFA, Commission: 0 FCFA, Montant Net: 5100.37 FCFA, Nouveau Solde: 42722.28 FCFA."
USER_6,2023-11-01,18:33:54,OrangeMoney,transfert,OUT,2550.0,FCFA,45272.28,"Transfert de [PHONE_3383] [CONTACT_3800] vers [USER_6_phone] [USER_6] reussi. Details: ID transaction: PP231101.1831.A78426, Montant Transaction: 2550FCFA, Frais: 0 FCFA, Commission: 0 FCFA, Montant Net: 2550 FCFA, Nouveau Solde: 45272.28 FCFA."
USER_6,2023-11-01,18:33:56,OrangeMoney,transfert,OUT,2500.0,FCFA,47772.28,"Transfert de [PHONE_2424] [CONTACT_5534] vers [USER_6_phone] [USER_6] reussi. Details: ID transaction: PP231101.1832.C79251, Montant Transaction: 2500FCFA, Frais: 0 FCFA, Commission: 0 FCFA, Montant Net: 2500 FCFA, Nouveau Solde: 47772.28 FCFA."
USER_6,2023-11-01,18:34:46,OrangeMoney,transfert,OUT,2500.0,FCFA,50272.28,"Transfert de [PHONE_9504] [CONTACT_D1E1] vers [USER_6_phone] [USER_6] reussi. Details: ID transaction: PP231101.1834.C81120, Montant Transaction: 2500FCFA, Frais: 0 FCFA, Commission: 0 FCFA, Montant Net: 2500 FCFA, Nouveau Solde: 50272.28 FCFA."
USER_6,2023-11-01,18:36:45,OrangeMoney,transfert,OUT,5000.0,FCFA,55272.28,"Transfert de [PHONE_4869] [CONTACT_BC77] vers [USER_6_phone] [USER_6] reussi. Details: ID transaction: PP231101.1836.B88142, Montant Transaction: 5000FCFA, Frais: 0 FCFA, Commission: 0 FCFA, Montant Net: 5000 FCFA, Nouveau Solde: 55272.28 FCFA."
USER_6,2023-11-01,18:40:41,OrangeMoney,transfert,OUT,5000.0,FCFA,60272.28,"Transfert de [PHONE_7941] [CONTACT_AD5F] vers [USER_6_phone] [USER_6] reussi. Details: ID transaction: PP231101.1840.B90975, Montant Transaction: 5000FCFA, Frais: 0 FCFA, Commission: 0 FCFA, Montant Net: 5000 FCFA, Nouveau Solde: 60272.28 FCFA."
USER_6,2023-11-01,18:59:11,OrangeMoney,transfert,OUT,23250.0,FCFA,83522.28,"Transfert de [PHONE_1579] [CONTACT_29DC] vers [USER_6_phone] [USER_6] reussi. Details: ID transaction: PP231101.1859.A98214, Montant Transaction: 23250FCFA, Frais: 0 FCFA, Commission: 0 FCFA, Montant Net: 23250 FCFA, Nouveau Solde: 83522.28 FCFA."
USER_6,2023-11-02,14:05:16,OrangeMoney,transfert,OUT,30450.0,FCFA,42920.03,"Transfert de [USER_6_phone] [USER_6] vers [PHONE_6576] [CONTACT_808D] reussi. ID transaction: PP231102.1405.B94250, Montant Transaction: 30450 FCFA, Frais: 152.25 FCFA, Commission: 0 FCFA, Montant Net: 30602.25 FCFA, Nouveau Solde: 42920.03 FCFA."
USER_6,2023-11-09,11:16:14,OrangeMoney,transfert,OUT,10000.0,FCFA,17745.28,"Transfert de [PHONE_1864] [CONTACT_DE8F] vers [USER_6_phone] [USER_6] reussi. Details: ID transaction: PP231109.1116.B74021, Montant Transaction: 10000FCFA, Frais: 0 FCFA, Commission: 0 FCFA, Montant Net: 10000 FCFA, Nouveau Solde: 17745.28 FCFA."
USER_6,2023-11-09,16:14:25,OrangeMoney,depot,IN,45000.0,FCFA,62745.28,"Depot effectue par [PHONE_1729] [CONTACT_E2A1] to [USER_6_phone] [USER_6]. Informations detaillees: Montant de transaction : 45000 FCFA, ID transaction : CI231109.1614.C01388, Frais : 0 FCFA, Commission : 0 FCFA, Montant Net du Credit : 45000 FCFA, Nouveau Solde : 62745.28 FCFA."
USER_6,2023-11-10,15:30:00,OrangeMoney,transfert,OUT,10150.0,FCFA,20559.91,"Transfert de [PHONE_0747] [CONTACT_6B53] vers [USER_6_phone] [USER_6] reussi. Details: ID transaction: PP231110.1529.B53492, Montant Transaction: 10150FCFA, Frais: 0 FCFA, Commission: 0 FCFA, Montant Net: 10150 FCFA, Nouveau Solde: 20559.91 FCFA."
USER_6,2023-11-15,11:11:19,OrangeMoney,depot,IN,25000.0,FCFA,27185.91,"Depot effectue par [PHONE_7216] [CONTACT_E885] to [USER_6_phone] [USER_6]. Informations detaillees: Montant de transaction : 25000 FCFA, ID transaction : CI231115.1111.B10398, Frais : 0 FCFA, Commission : 0 FCFA, Montant Net du Credit : 25000 FCFA, Nouveau Solde : 27185.91 FCFA."
USER_6,2023-11-15,11:15:24,OrangeMoney,transfert,OUT,25375.0,FCFA,1684.04,"Transfert de [USER_6_phone] [USER_6] vers [PHONE_9009] [CONTACT_712C] reussi. ID transaction: PP231115.1115.B24178, Montant Transaction: 25375 FCFA, Frais: 126.87 FCFA, Commission: 0 FCFA, Montant Net: 25501.87 FCFA, Nouveau Solde: 1684.04 FCFA."
USER_6,2023-11-16,08:20:55,OrangeMoney,depot,IN,10000.0,FCFA,11684.04,"Depot effectue par [PHONE_1729] [CONTACT_E2A1] to [USER_6_phone] [USER_6]. Informations detaillees: Montant de transaction : 10000 FCFA, ID transaction : CI231116.0820.A88506, Frais : 0 FCFA, Commission : 0 FCFA, Montant Net du Credit : 10000 FCFA, Nouveau Solde : 11684.04 FCFA."
USER_6,2023-11-16,08:30:46,OrangeMoney,transfert,OUT,10000.0,FCFA,1634.04,"Transfert de [USER_6_phone] [USER_6] vers [PHONE_3362] [CONTACT_229B] reussi. ID transaction: PP231116.0830.C27582, Montant Transaction: 10000 FCFA, Frais: 50 FCFA, Commission: 0 FCFA, Montant Net: 10050 FCFA, Nouveau Solde: 1634.04 FCFA."
USER_6,2023-11-16,17:07:36,OrangeMoney,depot,IN,20000.0,FCFA,21634.04,"Depot effectue par [PHONE_5664] [CONTACT_7B9E] to [USER_6_phone] [USER_6]. Informations detaillees: Montant de transaction : 20000 FCFA, ID transaction : CI231116.1707.A19413, Frais : 0 FCFA, Commission : 0 FCFA, Montant Net du Credit : 20000 FCFA, Nouveau Solde : 21634.04 FCFA."
USER_6,2023-11-16,17:11:11,OrangeMoney,transfert,OUT,10000.0,FCFA,11584.04,"Transfert de [USER_6_phone] [USER_6] vers [PHONE_0261] [CONTACT_6794] reussi. ID transaction: PP231116.1711.C66916, Montant Transaction: 10000 FCFA, Frais: 50 FCFA, Commission: 0 FCFA, Montant Net: 10050 FCFA, Nouveau Solde: 11584.04 FCFA."
USER_6,2023-11-17,15:19:02,OrangeMoney,transfert,OUT,150000.0,FCFA,158584.04,"Transfert de [PHONE_5671] [CONTACT_FB4A] vers [USER_6_phone] [USER_6] reussi. Details: ID transaction: PP231117.1518.B73205, Montant Transaction: 150000FCFA, Frais: 0 FCFA, Commission: 0 FCFA, Montant Net: 150000 FCFA, Nouveau Solde: 158584.04 FCFA."
USER_6,2023-11-17,16:16:09,OrangeMoney,transfert,OUT,5000.0,FCFA,153559.04,"Transfert de [USER_6_phone] [USER_6] vers [PHONE_6694] Shewatad reussi. ID transaction: PP231117.1616.A22063, Montant Transaction: 5000 FCFA, Frais: 25 FCFA, Commission: 0 FCFA, Montant Net: 5025 FCFA, Nouveau Solde: 153559.04 FCFA."
USER_6,2023-11-20,07:59:47,OrangeMoney,transfert,OUT,15000.0,FCFA,133484.04,"Transfert de [USER_6_phone] [USER_6] vers [PHONE_9183] [CONTACT_7FB6] reussi. ID transaction: PP231120.0759.B06510, Montant Transaction: 15000 FCFA, Frais: 75 FCFA, Commission: 0 FCFA, Montant Net: 15075 FCFA, Nouveau Solde: 133484.04 FCFA."
USER_6,2023-11-22,16:21:47,OrangeMoney,transfert,OUT,33800.0,FCFA,89465.04,"Transfert de [USER_6_phone] [USER_6] vers [PHONE_4432] [CONTACT_95E8] reussi. ID transaction: PP231122.1621.A84606, Montant Transaction: 33800 FCFA, Frais: 169 FCFA, Commission: 0 FCFA, Montant Net: 33969 FCFA, Nouveau Solde: 89465.04 FCFA."
USER_6,2023-11-27,16:20:00,OrangeMoney,transfert,OUT,10000.0,FCFA,118315.04,"Transfert de [USER_6_phone] [USER_6] vers [PHONE_5969] [CONTACT_E351] reussi. ID transaction: PP231127.1619.B53123, Montant Transaction: 10000 FCFA, Frais: 50 FCFA, Commission: 0 FCFA, Montant Net: 10050 FCFA, Nouveau Solde: 118315.04 FCFA."
USER_6,2023-11-27,17:37:42,OrangeMoney,transfert,OUT,2125.0,FCFA,116179.42,"Transfert de [USER_6_phone] [USER_6] vers [PHONE_4401] [CONTACT_EF36] reussi. ID transaction: PP231127.1737.C15008, Montant Transaction: 2125 FCFA, Frais: 10.62 FCFA, Commission: 0 FCFA, Montant Net: 2135.62 FCFA, Nouveau Solde: 116179.42 FCFA."
USER_6,2023-11-30,14:05:06,OrangeMoney,transfert,OUT,9105.0,FCFA,76826.4,"Transfert de [USER_6_phone] [USER_6] vers [PHONE_0280] [CONTACT_8DDB] reussi. ID transaction: PP231130.1405.B07039, Montant Transaction: 9105 FCFA, Frais: 45.52 FCFA, Commission: 0 FCFA, Montant Net: 9150.52 FCFA, Nouveau Solde: 76826.4 FCFA."
USER_6,2023-12-06,18:10:24,OrangeMoney,transfert,OUT,10000.0,FCFA,151776.4,"Transfert de [USER_6_phone] [USER_6] vers [PHONE_4432] [CONTACT_95E8] reussi. ID transaction: PP231206.1810.C94906, Montant Transaction: 10000 FCFA, Frais: 50 FCFA, Commission: 0 FCFA, Montant Net: 10050 FCFA, Nouveau Solde: 151776.4 FCFA."
USER_6,2023-12-06,19:08:49,OrangeMoney,transfert,OUT,10000.0,FCFA,141726.4,"Transfert de [USER_6_phone] [USER_6] vers [PHONE_0747] [CONTACT_6B53] reussi. ID transaction: PP231206.1908.C38711, Montant Transaction: 10000 FCFA, Frais: 50 FCFA, Commission: 0 FCFA, Montant Net: 10050 FCFA, Nouveau Solde: 141726.4 FCFA."
USER_6,2023-12-07,18:00:40,OrangeMoney,transfert,OUT,10000.0,FCFA,81426.4,"Transfert de [USER_6_phone] [USER_6] vers [PHONE_5277] [CONTACT_B420] reussi. ID transaction: PP231207.1800.B26412, Montant Transaction: 10000 FCFA, Frais: 50 FCFA, Commission: 0 FCFA, Montant Net: 10050 FCFA, Nouveau Solde: 81426.4 FCFA."
USER_6,2023-12-08,15:33:53,OrangeMoney,transfert,OUT,30000.0,FCFA,51276.4,"Transfert de [USER_6_phone] [USER_6] vers [PHONE_9674] [CONTACT_E430] reussi. ID transaction: PP231208.1533.C63694, Montant Transaction: 30000 FCFA, Frais: 150 FCFA, Commission: 0 FCFA, Montant Net: 30150 FCFA, Nouveau Solde: 51276.4 FCFA."
USER_6,2023-12-13,19:51:33,OrangeMoney,transfert,OUT,10000.0,FCFA,71276.4,"Transfert de [PHONE_0514] [CONTACT_7B06] vers [USER_6_phone] [USER_6] reussi. Details: ID transaction: PP231213.1951.A39469, Montant Transaction: 10000FCFA, Frais: 0 FCFA, Commission: 0 FCFA, Montant Net: 10000 FCFA, Nouveau Solde: 71276.4 FCFA."
USER_6,2023-12-18,09:09:07,OrangeMoney,depot,IN,50000.0,FCFA,77651.4,"Depot effectue par [PHONE_9430] [CONTACT_01AD] to [USER_6_phone] [USER_6]. Informations detaillees: Montant de transaction : 50000 FCFA, ID transaction : CI231218.0909.C79944, Frais : 0 FCFA, Commission : 0 FCFA, Montant Net du Credit : 50000 FCFA, Nouveau Solde : 77651.4 FCFA."
USER_6,2023-12-18,11:41:26,OrangeMoney,transfert,OUT,20000.0,FCFA,54551.4,"Transfert de [USER_6_phone] [USER_6] vers [PHONE_3523] mezatio reussi. ID transaction: PP231218.1141.C24808, Montant Transaction: 20000 FCFA, Frais: 100 FCFA, Commission: 0 FCFA, Montant Net: 20100 FCFA, Nouveau Solde: 54551.4 FCFA."
USER_6,2023-12-19,19:27:39,OrangeMoney,transfert,OUT,50750.0,FCFA,3547.65,"Transfert de [USER_6_phone] [USER_6] vers [PHONE_9428] [CONTACT_F1C1] reussi. ID transaction: PP231219.1927.A02901, Montant Transaction: 50750 FCFA, Frais: 253.75 FCFA, Commission: 0 FCFA, Montant Net: 51003.75 FCFA, Nouveau Solde: 3547.65 FCFA."
USER_6,2023-12-27,11:16:15,OrangeMoney,depot,IN,31400.0,FCFA,31947.65,"Depot effectue par [PHONE_3920] [CONTACT_F6DD] to [USER_6_phone] [USER_6]. Informations detaillees: Montant de transaction : 31400 FCFA, ID transaction : CI231227.1116.C02528, Frais : 0 FCFA, Commission : 0 FCFA, Montant Net du Credit : 31400 FCFA, Nouveau Solde : 31947.65 FCFA."
USER_6,2023-12-27,12:06:47,OrangeMoney,transfert,OUT,31400.0,FCFA,390.65,"Transfert de [USER_6_phone] [USER_6] vers [PHONE_3523] mezatio reussi. ID transaction: PP231227.1206.B80369, Montant Transaction: 31400 FCFA, Frais: 157 FCFA, Commission: 0 FCFA, Montant Net: 31557 FCFA, Nouveau Solde: 390.65 FCFA."
USER_6,2024-01-04,10:47:18,OrangeMoney,depot,IN,50000.0,FCFA,50390.65,"Depot effectue par [PHONE_1729] [CONTACT_E2A1] to [USER_6_phone] [USER_6]. Informations detaillees: Montant de transaction : 50000 FCFA, ID transaction : CI240104.1047.C14494, Frais : 0 FCFA, Commission : 0 FCFA, Montant Net du Credit : 50000 FCFA, Nouveau Solde : 50390.65 FCFA."
USER_6,2024-01-04,11:54:08,OrangeMoney,transfert,OUT,30450.0,FCFA,19788.4,"Transfert de [USER_6_phone] [USER_6] vers [PHONE_6576] [CONTACT_808D] reussi. ID transaction: PP240104.1154.B18353, Montant Transaction: 30450 FCFA, Frais: 152.25 FCFA, Commission: 0 FCFA, Montant Net: 30602.25 FCFA, Nouveau Solde: 19788.4 FCFA."
USER_6,2024-01-05,17:20:11,OrangeMoney,transfert,OUT,10150.0,FCFA,9587.65,"Transfert de [USER_6_phone] [USER_6] vers [PHONE_0443] [CONTACT_4EBD] reussi. ID transaction: PP240105.1720.C92039, Montant Transaction: 10150 FCFA, Frais: 50.75 FCFA, Commission: 0 FCFA, Montant Net: 10200.75 FCFA, Nouveau Solde: 9587.65 FCFA."
USER_6,2024-01-07,12:32:26,OrangeMoney,transfert,OUT,6293.0,FCFA,3263.19,"Transfert de [USER_6_phone] [USER_6] vers [PHONE_8498] [CONTACT_CBE6] reussi. ID transaction: PP240107.1232.B59544, Montant Transaction: 6293 FCFA, Frais: 31.46 FCFA, Commission: 0 FCFA, Montant Net: 6324.46 FCFA, Nouveau Solde: 3263.19 FCFA."
USER_6,2024-01-07,14:13:04,OrangeMoney,depot,IN,5000.0,FCFA,8263.19,"Depot effectue par [PHONE_5566] [CONTACT_2B0B] to [USER_6_phone] [USER_6]. Informations detaillees: Montant de transaction : 5000 FCFA, ID transaction : CI240107.1413.B67054, Frais : 0 FCFA, Commission : 0 FCFA, Montant Net du Credit : 5000 FCFA, Nouveau Solde : 8263.19 FCFA."
USER_6,2024-01-07,14:35:17,OrangeMoney,transfert,OUT,3500.0,FCFA,4745.69,"Transfert de [USER_6_phone] [USER_6] vers [PHONE_4432] [CONTACT_95E8] reussi. ID transaction: PP240107.1435.A48812, Montant Transaction: 3500 FCFA, Frais: 17.5 FCFA, Commission: 0 FCFA, Montant Net: 3517.5 FCFA, Nouveau Solde: 4745.69 FCFA."
USER_6,2024-01-08,09:50:47,OrangeMoney,transfert,OUT,50000.0,FCFA,54745.69,"Transfert de [PHONE_0274] [CONTACT_91CA] vers [USER_6_phone] [USER_6] reussi. Details: ID transaction: PP240108.0950.B61095, Montant Transaction: 50000FCFA, Frais: 0 FCFA, Commission: 0 FCFA, Montant Net: 50000 FCFA, Nouveau Solde: 54745.69 FCFA."
USER_6,2024-01-09,16:32:02,OrangeMoney,retrait,OUT,10000.0,FCFA,44595.69,"Retrait d'argent reussi par le [PHONE_0123] avec le Code : 255891. Informations detaillees : Montant: 10000 FCFA, Frais: 150 FCFA, No de transaction CO240109.1631.B72778, montant net debite 10150 FCFA, Nouveau solde: 44595.69 FCFA."
USER_6,2024-01-12,14:49:30,OrangeMoney,transfert,OUT,10000.0,FCFA,20021.94,"Transfert de [USER_6_phone] [USER_6] vers [PHONE_4432] [CONTACT_95E8] reussi. ID transaction: PP240112.1449.A14365, Montant Transaction: 10000 FCFA, Frais: 50 FCFA, Commission: 0 FCFA, Montant Net: 10050 FCFA, Nouveau Solde: 20021.94 FCFA."
USER_6,2024-01-13,13:02:09,OrangeMoney,transfert,OUT,50000.0,FCFA,70021.94,"Transfert de [PHONE_4765] [CONTACT_892A] vers [USER_6_phone] [USER_6] reussi. Details: ID transaction: PP240113.1302.B98994, Montant Transaction: 50000FCFA, Frais: 0 FCFA, Commission: 0 FCFA, Montant Net: 50000 FCFA, Nouveau Solde: 70021.94 FCFA."
USER_6,2024-01-18,15:48:41,OrangeMoney,transfert,OUT,20300.0,FCFA,12769.69,"Transfert de [USER_6_phone] [USER_6] vers [PHONE_9183] [CONTACT_7FB6] reussi. ID transaction: PP240118.1548.C68829, Montant Transaction: 20300 FCFA, Frais: 101.5 FCFA, Commission: 0 FCFA, Montant Net: 20401.5 FCFA, Nouveau Solde: 12769.69 FCFA."
USER_6,2024-01-23,11:34:29,OrangeMoney,transfert,OUT,50750.0,FCFA,11765.94,"Transfert de [USER_6_phone] [USER_6] vers [PHONE_6378] [CONTACT_BE68] reussi. ID transaction: PP240123.1134.C50783, Montant Transaction: 50750 FCFA, Frais: 253.75 FCFA, Commission: 0 FCFA, Montant Net: 51003.75 FCFA, Nouveau Solde: 11765.94 FCFA."
USER_6,2024-01-29,15:33:27,OrangeMoney,depot,IN,50000.0,FCFA,55115.94,"Depot effectue par [PHONE_5664] [CONTACT_7B9E] to [USER_6_phone] [USER_6]. Informations detaillees: Montant de transaction : 50000 FCFA, ID transaction : CI240129.1533.B73079, Frais : 0 FCFA, Commission : 0 FCFA, Montant Net du Credit : 50000 FCFA, Nouveau Solde : 55115.94 FCFA."
USER_6,2024-02-03,07:14:21,OrangeMoney,transfert,OUT,6500.0,FCFA,1956.47,"Transfert de [USER_6_phone] [USER_6] vers [PHONE_6257] [CONTACT_9319] reussi. ID transaction: PP240203.0714.B51382, Montant Transaction: 6500 FCFA, Frais: 32.5 FCFA, Commission: 0 FCFA, Montant Net: 6532.5 FCFA, Nouveau Solde: 1956.47 FCFA."
USER_6,2024-02-09,13:45:38,OrangeMoney,depot,IN,20000.0,FCFA,21928.7,"Depot effectue par [PHONE_5664] [CONTACT_7B9E] to [USER_6_phone] [USER_6]. Informations detaillees: Montant de transaction : 20000 FCFA, ID transaction : CI240209.1345.C30050, Frais : 0 FCFA, Commission : 0 FCFA, Montant Net du Credit : 20000 FCFA, Nouveau Solde : 21928.7 FCFA."
USER_6,2024-02-10,14:29:06,OrangeMoney,transfert,OUT,10150.0,FCFA,28067.7,"Transfert de [PHONE_6087] [CONTACT_3DC5] vers [USER_6_phone] [USER_6] reussi. Details: ID transaction: PP240210.1429.B41399, Montant Transaction: 10150FCFA, Frais: 0 FCFA, Commission: 0 FCFA, Montant Net: 10150 FCFA, Nouveau Solde: 28067.7 FCFA."
USER_6,2024-02-11,15:35:04,OrangeMoney,depot,IN,50000.0,FCFA,78067.7,"Depot effectue par [PHONE_0298] [CONTACT_6038] to [USER_6_phone] [USER_6]. Informations detaillees: Montant de transaction : 50000 FCFA, ID transaction : CI240211.1535.A34299, Frais : 0 FCFA, Commission : 0 FCFA, Montant Net du Credit : 50000 FCFA, Nouveau Solde : 78067.7 FCFA."
USER_6,2024-02-11,16:15:47,OrangeMoney,transfert,OUT,11672.5,FCFA,66336.84,"Transfert de [USER_6_phone] [USER_6] vers [PHONE_4918] [CONTACT_A2D9] reussi. ID transaction: PP240211.1615.C10217, Montant Transaction: 11672.5 FCFA, Frais: 58.36 FCFA, Commission: 0 FCFA, Montant Net: 11730.86 FCFA, Nouveau Solde: 66336.84 FCFA."
USER_6,2024-02-14,15:03:06,OrangeMoney,transfert,OUT,5000.0,FCFA,18980.34,"Transfert de [USER_6_phone] [USER_6] vers [PHONE_0261] [CONTACT_6794] reussi. ID transaction: PP240214.1503.B85063, Montant Transaction: 5000 FCFA, Frais: 25 FCFA, Commission: 0 FCFA, Montant Net: 5025 FCFA, Nouveau Solde: 18980.34 FCFA."
USER_6,2024-02-16,13:36:25,OrangeMoney,depot,IN,50000.0,FCFA,53980.34,"Depot effectue par [PHONE_5111] [CONTACT_76DD] to [USER_6_phone] [USER_6]. Informations detaillees: Montant de transaction : 50000 FCFA, ID transaction : CI240216.1334.C51940, Frais : 0 FCFA, Commission : 0 FCFA, Montant Net du Credit : 50000 FCFA, Nouveau Solde : 53980.34 FCFA."
USER_6,2024-02-16,14:06:07,OrangeMoney,transfert,OUT,25000.0,FCFA,28855.34,"Transfert de [USER_6_phone] [USER_6] vers [PHONE_9183] [CONTACT_7FB6] reussi. ID transaction: PP240216.1406.C27128, Montant Transaction: 25000 FCFA, Frais: 125 FCFA, Commission: 0 FCFA, Montant Net: 25125 FCFA, Nouveau Solde: 28855.34 FCFA."
USER_6,2024-02-16,14:08:41,OrangeMoney,transfert,OUT,15000.0,FCFA,13780.34,"Transfert de [USER_6_phone] [USER_6] vers [PHONE_7623] [CONTACT_8760] reussi. ID transaction: PP240216.1408.A35254, Montant Transaction: 15000 FCFA, Frais: 75 FCFA, Commission: 0 FCFA, Montant Net: 15075 FCFA, Nouveau Solde: 13780.34 FCFA."
USER_6,2024-02-16,19:38:55,OrangeMoney,transfert,OUT,13195.0,FCFA,519.37,"Transfert de [USER_6_phone] [USER_6] vers [PHONE_5725] kongne reussi. ID transaction: PP240216.1938.A99179, Montant Transaction: 13195 FCFA, Frais: 65.97 FCFA, Commission: 0 FCFA, Montant Net: 13260.97 FCFA, Nouveau Solde: 519.37 FCFA."
USER_6,2024-02-19,10:16:05,OrangeMoney,depot,IN,5000.0,FCFA,5519.37,"Depot effectue par [PHONE_0123] [CONTACT_9E5E] to [USER_6_phone] [USER_6]. Informations detaillees: Montant de transaction : 5000 FCFA, ID transaction : CI240219.1016.A81505, Frais : 0 FCFA, Commission : 0 FCFA, Montant Net du Credit : 5000 FCFA, Nouveau Solde : 5519.37 FCFA."
USER_6,2024-02-21,14:02:42,OrangeMoney,depot,IN,342000.0,FCFA,344519.37,"Depot effectue par [PHONE_3111] [CONTACT_E375] to [USER_6_phone] [USER_6]. Informations detaillees: Montant de transaction : 342000 FCFA, ID transaction : CI240221.1402.C15396, Frais : 0 FCFA, Commission : 0 FCFA, Montant Net du Credit : 342000 FCFA, Nouveau Solde : 344519.37 FCFA."
USER_6,2024-02-22,12:33:48,OrangeMoney,transfert,OUT,50000.0,FCFA,116384.37,"Transfert de [USER_6_phone] [USER_6] vers [PHONE_9432] [CONTACT_5024] reussi. ID transaction: PP240222.1233.B16182, Montant Transaction: 50000 FCFA, Frais: 250 FCFA, Commission: 0 FCFA, Montant Net: 50250 FCFA, Nouveau Solde: 116384.37 FCFA."
USER_6,2024-02-27,14:39:39,OrangeMoney,transfert,OUT,11790.0,FCFA,50601.8,"Transfert de [USER_6_phone] [USER_6] vers [PHONE_0280] [CONTACT_8DDB] reussi. ID transaction: PP240227.1439.A68693, Montant Transaction: 11790 FCFA, Frais: 58.95 FCFA, Commission: 0 FCFA, Montant Net: 11848.95 FCFA, Nouveau Solde: 50601.8 FCFA."
USER_6,2024-02-27,15:07:15,OrangeMoney,transfert,OUT,15000.0,FCFA,35526.8,"Transfert de [USER_6_phone] [USER_6] vers [PHONE_4432] [CONTACT_95E8] reussi. ID transaction: PP240227.1507.C93738, Montant Transaction: 15000 FCFA, Frais: 75 FCFA, Commission: 0 FCFA, Montant Net: 15075 FCFA, Nouveau Solde: 35526.8 FCFA."
USER_6,2024-03-02,16:57:19,OrangeMoney,transfert,OUT,15225.0,FCFA,6959.68,"Transfert de [USER_6_phone] [USER_6] vers [PHONE_4432] [CONTACT_95E8] reussi. ID transaction: PP240302.1657.B55484, Montant Transaction: 15225 FCFA, Frais: 76.12 FCFA, Commission: 0 FCFA, Montant Net: 15301.12 FCFA, Nouveau Solde: 6959.68 FCFA."
USER_6,2024-03-10,17:57:59,OrangeMoney,transfert,OUT,10150.0,FCFA,30519.81,"Transfert de [USER_6_phone] [USER_6] vers [PHONE_3523] [CONTACT_C662] reussi. ID transaction: PP240310.1757.B03809, Montant Transaction: 10150 FCFA, Frais: 50.75 FCFA, Commission: 0 FCFA, Montant Net: 10200.75 FCFA, Nouveau Solde: 30519.81 FCFA."
USER_6,2024-03-10,18:28:11,OrangeMoney,depot,IN,100000.0,FCFA,130519.81,"Depot effectue par [PHONE_3375] [CONTACT_19BF] to [USER_6_phone] [USER_6]. Informations detaillees: Montant de transaction : 100000 FCFA, ID transaction : CI240310.1828.C46042, Frais : 0 FCFA, Commission : 0 FCFA, Montant Net du Credit : 100000 FCFA, Nouveau Solde : 130519.81 FCFA."
USER_6,2024-03-10,18:37:40,OrangeMoney,transfert,OUT,25000.0,FCFA,105394.81,"Transfert de [USER_6_phone] [USER_6] vers [PHONE_9183] [CONTACT_7FB6] reussi. ID transaction: PP240310.1837.C39625, Montant Transaction: 25000 FCFA, Frais: 125 FCFA, Commission: 0 FCFA, Montant Net: 25125 FCFA, Nouveau Solde: 105394.81 FCFA."
USER_6,2024-03-10,18:38:29,OrangeMoney,transfert,OUT,40600.0,FCFA,64591.81,"Transfert de [USER_6_phone] [USER_6] vers [PHONE_7810] [CONTACT_E63B] [USER_6] reussi. ID transaction: PP240310.1838.B33299, Montant Transaction: 40600 FCFA, Frais: 203 FCFA, Commission: 0 FCFA, Montant Net: 40803 FCFA, Nouveau Solde: 64591.81 FCFA."
USER_6,2024-03-11,09:42:31,OrangeMoney,retrait,OUT,10000.0,FCFA,53436.81,"Retrait d'argent reussi par le [PHONE_5566] avec le Code : 114470. Informations detaillees : Montant: 10000 FCFA, Frais: 150 FCFA, No de transaction CO240311.0942.C29514, montant net debite 10150 FCFA, Nouveau solde: 53436.81 FCFA."
USER_6,2024-03-13,17:19:28,OrangeMoney,depot,IN,50000.0,FCFA,73286.81,"Depot effectue par [PHONE_1729] [CONTACT_E2A1] to [USER_6_phone] [USER_6]. Informations detaillees: Montant de transaction : 50000 FCFA, ID transaction : CI240313.1719.B47898, Frais : 0 FCFA, Commission : 0 FCFA, Montant Net du Credit : 50000 FCFA, Nouveau Solde : 73286.81 FCFA."
USER_6,2024-03-13,20:14:13,OrangeMoney,transfert,OUT,30450.0,FCFA,42684.56,"Transfert de [USER_6_phone] [USER_6] vers [PHONE_1408] [CONTACT_4E94] reussi. ID transaction: PP240313.2014.C16519, Montant Transaction: 30450 FCFA, Frais: 152.25 FCFA, Commission: 0 FCFA, Montant Net: 30602.25 FCFA, Nouveau Solde: 42684.56 FCFA."
USER_6,2024-03-15,13:32:06,OrangeMoney,depot,IN,15000.0,FCFA,52684.56,"Depot effectue par [PHONE_1729] [CONTACT_E2A1] to [USER_6_phone] [USER_6]. Informations detaillees: Montant de transaction : 15000 FCFA, ID transaction : CI240315.1332.A24307, Frais : 0 FCFA, Commission : 0 FCFA, Montant Net du Credit : 15000 FCFA, Nouveau Solde : 52684.56 FCFA."
USER_6,2024-03-16,16:49:38,OrangeMoney,transfert,OUT,2000.0,FCFA,40674.56,"Transfert de [USER_6_phone] [USER_6] vers [PHONE_6694] Shewatad reussi. ID transaction: PP240316.1649.A37462, Montant Transaction: 2000 FCFA, Frais: 10 FCFA, Commission: 0 FCFA, Montant Net: 2010 FCFA, Nouveau Solde: 40674.56 FCFA."
USER_6,2024-03-28,12:12:49,OrangeMoney,depot,IN,63000.0,FCFA,90038.31,"Depot effectue par [PHONE_1313] [CONTACT_2A6E] to [USER_6_phone] [USER_6]. Informations detaillees: Montant de transaction : 63000 FCFA, ID transaction : CI240328.1212.A48108, Frais : 0 FCFA, Commission : 0 FCFA, Montant Net du Credit : 63000 FCFA, Nouveau Solde : 90038.31 FCFA."
USER_6,2024-03-28,12:14:24,OrangeMoney,transfert,OUT,63000.0,FCFA,26723.31,"Transfert de [USER_6_phone] [USER_6] vers [PHONE_3523] [CONTACT_C662] reussi. ID transaction: PP240328.1214.C63763, Montant Transaction: 63000 FCFA, Frais: 315 FCFA, Commission: 0 FCFA, Montant Net: 63315 FCFA, Nouveau Solde: 26723.31 FCFA."
USER_6,2024-03-28,12:15:31,OrangeMoney,transfert,OUT,15225.0,FCFA,11422.19,"Transfert de [USER_6_phone] [USER_6] vers [PHONE_3523] [CONTACT_C662] reussi. ID transaction: PP240328.1215.C64822, Montant Transaction: 15225 FCFA, Frais: 76.12 FCFA, Commission: 0 FCFA, Montant Net: 15301.12 FCFA, Nouveau Solde: 11422.19 FCFA."
USER_6,2024-03-29,19:52:45,OrangeMoney,transfert,OUT,5075.0,FCFA,3321.82,"Transfert de [USER_6_phone] [USER_6] vers [PHONE_5277] [CONTACT_B420] reussi. ID transaction: PP240329.1952.C40323, Montant Transaction: 5075 FCFA, Frais: 25.37 FCFA, Commission: 0 FCFA, Montant Net: 5100.37 FCFA, Nouveau Solde: 3321.82 FCFA."
USER_6,2024-03-30,19:09:59,OrangeMoney,transfert,OUT,9000.0,FCFA,231746.82,"Transfert de [USER_6_phone] [USER_6] vers [PHONE_4846] [CONTACT_2671] reussi. ID transaction: PP240330.1909.A70776, Montant Transaction: 9000 FCFA, Frais: 45 FCFA, Commission: 0 FCFA, Montant Net: 9045 FCFA, Nouveau Solde: 231746.82 FCFA."
USER_6,2024-03-30,19:10:58,OrangeMoney,transfert,OUT,1050.0,FCFA,230691.57,"Transfert de [USER_6_phone] [USER_6] vers [PHONE_4846] [CONTACT_2671] reussi. ID transaction: PP240330.1910.A71627, Montant Transaction: 1050 FCFA, Frais: 5.25 FCFA, Commission: 0 FCFA, Montant Net: 1055.25 FCFA, Nouveau Solde: 230691.57 FCFA."
USER_6,2024-04-01,13:27:32,OrangeMoney,transfert,OUT,98500.0,FCFA,125634.7,"Transfert de [USER_6_phone] [USER_6] vers [PHONE_9432] [CONTACT_5024] reussi. ID transaction: PP240401.1327.C72639, Montant Transaction: 98500 FCFA, Frais: 492.5 FCFA, Commission: 0 FCFA, Montant Net: 98992.5 FCFA, Nouveau Solde: 125634.7 FCFA."
USER_6,2024-04-03,11:06:38,OrangeMoney,transfert,OUT,72572.5,FCFA,41933.34,"Transfert de [USER_6_phone] [USER_6] vers [PHONE_0747] [CONTACT_6B53] reussi. ID transaction: PP240403.1106.C48876, Montant Transaction: 72572.5 FCFA, Frais: 362.86 FCFA, Commission: 0 FCFA, Montant Net: 72935.36 FCFA, Nouveau Solde: 41933.34 FCFA."
USER_6,2024-04-04,14:50:42,OrangeMoney,depot,IN,20000.0,FCFA,61933.34,"Depot effectue par [PHONE_1729] [CONTACT_E2A1] to [USER_6_phone] [USER_6]. Informations detaillees: Montant de transaction : 20000 FCFA, ID transaction : CI240404.1450.A24280, Frais : 0 FCFA, Commission : 0 FCFA, Montant Net du Credit : 20000 FCFA, Nouveau Solde : 61933.34 FCFA."
USER_6,2024-04-04,14:52:13,OrangeMoney,depot,IN,10000.0,FCFA,71933.34,"Depot effectue par [PHONE_1729] [CONTACT_E2A1] to [USER_6_phone] [USER_6]. Informations detaillees: Montant de transaction : 10000 FCFA, ID transaction : CI240404.1452.C26765, Frais : 0 FCFA, Commission : 0 FCFA, Montant Net du Credit : 10000 FCFA, Nouveau Solde : 71933.34 FCFA."
USER_6,2024-04-16,15:00:00,OrangeMoney,depot,IN,130000.0,FCFA,137372.47,"Depot effectue par [PHONE_1729] [CONTACT_E2A1] to [USER_6_phone] [USER_6]. Informations detaillees: Montant de transaction : 130000 FCFA, ID transaction : CI240416.1459.A73339, Frais : 0 FCFA, Commission : 0 FCFA, Montant Net du Credit : 130000 FCFA, Nouveau Solde : 137372.47 FCFA."
USER_6,2024-04-18,15:38:09,OrangeMoney,transfert,OUT,100000.0,FCFA,103722.47,"Transfert de [PHONE_8178] [CONTACT_5304] vers [USER_6_phone] [USER_6] reussi. Details: ID transaction: PP240418.1538.A54598, Montant Transaction: 100000FCFA, Frais: 0 FCFA, Commission: 0 FCFA, Montant Net: 100000 FCFA, Nouveau Solde: 103722.47 FCFA."
USER_6,2024-04-19,09:22:36,OrangeMoney,retrait,OUT,10000.0,FCFA,88547.47,"Retrait d'argent reussi par le [PHONE_1729] avec le Code : 255419. Informations detaillees : Montant: 10000 FCFA, Frais: 150 FCFA, No de transaction CO240419.0922.B86576, montant net debite 10150 FCFA, Nouveau solde: 88547.47 FCFA."
USER_6,2024-04-19,16:37:48,OrangeMoney,transfert,OUT,5000.0,FCFA,83522.47,"Transfert de [USER_6_phone] [USER_6] vers [PHONE_0747] [CONTACT_6B53] reussi. ID transaction: PP240419.1637.C66871, Montant Transaction: 5000 FCFA, Frais: 25 FCFA, Commission: 0 FCFA, Montant Net: 5025 FCFA, Nouveau Solde: 83522.47 FCFA."
USER_6,2024-04-20,08:41:29,OrangeMoney,transfert,OUT,7000.0,FCFA,76487.47,"Transfert de [USER_6_phone] [USER_6] vers [PHONE_6257] [CONTACT_9319] reussi. ID transaction: PP240420.0841.C85446, Montant Transaction: 7000 FCFA, Frais: 35 FCFA, Commission: 0 FCFA, Montant Net: 7035 FCFA, Nouveau Solde: 76487.47 FCFA."
USER_6,2024-04-21,08:47:42,OrangeMoney,transfert,OUT,4000.0,FCFA,72467.47,"Transfert de [USER_6_phone] [USER_6] vers [PHONE_6074] [CONTACT_8D06] reussi. ID transaction: PP240421.0847.C78231, Montant Transaction: 4000 FCFA, Frais: 20 FCFA, Commission: 0 FCFA, Montant Net: 4020 FCFA, Nouveau Solde: 72467.47 FCFA."
USER_6,2024-04-21,08:56:16,OrangeMoney,transfert,OUT,40600.0,FCFA,31664.47,"Transfert de [USER_6_phone] [USER_6] vers [PHONE_9183] [CONTACT_7FB6] reussi. ID transaction: PP240421.0856.C83288, Montant Transaction: 40600 FCFA, Frais: 203 FCFA, Commission: 0 FCFA, Montant Net: 40803 FCFA, Nouveau Solde: 31664.47 FCFA."
USER_6,2024-04-23,13:32:42,OrangeMoney,transfert,OUT,15000.0,FCFA,33303.87,"Transfert de [USER_6_phone] [USER_6] vers [PHONE_0747] [CONTACT_6B53] reussi. ID transaction: PP240423.1332.A53492, Montant Transaction: 15000 FCFA, Frais: 75 FCFA, Commission: 0 FCFA, Montant Net: 15075 FCFA, Nouveau Solde: 33303.87 FCFA."
USER_6,2024-04-25,15:43:35,OrangeMoney,depot,IN,100000.0,FCFA,148553.87,"Depot effectue par [PHONE_7683] [CONTACT_0218] to [USER_6_phone] [USER_6]. Informations detaillees: Montant de transaction : 100000 FCFA, ID transaction : CI240425.1543.B66822, Frais : 0 FCFA, Commission : 0 FCFA, Montant Net du Credit : 100000 FCFA, Nouveau Solde : 148553.87 FCFA."
USER_6,2024-04-25,15:59:32,OrangeMoney,transfert,OUT,10150.0,FCFA,138353.12,"Transfert de [USER_6_phone] [USER_6] vers [PHONE_6599] [CONTACT_B95D] reussi. ID transaction: PP240425.1559.A07075, Montant Transaction: 10150 FCFA, Frais: 50.75 FCFA, Commission: 0 FCFA, Montant Net: 10200.75 FCFA, Nouveau Solde: 138353.12 FCFA."
USER_6,2024-05-01,11:13:30,OrangeMoney,transfert,OUT,10150.0,FCFA,148487.37,"Transfert de [USER_6_phone] [USER_6] vers [PHONE_9047] [CONTACT_BC4E] reussi. ID transaction: PP240501.1113.B33680, Montant Transaction: 10150 FCFA, Frais: 50.75 FCFA, Commission: 0 FCFA, Montant Net: 10200.75 FCFA, Nouveau Solde: 148487.37 FCFA."
USER_6,2024-05-02,09:42:11,OrangeMoney,transfert,OUT,9550.0,FCFA,108287.37,"Transfert de [USER_6_phone] [USER_6] vers [PHONE_0280] [CONTACT_8DDB] reussi. ID transaction: PP240502.0942.A39499, Montant Transaction: 9550 FCFA, Frais: 47.75 FCFA, Commission: 0 FCFA, Montant Net: 9597.75 FCFA, Nouveau Solde: 108287.37 FCFA."
USER_6,2024-05-02,12:32:56,OrangeMoney,transfert,OUT,15000.0,FCFA,93212.37,"Transfert de [USER_6_phone] [USER_6] vers [PHONE_3149] [CONTACT_611E] reussi. ID transaction: PP240502.1232.C60277, Montant Transaction: 15000 FCFA, Frais: 75 FCFA, Commission: 0 FCFA, Montant Net: 15075 FCFA, Nouveau Solde: 93212.37 FCFA."
USER_6,2024-05-02,14:51:10,OrangeMoney,transfert,OUT,3000.0,FCFA,90197.37,"Transfert de [USER_6_phone] [USER_6] vers [PHONE_8854] [CONTACT_14A1] reussi. ID transaction: PP240502.1451.A68892, Montant Transaction: 3000 FCFA, Frais: 15 FCFA, Commission: 0 FCFA, Montant Net: 3015 FCFA, Nouveau Solde: 90197.37 FCFA."
USER_6,2024-05-04,07:25:59,OrangeMoney,transfert,OUT,10150.0,FCFA,69996.62,"Transfert de [USER_6_phone] [USER_6] vers [PHONE_8066] [CONTACT_93C7] reussi. ID transaction: PP240504.0725.C79727, Montant Transaction: 10150 FCFA, Frais: 50.75 FCFA, Commission: 0 FCFA, Montant Net: 10200.75 FCFA, Nouveau Solde: 69996.62 FCFA."
USER_6,2024-05-04,09:39:42,OrangeMoney,transfert,OUT,30000.0,FCFA,159846.62,"Transfert de [USER_6_phone] [USER_6] vers [PHONE_3523] [CONTACT_C662] reussi. ID transaction: PP240504.0939.C64613, Montant Transaction: 30000 FCFA, Frais: 150 FCFA, Commission: 0 FCFA, Montant Net: 30150 FCFA, Nouveau Solde: 159846.62 FCFA."
USER_6,2024-05-05,13:25:55,OrangeMoney,transfert,OUT,5000.0,FCFA,154821.62,"Transfert de [USER_6_phone] [USER_6] vers [PHONE_6595] [CONTACT_15FA] reussi. ID transaction: PP240505.1325.A56859, Montant Transaction: 5000 FCFA, Frais: 25 FCFA, Commission: 0 FCFA, Montant Net: 5025 FCFA, Nouveau Solde: 154821.62 FCFA."
USER_6,2024-05-05,13:37:28,OrangeMoney,transfert,OUT,2000.0,FCFA,152811.62,"Transfert de [USER_6_phone] [USER_6] vers [PHONE_5524] [CONTACT_82CD] reussi. ID transaction: PP240505.1337.A65747, Montant Transaction: 2000 FCFA, Frais: 10 FCFA, Commission: 0 FCFA, Montant Net: 2010 FCFA, Nouveau Solde: 152811.62 FCFA."
USER_6,2024-05-06,06:57:45,OrangeMoney,transfert,OUT,25375.0,FCFA,127309.75,"Transfert de [USER_6_phone] [USER_6] vers [PHONE_9183] [CONTACT_7FB6] reussi. ID transaction: PP240506.0657.C84031, Montant Transaction: 25375 FCFA, Frais: 126.87 FCFA, Commission: 0 FCFA, Montant Net: 25501.87 FCFA, Nouveau Solde: 127309.75 FCFA."
USER_6,2024-05-08,15:46:19,OrangeMoney,transfert,OUT,2150.0,FCFA,112746.25,"Transfert de [USER_6_phone] [USER_6] vers [PHONE_0280] [CONTACT_8DDB] reussi. ID transaction: PP240508.1546.B46349, Montant Transaction: 2150 FCFA, Frais: 10.75 FCFA, Commission: 0 FCFA, Montant Net: 2160.75 FCFA, Nouveau Solde: 112746.25 FCFA."
USER_6,2024-05-09,13:29:02,OrangeMoney,transfert,OUT,57000.0,FCFA,49850.84,"Transfert de [USER_6_phone] [USER_6] vers [PHONE_5524] [CONTACT_82CD] reussi. ID transaction: PP240509.1329.B65239, Montant Transaction: 57000 FCFA, Frais: 285 FCFA, Commission: 0 FCFA, Montant Net: 57285 FCFA, Nouveau Solde: 49850.84 FCFA."
USER_6,2024-05-10,08:16:37,OrangeMoney,transfert,OUT,10150.0,FCFA,39650.09,"Transfert de [USER_6_phone] [USER_6] vers [PHONE_3523] [CONTACT_C662] reussi. ID transaction: PP240510.0816.A28260, Montant Transaction: 10150 FCFA, Frais: 50.75 FCFA, Commission: 0 FCFA, Montant Net: 10200.75 FCFA, Nouveau Solde: 39650.09 FCFA."
USER_6,2024-05-11,08:24:22,OrangeMoney,transfert,OUT,10150.0,FCFA,29449.34,"Transfert de [USER_6_phone] [USER_6] vers [PHONE_3739] [CONTACT_2E1B] reussi. ID transaction: PP240511.0824.C62010, Montant Transaction: 10150 FCFA, Frais: 50.75 FCFA, Commission: 0 FCFA, Montant Net: 10200.75 FCFA, Nouveau Solde: 29449.34 FCFA."
USER_6,2024-05-11,09:20:00,OrangeMoney,transfert,OUT,91350.0,FCFA,37642.59,"Transfert de [USER_6_phone] [USER_6] vers [PHONE_5524] [CONTACT_82CD] reussi. ID transaction: PP240511.0920.B96310, Montant Transaction: 91350 FCFA, Frais: 456.75 FCFA, Commission: 0 FCFA, Montant Net: 91806.75 FCFA, Nouveau Solde: 37642.59 FCFA."
USER_6,2024-05-14,15:17:06,OrangeMoney,depot,IN,130000.0,FCFA,131332.34,"Depot effectue par [PHONE_1729] [CONTACT_E2A1] to [USER_6_phone] [USER_6]. Informations detaillees: Montant de transaction : 130000 FCFA, ID transaction : CI240514.1517.C35836, Frais : 0 FCFA, Commission : 0 FCFA, Montant Net du Credit : 130000 FCFA, Nouveau Solde : 131332.34 FCFA."
USER_6,2024-05-14,15:24:36,OrangeMoney,transfert,OUT,4050.0,FCFA,127262.09,"Transfert de [USER_6_phone] [USER_6] vers [PHONE_4723] [CONTACT_6AF8] reussi. ID transaction: PP240514.1524.A25281, Montant Transaction: 4050 FCFA, Frais: 20.25 FCFA, Commission: 0 FCFA, Montant Net: 4070.25 FCFA, Nouveau Solde: 127262.09 FCFA."
USER_6,2024-05-14,15:37:45,OrangeMoney,transfert,OUT,40600.0,FCFA,86459.09,"Transfert de [USER_6_phone] [USER_6] vers [PHONE_3707] [CONTACT_3AB3] reussi. ID transaction: PP240514.1537.B35246, Montant Transaction: 40600 FCFA, Frais: 203 FCFA, Commission: 0 FCFA, Montant Net: 40803 FCFA, Nouveau Solde: 86459.09 FCFA."
USER_6,2024-05-14,15:40:53,OrangeMoney,transfert,OUT,31500.0,FCFA,54801.59,"Transfert de [USER_6_phone] [USER_6] vers [PHONE_3523] [CONTACT_C662] reussi. ID transaction: PP240514.1540.A37126, Montant Transaction: 31500 FCFA, Frais: 157.5 FCFA, Commission: 0 FCFA, Montant Net: 31657.5 FCFA, Nouveau Solde: 54801.59 FCFA."
USER_6,2024-05-15,10:59:42,OrangeMoney,transfert,OUT,10150.0,FCFA,44600.84,"Transfert de [USER_6_phone] [USER_6] vers [PHONE_7042] [CONTACT_ACF2] reussi. ID transaction: PP240515.1059.C13017, Montant Transaction: 10150 FCFA, Frais: 50.75 FCFA, Commission: 0 FCFA, Montant Net: 10200.75 FCFA, Nouveau Solde: 44600.84 FCFA."
USER_6,2024-05-15,12:26:26,OrangeMoney,transfert,OUT,22837.5,FCFA,21649.16,"Transfert de [USER_6_phone] [USER_6] vers [PHONE_2223] [CONTACT_4C15] reussi. ID transaction: PP240515.1226.B76845, Montant Transaction: 22837.5 FCFA, Frais: 114.18 FCFA, Commission: 0 FCFA, Montant Net: 22951.68 FCFA, Nouveau Solde: 21649.16 FCFA."
USER_6,2024-05-15,14:35:34,OrangeMoney,transfert,OUT,2050.0,FCFA,19588.91,"Transfert de [USER_6_phone] [USER_6] vers [PHONE_1588] [CONTACT_D0CD] reussi. ID transaction: PP240515.1435.A76490, Montant Transaction: 2050 FCFA, Frais: 10.25 FCFA, Commission: 0 FCFA, Montant Net: 2060.25 FCFA, Nouveau Solde: 19588.91 FCFA."
USER_6,2024-05-17,09:27:48,OrangeMoney,transfert,OUT,25375.0,FCFA,74087.04,"Transfert de [USER_6_phone] [USER_6] vers [PHONE_9183] [CONTACT_7FB6] reussi. ID transaction: PP240517.0927.A78528, Montant Transaction: 25375 FCFA, Frais: 126.87 FCFA, Commission: 0 FCFA, Montant Net: 25501.87 FCFA, Nouveau Solde: 74087.04 FCFA."
USER_6,2024-05-17,09:30:03,OrangeMoney,transfert,OUT,30450.0,FCFA,43484.79,"Transfert de [USER_6_phone] [USER_6] vers [PHONE_3523] [CONTACT_C662] reussi. ID transaction: PP240517.0930.C85230, Montant Transaction: 30450 FCFA, Frais: 152.25 FCFA, Commission: 0 FCFA, Montant Net: 30602.25 FCFA, Nouveau Solde: 43484.79 FCFA."
USER_6,2024-05-18,12:04:40,OrangeMoney,transfert,OUT,2050.0,FCFA,35359.29,"Transfert de [USER_6_phone] [USER_6] vers [PHONE_1152] [CONTACT_3DCC] reussi. ID transaction: PP240518.1204.B25203, Montant Transaction: 2050 FCFA, Frais: 10.25 FCFA, Commission: 0 FCFA, Montant Net: 2060.25 FCFA, Nouveau Solde: 35359.29 FCFA."
USER_6,2024-05-18,13:42:00,OrangeMoney,depot,IN,30000.0,FCFA,65359.29,"Depot effectue par [PHONE_1729] [CONTACT_E2A1] to [USER_6_phone] [USER_6]. Informations detaillees: Montant de transaction : 30000 FCFA, ID transaction : CI240518.1341.B19526, Frais : 0 FCFA, Commission : 0 FCFA, Montant Net du Credit : 30000 FCFA, Nouveau Solde : 65359.29 FCFA."
USER_6,2024-05-18,13:54:49,OrangeMoney,transfert,OUT,25000.0,FCFA,40234.29,"Transfert de [USER_6_phone] [USER_6] vers [PHONE_1408] [CONTACT_4E94] reussi. ID transaction: PP240518.1354.A15147, Montant Transaction: 25000 FCFA, Frais: 125 FCFA, Commission: 0 FCFA, Montant Net: 25125 FCFA, Nouveau Solde: 40234.29 FCFA."
USER_6,2024-05-19,21:19:07,OrangeMoney,transfert,OUT,2050.0,FCFA,38174.04,"Transfert de [USER_6_phone] [USER_6] vers [PHONE_1687] [CONTACT_3AB3] [USER_6] reussi. ID transaction: PP240519.2119.A90986, Montant Transaction: 2050 FCFA, Frais: 10.25 FCFA, Commission: 0 FCFA, Montant Net: 2060.25 FCFA, Nouveau Solde: 38174.04 FCFA."
USER_6,2024-05-21,12:50:31,OrangeMoney,transfert,OUT,500.0,FCFA,37671.54,"Transfert de [USER_6_phone] [USER_6] vers [PHONE_9432] [CONTACT_5024] reussi. ID transaction: PP240521.1250.A26436, Montant Transaction: 500 FCFA, Frais: 2.5 FCFA, Commission: 0 FCFA, Montant Net: 502.5 FCFA, Nouveau Solde: 37671.54 FCFA."
USER_6,2024-05-22,11:25:26,OrangeMoney,transfert,OUT,5075.0,FCFA,122571.17,"Transfert de [USER_6_phone] [USER_6] vers [PHONE_6166] [CONTACT_E1A2] reussi. ID transaction: PP240522.1125.A37648, Montant Transaction: 5075 FCFA, Frais: 25.37 FCFA, Commission: 0 FCFA, Montant Net: 5100.37 FCFA, Nouveau Solde: 122571.17 FCFA."
USER_6,2024-05-22,18:47:59,OrangeMoney,transfert,OUT,18777.5,FCFA,103699.79,"Transfert de [USER_6_phone] [USER_6] vers [PHONE_7365] [CONTACT_68BB] reussi. ID transaction: PP240522.1847.C72679, Montant Transaction: 18777.5 FCFA, Frais: 93.88 FCFA, Commission: 0 FCFA, Montant Net: 18871.38 FCFA, Nouveau Solde: 103699.79 FCFA."
USER_6,2024-05-28,09:43:26,OrangeMoney,transfert,OUT,17020.0,FCFA,67469.69,"Transfert de [USER_6_phone] [USER_6] vers [PHONE_0280] [CONTACT_8DDB] reussi. ID transaction: PP240528.0943.A67904, Montant Transaction: 17020 FCFA, Frais: 85.1 FCFA, Commission: 0 FCFA, Montant Net: 17105.1 FCFA, Nouveau Solde: 67469.69 FCFA."
USER_6,2024-05-28,15:59:48,OrangeMoney,transfert,OUT,1800.0,FCFA,69269.69,"Transfert de [PHONE_0041] [CONTACT_66E9] vers [USER_6_phone] [USER_6] reussi. Details: ID transaction: PP240528.1559.A54874, Montant Transaction: 1800FCFA, Frais: 0 FCFA, Commission: 0 FCFA, Montant Net: 1800 FCFA, Nouveau Solde: 69269.69 FCFA."
USER_6,2024-05-29,14:59:28,OrangeMoney,transfert,OUT,111250.0,FCFA,392495.19,"Transfert de [USER_6_phone] [USER_6] vers [PHONE_8549] [CONTACT_C89C] reussi. ID transaction: PP240529.1459.C15178, Montant Transaction: 111250 FCFA, Frais: 556.25 FCFA, Commission: 0 FCFA, Montant Net: 111806.25 FCFA, Nouveau Solde: 392495.19 FCFA."
USER_6,2024-05-29,15:00:26,OrangeMoney,transfert,OUT,89000.0,FCFA,303050.19,"Transfert de [USER_6_phone] [USER_6] vers [PHONE_7870] [CONTACT_8496] reussi. ID transaction: PP240529.1500.C15986, Montant Transaction: 89000 FCFA, Frais: 445 FCFA, Commission: 0 FCFA, Montant Net: 89445 FCFA, Nouveau Solde: 303050.19 FCFA."
USER_6,2024-06-06,15:59:27,OrangeMoney,depot,IN,5000.0,FCFA,33840.45,"Depot effectue par [PHONE_2422] [CONTACT_A73C] Igor Boris to [USER_6_phone] [USER_6]. Informations detaillees: Montant de transaction : 5000 FCFA, ID transaction : CI240606.1559.C25777, Frais : 0 FCFA, Commission : 0 FCFA, Montant Net du Credit : 5000 FCFA, Nouveau Solde : 33840.45 FCFA."
USER_6,2024-06-07,12:28:54,OrangeMoney,transfert,OUT,20000.0,FCFA,10740.45,"Transfert de [USER_6_phone] [USER_6] vers [PHONE_1408] [CONTACT_4E94] reussi. ID transaction: PP240607.1228.C06339, Montant Transaction: 20000 FCFA, Frais: 100 FCFA, Commission: 0 FCFA, Montant Net: 20100 FCFA, Nouveau Solde: 10740.45 FCFA."
USER_6,2024-06-12,07:59:22,OrangeMoney,depot,IN,2250.0,FCFA,4905.45,"Depot effectue par [PHONE_7354] [CONTACT_5C66] to [USER_6_phone] [USER_6]. Informations detaillees: Montant de transaction : 2250 FCFA, ID transaction : CI240612.0759.C29053, Frais : 0 FCFA, Commission : 0 FCFA, Montant Net du Credit : 2250 FCFA, Nouveau Solde : 4905.45 FCFA."
USER_6,2024-06-15,07:02:58,OrangeMoney,transfert,OUT,10150.0,FCFA,151704.7,"Transfert de [USER_6_phone] [USER_6] vers [PHONE_7656] [CONTACT_F02E] reussi. ID transaction: PP240615.0702.A89368, Montant Transaction: 10150 FCFA, Frais: 50.75 FCFA, Commission: 0 FCFA, Montant Net: 10200.75 FCFA, Nouveau Solde: 151704.7 FCFA."
USER_6,2024-06-15,07:04:52,OrangeMoney,transfert,OUT,5075.0,FCFA,146604.33,"Transfert de [USER_6_phone] [USER_6] vers [PHONE_3707] [CONTACT_3AB3] reussi. ID transaction: PP240615.0704.C17137, Montant Transaction: 5075 FCFA, Frais: 25.37 FCFA, Commission: 0 FCFA, Montant Net: 5100.37 FCFA, Nouveau Solde: 146604.33 FCFA."
USER_6,2024-06-15,07:06:22,OrangeMoney,transfert,OUT,20000.0,FCFA,126504.33,"Transfert de [USER_6_phone] [USER_6] vers [PHONE_3019] [CONTACT_F201] reussi. ID transaction: PP240615.0706.B12926, Montant Transaction: 20000 FCFA, Frais: 100 FCFA, Commission: 0 FCFA, Montant Net: 20100 FCFA, Nouveau Solde: 126504.33 FCFA."
USER_6,2024-06-19,10:54:37,OrangeMoney,transfert,OUT,20000.0,FCFA,106404.33,"Transfert de [USER_6_phone] [USER_6] vers [PHONE_1408] [CONTACT_4E94] reussi. ID transaction: PP240619.1054.C28214, Montant Transaction: 20000 FCFA, Frais: 100 FCFA, Commission: 0 FCFA, Montant Net: 20100 FCFA, Nouveau Solde: 106404.33 FCFA."
USER_6,2024-06-19,10:56:34,OrangeMoney,transfert,OUT,20000.0,FCFA,86304.33,"Transfert de [USER_6_phone] [USER_6] vers [PHONE_3523] [CONTACT_C662] reussi. ID transaction: PP240619.1056.C29743, Montant Transaction: 20000 FCFA, Frais: 100 FCFA, Commission: 0 FCFA, Montant Net: 20100 FCFA, Nouveau Solde: 86304.33 FCFA."
USER_6,2024-06-19,16:34:12,OrangeMoney,transfert,OUT,15225.0,FCFA,71003.21,"Transfert de [USER_6_phone] [USER_6] vers [PHONE_6074] [CONTACT_8D06] reussi. ID transaction: PP240619.1634.C89492, Montant Transaction: 15225 FCFA, Frais: 76.12 FCFA, Commission: 0 FCFA, Montant Net: 15301.12 FCFA, Nouveau Solde: 71003.21 FCFA."
USER_6,2024-06-20,12:32:39,OrangeMoney,transfert,OUT,10150.0,FCFA,60802.46,"Transfert de [USER_6_phone] [USER_6] vers [PHONE_4360] [CONTACT_5FF4] reussi. ID transaction: PP240620.1232.B90057, Montant Transaction: 10150 FCFA, Frais: 50.75 FCFA, Commission: 0 FCFA, Montant Net: 10200.75 FCFA, Nouveau Solde: 60802.46 FCFA."
USER_6,2024-06-21,10:08:30,OrangeMoney,transfert,OUT,10150.0,FCFA,50601.71,"Transfert de [USER_6_phone] [USER_6] vers [PHONE_0142] [CONTACT_8FA5] reussi. ID transaction: PP240621.1008.C70268, Montant Transaction: 10150 FCFA, Frais: 50.75 FCFA, Commission: 0 FCFA, Montant Net: 10200.75 FCFA, Nouveau Solde: 50601.71 FCFA."
USER_6,2024-06-21,15:15:33,OrangeMoney,transfert,OUT,13093.5,FCFA,37442.75,"Transfert de [USER_6_phone] [USER_6] vers [PHONE_8498] [CONTACT_CBE6] reussi. ID transaction: PP240621.1515.B03064, Montant Transaction: 13093.5 FCFA, Frais: 65.46 FCFA, Commission: 0 FCFA, Montant Net: 13158.96 FCFA, Nouveau Solde: 37442.75 FCFA."
USER_6,2024-06-22,08:19:50,OrangeMoney,transfert,OUT,7955.0,FCFA,29447.98,"Transfert de [USER_6_phone] [USER_6] vers [PHONE_4401] [CONTACT_EF36] reussi. ID transaction: PP240622.0819.A89705, Montant Transaction: 7955 FCFA, Frais: 39.77 FCFA, Commission: 0 FCFA, Montant Net: 7994.77 FCFA, Nouveau Solde: 29447.98 FCFA."
USER_6,2024-06-23,16:03:21,OrangeMoney,depot,IN,10000.0,FCFA,36447.98,"Depot effectue par [PHONE_9354] [CONTACT_939B] to [USER_6_phone] [USER_6]. Informations detaillees: Montant de transaction : 10000 FCFA, ID transaction : CI240623.1603.B09189, Frais : 0 FCFA, Commission : 0 FCFA, Montant Net du Credit : 10000 FCFA, Nouveau Solde : 36447.98 FCFA."
USER_6,2024-06-23,16:06:04,OrangeMoney,transfert,OUT,25375.0,FCFA,10946.11,"Transfert de [USER_6_phone] [USER_6] vers [PHONE_9183] [CONTACT_7FB6] reussi. ID transaction: PP240623.1606.C47417, Montant Transaction: 25375 FCFA, Frais: 126.87 FCFA, Commission: 0 FCFA, Montant Net: 25501.87 FCFA, Nouveau Solde: 10946.11 FCFA."
USER_6,2024-06-26,09:16:39,OrangeMoney,depot,IN,10000.0,FCFA,20946.11,"Depot effectue par [PHONE_9093] [CONTACT_217B] to [USER_6_phone] [USER_6]. Informations detaillees: Montant de transaction : 10000 FCFA, ID transaction : CI240626.0916.A54178, Frais : 0 FCFA, Commission : 0 FCFA, Montant Net du Credit : 10000 FCFA, Nouveau Solde : 20946.11 FCFA."
USER_6,2024-06-26,09:17:42,OrangeMoney,transfert,OUT,10150.0,FCFA,10745.36,"Transfert de [USER_6_phone] [USER_6] vers [PHONE_0142] [CONTACT_8FA5] reussi. ID transaction: PP240626.0917.B46311, Montant Transaction: 10150 FCFA, Frais: 50.75 FCFA, Commission: 0 FCFA, Montant Net: 10200.75 FCFA, Nouveau Solde: 10745.36 FCFA."
USER_6,2024-06-26,18:35:14,OrangeMoney,depot,IN,45000.0,FCFA,55745.36,"Depot effectue par [PHONE_1729] [CONTACT_E2A1] to [USER_6_phone] [USER_6]. Informations detaillees: Montant de transaction : 45000 FCFA, ID transaction : CI240626.1835.B55117, Frais : 0 FCFA, Commission : 0 FCFA, Montant Net du Credit : 45000 FCFA, Nouveau Solde : 55745.36 FCFA."
USER_6,2024-06-26,19:16:16,OrangeMoney,transfert,OUT,45000.0,FCFA,10520.36,"Transfert de [USER_6_phone] [USER_6] vers [PHONE_1687] [CONTACT_3AB3] [USER_6] reussi. ID transaction: PP240626.1916.C61300, Montant Transaction: 45000 FCFA, Frais: 225 FCFA, Commission: 0 FCFA, Montant Net: 45225 FCFA, Nouveau Solde: 10520.36 FCFA."
USER_6,2024-06-28,18:10:45,OrangeMoney,depot,IN,20000.0,FCFA,30520.36,"Depot effectue par [PHONE_2833] [CONTACT_76DD] to [USER_6_phone] [USER_6]. Informations detaillees: Montant de transaction : 20000 FCFA, ID transaction : CI240628.1810.C07268, Frais : 0 FCFA, Commission : 0 FCFA, Montant Net du Credit : 20000 FCFA, Nouveau Solde : 30520.36 FCFA."
USER_6,2024-06-29,15:54:39,OrangeMoney,transfert,OUT,8850.0,FCFA,21626.11,"Transfert de [USER_6_phone] [USER_6] vers [PHONE_8374] [CONTACT_9B0C] reussi. ID transaction: PP240629.1554.C15836, Montant Transaction: 8850 FCFA, Frais: 44.25 FCFA, Commission: 0 FCFA, Montant Net: 8894.25 FCFA, Nouveau Solde: 21626.11 FCFA."
USER_6,2024-06-29,16:08:45,OrangeMoney,transfert,OUT,2200.0,FCFA,19415.11,"Transfert de [USER_6_phone] [USER_6] vers [PHONE_4360] [CONTACT_5FF4] reussi. ID transaction: PP240629.1608.B20590, Montant Transaction: 2200 FCFA, Frais: 11 FCFA, Commission: 0 FCFA, Montant Net: 2211 FCFA, Nouveau Solde: 19415.11 FCFA."
USER_6,2024-07-03,12:16:26,OrangeMoney,depot,IN,15000.0,FCFA,19815.11,"Depot effectue par [PHONE_1729] [CONTACT_E2A1] to [USER_6_phone] [USER_6]. Informations detaillees: Montant de transaction : 15000 FCFA, ID transaction : CI240703.1216.B25398, Frais : 0 FCFA, Commission : 0 FCFA, Montant Net du Credit : 15000 FCFA, Nouveau Solde : 19815.11 FCFA."
USER_6,2024-07-05,12:49:19,OrangeMoney,transfert,OUT,10150.0,FCFA,6464.36,"Transfert de [USER_6_phone] [USER_6] vers [PHONE_3707] [CONTACT_3AB3] reussi. ID transaction: PP240705.1249.B97400, Montant Transaction: 10150 FCFA, Frais: 50.75 FCFA, Commission: 0 FCFA, Montant Net: 10200.75 FCFA, Nouveau Solde: 6464.36 FCFA."
USER_6,2024-07-05,17:00:43,OrangeMoney,transfert,OUT,10000.0,FCFA,16464.36,"Transfert de [PHONE_9183] [CONTACT_7FB6] vers [USER_6_phone] [USER_6] reussi. Details: ID transaction: PP240705.1700.A03596, Montant Transaction: 10000FCFA, Frais: 0 FCFA, Commission: 0 FCFA, Montant Net: 10000 FCFA, Nouveau Solde: 16464.36 FCFA."
USER_6,2024-07-05,17:05:27,OrangeMoney,transfert,OUT,10150.0,FCFA,6263.61,"Transfert de [USER_6_phone] [USER_6] vers [PHONE_8277] [CONTACT_04E6] reussi. ID transaction: PP240705.1705.A08402, Montant Transaction: 10150 FCFA, Frais: 50.75 FCFA, Commission: 0 FCFA, Montant Net: 10200.75 FCFA, Nouveau Solde: 6263.61 FCFA."
USER_6,2024-07-06,13:46:00,OrangeMoney,depot,IN,10000.0,FCFA,16263.61,"Depot effectue par [PHONE_0180] [CONTACT_4338] to [USER_6_phone] [USER_6]. Informations detaillees: Montant de transaction : 10000 FCFA, ID transaction : CI240706.1345.A49818, Frais : 0 FCFA, Commission : 0 FCFA, Montant Net du Credit : 10000 FCFA, Nouveau Solde : 16263.61 FCFA."
USER_6,2024-07-06,13:47:49,OrangeMoney,transfert,OUT,10150.0,FCFA,6062.86,"Transfert de [USER_6_phone] [USER_6] vers [PHONE_0142] [CONTACT_8FA5] reussi. ID transaction: PP240706.1347.C35140, Montant Transaction: 10150 FCFA, Frais: 50.75 FCFA, Commission: 0 FCFA, Montant Net: 10200.75 FCFA, Nouveau Solde: 6062.86 FCFA."
USER_6,2024-07-08,15:27:30,OrangeMoney,transfert,OUT,34038.0,FCFA,40100.86,"Transfert de [PHONE_5016] [CONTACT_9874] vers [USER_6_phone] [USER_6] reussi. Details: ID transaction: PP240708.1527.A26417, Montant Transaction: 34038FCFA, Frais: 0 FCFA, Commission: 0 FCFA, Montant Net: 34038 FCFA, Nouveau Solde: 40100.86 FCFA."
USER_6,2024-07-08,16:13:54,OrangeMoney,transfert,OUT,15000.0,FCFA,25025.86,"Transfert de [USER_6_phone] [USER_6] vers [PHONE_6645] [CONTACT_42DE] reussi. ID transaction: PP240708.1613.A52459, Montant Transaction: 15000 FCFA, Frais: 75 FCFA, Commission: 0 FCFA, Montant Net: 15075 FCFA, Nouveau Solde: 25025.86 FCFA."
USER_6,2024-07-10,14:40:37,OrangeMoney,depot,IN,450000.0,FCFA,475025.86,"Depot effectue par [PHONE_4399] [CONTACT_582F] FILS2 to [USER_6_phone] [USER_6]. Informations detaillees: Montant de transaction : 450000 FCFA, ID transaction : CI240710.1440.B69249, Frais : 0 FCFA, Commission : 0 FCFA, Montant Net du Credit : 450000 FCFA, Nouveau Solde : 475025.86 FCFA."
USER_6,2024-07-10,21:28:19,OrangeMoney,transfert,OUT,10000.0,FCFA,464975.86,"Transfert de [USER_6_phone] [USER_6] vers [PHONE_0142] [CONTACT_8FA5] reussi. ID transaction: PP240710.2128.B66651, Montant Transaction: 10000 FCFA, Frais: 50 FCFA, Commission: 0 FCFA, Montant Net: 10050 FCFA, Nouveau Solde: 464975.86 FCFA."
USER_6,2024-07-10,21:28:57,OrangeMoney,transfert,OUT,1000.0,FCFA,463970.86,"Transfert de [USER_6_phone] [USER_6] vers [PHONE_9183] [CONTACT_7FB6] reussi. ID transaction: PP240710.2128.A50849, Montant Transaction: 1000 FCFA, Frais: 5 FCFA, Commission: 0 FCFA, Montant Net: 1005 FCFA, Nouveau Solde: 463970.86 FCFA."
USER_6,2024-07-11,13:07:51,OrangeMoney,transfert,OUT,88500.0,FCFA,372028.36,"Transfert de [USER_6_phone] [USER_6] vers [PHONE_6480] [CONTACT_EC5B] reussi. ID transaction: PP240711.1307.B89468, Montant Transaction: 88500 FCFA, Frais: 442.5 FCFA, Commission: 0 FCFA, Montant Net: 88942.5 FCFA, Nouveau Solde: 372028.36 FCFA."
USER_6,2024-07-11,13:09:59,OrangeMoney,transfert,OUT,88500.0,FCFA,283085.86,"Transfert de [USER_6_phone] [USER_6] vers [PHONE_4202] [CONTACT_149A] reussi. ID transaction: PP240711.1309.B91248, Montant Transaction: 88500 FCFA, Frais: 442.5 FCFA, Commission: 0 FCFA, Montant Net: 88942.5 FCFA, Nouveau Solde: 283085.86 FCFA."
USER_6,2024-07-11,13:12:08,OrangeMoney,transfert,OUT,66500.0,FCFA,216253.36,"Transfert de [USER_6_phone] [USER_6] vers [PHONE_5016] [CONTACT_9874] reussi. ID transaction: PP240711.1312.A77654, Montant Transaction: 66500 FCFA, Frais: 332.5 FCFA, Commission: 0 FCFA, Montant Net: 66832.5 FCFA, Nouveau Solde: 216253.36 FCFA."
USER_6,2024-07-11,13:17:26,OrangeMoney,transfert,OUT,88500.0,FCFA,127310.86,"Transfert de [USER_6_phone] [USER_6] vers [PHONE_5178] [CONTACT_F2BE] reussi. ID transaction: PP240711.1317.C04150, Montant Transaction: 88500 FCFA, Frais: 442.5 FCFA, Commission: 0 FCFA, Montant Net: 88942.5 FCFA, Nouveau Solde: 127310.86 FCFA."
USER_6,2024-07-11,15:37:40,OrangeMoney,transfert,OUT,88500.0,FCFA,38368.36,"Transfert de [USER_6_phone] [USER_6] vers [PHONE_5736] yomi reussi. ID transaction: PP240711.1537.C20165, Montant Transaction: 88500 FCFA, Frais: 442.5 FCFA, Commission: 0 FCFA, Montant Net: 88942.5 FCFA, Nouveau Solde: 38368.36 FCFA."
USER_6,2024-07-11,17:45:42,OrangeMoney,transfert,OUT,4045.0,FCFA,34303.14,"Transfert de [USER_6_phone] [USER_6] vers [PHONE_4401] [CONTACT_EF36] reussi. ID transaction: PP240711.1745.B23587, Montant Transaction: 4045 FCFA, Frais: 20.22 FCFA, Commission: 0 FCFA, Montant Net: 4065.22 FCFA, Nouveau Solde: 34303.14 FCFA."
USER_6,2024-07-13,15:22:08,OrangeMoney,transfert,OUT,3000.0,FCFA,15500.14,"Transfert de [USER_6_phone] [USER_6] vers [PHONE_0747] [CONTACT_6B53] reussi. ID transaction: PP240713.1522.B92885, Montant Transaction: 3000 FCFA, Frais: 15 FCFA, Commission: 0 FCFA, Montant Net: 3015 FCFA, Nouveau Solde: 15500.14 FCFA."
USER_6,2024-07-15,15:19:21,OrangeMoney,depot,IN,300000.0,FCFA,315500.14,"Depot effectue par [PHONE_1647] [CONTACT_246A] to [USER_6_phone] [USER_6]. Informations detaillees: Montant de transaction : 300000 FCFA, ID transaction : CI240715.1519.B03259, Frais : 0 FCFA, Commission : 0 FCFA, Montant Net du Credit : 300000 FCFA, Nouveau Solde : 315500.14 FCFA."
USER_6,2024-07-15,17:57:04,OrangeMoney,transfert,OUT,15225.0,FCFA,300199.02,"Transfert de [USER_6_phone] [USER_6] vers [PHONE_8187] [CONTACT_D076] KENMEGNE reussi. ID transaction: PP240715.1757.C63023, Montant Transaction: 15225 FCFA, Frais: 76.12 FCFA, Commission: 0 FCFA, Montant Net: 15301.12 FCFA, Nouveau Solde: 300199.02 FCFA."
USER_6,2024-07-16,08:42:56,OrangeMoney,transfert,OUT,250000.0,FCFA,49199.02,"Transfert de [USER_6_phone] [USER_6] vers [PHONE_0670] [CONTACT_57E3] I reussi. ID transaction: PP240716.0842.A09446, Montant Transaction: 250000 FCFA, Frais: 1000 FCFA, Commission: 0 FCFA, Montant Net: 251000 FCFA, Nouveau Solde: 49199.02 FCFA."
USER_6,2024-07-16,11:15:03,OrangeMoney,depot,IN,110000.0,FCFA,159199.02,"Depot effectue par [PHONE_1729] [CONTACT_E2A1] to [USER_6_phone] [USER_6]. Informations detaillees: Montant de transaction : 110000 FCFA, ID transaction : CI240716.1115.B80706, Frais : 0 FCFA, Commission : 0 FCFA, Montant Net du Credit : 110000 FCFA, Nouveau Solde : 159199.02 FCFA."
USER_6,2024-07-16,12:09:07,OrangeMoney,transfert,OUT,50000.0,FCFA,108949.02,"Transfert de [USER_6_phone] [USER_6] vers [PHONE_1408] [CONTACT_4E94] reussi. ID transaction: PP240716.1209.B73895, Montant Transaction: 50000 FCFA, Frais: 250 FCFA, Commission: 0 FCFA, Montant Net: 50250 FCFA, Nouveau Solde: 108949.02 FCFA."
USER_6,2024-07-16,12:10:27,OrangeMoney,transfert,OUT,30000.0,FCFA,78799.02,"Transfert de [USER_6_phone] [USER_6] vers [PHONE_6866] [CONTACT_916A] reussi. ID transaction: PP240716.1210.A61076, Montant Transaction: 30000 FCFA, Frais: 150 FCFA, Commission: 0 FCFA, Montant Net: 30150 FCFA, Nouveau Solde: 78799.02 FCFA."
USER_6,2024-07-16,12:12:06,OrangeMoney,transfert,OUT,30000.0,FCFA,48649.02,"Transfert de [USER_6_phone] [USER_6] vers [PHONE_8885] [CONTACT_FBC7] reussi. ID transaction: PP240716.1212.B76267, Montant Transaction: 30000 FCFA, Frais: 150 FCFA, Commission: 0 FCFA, Montant Net: 30150 FCFA, Nouveau Solde: 48649.02 FCFA."
USER_6,2024-07-16,14:35:43,OrangeMoney,depot,IN,45000.0,FCFA,93649.02,"Depot effectue par [PHONE_3009] [CONTACT_7B9E] to [USER_6_phone] [USER_6]. Informations detaillees: Montant de transaction : 45000 FCFA, ID transaction : CI240716.1435.C41561, Frais : 0 FCFA, Commission : 0 FCFA, Montant Net du Credit : 45000 FCFA, Nouveau Solde : 93649.02 FCFA."
USER_6,2024-07-16,14:44:49,OrangeMoney,transfert,OUT,45675.0,FCFA,47745.65,"Transfert de [USER_6_phone] [USER_6] vers [PHONE_0747] [CONTACT_6B53] reussi. ID transaction: PP240716.1444.A82092, Montant Transaction: 45675 FCFA, Frais: 228.37 FCFA, Commission: 0 FCFA, Montant Net: 45903.37 FCFA, Nouveau Solde: 47745.65 FCFA."
USER_6,2024-07-16,16:58:18,OrangeMoney,transfert,OUT,12180.0,FCFA,30504.75,"Transfert de [USER_6_phone] [USER_6] vers [PHONE_3523] [CONTACT_C662] reussi. ID transaction: PP240716.1658.A90804, Montant Transaction: 12180 FCFA, Frais: 60.9 FCFA, Commission: 0 FCFA, Montant Net: 12240.9 FCFA, Nouveau Solde: 30504.75 FCFA."
USER_6,2024-07-17,09:12:34,OrangeMoney,depot,IN,15000.0,FCFA,45504.75,"Depot effectue par [PHONE_1669] [CONTACT_A525] to [USER_6_phone] [USER_6]. Informations detaillees: Montant de transaction : 15000 FCFA, ID transaction : CI240717.0906.A77152, Frais : 0 FCFA, Commission : 0 FCFA, Montant Net du Credit : 15000 FCFA, Nouveau Solde : 45504.75 FCFA."
USER_6,2024-07-17,10:27:29,OrangeMoney,transfert,OUT,15225.0,FCFA,30203.63,"Transfert de [USER_6_phone] [USER_6] vers [PHONE_7623] [CONTACT_8760] reussi. ID transaction: PP240717.1027.B05223, Montant Transaction: 15225 FCFA, Frais: 76.12 FCFA, Commission: 0 FCFA, Montant Net: 15301.12 FCFA, Nouveau Solde: 30203.63 FCFA."
USER_6,2024-07-17,12:05:17,OrangeMoney,depot,IN,20000.0,FCFA,50203.63,"Depot effectue par [PHONE_1021] [CONTACT_76DD] to [USER_6_phone] [USER_6]. Informations detaillees: Montant de transaction : 20000 FCFA, ID transaction : CI240717.1205.C44695, Frais : 0 FCFA, Commission : 0 FCFA, Montant Net du Credit : 20000 FCFA, Nouveau Solde : 50203.63 FCFA."
USER_6,2024-07-17,12:06:23,OrangeMoney,transfert,OUT,31465.0,FCFA,18581.31,"Transfert de [USER_6_phone] [USER_6] vers [PHONE_0747] [CONTACT_6B53] reussi. ID transaction: PP240717.1206.B82987, Montant Transaction: 31465 FCFA, Frais: 157.32 FCFA, Commission: 0 FCFA, Montant Net: 31622.32 FCFA, Nouveau Solde: 18581.31 FCFA."
USER_6,2024-07-20,14:38:03,OrangeMoney,depot,IN,10000.0,FCFA,28581.31,"Depot effectue par [PHONE_1514] [CONTACT_BA5D] to [USER_6_phone] [USER_6]. Informations detaillees: Montant de transaction : 10000 FCFA, ID transaction : CI240720.1438.A98166, Frais : 0 FCFA, Commission : 0 FCFA, Montant Net du Credit : 10000 FCFA, Nouveau Solde : 28581.31 FCFA."
USER_6,2024-07-20,14:40:36,OrangeMoney,transfert,OUT,15225.0,FCFA,13280.19,"Transfert de [USER_6_phone] [USER_6] vers [PHONE_0747] [CONTACT_6B53] reussi. ID transaction: PP240720.1440.A69119, Montant Transaction: 15225 FCFA, Frais: 76.12 FCFA, Commission: 0 FCFA, Montant Net: 15301.12 FCFA, Nouveau Solde: 13280.19 FCFA."
USER_6,2024-07-21,07:54:53,OrangeMoney,transfert,OUT,5000.0,FCFA,8255.19,"Transfert de [USER_6_phone] [USER_6] vers [PHONE_3523] [CONTACT_C662] reussi. ID transaction: PP240721.0754.C21919, Montant Transaction: 5000 FCFA, Frais: 25 FCFA, Commission: 0 FCFA, Montant Net: 5025 FCFA, Nouveau Solde: 8255.19 FCFA."
USER_6,2024-07-22,10:52:13,OrangeMoney,depot,IN,40000.0,FCFA,48255.19,"Depot effectue par [PHONE_6611] [CONTACT_D2E1] to [USER_6_phone] [USER_6]. Informations detaillees: Montant de transaction : 40000 FCFA, ID transaction : CI240722.1052.B99063, Frais : 0 FCFA, Commission : 0 FCFA, Montant Net du Credit : 40000 FCFA, Nouveau Solde : 48255.19 FCFA."
USER_6,2024-07-23,08:22:05,OrangeMoney,transfert,OUT,15225.0,FCFA,32954.07,"Transfert de [USER_6_phone] [USER_6] vers [PHONE_0142] [CONTACT_8FA5] reussi. ID transaction: PP240723.0822.A35363, Montant Transaction: 15225 FCFA, Frais: 76.12 FCFA, Commission: 0 FCFA, Montant Net: 15301.12 FCFA, Nouveau Solde: 32954.07 FCFA."
USER_6,2024-07-23,08:23:10,OrangeMoney,transfert,OUT,10150.0,FCFA,22753.32,"Transfert de [USER_6_phone] [USER_6] vers [PHONE_3523] [CONTACT_C662] reussi. ID transaction: PP240723.0823.B32947, Montant Transaction: 10150 FCFA, Frais: 50.75 FCFA, Commission: 0 FCFA, Montant Net: 10200.75 FCFA, Nouveau Solde: 22753.32 FCFA."
USER_6,2024-07-25,07:46:41,OrangeMoney,transfert,OUT,9000.0,FCFA,10708.32,"Transfert de [USER_6_phone] [USER_6] vers [PHONE_4661] [CONTACT_4A19] reussi. ID transaction: PP240725.0746.C20737, Montant Transaction: 9000 FCFA, Frais: 45 FCFA, Commission: 0 FCFA, Montant Net: 9045 FCFA, Nouveau Solde: 10708.32 FCFA."
USER_6,2024-07-25,19:19:18,OrangeMoney,depot,IN,15000.0,FCFA,25708.32,"Depot effectue par [PHONE_1729] [CONTACT_E2A1] to [USER_6_phone] [USER_6]. Informations detaillees: Montant de transaction : 15000 FCFA, ID transaction : CI240725.1919.A75294, Frais : 0 FCFA, Commission : 0 FCFA, Montant Net du Credit : 15000 FCFA, Nouveau Solde : 25708.32 FCFA."
USER_6,2024-07-26,15:50:01,OrangeMoney,depot,IN,500000.0,FCFA,522708.32,"Depot effectue par [PHONE_5400] [CONTACT_E97B] to [USER_6_phone] [USER_6]. Informations detaillees: Montant de transaction : 500000 FCFA, ID transaction : CI240726.1549.C46326, Frais : 0 FCFA, Commission : 0 FCFA, Montant Net du Credit : 500000 FCFA, Nouveau Solde : 522708.32 FCFA."
USER_6,2024-07-26,15:50:20,OrangeMoney,depot,IN,36000.0,FCFA,558708.32,"Depot effectue par [PHONE_5400] [CONTACT_E97B] to [USER_6_phone] [USER_6]. Informations detaillees: Montant de transaction : 36000 FCFA, ID transaction : CI240726.1550.D36462, Frais : 0 FCFA, Commission : 0 FCFA, Montant Net du Credit : 36000 FCFA, Nouveau Solde : 558708.32 FCFA."
USER_6,2024-07-26,18:01:48,OrangeMoney,transfert,OUT,20300.0,FCFA,538306.82,"Transfert de [USER_6_phone] [USER_6] vers [PHONE_7554] [CONTACT_12F9] reussi. ID transaction: PP240726.1801.B90499, Montant Transaction: 20300 FCFA, Frais: 101.5 FCFA, Commission: 0 FCFA, Montant Net: 20401.5 FCFA, Nouveau Solde: 538306.82 FCFA."
USER_6,2024-07-28,12:18:48,OrangeMoney,transfert,OUT,15000.0,FCFA,523231.82,"Transfert de [USER_6_phone] [USER_6] vers [PHONE_0747] [CONTACT_6B53] reussi. ID transaction: PP240728.1218.C68832, Montant Transaction: 15000 FCFA, Frais: 75 FCFA, Commission: 0 FCFA, Montant Net: 15075 FCFA, Nouveau Solde: 523231.82 FCFA."
USER_6,2024-07-29,10:00:28,OrangeMoney,transfert,OUT,148000.0,FCFA,374491.82,"Transfert de [USER_6_phone] [USER_6] vers [PHONE_3057] [CONTACT_F255] reussi. ID transaction: PP240729.1000.C30090, Montant Transaction: 148000 FCFA, Frais: 740 FCFA, Commission: 0 FCFA, Montant Net: 148740 FCFA, Nouveau Solde: 374491.82 FCFA."
USER_6,2024-07-29,10:17:49,OrangeMoney,transfert,OUT,118500.0,FCFA,255399.32,"Transfert de [USER_6_phone] [USER_6] vers [PHONE_6599] [CONTACT_B95D] reussi. ID transaction: PP240729.1017.D11798, Montant Transaction: 118500 FCFA, Frais: 592.5 FCFA, Commission: 0 FCFA, Montant Net: 119092.5 FCFA, Nouveau Solde: 255399.32 FCFA."
USER_6,2024-07-29,10:38:04,OrangeMoney,transfert,OUT,5000.0,FCFA,260399.32,"Transfert de [PHONE_6599] [CONTACT_B95D] vers [USER_6_phone] [USER_6] reussi. Details: ID transaction: PP240729.1038.B26015, Montant Transaction: 5000FCFA, Frais: 0 FCFA, Commission: 0 FCFA, Montant Net: 5000 FCFA, Nouveau Solde: 260399.32 FCFA."
USER_6,2024-07-29,10:53:03,OrangeMoney,transfert,OUT,35525.0,FCFA,224696.7,"Transfert de [USER_6_phone] [USER_6] vers [PHONE_0747] [CONTACT_6B53] reussi. ID transaction: PP240729.1053.D33491, Montant Transaction: 35525 FCFA, Frais: 177.62 FCFA, Commission: 0 FCFA, Montant Net: 35702.62 FCFA, Nouveau Solde: 224696.7 FCFA."
USER_6,2024-07-29,14:40:15,OrangeMoney,transfert,OUT,15225.0,FCFA,209395.58,"Transfert de [USER_6_phone] [USER_6] vers [PHONE_0747] [CONTACT_6B53] reussi. ID transaction: PP240729.1440.D89408, Montant Transaction: 15225 FCFA, Frais: 76.12 FCFA, Commission: 0 FCFA, Montant Net: 15301.12 FCFA, Nouveau Solde: 209395.58 FCFA."
USER_6,2024-07-29,16:55:27,OrangeMoney,transfert,OUT,15000.0,FCFA,194320.58,"Transfert de [USER_6_phone] [USER_6] vers [PHONE_0669] [CONTACT_62E2] reussi. ID transaction: PP240729.1655.D82330, Montant Transaction: 15000 FCFA, Frais: 75 FCFA, Commission: 0 FCFA, Montant Net: 15075 FCFA, Nouveau Solde: 194320.58 FCFA."
USER_6,2024-07-31,07:48:26,OrangeMoney,transfert,OUT,33495.0,FCFA,153658.11,"Transfert de [USER_6_phone] [USER_6] vers [PHONE_3946] [CONTACT_D50A] reussi. ID transaction: PP240731.0748.D93969, Montant Transaction: 33495 FCFA, Frais: 167.47 FCFA, Commission: 0 FCFA, Montant Net: 33662.47 FCFA, Nouveau Solde: 153658.11 FCFA."
USER_6,2024-07-31,10:55:27,OrangeMoney,transfert,OUT,74000.0,FCFA,79288.11,"Transfert de [USER_6_phone] [USER_6] vers [PHONE_9432] [CONTACT_5024] reussi. ID transaction: PP240731.1055.B94706, Montant Transaction: 74000 FCFA, Frais: 370 FCFA, Commission: 0 FCFA, Montant Net: 74370 FCFA, Nouveau Solde: 79288.11 FCFA."
USER_6,2024-08-01,19:48:52,OrangeMoney,transfert,OUT,30450.0,FCFA,48685.86,"Transfert de [USER_6_phone] [USER_6] vers [PHONE_6576] [CONTACT_808D] reussi. ID transaction: PP240801.1948.B29242, Montant Transaction: 30450 FCFA, Frais: 152.25 FCFA, Commission: 0 FCFA, Montant Net: 30602.25 FCFA, Nouveau Solde: 48685.86 FCFA."
USER_6,2024-08-02,14:47:46,OrangeMoney,transfert,OUT,10150.0,FCFA,38485.11,"Transfert de [USER_6_phone] [USER_6] vers [PHONE_0142] [CONTACT_8FA5] reussi. ID transaction: PP240802.1447.C47656, Montant Transaction: 10150 FCFA, Frais: 50.75 FCFA, Commission: 0 FCFA, Montant Net: 10200.75 FCFA, Nouveau Solde: 38485.11 FCFA."
USER_6,2024-08-04,10:52:23,OrangeMoney,depot,IN,3000.0,FCFA,40885.11,"Depot effectue par [PHONE_3768] [CONTACT_7DAF] to [USER_6_phone] [USER_6]. Informations detaillees: Montant de transaction : 3000 FCFA, ID transaction : CI240804.1052.B63669, Frais : 0 FCFA, Commission : 0 FCFA, Montant Net du Credit : 3000 FCFA, Nouveau Solde : 40885.11 FCFA."
USER_6,2024-08-05,07:35:10,OrangeMoney,transfert,OUT,10150.0,FCFA,27684.36,"Transfert de [USER_6_phone] [USER_6] vers [PHONE_0142] [CONTACT_8FA5] reussi. ID transaction: PP240805.0735.C86739, Montant Transaction: 10150 FCFA, Frais: 50.75 FCFA, Commission: 0 FCFA, Montant Net: 10200.75 FCFA, Nouveau Solde: 27684.36 FCFA."
USER_6,2024-08-06,09:06:10,OrangeMoney,transfert,OUT,5075.0,FCFA,22583.99,"Transfert de [USER_6_phone] [USER_6] vers [PHONE_0142] [CONTACT_8FA5] reussi. ID transaction: PP240806.0906.C98436, Montant Transaction: 5075 FCFA, Frais: 25.37 FCFA, Commission: 0 FCFA, Montant Net: 5100.37 FCFA, Nouveau Solde: 22583.99 FCFA."
USER_6,2024-08-08,09:24:52,OrangeMoney,transfert,OUT,20000.0,FCFA,42583.99,"Transfert de [PHONE_8391] Tounoudjou vers [USER_6_phone] [USER_6] reussi. Details: ID transaction: PP240808.0924.A10954, Montant Transaction: 20000FCFA, Frais: 0 FCFA, Commission: 0 FCFA, Montant Net: 20000 FCFA, Nouveau Solde: 42583.99 FCFA."
USER_6,2024-08-12,08:38:20,OrangeMoney,transfert,OUT,10150.0,FCFA,29583.24,"Transfert de [USER_6_phone] [USER_6] vers [PHONE_1408] [CONTACT_4E94] reussi. ID transaction: PP240812.0838.A71834, Montant Transaction: 10150 FCFA, Frais: 50.75 FCFA, Commission: 0 FCFA, Montant Net: 10200.75 FCFA, Nouveau Solde: 29583.24 FCFA."
USER_6,2024-08-13,15:50:12,OrangeMoney,transfert,OUT,15225.0,FCFA,14282.12,"Transfert de [USER_6_phone] [USER_6] vers [PHONE_0747] [CONTACT_6B53] reussi. ID transaction: PP240813.1550.D82597, Montant Transaction: 15225 FCFA, Frais: 76.12 FCFA, Commission: 0 FCFA, Montant Net: 15301.12 FCFA, Nouveau Solde: 14282.12 FCFA."
USER_6,2024-08-15,09:20:01,OrangeMoney,depot,IN,40500.0,FCFA,54782.12,"Depot effectue par [PHONE_9402] [CONTACT_BC3C] to [USER_6_phone] [USER_6]. Informations detaillees: Montant de transaction : 40500 FCFA, ID transaction : CI240815.0920.C81799, Frais : 0 FCFA, Commission : 0 FCFA, Montant Net du Credit : 40500 FCFA, Nouveau Solde : 54782.12 FCFA."
USER_6,2024-08-15,09:24:34,OrangeMoney,transfert,OUT,32480.0,FCFA,22139.72,"Transfert de [USER_6_phone] [USER_6] vers [PHONE_3431] [CONTACT_3EEE] reussi. ID transaction: PP240815.0924.B81127, Montant Transaction: 32480 FCFA, Frais: 162.4 FCFA, Commission: 0 FCFA, Montant Net: 32642.4 FCFA, Nouveau Solde: 22139.72 FCFA."
USER_6,2024-08-20,11:13:52,OrangeMoney,rechargement,OUT,500.0,FCFA,21639.72,"Rechargement reussi. Montant de la transaction: 500 FCFA, ID transaction: RC240820.1113.A76693, Frais: 0 FCFA, Commission: 0 FCFA, Nouveau solde: 21639.72 FCFA"
USER_6,2024-08-20,11:51:10,OrangeMoney,depot,IN,30000.0,FCFA,51639.72,"Depot effectue par [PHONE_1760] [CONTACT_56D1] to [USER_6_phone] [USER_6]. Informations detaillees: Montant de transaction : 30000 FCFA, ID transaction : CI240820.1151.A37199, Frais : 0 FCFA, Commission : 0 FCFA, Montant Net du Credit : 30000 FCFA, Nouveau Solde : 51639.72 FCFA."
USER_6,2024-08-20,11:53:40,OrangeMoney,transfert,OUT,10000.0,FCFA,41589.72,"Transfert de [USER_6_phone] [USER_6] vers [PHONE_0142] [CONTACT_8FA5] reussi. ID transaction: PP240820.1153.B90155, Montant Transaction: 10000 FCFA, Frais: 50 FCFA, Commission: 0 FCFA, Montant Net: 10050 FCFA, Nouveau Solde: 41589.72 FCFA."
USER_6,2024-08-20,15:13:58,OrangeMoney,transfert,OUT,16240.0,FCFA,25268.52,"Transfert de [USER_6_phone] [USER_6] vers [PHONE_9047] [CONTACT_BC4E] reussi. ID transaction: PP240820.1513.D19576, Montant Transaction: 16240 FCFA, Frais: 81.2 FCFA, Commission: 0 FCFA, Montant Net: 16321.2 FCFA, Nouveau Solde: 25268.52 FCFA."
USER_6,2024-08-21,08:54:21,OrangeMoney,transfert,OUT,7105.0,FCFA,12128.0,"Transfert de [USER_6_phone] [USER_6] vers [PHONE_9047] [CONTACT_BC4E] reussi. ID transaction: PP240821.0854.C66506, Montant Transaction: 7105 FCFA, Frais: 35.52 FCFA, Commission: 0 FCFA, Montant Net: 7140.52 FCFA, Nouveau Solde: 12128 FCFA."
USER_6,2024-08-23,17:04:46,OrangeMoney,transfert,OUT,111000.0,FCFA,123128.0,"Transfert de [PHONE_7860] [CONTACT_C388] vers [USER_6_phone] [USER_6] reussi. Details: ID transaction: PP240823.1704.D98077, Montant Transaction: 111000FCFA, Frais: 0 FCFA, Commission: 0 FCFA, Montant Net: 111000 FCFA, Nouveau Solde: 123128 FCFA."
USER_6,2024-08-27,09:09:30,OrangeMoney,transfert,OUT,25375.0,FCFA,87626.13,"Transfert de [USER_6_phone] [USER_6] vers [PHONE_9183] [CONTACT_7FB6] reussi. ID transaction: PP240827.0909.C96869, Montant Transaction: 25375 FCFA, Frais: 126.87 FCFA, Commission: 0 FCFA, Montant Net: 25501.87 FCFA, Nouveau Solde: 87626.13 FCFA."
USER_6,2024-08-27,14:25:44,OrangeMoney,transfert,OUT,10150.0,FCFA,75075.38,"Transfert de [USER_6_phone] [USER_6] vers [PHONE_3523] [CONTACT_C662] reussi. ID transaction: PP240827.1425.C99138, Montant Transaction: 10150 FCFA, Frais: 50.75 FCFA, Commission: 0 FCFA, Montant Net: 10200.75 FCFA, Nouveau Solde: 75075.38 FCFA."
USER_6,2024-08-28,06:17:26,OrangeMoney,transfert,OUT,10000.0,FCFA,58025.38,"Transfert de [USER_6_phone] [USER_6] vers [PHONE_9990] [CONTACT_90D9] reussi. ID transaction: PP240828.0617.A03158, Montant Transaction: 10000 FCFA, Frais: 50 FCFA, Commission: 0 FCFA, Montant Net: 10050 FCFA, Nouveau Solde: 58025.38 FCFA."
USER_6,2024-08-28,18:16:59,OrangeMoney,transfert,OUT,12180.0,FCFA,45784.48,"Transfert de [USER_6_phone] [USER_6] vers [PHONE_0041] [CONTACT_66E9] reussi. ID transaction: PP240828.1816.C36406, Montant Transaction: 12180 FCFA, Frais: 60.9 FCFA, Commission: 0 FCFA, Montant Net: 12240.9 FCFA, Nouveau Solde: 45784.48 FCFA."
USER_6,2024-08-29,15:56:26,OrangeMoney,transfert,OUT,8000.0,FCFA,37744.48,"Transfert de [USER_6_phone] [USER_6] vers [PHONE_6480] [CONTACT_EC5B] reussi. ID transaction: PP240829.1556.B17858, Montant Transaction: 8000 FCFA, Frais: 40 FCFA, Commission: 0 FCFA, Montant Net: 8040 FCFA, Nouveau Solde: 37744.48 FCFA."
USER_6,2024-08-29,17:29:57,OrangeMoney,depot,IN,45000.0,FCFA,82744.48,"Depot effectue par [PHONE_1612] [CONTACT_21CE] to [USER_6_phone] [USER_6]. Informations detaillees: Montant de transaction : 45000 FCFA, ID transaction : CI240829.1729.B56353, Frais : 0 FCFA, Commission : 0 FCFA, Montant Net du Credit : 45000 FCFA, Nouveau Solde : 82744.48 FCFA."
USER_6,2024-08-30,15:44:51,OrangeMoney,transfert,OUT,1550.0,FCFA,81186.73,"Transfert de [USER_6_phone] [USER_6] vers [PHONE_7846] [CONTACT_750C] reussi. ID transaction: PP240830.1544.A10319, Montant Transaction: 1550 FCFA, Frais: 7.75 FCFA, Commission: 0 FCFA, Montant Net: 1557.75 FCFA, Nouveau Solde: 81186.73 FCFA."
USER_6,2024-08-30,15:45:40,OrangeMoney,transfert,OUT,5000.0,FCFA,76161.73,"Transfert de [USER_6_phone] [USER_6] vers [PHONE_3707] [CONTACT_3AB3] reussi. ID transaction: PP240830.1545.C09360, Montant Transaction: 5000 FCFA, Frais: 25 FCFA, Commission: 0 FCFA, Montant Net: 5025 FCFA, Nouveau Solde: 76161.73 FCFA."
USER_6,2024-08-31,14:57:29,OrangeMoney,transfert,OUT,10150.0,FCFA,62960.98,"Transfert de [USER_6_phone] [USER_6] vers [PHONE_0142] [CONTACT_8FA5] reussi. ID transaction: PP240831.1457.A86849, Montant Transaction: 10150 FCFA, Frais: 50.75 FCFA, Commission: 0 FCFA, Montant Net: 10200.75 FCFA, Nouveau Solde: 62960.98 FCFA."
USER_6,2024-09-02,17:02:26,OrangeMoney,transfert,OUT,20500.0,FCFA,83460.98,"Transfert de [PHONE_4834] [CONTACT_5F30] vers [USER_6_phone] [USER_6] reussi. Details: ID transaction: PP240902.1702.A31530, Montant Transaction: 20500FCFA, Frais: 0 FCFA, Commission: 0 FCFA, Montant Net: 20500 FCFA, Nouveau Solde: 83460.98 FCFA."
USER_6,2024-09-02,17:23:41,OrangeMoney,transfert,OUT,500000.0,FCFA,583460.98,"Transfert de [PHONE_7860] [CONTACT_C388] vers [USER_6_phone] [USER_6] reussi. Details: ID transaction: PP240902.1723.C45986, Montant Transaction: 500000FCFA, Frais: 0 FCFA, Commission: 0 FCFA, Montant Net: 500000 FCFA, Nouveau Solde: 583460.98 FCFA."
USER_6,2024-09-02,17:25:03,OrangeMoney,transfert,OUT,37500.0,FCFA,620960.98,"Transfert de [PHONE_7860] [CONTACT_C388] vers [USER_6_phone] [USER_6] reussi. Details: ID transaction: PP240902.1725.A47093, Montant Transaction: 37500FCFA, Frais: 0 FCFA, Commission: 0 FCFA, Montant Net: 37500 FCFA, Nouveau Solde: 620960.98 FCFA."
USER_6,2024-09-02,17:28:14,OrangeMoney,transfert,OUT,89000.0,FCFA,531515.98,"Transfert de [USER_6_phone] [USER_6] vers [PHONE_4202] [CONTACT_149A] reussi. ID transaction: PP240902.1728.A49180, Montant Transaction: 89000 FCFA, Frais: 445 FCFA, Commission: 0 FCFA, Montant Net: 89445 FCFA, Nouveau Solde: 531515.98 FCFA."
USER_6,2024-09-02,17:28:54,OrangeMoney,transfert,OUT,89000.0,FCFA,442070.98,"Transfert de [USER_6_phone] [USER_6] vers [PHONE_5178] [CONTACT_F2BE] reussi. ID transaction: PP240902.1728.D44777, Montant Transaction: 89000 FCFA, Frais: 445 FCFA, Commission: 0 FCFA, Montant Net: 89445 FCFA, Nouveau Solde: 442070.98 FCFA."
USER_6,2024-09-02,17:29:34,OrangeMoney,transfert,OUT,89000.0,FCFA,352625.98,"Transfert de [USER_6_phone] [USER_6] vers [PHONE_6480] [CONTACT_EC5B] reussi. ID transaction: PP240902.1729.C49857, Montant Transaction: 89000 FCFA, Frais: 445 FCFA, Commission: 0 FCFA, Montant Net: 89445 FCFA, Nouveau Solde: 352625.98 FCFA."
USER_6,2024-09-02,17:30:30,OrangeMoney,transfert,OUT,66750.0,FCFA,285542.23,"Transfert de [USER_6_phone] [USER_6] vers [PHONE_5016] [CONTACT_9874] reussi. ID transaction: PP240902.1730.D45868, Montant Transaction: 66750 FCFA, Frais: 333.75 FCFA, Commission: 0 FCFA, Montant Net: 67083.75 FCFA, Nouveau Solde: 285542.23 FCFA."
USER_6,2024-09-02,17:31:40,OrangeMoney,transfert,OUT,40000.0,FCFA,325542.23,"Transfert de [PHONE_5016] [CONTACT_9874] vers [USER_6_phone] [USER_6] reussi. Details: ID transaction: PP240902.1731.A51583, Montant Transaction: 40000FCFA, Frais: 0 FCFA, Commission: 0 FCFA, Montant Net: 40000 FCFA, Nouveau Solde: 325542.23 FCFA."
USER_6,2024-09-02,17:32:23,OrangeMoney,transfert,OUT,89000.0,FCFA,236097.23,"Transfert de [USER_6_phone] [USER_6] vers [PHONE_5736] yomi reussi. ID transaction: PP240902.1732.C51739, Montant Transaction: 89000 FCFA, Frais: 445 FCFA, Commission: 0 FCFA, Montant Net: 89445 FCFA, Nouveau Solde: 236097.23 FCFA."
USER_6,2024-09-04,12:08:20,OrangeMoney,transfert,OUT,10000.0,FCFA,209928.23,"Transfert de [USER_6_phone] [USER_6] vers [PHONE_0142] [CONTACT_8FA5] reussi. ID transaction: PP240904.1208.A42287, Montant Transaction: 10000 FCFA, Frais: 50 FCFA, Commission: 0 FCFA, Montant Net: 10050 FCFA, Nouveau Solde: 209928.23 FCFA."
USER_6,2024-09-05,11:51:13,OrangeMoney,depot,IN,300000.0,FCFA,509928.23,"Depot effectue par [PHONE_0240] [CONTACT_6CF2] to [USER_6_phone] [USER_6]. Informations detaillees: Montant de transaction : 300000 FCFA, ID transaction : CI240905.1151.B99050, Frais : 0 FCFA, Commission : 0 FCFA, Montant Net du Credit : 300000 FCFA, Nouveau Solde : 509928.23 FCFA."
USER_6,2024-09-05,12:33:19,OrangeMoney,transfert,OUT,298150.0,FCFA,210778.23,"Transfert de [USER_6_phone] [USER_6] vers [PHONE_8549] [CONTACT_C89C] reussi. ID transaction: PP240905.1233.D20801, Montant Transaction: 298150 FCFA, Frais: 1000 FCFA, Commission: 0 FCFA, Montant Net: 299150 FCFA, Nouveau Solde: 210778.23 FCFA."
USER_6,2024-09-05,12:54:00,OrangeMoney,transfert,OUT,30450.0,FCFA,180175.98,"Transfert de [USER_6_phone] [USER_6] vers [PHONE_6576] [CONTACT_808D] reussi. ID transaction: PP240905.1253.C36436, Montant Transaction: 30450 FCFA, Frais: 152.25 FCFA, Commission: 0 FCFA, Montant Net: 30602.25 FCFA, Nouveau Solde: 180175.98 FCFA."
USER_6,2024-09-06,06:10:18,OrangeMoney,transfert,OUT,100000.0,FCFA,280175.98,"Transfert de [PHONE_4834] [CONTACT_5F30] vers [USER_6_phone] [USER_6] reussi. Details: ID transaction: PP240906.0610.A16859, Montant Transaction: 100000FCFA, Frais: 0 FCFA, Commission: 0 FCFA, Montant Net: 100000 FCFA, Nouveau Solde: 280175.98 FCFA."
USER_6,2024-09-07,13:33:49,OrangeMoney,transfert,OUT,70000.0,FCFA,209825.98,"Transfert de [USER_6_phone] [USER_6] vers [PHONE_3523] [CONTACT_C662] reussi. ID transaction: PP240907.1333.B65176, Montant Transaction: 70000 FCFA, Frais: 350 FCFA, Commission: 0 FCFA, Montant Net: 70350 FCFA, Nouveau Solde: 209825.98 FCFA."
USER_6,2024-09-09,11:41:04,OrangeMoney,transfert,OUT,3000.0,FCFA,179335.98,"Transfert de [USER_6_phone] [USER_6] vers [PHONE_3917] [CONTACT_CE7D] reussi. ID transaction: PP240909.1141.C43660, Montant Transaction: 3000 FCFA, Frais: 15 FCFA, Commission: 0 FCFA, Montant Net: 3015 FCFA, Nouveau Solde: 179335.98 FCFA."
USER_6,2024-09-11,12:39:02,OrangeMoney,transfert,OUT,10000.0,FCFA,166285.98,"Transfert de [USER_6_phone] [USER_6] vers [PHONE_0142] [CONTACT_8FA5] reussi. ID transaction: PP240911.1239.B05588, Montant Transaction: 10000 FCFA, Frais: 50 FCFA, Commission: 0 FCFA, Montant Net: 10050 FCFA, Nouveau Solde: 166285.98 FCFA."
USER_6,2024-09-11,15:24:20,OrangeMoney,transfert,OUT,13000.0,FCFA,153220.98,"Transfert de [USER_6_phone] [USER_6] vers [PHONE_0747] [CONTACT_6B53] reussi. ID transaction: PP240911.1524.D09937, Montant Transaction: 13000 FCFA, Frais: 65 FCFA, Commission: 0 FCFA, Montant Net: 13065 FCFA, Nouveau Solde: 153220.98 FCFA."
USER_6,2024-09-11,15:38:59,OrangeMoney,retrait,OUT,10000.0,FCFA,143070.98,"Retrait d'argent reussi par le [PHONE_1943] avec le Code : 114443. Informations detaillees : Montant: 10000 FCFA, Frais: 150 FCFA, No de transaction CO240911.1538.C88317, montant net debite 10150 FCFA, Nouveau solde: 143070.98 FCFA."
USER_6,2024-09-13,07:16:15,OrangeMoney,transfert,OUT,20000.0,FCFA,120820.98,"Transfert de [USER_6_phone] [USER_6] vers [PHONE_3523] [CONTACT_C662] reussi. ID transaction: PP240913.0716.B60210, Montant Transaction: 20000 FCFA, Frais: 100 FCFA, Commission: 0 FCFA, Montant Net: 20100 FCFA, Nouveau Solde: 120820.98 FCFA."
USER_6,2024-09-14,08:52:02,OrangeMoney,transfert,OUT,25375.0,FCFA,91015.11,"Transfert de [USER_6_phone] [USER_6] vers [PHONE_9183] [CONTACT_7FB6] reussi. ID transaction: PP240914.0852.B95950, Montant Transaction: 25375 FCFA, Frais: 126.87 FCFA, Commission: 0 FCFA, Montant Net: 25501.87 FCFA, Nouveau Solde: 91015.11 FCFA."
USER_6,2024-09-17,14:51:37,OrangeMoney,depot,IN,417000.0,FCFA,503815.11,"Depot effectue par [PHONE_4139] [CONTACT_BA1D] to [USER_6_phone] [USER_6]. Informations detaillees: Montant de transaction : 417000 FCFA, ID transaction : CI240917.1451.B14066, Frais : 0 FCFA, Commission : 0 FCFA, Montant Net du Credit : 417000 FCFA, Nouveau Solde : 503815.11 FCFA."
USER_6,2024-09-17,15:46:07,OrangeMoney,transfert,OUT,148000.0,FCFA,355075.11,"Transfert de [USER_6_phone] [USER_6] vers [PHONE_3057] [CONTACT_E547] reussi. ID transaction: PP240917.1546.D66221, Montant Transaction: 148000 FCFA, Frais: 740 FCFA, Commission: 0 FCFA, Montant Net: 148740 FCFA, Nouveau Solde: 355075.11 FCFA."
USER_6,2024-09-17,15:47:38,OrangeMoney,transfert,OUT,118000.0,FCFA,236485.11,"Transfert de [USER_6_phone] [USER_6] vers [PHONE_6599] [CONTACT_B95D] reussi. ID transaction: PP240917.1547.D67035, Montant Transaction: 118000 FCFA, Frais: 590 FCFA, Commission: 0 FCFA, Montant Net: 118590 FCFA, Nouveau Solde: 236485.11 FCFA."
USER_6,2024-09-17,15:48:39,OrangeMoney,transfert,OUT,75000.0,FCFA,161110.11,"Transfert de [USER_6_phone] [USER_6] vers [PHONE_9432] [CONTACT_5024] reussi. ID transaction: PP240917.1548.A79196, Montant Transaction: 75000 FCFA, Frais: 375 FCFA, Commission: 0 FCFA, Montant Net: 75375 FCFA, Nouveau Solde: 161110.11 FCFA."
USER_6,2024-09-17,18:20:57,OrangeMoney,transfert,OUT,11655.0,FCFA,149396.84,"Transfert de [USER_6_phone] [USER_6] vers [PHONE_4401] [CONTACT_EF36] reussi. ID transaction: PP240917.1820.A81497, Montant Transaction: 11655 FCFA, Frais: 58.27 FCFA, Commission: 0 FCFA, Montant Net: 11713.27 FCFA, Nouveau Solde: 149396.84 FCFA."
USER_6,2024-09-18,11:18:44,OrangeMoney,transfert,OUT,50000.0,FCFA,99146.84,"Transfert de [USER_6_phone] [USER_6] vers [PHONE_8885] [CONTACT_FBC7] reussi. ID transaction: PP240918.1118.C64063, Montant Transaction: 50000 FCFA, Frais: 250 FCFA, Commission: 0 FCFA, Montant Net: 50250 FCFA, Nouveau Solde: 99146.84 FCFA."
USER_6,2024-09-18,11:19:19,OrangeMoney,transfert,OUT,10150.0,FCFA,88946.09,"Transfert de [USER_6_phone] [USER_6] vers [PHONE_0142] [CONTACT_8FA5] reussi. ID transaction: PP240918.1119.B60810, Montant Transaction: 10150 FCFA, Frais: 50.75 FCFA, Commission: 0 FCFA, Montant Net: 10200.75 FCFA, Nouveau Solde: 88946.09 FCFA."
USER_6,2024-09-18,18:26:06,OrangeMoney,transfert,OUT,2000.0,FCFA,86936.09,"Transfert de [USER_6_phone] [USER_6] vers [PHONE_2784] [CONTACT_6235] reussi. ID transaction: PP240918.1826.B36122, Montant Transaction: 2000 FCFA, Frais: 10 FCFA, Commission: 0 FCFA, Montant Net: 2010 FCFA, Nouveau Solde: 86936.09 FCFA."
USER_6,2024-09-19,15:19:26,OrangeMoney,transfert,OUT,100000.0,FCFA,186936.09,"Transfert de [PHONE_7820] [CONTACT_EC9C] vers [USER_6_phone] [USER_6] reussi. Details: ID transaction: PP240919.1519.D69953, Montant Transaction: 100000FCFA, Frais: 0 FCFA, Commission: 0 FCFA, Montant Net: 100000 FCFA, Nouveau Solde: 186936.09 FCFA."
USER_6,2024-09-20,11:17:35,OrangeMoney,transfert,OUT,10150.0,FCFA,176735.34,"Transfert de [USER_6_phone] [USER_6] vers [PHONE_0142] [CONTACT_8FA5] reussi. ID transaction: PP240920.1117.D89574, Montant Transaction: 10150 FCFA, Frais: 50.75 FCFA, Commission: 0 FCFA, Montant Net: 10200.75 FCFA, Nouveau Solde: 176735.34 FCFA."
USER_6,2024-09-25,17:56:16,OrangeMoney,transfert,OUT,5000.0,FCFA,164710.34,"Transfert de [USER_6_phone] [USER_6] vers [PHONE_8704] [CONTACT_80F3] reussi. ID transaction: PP240925.1756.A17031, Montant Transaction: 5000 FCFA, Frais: 25 FCFA, Commission: 0 FCFA, Montant Net: 5025 FCFA, Nouveau Solde: 164710.34 FCFA."
USER_6,2024-09-25,17:57:49,OrangeMoney,transfert,OUT,50000.0,FCFA,114460.34,"Transfert de [USER_6_phone] [USER_6] vers [PHONE_6141] [CONTACT_9F1D] reussi. ID transaction: PP240925.1757.D03898, Montant Transaction: 50000 FCFA, Frais: 250 FCFA, Commission: 0 FCFA, Montant Net: 50250 FCFA, Nouveau Solde: 114460.34 FCFA."
USER_6,2024-09-26,09:08:37,OrangeMoney,transfert,OUT,10000.0,FCFA,104410.34,"Transfert de [USER_6_phone] [USER_6] vers [PHONE_0142] [CONTACT_8FA5] reussi. ID transaction: PP240926.0908.C60519, Montant Transaction: 10000 FCFA, Frais: 50 FCFA, Commission: 0 FCFA, Montant Net: 10050 FCFA, Nouveau Solde: 104410.34 FCFA."
USER_6,2024-10-01,18:03:37,OrangeMoney,transfert,OUT,6090.0,FCFA,94239.89,"Transfert de [USER_6_phone] [USER_6] vers [PHONE_1539] [CONTACT_280C] reussi. ID transaction: PP241001.1803.B42683, Montant Transaction: 6090 FCFA, Frais: 30.45 FCFA, Commission: 0 FCFA, Montant Net: 6120.45 FCFA, Nouveau Solde: 94239.89 FCFA."
USER_6,2024-10-01,20:06:37,OrangeMoney,transfert,OUT,5075.0,FCFA,89139.52,"Transfert de [USER_6_phone] [USER_6] vers [PHONE_3707] [CONTACT_3AB3] reussi. ID transaction: PP241001.2006.A43662, Montant Transaction: 5075 FCFA, Frais: 25.37 FCFA, Commission: 0 FCFA, Montant Net: 5100.37 FCFA, Nouveau Solde: 89139.52 FCFA."
USER_6,2024-10-05,13:30:42,OrangeMoney,depot,IN,25400.0,FCFA,108539.52,"Depot effectue par [PHONE_4301] [CONTACT_BF64] to [USER_6_phone] [USER_6]. Informations detaillees: Montant de transaction : 25400 FCFA, ID transaction : CI241005.1330.A73185, Frais : 0 FCFA, Commission : 0 FCFA, Montant Net du Credit : 25400 FCFA, Nouveau Solde : 108539.52 FCFA."
USER_6,2024-10-06,13:11:43,OrangeMoney,transfert,OUT,10150.0,FCFA,98338.77,"Transfert de [USER_6_phone] [USER_6] vers [PHONE_9183] [CONTACT_7FB6] reussi. ID transaction: PP241006.1311.D91550, Montant Transaction: 10150 FCFA, Frais: 50.75 FCFA, Commission: 0 FCFA, Montant Net: 10200.75 FCFA, Nouveau Solde: 98338.77 FCFA."
USER_6,2024-10-06,13:59:08,OrangeMoney,transfert,OUT,10000.0,FCFA,88288.77,"Transfert de [USER_6_phone] [USER_6] vers [PHONE_2019] Batamag reussi. ID transaction: PP241006.1358.D23788, Montant Transaction: 10000 FCFA, Frais: 50 FCFA, Commission: 0 FCFA, Montant Net: 10050 FCFA, Nouveau Solde: 88288.77 FCFA."
USER_6,2024-10-06,19:26:31,OrangeMoney,transfert,OUT,2500.0,FCFA,85776.27,"Transfert de [USER_6_phone] [USER_6] vers [PHONE_7810] [CONTACT_E63B] [USER_6] reussi. ID transaction: PP241006.1926.D54065, Montant Transaction: 2500 FCFA, Frais: 12.5 FCFA, Commission: 0 FCFA, Montant Net: 2512.5 FCFA, Nouveau Solde: 85776.27 FCFA."
USER_6,2024-10-07,15:02:41,OrangeMoney,transfert,OUT,10000.0,FCFA,75726.27,"Transfert de [USER_6_phone] [USER_6] vers [PHONE_3057] [CONTACT_E547] reussi. ID transaction: PP241007.1502.A62733, Montant Transaction: 10000 FCFA, Frais: 50 FCFA, Commission: 0 FCFA, Montant Net: 10050 FCFA, Nouveau Solde: 75726.27 FCFA."
USER_6,2024-10-07,16:32:40,OrangeMoney,transfert,OUT,4050.0,FCFA,71656.02,"Transfert de [USER_6_phone] [USER_6] vers [PHONE_0427] [CONTACT_BA96] reussi. ID transaction: PP241007.1632.B14139, Montant Transaction: 4050 FCFA, Frais: 20.25 FCFA, Commission: 0 FCFA, Montant Net: 4070.25 FCFA, Nouveau Solde: 71656.02 FCFA."
USER_6,2024-10-10,08:37:27,OrangeMoney,transfert,OUT,102000.0,FCFA,173656.02,"Transfert de [PHONE_9111] wayang vers [USER_6_phone] [USER_6] reussi. Details: ID transaction: PP241010.0837.B63529, Montant Transaction: 102000FCFA, Frais: 0 FCFA, Commission: 0 FCFA, Montant Net: 102000 FCFA, Nouveau Solde: 173656.02 FCFA."
USER_6,2024-10-10,20:03:23,OrangeMoney,transfert,OUT,20000.0,FCFA,150768.02,"Transfert de [USER_6_phone] [USER_6] vers [PHONE_0142] [CONTACT_8FA5] reussi. ID transaction: PP241010.2003.A32084, Montant Transaction: 20000 FCFA, Frais: 100 FCFA, Commission: 0 FCFA, Montant Net: 20100 FCFA, Nouveau Solde: 150768.02 FCFA."
USER_6,2024-10-11,07:33:58,OrangeMoney,transfert,OUT,10000.0,FCFA,140718.02,"Transfert de [USER_6_phone] [USER_6] vers [PHONE_0747] [CONTACT_6B53] reussi. ID transaction: PP241011.0733.A58354, Montant Transaction: 10000 FCFA, Frais: 50 FCFA, Commission: 0 FCFA, Montant Net: 10050 FCFA, Nouveau Solde: 140718.02 FCFA."
USER_6,2024-10-11,10:07:00,OrangeMoney,depot,IN,120000.0,FCFA,257718.02,"Depot effectue par [PHONE_1729] [CONTACT_E2A1] to [USER_6_phone] [USER_6]. Informations detaillees: Montant de transaction : 120000 FCFA, ID transaction : CI241011.1007.A78675, Frais : 0 FCFA, Commission : 0 FCFA, Montant Net du Credit : 120000 FCFA, Nouveau Solde : 257718.02 FCFA."
USER_6,2024-10-11,12:49:12,OrangeMoney,transfert,OUT,500000.0,FCFA,757718.02,"Transfert de [PHONE_7860] [CONTACT_C388] vers [USER_6_phone] [USER_6] reussi. Details: ID transaction: PP241011.1249.B39516, Montant Transaction: 500000FCFA, Frais: 0 FCFA, Commission: 0 FCFA, Montant Net: 500000 FCFA, Nouveau Solde: 757718.02 FCFA."
USER_6,2024-10-11,12:50:49,OrangeMoney,transfert,OUT,39500.0,FCFA,797218.02,"Transfert de [PHONE_7860] [CONTACT_C388] vers [USER_6_phone] [USER_6] reussi. Details: ID transaction: PP241011.1250.C37338, Montant Transaction: 39500FCFA, Frais: 0 FCFA, Commission: 0 FCFA, Montant Net: 39500 FCFA, Nouveau Solde: 797218.02 FCFA."
USER_6,2024-10-11,13:04:21,OrangeMoney,transfert,OUT,123830.0,FCFA,672768.87,"Transfert de [USER_6_phone] [USER_6] vers [PHONE_7140] [CONTACT_B91B] reussi. ID transaction: PP241011.1304.B48910, Montant Transaction: 123830 FCFA, Frais: 619.15 FCFA, Commission: 0 FCFA, Montant Net: 124449.15 FCFA, Nouveau Solde: 672768.87 FCFA."
USER_6,2024-10-11,17:09:17,OrangeMoney,transfert,OUT,66750.0,FCFA,605685.12,"Transfert de [USER_6_phone] [USER_6] vers [PHONE_5016] [CONTACT_9874] reussi. ID transaction: PP241011.1709.D19150, Montant Transaction: 66750 FCFA, Frais: 333.75 FCFA, Commission: 0 FCFA, Montant Net: 67083.75 FCFA, Nouveau Solde: 605685.12 FCFA."
USER_6,2024-10-11,17:10:50,OrangeMoney,transfert,OUT,89000.0,FCFA,516240.12,"Transfert de [USER_6_phone] [USER_6] vers [PHONE_4202] [CONTACT_149A] reussi. ID transaction: PP241011.1710.A37465, Montant Transaction: 89000 FCFA, Frais: 445 FCFA, Commission: 0 FCFA, Montant Net: 89445 FCFA, Nouveau Solde: 516240.12 FCFA."
USER_6,2024-10-11,17:12:03,OrangeMoney,transfert,OUT,89000.0,FCFA,426795.12,"Transfert de [USER_6_phone] [USER_6] vers [PHONE_5178] [CONTACT_F2BE] reussi. ID transaction: PP241011.1712.A38317, Montant Transaction: 89000 FCFA, Frais: 445 FCFA, Commission: 0 FCFA, Montant Net: 89445 FCFA, Nouveau Solde: 426795.12 FCFA."
USER_6,2024-10-11,17:12:46,OrangeMoney,transfert,OUT,89000.0,FCFA,337350.12,"Transfert de [USER_6_phone] [USER_6] vers [PHONE_6480] [CONTACT_EC5B] reussi. ID transaction: PP241011.1712.D21722, Montant Transaction: 89000 FCFA, Frais: 445 FCFA, Commission: 0 FCFA, Montant Net: 89445 FCFA, Nouveau Solde: 337350.12 FCFA."
USER_6,2024-10-11,17:14:01,OrangeMoney,transfert,OUT,89000.0,FCFA,247905.12,"Transfert de [USER_6_phone] [USER_6] vers [PHONE_5736] yomi reussi. ID transaction: PP241011.1713.C23674, Montant Transaction: 89000 FCFA, Frais: 445 FCFA, Commission: 0 FCFA, Montant Net: 89445 FCFA, Nouveau Solde: 247905.12 FCFA."
USER_6,2024-10-11,17:53:09,OrangeMoney,transfert,OUT,25000.0,FCFA,272905.12,"Transfert de [PHONE_5016] [CONTACT_9874] vers [USER_6_phone] [USER_6] reussi. Details: ID transaction: PP241011.1753.B53182, Montant Transaction: 25000FCFA, Frais: 0 FCFA, Commission: 0 FCFA, Montant Net: 25000 FCFA, Nouveau Solde: 272905.12 FCFA."
USER_6,2024-10-11,19:01:12,OrangeMoney,transfert,OUT,50000.0,FCFA,322905.12,"Transfert de [PHONE_6162] [CONTACT_0704] vers [USER_6_phone] [USER_6] reussi. Details: ID transaction: PP241011.1901.A11260, Montant Transaction: 50000FCFA, Frais: 0 FCFA, Commission: 0 FCFA, Montant Net: 50000 FCFA, Nouveau Solde: 322905.12 FCFA."
USER_6,2024-10-11,19:54:29,OrangeMoney,transfert,OUT,15000.0,FCFA,307830.12,"Transfert de [USER_6_phone] [USER_6] vers [PHONE_9990] [CONTACT_90D9] reussi. ID transaction: PP241011.1954.D31719, Montant Transaction: 15000 FCFA, Frais: 75 FCFA, Commission: 0 FCFA, Montant Net: 15075 FCFA, Nouveau Solde: 307830.12 FCFA."
USER_6,2024-10-12,05:02:41,OrangeMoney,transfert,OUT,25375.0,FCFA,282328.25,"Transfert de [USER_6_phone] [USER_6] vers [PHONE_9183] [CONTACT_7FB6] reussi. ID transaction: PP241012.0502.D28798, Montant Transaction: 25375 FCFA, Frais: 126.87 FCFA, Commission: 0 FCFA, Montant Net: 25501.87 FCFA, Nouveau Solde: 282328.25 FCFA."
USER_6,2024-10-12,11:28:31,OrangeMoney,transfert,OUT,200000.0,FCFA,482328.25,"Transfert de [PHONE_6162] [CONTACT_0704] vers [USER_6_phone] [USER_6] reussi. Details: ID transaction: PP241012.1128.C93825, Montant Transaction: 200000FCFA, Frais: 0 FCFA, Commission: 0 FCFA, Montant Net: 200000 FCFA, Nouveau Solde: 482328.25 FCFA."
USER_6,2024-10-12,12:00:09,OrangeMoney,transfert,OUT,25000.0,FCFA,457203.25,"Transfert de [USER_6_phone] [USER_6] vers [PHONE_5053] [CONTACT_58BC] reussi. ID transaction: PP241012.1200.C14613, Montant Transaction: 25000 FCFA, Frais: 125 FCFA, Commission: 0 FCFA, Montant Net: 25125 FCFA, Nouveau Solde: 457203.25 FCFA."
USER_6,2024-10-12,12:01:29,OrangeMoney,transfert,OUT,10000.0,FCFA,447153.25,"Transfert de [USER_6_phone] [USER_6] vers [PHONE_9990] [CONTACT_90D9] reussi. ID transaction: PP241012.1201.A30194, Montant Transaction: 10000 FCFA, Frais: 50 FCFA, Commission: 0 FCFA, Montant Net: 10050 FCFA, Nouveau Solde: 447153.25 FCFA."
USER_6,2024-10-13,19:30:57,OrangeMoney,transfert,OUT,5000.0,FCFA,439926.25,"Transfert de [USER_6_phone] [USER_6] vers [PHONE_3057] [CONTACT_E547] reussi. ID transaction: PP241013.1930.D07429, Montant Transaction: 5000 FCFA, Frais: 25 FCFA, Commission: 0 FCFA, Montant Net: 5025 FCFA, Nouveau Solde: 439926.25 FCFA."
USER_6,2024-10-14,17:14:58,OrangeMoney,transfert,OUT,131950.0,FCFA,307316.5,"Transfert de [USER_6_phone] [USER_6] vers [PHONE_5854] [CONTACT_72A2] reussi. ID transaction: PP241014.1714.B02212, Montant Transaction: 131950 FCFA, Frais: 659.75 FCFA, Commission: 0 FCFA, Montant Net: 132609.75 FCFA, Nouveau Solde: 307316.5 FCFA."
USER_6,2024-10-14,18:52:04,OrangeMoney,transfert,OUT,15000.0,FCFA,292241.5,"Transfert de [USER_6_phone] [USER_6] vers [PHONE_0142] [CONTACT_8FA5] reussi. ID transaction: PP241014.1852.B71911, Montant Transaction: 15000 FCFA, Frais: 75 FCFA, Commission: 0 FCFA, Montant Net: 15075 FCFA, Nouveau Solde: 292241.5 FCFA."
USER_6,2024-10-16,09:35:29,OrangeMoney,transfert,OUT,11700.0,FCFA,277483.0,"Transfert de [USER_6_phone] [USER_6] vers [PHONE_4723] [CONTACT_6AF8] reussi. ID transaction: PP241016.0935.A05856, Montant Transaction: 11700 FCFA, Frais: 58.5 FCFA, Commission: 0 FCFA, Montant Net: 11758.5 FCFA, Nouveau Solde: 277483 FCFA."
USER_6,2024-10-17,19:12:15,OrangeMoney,transfert,OUT,10000.0,FCFA,267433.0,"Transfert de [USER_6_phone] [USER_6] vers [PHONE_4428] [CONTACT_180E] reussi. ID transaction: PP241017.1912.D47901, Montant Transaction: 10000 FCFA, Frais: 50 FCFA, Commission: 0 FCFA, Montant Net: 10050 FCFA, Nouveau Solde: 267433 FCFA."
USER_6,2024-10-17,20:56:41,OrangeMoney,transfert,OUT,51000.0,FCFA,308433.0,"Transfert de [PHONE_7606] [CONTACT_F2F8] vers [USER_6_phone] [USER_6] reussi. Details: ID transaction: PP241017.2056.C12919, Montant Transaction: 51000FCFA, Frais: 0 FCFA, Commission: 0 FCFA, Montant Net: 51000 FCFA, Nouveau Solde: 308433 FCFA."
USER_6,2024-10-18,16:14:10,OrangeMoney,depot,IN,50000.0,FCFA,358433.0,"Depot effectue par [PHONE_1729] [CONTACT_E2A1] to [USER_6_phone] [USER_6]. Informations detaillees: Montant de transaction : 50000 FCFA, ID transaction : CI241018.1614.D06387, Frais : 0 FCFA, Commission : 0 FCFA, Montant Net du Credit : 50000 FCFA, Nouveau Solde : 358433 FCFA."
USER_6,2024-10-19,06:24:48,OrangeMoney,transfert,OUT,250000.0,FCFA,107433.0,"Transfert de [USER_6_phone] [USER_6] vers [PHONE_6764] [CONTACT_7A40] MENYIE reussi. ID transaction: PP241019.0624.B00107, Montant Transaction: 250000 FCFA, Frais: 1000 FCFA, Commission: 0 FCFA, Montant Net: 251000 FCFA, Nouveau Solde: 107433 FCFA."
USER_6,2024-10-19,06:25:31,OrangeMoney,transfert,OUT,30450.0,FCFA,76830.75,"Transfert de [USER_6_phone] [USER_6] vers [PHONE_9183] [CONTACT_7FB6] reussi. ID transaction: PP241019.0625.D92200, Montant Transaction: 30450 FCFA, Frais: 152.25 FCFA, Commission: 0 FCFA, Montant Net: 30602.25 FCFA, Nouveau Solde: 76830.75 FCFA."
USER_6,2024-10-19,13:45:17,OrangeMoney,transfert,OUT,10000.0,FCFA,66780.75,"Transfert de [USER_6_phone] [USER_6] vers [PHONE_6668] [CONTACT_761C] reussi. ID transaction: PP241019.1345.B50257, Montant Transaction: 10000 FCFA, Frais: 50 FCFA, Commission: 0 FCFA, Montant Net: 10050 FCFA, Nouveau Solde: 66780.75 FCFA."
USER_6,2024-10-20,12:11:52,OrangeMoney,transfert,OUT,15000.0,FCFA,51705.75,"Transfert de [USER_6_phone] [USER_6] vers [PHONE_0142] [CONTACT_8FA5] reussi. ID transaction: PP241020.1211.B62983, Montant Transaction: 15000 FCFA, Frais: 75 FCFA, Commission: 0 FCFA, Montant Net: 15075 FCFA, Nouveau Solde: 51705.75 FCFA."
USER_6,2024-10-20,14:45:50,OrangeMoney,depot,IN,10000.0,FCFA,61705.75,"Depot effectue par [PHONE_9323] [CONTACT_72A6] to [USER_6_phone] [USER_6]. Informations detaillees: Montant de transaction : 10000 FCFA, ID transaction : CI241020.1445.D80238, Frais : 0 FCFA, Commission : 0 FCFA, Montant Net du Credit : 10000 FCFA, Nouveau Solde : 61705.75 FCFA."
USER_6,2024-10-20,14:47:10,OrangeMoney,transfert,OUT,15000.0,FCFA,46630.75,"Transfert de [USER_6_phone] [USER_6] vers [PHONE_1408] [CONTACT_4E94] reussi. ID transaction: PP241020.1447.D54949, Montant Transaction: 15000 FCFA, Frais: 75 FCFA, Commission: 0 FCFA, Montant Net: 15075 FCFA, Nouveau Solde: 46630.75 FCFA."
USER_6,2024-10-20,19:21:57,OrangeMoney,transfert,OUT,15000.0,FCFA,31555.75,"Transfert de [USER_6_phone] [USER_6] vers [PHONE_3523] [CONTACT_C662] reussi. ID transaction: PP241020.1921.C46079, Montant Transaction: 15000 FCFA, Frais: 75 FCFA, Commission: 0 FCFA, Montant Net: 15075 FCFA, Nouveau Solde: 31555.75 FCFA."
USER_6,2024-10-22,14:16:47,OrangeMoney,transfert,OUT,3050.0,FCFA,25490.5,"Transfert de [USER_6_phone] [USER_6] vers [PHONE_0142] [CONTACT_8FA5] reussi. ID transaction: PP241022.1416.K46222, Montant Transaction: 3050 FCFA, Frais: 15.25 FCFA, Commission: 0 FCFA, Montant Net: 3065.25 FCFA, Nouveau Solde: 25490.5 FCFA."
USER_6,2024-10-24,14:22:13,OrangeMoney,transfert,OUT,50000.0,FCFA,70490.5,"Transfert de [PHONE_7860] [CONTACT_C388] vers [USER_6_phone] [USER_6] reussi. Details: ID transaction: PP241024.1422.A29392, Montant Transaction: 50000FCFA, Frais: 0 FCFA, Commission: 0 FCFA, Montant Net: 50000 FCFA, Nouveau Solde: 70490.5 FCFA."
USER_6,2024-10-25,11:13:07,OrangeMoney,transfert,OUT,40000.0,FCFA,107490.5,"Transfert de [PHONE_5245] [CONTACT_D640] vers [USER_6_phone] [USER_6] reussi. Details: ID transaction: PP241025.1113.A19019, Montant Transaction: 40000FCFA, Frais: 0 FCFA, Commission: 0 FCFA, Montant Net: 40000 FCFA, Nouveau Solde: 107490.5 FCFA."
USER_6,2024-10-25,14:38:04,OrangeMoney,transfert,OUT,65500.0,FCFA,172990.5,"Transfert de [PHONE_5222] [CONTACT_49D1] vers [USER_6_phone] [USER_6] reussi. Details: ID transaction: PP241025.1438.B47896, Montant Transaction: 65500FCFA, Frais: 0 FCFA, Commission: 0 FCFA, Montant Net: 65500 FCFA, Nouveau Solde: 172990.5 FCFA."
USER_6,2024-10-26,08:00:08,OrangeMoney,retrait,OUT,2000.0,FCFA,170940.5,"Retrait d'argent reussi par le [PHONE_4045] avec le Code : 255917. Informations detaillees : Montant: 2000 FCFA, Frais: 50 FCFA, No de transaction CO241026.0800.A16887, montant net debite 2050 FCFA, Nouveau solde: 170940.5 FCFA."
USER_6,2024-10-26,18:33:21,OrangeMoney,transfert,OUT,35500.0,FCFA,115263.0,"Transfert de [USER_6_phone] [USER_6] vers [PHONE_7256] [CONTACT_62CF] reussi. ID transaction: PP241026.1833.D81241, Montant Transaction: 35500 FCFA, Frais: 177.5 FCFA, Commission: 0 FCFA, Montant Net: 35677.5 FCFA, Nouveau Solde: 115263 FCFA."
USER_6,2024-10-27,15:11:46,OrangeMoney,transfert,OUT,10150.0,FCFA,105062.25,"Transfert de [USER_6_phone] [USER_6] vers [PHONE_0142] [CONTACT_8FA5] reussi. ID transaction: PP241027.1511.C66648, Montant Transaction: 10150 FCFA, Frais: 50.75 FCFA, Commission: 0 FCFA, Montant Net: 10200.75 FCFA, Nouveau Solde: 105062.25 FCFA."
USER_6,2024-10-29,07:28:12,OrangeMoney,transfert,OUT,25000.0,FCFA,79937.25,"Transfert de [USER_6_phone] [USER_6] vers [PHONE_9666] [CONTACT_28B4] reussi. ID transaction: PP241029.0728.D07931, Montant Transaction: 25000 FCFA, Frais: 125 FCFA, Commission: 0 FCFA, Montant Net: 25125 FCFA, Nouveau Solde: 79937.25 FCFA."
USER_6,2024-10-29,14:34:06,OrangeMoney,transfert,OUT,12180.0,FCFA,67696.35,"Transfert de [USER_6_phone] [USER_6] vers [PHONE_9432] [CONTACT_5024] reussi. ID transaction: PP241029.1434.C56535, Montant Transaction: 12180 FCFA, Frais: 60.9 FCFA, Commission: 0 FCFA, Montant Net: 12240.9 FCFA, Nouveau Solde: 67696.35 FCFA."
USER_6,2024-11-02,10:04:03,OrangeMoney,transfert,OUT,10150.0,FCFA,57495.6,"Transfert de [USER_6_phone] [USER_6] vers [PHONE_7191] [CONTACT_DF20] reussi. ID transaction: PP241102.1004.A57224, Montant Transaction: 10150 FCFA, Frais: 50.75 FCFA, Commission: 0 FCFA, Montant Net: 10200.75 FCFA, Nouveau Solde: 57495.6 FCFA."
USER_6,2024-11-02,14:43:09,OrangeMoney,depot,IN,340000.0,FCFA,397495.6,"Depot effectue par [PHONE_9503] [CONTACT_2AE4] to [USER_6_phone] [USER_6]. Informations detaillees: Montant de transaction : 340000 FCFA, ID transaction : CI241102.1443.B69879, Frais : 0 FCFA, Commission : 0 FCFA, Montant Net du Credit : 340000 FCFA, Nouveau Solde : 397495.6 FCFA."
USER_6,2024-11-02,15:36:29,OrangeMoney,transfert,OUT,150000.0,FCFA,246745.6,"Transfert de [USER_6_phone] [USER_6] vers [PHONE_8885] [CONTACT_FBC7] reussi. ID transaction: PP241102.1536.C60729, Montant Transaction: 150000 FCFA, Frais: 750 FCFA, Commission: 0 FCFA, Montant Net: 150750 FCFA, Nouveau Solde: 246745.6 FCFA."
USER_6,2024-11-02,15:39:13,OrangeMoney,transfert,OUT,50000.0,FCFA,196495.6,"Transfert de [USER_6_phone] [USER_6] vers [PHONE_1408] [CONTACT_4E94] reussi. ID transaction: PP241102.1539.D61955, Montant Transaction: 50000 FCFA, Frais: 250 FCFA, Commission: 0 FCFA, Montant Net: 50250 FCFA, Nouveau Solde: 196495.6 FCFA."
USER_6,2024-11-02,15:39:56,OrangeMoney,transfert,OUT,50000.0,FCFA,146245.6,"Transfert de [USER_6_phone] [USER_6] vers [PHONE_3707] [CONTACT_3AB3] reussi. ID transaction: PP241102.1539.C62937, Montant Transaction: 50000 FCFA, Frais: 250 FCFA, Commission: 0 FCFA, Montant Net: 50250 FCFA, Nouveau Solde: 146245.6 FCFA."
USER_6,2024-11-02,15:42:34,OrangeMoney,transfert,OUT,30000.0,FCFA,116095.6,"Transfert de [USER_6_phone] [USER_6] vers [PHONE_6866] [CONTACT_916A] reussi. ID transaction: PP241102.1542.A83139, Montant Transaction: 30000 FCFA, Frais: 150 FCFA, Commission: 0 FCFA, Montant Net: 30150 FCFA, Nouveau Solde: 116095.6 FCFA."
USER_6,2024-11-02,15:59:10,OrangeMoney,transfert,OUT,40000.0,FCFA,75895.6,"Transfert de [USER_6_phone] [USER_6] vers [PHONE_3707] [CONTACT_3AB3] reussi. ID transaction: PP241102.1559.A94452, Montant Transaction: 40000 FCFA, Frais: 200 FCFA, Commission: 0 FCFA, Montant Net: 40200 FCFA, Nouveau Solde: 75895.6 FCFA."
USER_6,2024-11-04,06:31:26,OrangeMoney,transfert,OUT,50000.0,FCFA,23150.6,"Transfert de [USER_6_phone] [USER_6] vers [PHONE_8854] [CONTACT_DBAD] reussi. ID transaction: PP241104.0631.B07369, Montant Transaction: 50000 FCFA, Frais: 250 FCFA, Commission: 0 FCFA, Montant Net: 50250 FCFA, Nouveau Solde: 23150.6 FCFA."
USER_6,2024-11-05,09:15:09,OrangeMoney,depot,IN,110000.0,FCFA,115550.6,"Depot effectue par [PHONE_0384] Eric kenmogne kouam to [USER_6_phone] [USER_6]. Informations detaillees: Montant de transaction : 110000 FCFA, ID transaction : CI241105.0903.A25948, Frais : 0 FCFA, Commission : 0 FCFA, Montant Net du Credit : 110000 FCFA, Nouveau Solde : 115550.6 FCFA."
USER_6,2024-11-05,10:12:31,OrangeMoney,transfert,OUT,25882.5,FCFA,89538.69,"Transfert de [USER_6_phone] [USER_6] vers [PHONE_1603] [CONTACT_D581] reussi. ID transaction: PP241105.1012.C75143, Montant Transaction: 25882.5 FCFA, Frais: 129.41 FCFA, Commission: 0 FCFA, Montant Net: 26011.91 FCFA, Nouveau Solde: 89538.69 FCFA."
USER_6,2024-11-05,17:30:19,OrangeMoney,transfert,OUT,4060.0,FCFA,85458.39,"Transfert de [USER_6_phone] [USER_6] vers [PHONE_1539] [CONTACT_280C] reussi. ID transaction: PP241105.1730.B44201, Montant Transaction: 4060 FCFA, Frais: 20.3 FCFA, Commission: 0 FCFA, Montant Net: 4080.3 FCFA, Nouveau Solde: 85458.39 FCFA."
USER_6,2024-11-08,06:53:25,OrangeMoney,transfert,OUT,40000.0,FCFA,40258.39,"Transfert de [USER_6_phone] [USER_6] vers [PHONE_1408] [CONTACT_4E94] reussi. ID transaction: PP241108.0653.C04400, Montant Transaction: 40000 FCFA, Frais: 200 FCFA, Commission: 0 FCFA, Montant Net: 40200 FCFA, Nouveau Solde: 40258.39 FCFA."
USER_6,2024-11-08,09:28:07,OrangeMoney,transfert,OUT,3552.5,FCFA,36688.13,"Transfert de [USER_6_phone] [USER_6] vers [PHONE_9009] [CONTACT_712C] reussi. ID transaction: PP241108.0928.B73581, Montant Transaction: 3552.5 FCFA, Frais: 17.76 FCFA, Commission: 0 FCFA, Montant Net: 3570.26 FCFA, Nouveau Solde: 36688.13 FCFA."
USER_6,2024-11-10,15:10:18,OrangeMoney,transfert,OUT,15000.0,FCFA,14879.13,"Transfert de [USER_6_phone] [USER_6] vers [PHONE_1408] [CONTACT_4E94] reussi. ID transaction: PP241110.1510.B86363, Montant Transaction: 15000 FCFA, Frais: 75 FCFA, Commission: 0 FCFA, Montant Net: 15075 FCFA, Nouveau Solde: 14879.13 FCFA."
USER_6,2024-11-12,18:36:31,OrangeMoney,depot,IN,5000.0,FCFA,19879.13,"Depot effectue par [PHONE_6785] [CONTACT_F576] to [USER_6_phone] [USER_6]. Informations detaillees: Montant de transaction : 5000 FCFA, ID transaction : CI241112.1836.B67778, Frais : 0 FCFA, Commission : 0 FCFA, Montant Net du Credit : 5000 FCFA, Nouveau Solde : 19879.13 FCFA."
USER_6,2024-11-13,17:02:19,OrangeMoney,depot,IN,19900.0,FCFA,39779.13,"Depot effectue par [PHONE_1729] [CONTACT_E2A1] to [USER_6_phone] [USER_6]. Informations detaillees: Montant de transaction : 19900 FCFA, ID transaction : CI241113.1702.C58486, Frais : 0 FCFA, Commission : 0 FCFA, Montant Net du Credit : 19900 FCFA, Nouveau Solde : 39779.13 FCFA."
USER_6,2024-11-13,21:45:03,OrangeMoney,transfert,OUT,17000.0,FCFA,22694.13,"Transfert de [USER_6_phone] [USER_6] vers [PHONE_8854] [CONTACT_DBAD] reussi. ID transaction: PP241113.2145.C28515, Montant Transaction: 17000 FCFA, Frais: 85 FCFA, Commission: 0 FCFA, Montant Net: 17085 FCFA, Nouveau Solde: 22694.13 FCFA."
USER_6,2024-11-14,19:15:09,OrangeMoney,transfert,OUT,2050.0,FCFA,17633.88,"Transfert de [USER_6_phone] [USER_6] vers [PHONE_1152] [CONTACT_3DCC] reussi. ID transaction: PP241114.1915.C11963, Montant Transaction: 2050 FCFA, Frais: 10.25 FCFA, Commission: 0 FCFA, Montant Net: 2060.25 FCFA, Nouveau Solde: 17633.88 FCFA."
USER_6,2024-11-16,10:15:47,OrangeMoney,depot,IN,20000.0,FCFA,27633.88,"Depot effectue par [PHONE_5664] [CONTACT_7B9E] to [USER_6_phone] [USER_6]. Informations detaillees: Montant de transaction : 20000 FCFA, ID transaction : CI241116.1015.A03233, Frais : 0 FCFA, Commission : 0 FCFA, Montant Net du Credit : 20000 FCFA, Nouveau Solde : 27633.88 FCFA."
USER_6,2024-11-16,10:34:55,OrangeMoney,transfert,OUT,10150.0,FCFA,17433.13,"Transfert de [USER_6_phone] [USER_6] vers [PHONE_3237] [CONTACT_9357] reussi. ID transaction: PP241116.1034.D40783, Montant Transaction: 10150 FCFA, Frais: 50.75 FCFA, Commission: 0 FCFA, Montant Net: 10200.75 FCFA, Nouveau Solde: 17433.13 FCFA."
USER_6,2024-11-18,20:38:32,OrangeMoney,transfert,OUT,10150.0,FCFA,4232.38,"Transfert de [USER_6_phone] [USER_6] vers [PHONE_3804] Djouaze epouse wetbe mba reussi. ID transaction: PP241118.2038.D08498, Montant Transaction: 10150 FCFA, Frais: 50.75 FCFA, Commission: 0 FCFA, Montant Net: 10200.75 FCFA, Nouveau Solde: 4232.38 FCFA."
USER_6,2024-11-25,08:22:42,OrangeMoney,transfert,OUT,40000.0,FCFA,44232.38,"Transfert de [PHONE_9111] wayang vers [USER_6_phone] [USER_6] reussi. Details: ID transaction: PP241125.0822.A44891, Montant Transaction: 40000FCFA, Frais: 0 FCFA, Commission: 0 FCFA, Montant Net: 40000 FCFA, Nouveau Solde: 44232.38 FCFA."
USER_6,2024-11-25,08:45:33,OrangeMoney,transfert,OUT,10150.0,FCFA,34031.63,"Transfert de [USER_6_phone] [USER_6] vers [PHONE_1408] [CONTACT_4E94] reussi. ID transaction: PP241125.0845.A56778, Montant Transaction: 10150 FCFA, Frais: 50.75 FCFA, Commission: 0 FCFA, Montant Net: 10200.75 FCFA, Nouveau Solde: 34031.63 FCFA."
USER_6,2024-11-25,08:46:47,OrangeMoney,transfert,OUT,25000.0,FCFA,8906.63,"Transfert de [USER_6_phone] [USER_6] vers [PHONE_9183] [CONTACT_7FB6] reussi. ID transaction: PP241125.0846.B34539, Montant Transaction: 25000 FCFA, Frais: 125 FCFA, Commission: 0 FCFA, Montant Net: 25125 FCFA, Nouveau Solde: 8906.63 FCFA."
USER_6,2024-11-25,20:20:13,OrangeMoney,depot,IN,50000.0,FCFA,58906.63,"Depot effectue par [PHONE_6070] [CONTACT_CCEF] to [USER_6_phone] [USER_6]. Informations detaillees: Montant de transaction : 50000 FCFA, ID transaction : CI241125.2020.D40494, Frais : 0 FCFA, Commission : 0 FCFA, Montant Net du Credit : 50000 FCFA, Nouveau Solde : 58906.63 FCFA."
USER_6,2024-11-25,20:40:54,OrangeMoney,transfert,OUT,37555.0,FCFA,21163.86,"Transfert de [USER_6_phone] [USER_6] vers [PHONE_0747] [CONTACT_6B53] reussi. ID transaction: PP241125.2040.A30512, Montant Transaction: 37555 FCFA, Frais: 187.77 FCFA, Commission: 0 FCFA, Montant Net: 37742.77 FCFA, Nouveau Solde: 21163.86 FCFA."
USER_6,2024-11-26,16:37:17,OrangeMoney,transfert,OUT,15225.0,FCFA,5862.74,"Transfert de [USER_6_phone] [USER_6] vers [PHONE_0747] [CONTACT_6B53] reussi. ID transaction: PP241126.1637.D36337, Montant Transaction: 15225 FCFA, Frais: 76.12 FCFA, Commission: 0 FCFA, Montant Net: 15301.12 FCFA, Nouveau Solde: 5862.74 FCFA."
USER_6,2024-12-04,10:15:46,OrangeMoney,depot,IN,35000.0,FCFA,37862.74,"Depot effectue par [PHONE_5664] [CONTACT_7B9E] to [USER_6_phone] [USER_6]. Informations detaillees: Montant de transaction : 35000 FCFA, ID transaction : CI241204.1015.A75572, Frais : 0 FCFA, Commission : 0 FCFA, Montant Net du Credit : 35000 FCFA, Nouveau Solde : 37862.74 FCFA."
USER_6,2024-12-06,16:44:07,OrangeMoney,depot,IN,10000.0,FCFA,15808.74,"Depot effectue par [PHONE_5664] [CONTACT_7B9E] to [USER_6_phone] [USER_6]. Informations detaillees: Montant de transaction : 10000 FCFA, ID transaction : CI241206.1340.A46876, Frais : 0 FCFA, Commission : 0 FCFA, Montant Net du Credit : 10000 FCFA, Nouveau Solde : 15808.74 FCFA."
USER_6,2024-12-06,16:52:21,OrangeMoney,transfert,OUT,10150.0,FCFA,5607.99,"Transfert de [USER_6_phone] [USER_6] vers [PHONE_0142] [CONTACT_8FA5] reussi. ID transaction: PP241206.1652.B23992, Montant Transaction: 10150 FCFA, Frais: 50.75 FCFA, Commission: 0 FCFA, Montant Net: 10200.75 FCFA, Nouveau Solde: 5607.99 FCFA."
USER_6,2024-12-07,06:43:53,OrangeMoney,transfert,OUT,10000.0,FCFA,15607.99,"Transfert de [PHONE_0142] [CONTACT_8FA5] vers [USER_6_phone] [USER_6] reussi. Details: ID transaction: PP241207.0643.C71286, Montant Transaction: 10000FCFA, Frais: 0 FCFA, Commission: 0 FCFA, Montant Net: 10000 FCFA, Nouveau Solde: 15607.99 FCFA."
USER_6,2024-12-07,12:20:02,OrangeMoney,transfert,OUT,10000.0,FCFA,5557.99,"Transfert de [USER_6_phone] [USER_6] vers [PHONE_1408] [CONTACT_4E94] reussi. ID transaction: PP241207.1220.B56504, Montant Transaction: 10000 FCFA, Frais: 50 FCFA, Commission: 0 FCFA, Montant Net: 10050 FCFA, Nouveau Solde: 5557.99 FCFA."
USER_6,2024-12-07,21:00:29,OrangeMoney,transfert,OUT,111650.0,FCFA,117207.99,"Transfert de [PHONE_7894] [CONTACT_CC0B] vers [USER_6_phone] [USER_6] reussi. Details: ID transaction: PP241207.2100.B87435, Montant Transaction: 111650FCFA, Frais: 0 FCFA, Commission: 0 FCFA, Montant Net: 111650 FCFA, Nouveau Solde: 117207.99 FCFA."
USER_6,2024-12-08,14:18:08,OrangeMoney,retrait,OUT,110000.0,FCFA,5557.99,"Retrait d'argent reussi par le [PHONE_1317] avec le Code : 808667. Informations detaillees : Montant: 110000 FCFA, Frais: 1650 FCFA, No de transaction CO241208.1417.B34904, montant net debite 111650 FCFA, Nouveau solde: 5557.99 FCFA."
USER_6,2024-12-11,11:25:29,OrangeMoney,depot,IN,30000.0,FCFA,35557.99,"Depot effectue par [PHONE_5664] [CONTACT_7B9E] to [USER_6_phone] [USER_6]. Informations detaillees: Montant de transaction : 30000 FCFA, ID transaction : CI241211.1125.C61589, Frais : 0 FCFA, Commission : 0 FCFA, Montant Net du Credit : 30000 FCFA, Nouveau Solde : 35557.99 FCFA."
USER_6,2024-12-11,11:28:07,OrangeMoney,transfert,OUT,30000.0,FCFA,5407.99,"Transfert de [USER_6_phone] [USER_6] vers [PHONE_3523] [CONTACT_C662] reussi. ID transaction: PP241211.1128.B53149, Montant Transaction: 30000 FCFA, Frais: 150 FCFA, Commission: 0 FCFA, Montant Net: 30150 FCFA, Nouveau Solde: 5407.99 FCFA."
USER_6,2024-12-12,15:12:35,OrangeMoney,transfert,OUT,5400.0,FCFA,7807.99,"Transfert de [PHONE_8978] [CONTACT_AE04] vers [USER_6_phone] [USER_6] reussi. Details: ID transaction: PP241212.1512.D74355, Montant Transaction: 5400FCFA, Frais: 0 FCFA, Commission: 0 FCFA, Montant Net: 5400 FCFA, Nouveau Solde: 7807.99 FCFA."
USER_6,2024-12-16,12:00:46,OrangeMoney,depot,IN,50000.0,FCFA,54807.99,"Depot effectue par [PHONE_5664] [CONTACT_7B9E] to [USER_6_phone] [USER_6]. Informations detaillees: Montant de transaction : 50000 FCFA, ID transaction : CI241216.1200.B05568, Frais : 0 FCFA, Commission : 0 FCFA, Montant Net du Credit : 50000 FCFA, Nouveau Solde : 54807.99 FCFA."
USER_6,2024-12-16,15:49:43,OrangeMoney,transfert,OUT,40000.0,FCFA,14607.99,"Transfert de [USER_6_phone] [USER_6] vers [PHONE_0261] [CONTACT_6794] reussi. ID transaction: PP241216.1549.A60659, Montant Transaction: 40000 FCFA, Frais: 200 FCFA, Commission: 0 FCFA, Montant Net: 40200 FCFA, Nouveau Solde: 14607.99 FCFA."
USER_6,2024-12-16,18:22:29,OrangeMoney,retrait,OUT,1550.0,FCFA,13007.99,"Retrait d'argent reussi par le [PHONE_9669] avec le Code : 148159. Informations detaillees : Montant: 1550 FCFA, Frais: 50 FCFA, No de transaction CO241216.1822.C17179, montant net debite 1600 FCFA, Nouveau solde: 13007.99 FCFA."
USER_6,2024-12-18,13:14:18,OrangeMoney,depot,IN,17000.0,FCFA,30007.99,"Depot effectue par [PHONE_0442] [CONTACT_60D7] to [USER_6_phone] [USER_6]. Informations detaillees: Montant de transaction : 17000 FCFA, ID transaction : CI241218.1314.A21936, Frais : 0 FCFA, Commission : 0 FCFA, Montant Net du Credit : 17000 FCFA, Nouveau Solde : 30007.99 FCFA."
USER_6,2024-12-18,13:18:29,OrangeMoney,transfert,OUT,20000.0,FCFA,9907.99,"Transfert de [USER_6_phone] [USER_6] vers [PHONE_3431] [CONTACT_3EEE] reussi. ID transaction: PP241218.1318.D93329, Montant Transaction: 20000 FCFA, Frais: 100 FCFA, Commission: 0 FCFA, Montant Net: 20100 FCFA, Nouveau Solde: 9907.99 FCFA."
USER_6,2024-12-18,13:42:18,OrangeMoney,transfert,OUT,1550.0,FCFA,8307.99,"Transfert de [USER_6_phone] [USER_6] vers [PHONE_3431] [CONTACT_3EEE] reussi. ID transaction: PP241218.1342.A19149, Montant Transaction: 1550 FCFA, Frais: 50 FCFA, Commission: 0 FCFA, Montant Net: 1600 FCFA, Nouveau Solde: 8307.99 FCFA."
USER_6,2024-12-20,12:28:22,OrangeMoney,depot,IN,50000.0,FCFA,58307.99,"Depot effectue par [PHONE_5717] [CONTACT_F1C7] to [USER_6_phone] [USER_6]. Informations detaillees: Montant de transaction : 50000 FCFA, ID transaction : CI241220.1228.C18957, Frais : 0 FCFA, Commission : 0 FCFA, Montant Net du Credit : 50000 FCFA, Nouveau Solde : 58307.99 FCFA."
USER_6,2024-12-20,12:31:21,OrangeMoney,transfert,OUT,40600.0,FCFA,17504.99,"Transfert de [USER_6_phone] [USER_6] vers [PHONE_9183] [CONTACT_7FB6] reussi. ID transaction: PP241220.1231.A11408, Montant Transaction: 40600 FCFA, Frais: 203 FCFA, Commission: 0 FCFA, Montant Net: 40803 FCFA, Nouveau Solde: 17504.99 FCFA."
USER_6,2024-12-20,12:31:57,OrangeMoney,transfert,OUT,10000.0,FCFA,7454.99,"Transfert de [USER_6_phone] [USER_6] vers [PHONE_1408] [CONTACT_4E94] reussi. ID transaction: PP241220.1231.D73484, Montant Transaction: 10000 FCFA, Frais: 50 FCFA, Commission: 0 FCFA, Montant Net: 10050 FCFA, Nouveau Solde: 7454.99 FCFA."
USER_6,2024-12-21,09:47:27,OrangeMoney,transfert,OUT,16000.0,FCFA,23454.99,"Transfert de [PHONE_9183] [CONTACT_7FB6] vers [USER_6_phone] [USER_6] reussi. Details: ID transaction: PP241221.0947.B27737, Montant Transaction: 16000FCFA, Frais: 0 FCFA, Commission: 0 FCFA, Montant Net: 16000 FCFA, Nouveau Solde: 23454.99 FCFA."
USER_6,2024-12-21,11:10:12,OrangeMoney,transfert,OUT,50000.0,FCFA,73454.99,"Transfert de [PHONE_7553] [CONTACT_8D0A] vers [USER_6_phone] [USER_6] reussi. Details: ID transaction: PP241221.1110.A20218, Montant Transaction: 50000FCFA, Frais: 0 FCFA, Commission: 0 FCFA, Montant Net: 50000 FCFA, Nouveau Solde: 73454.99 FCFA."
USER_6,2024-12-21,12:50:16,OrangeMoney,retrait,OUT,15000.0,FCFA,58229.99,"Retrait d'argent reussi par le [PHONE_7263] avec le Code : 453314. Informations detaillees : Montant: 15000 FCFA, Frais: 225 FCFA, No de transaction CO241221.1250.B43898, montant net debite 15225 FCFA, Nouveau solde: 58229.99 FCFA."
USER_6,2024-12-21,13:34:24,OrangeMoney,depot,IN,81215.0,FCFA,139444.99,"Depot effectue par [PHONE_0784] [CONTACT_F630] to [USER_6_phone] [USER_6]. Informations detaillees: Montant de transaction : 81215 FCFA, ID transaction : CI241221.1334.B10892, Frais : 0 FCFA, Commission : 0 FCFA, Montant Net du Credit : 81215 FCFA, Nouveau Solde : 139444.99 FCFA."
USER_6,2024-12-21,17:25:40,OrangeMoney,retrait,OUT,2550.0,FCFA,136844.99,"Retrait d'argent reussi par le [PHONE_9669] avec le Code : 148159. Informations detaillees : Montant: 2550 FCFA, Frais: 50 FCFA, No de transaction CO241221.1725.A68007, montant net debite 2600 FCFA, Nouveau solde: 136844.99 FCFA."
USER_6,2024-12-22,12:06:34,OrangeMoney,transfert,OUT,16000.0,FCFA,105907.99,"Transfert de [USER_6_phone] [USER_6] vers [PHONE_9183] [CONTACT_7FB6] reussi. ID transaction: PP241222.1206.C61367, Montant Transaction: 16000 FCFA, Frais: 80 FCFA, Commission: 0 FCFA, Montant Net: 16080 FCFA, Nouveau Solde: 105907.99 FCFA."
USER_6,2024-12-23,16:21:14,OrangeMoney,transfert,OUT,20000.0,FCFA,85807.99,"Transfert de [USER_6_phone] [USER_6] vers [PHONE_4533] [CONTACT_E14D] reussi. ID transaction: PP241223.1621.D76391, Montant Transaction: 20000 FCFA, Frais: 100 FCFA, Commission: 0 FCFA, Montant Net: 20100 FCFA, Nouveau Solde: 85807.99 FCFA."
USER_6,2024-12-23,17:44:14,OrangeMoney,depot,IN,20000.0,FCFA,105807.99,"Depot effectue par [PHONE_0372] [CONTACT_1AC3] to [USER_6_phone] [USER_6]. Informations detaillees: Montant de transaction : 20000 FCFA, ID transaction : CI241223.1744.B80649, Frais : 0 FCFA, Commission : 0 FCFA, Montant Net du Credit : 20000 FCFA, Nouveau Solde : 105807.99 FCFA."
USER_6,2024-12-24,07:17:31,OrangeMoney,transfert,OUT,10000.0,FCFA,95757.99,"Transfert de [USER_6_phone] [USER_6] vers [PHONE_1408] [CONTACT_4E94] reussi. ID transaction: PP241224.0717.D90559, Montant Transaction: 10000 FCFA, Frais: 50 FCFA, Commission: 0 FCFA, Montant Net: 10050 FCFA, Nouveau Solde: 95757.99 FCFA."
USER_6,2024-12-24,10:20:21,OrangeMoney,rechargement,OUT,250.0,FCFA,95507.99,"Rechargement reussi. Montant de la transaction: 250 FCFA, ID transaction: RC241224.1020.D06664, Frais: 0 FCFA, Commission: 0 FCFA, Nouveau solde: 95507.99 FCFA"
USER_6,2024-12-24,12:03:50,OrangeMoney,retrait,OUT,30000.0,FCFA,65057.99,"Retrait d'argent reussi par le [PHONE_3910] avec le Code : 506452. Informations detaillees : Montant: 30000 FCFA, Frais: 450 FCFA, No de transaction CO241224.1203.C20322, montant net debite 30450 FCFA, Nouveau solde: 65057.99 FCFA."
USER_6,2024-12-24,12:51:38,OrangeMoney,transfert,OUT,20300.0,FCFA,44656.49,"Transfert de [USER_6_phone] [USER_6] vers [PHONE_5948] [CONTACT_AF94] reussi. ID transaction: PP241224.1251.B64045, Montant Transaction: 20300 FCFA, Frais: 101.5 FCFA, Commission: 0 FCFA, Montant Net: 20401.5 FCFA, Nouveau Solde: 44656.49 FCFA."
USER_6,2024-12-24,16:41:02,OrangeMoney,transfert,OUT,10150.0,FCFA,34455.74,"Transfert de [USER_6_phone] [USER_6] vers [PHONE_9009] [CONTACT_712C] reussi. ID transaction: PP241224.1641.B67563, Montant Transaction: 10150 FCFA, Frais: 50.75 FCFA, Commission: 0 FCFA, Montant Net: 10200.75 FCFA, Nouveau Solde: 34455.74 FCFA."
USER_6,2024-12-24,18:36:42,OrangeMoney,transfert,OUT,50000.0,FCFA,84455.74,"Transfert de [PHONE_9432] [CONTACT_5024] vers [USER_6_phone] [USER_6] reussi. Details: ID transaction: PP241224.1836.A02133, Montant Transaction: 50000FCFA, Frais: 0 FCFA, Commission: 0 FCFA, Montant Net: 50000 FCFA, Nouveau Solde: 84455.74 FCFA."
USER_6,2024-12-27,11:07:47,OrangeMoney,transfert,OUT,15000.0,FCFA,69380.74,"Transfert de [USER_6_phone] [USER_6] vers [PHONE_3523] [CONTACT_C662] reussi. ID transaction: PP241227.1107.D73971, Montant Transaction: 15000 FCFA, Frais: 75 FCFA, Commission: 0 FCFA, Montant Net: 15075 FCFA, Nouveau Solde: 69380.74 FCFA."
USER_6,2024-12-27,18:13:29,OrangeMoney,retrait,OUT,25000.0,FCFA,39955.74,"Retrait d'argent reussi par le [PHONE_6591] avec le Code : 163626. Informations detaillees : Montant: 25000 FCFA, Frais: 375 FCFA, No de transaction CO241227.1813.B80059, montant net debite 25375 FCFA, Nouveau solde: 39955.74 FCFA."
USER_6,2024-12-29,19:00:32,OrangeMoney,transfert,OUT,10150.0,FCFA,20654.99,"Transfert de [USER_6_phone] [USER_6] vers [PHONE_2261] [CONTACT_168E] reussi. ID transaction: PP241229.1900.A55745, Montant Transaction: 10150 FCFA, Frais: 50.75 FCFA, Commission: 0 FCFA, Montant Net: 10200.75 FCFA, Nouveau Solde: 20654.99 FCFA."
USER_6,2024-12-30,14:36:46,OrangeMoney,transfert,OUT,10150.0,FCFA,10454.24,"Transfert de [USER_6_phone] [USER_6] vers [PHONE_0747] [CONTACT_6B53] reussi. ID transaction: PP241230.1436.A58669, Montant Transaction: 10150 FCFA, Frais: 50.75 FCFA, Commission: 0 FCFA, Montant Net: 10200.75 FCFA, Nouveau Solde: 10454.24 FCFA."
USER_6,2024-12-31,10:55:48,OrangeMoney,depot,IN,20000.0,FCFA,30454.24,"Depot effectue par [PHONE_1760] [CONTACT_56D1] to [USER_6_phone] [USER_6]. Informations detaillees: Montant de transaction : 20000 FCFA, ID transaction : CI241231.1055.D75011, Frais : 0 FCFA, Commission : 0 FCFA, Montant Net du Credit : 20000 FCFA, Nouveau Solde : 30454.24 FCFA."
USER_6,2024-12-31,10:57:09,OrangeMoney,transfert,OUT,15000.0,FCFA,15379.24,"Transfert de [USER_6_phone] [USER_6] vers [PHONE_1877] [CONTACT_B263] reussi. ID transaction: PP241231.1057.D19600, Montant Transaction: 15000 FCFA, Frais: 75 FCFA, Commission: 0 FCFA, Montant Net: 15075 FCFA, Nouveau Solde: 15379.24 FCFA."
USER_6,2025-01-02,18:41:27,OrangeMoney,depot,IN,30000.0,FCFA,42379.24,"Depot effectue par [PHONE_5578] [CONTACT_56A6] to [USER_6_phone] [USER_6]. Informations detaillees: Montant de transaction : 30000 FCFA, ID transaction : CI250102.1841.B40106, Frais : 0 FCFA, Commission : 0 FCFA, Montant Net du Credit : 30000 FCFA, Nouveau Solde : 42379.24 FCFA."
USER_6,2025-01-02,18:52:51,OrangeMoney,transfert,OUT,30450.0,FCFA,11776.99,"Transfert de [USER_6_phone] [USER_6] vers [PHONE_6576] [CONTACT_808D] reussi. ID transaction: PP250102.1852.A21525, Montant Transaction: 30450 FCFA, Frais: 152.25 FCFA, Commission: 0 FCFA, Montant Net: 30602.25 FCFA, Nouveau Solde: 11776.99 FCFA."
USER_6,2025-01-02,21:24:10,OrangeMoney,rechargement,OUT,250.0,FCFA,11526.99,"Rechargement reussi. Montant de la transaction: 250 FCFA, ID transaction: RC250102.2124.A30765, Frais: 0 FCFA, Commission: 0 FCFA, Nouveau solde: 11526.99 FCFA"
USER_6,2025-01-04,17:34:41,OrangeMoney,depot,IN,10000.0,FCFA,21526.99,"Depot effectue par [PHONE_5664] [CONTACT_7B9E] to [USER_6_phone] [USER_6]. Informations detaillees: Montant de transaction : 10000 FCFA, ID transaction : CI250104.1734.B48802, Frais : 0 FCFA, Commission : 0 FCFA, Montant Net du Credit : 10000 FCFA, Nouveau Solde : 21526.99 FCFA."
USER_6,2025-01-04,18:04:10,OrangeMoney,rechargement,OUT,2000.0,FCFA,19526.99,"Rechargement reussi. Montant de la transaction: 2000 FCFA, ID transaction: RC250104.1804.A85787, Frais: 0 FCFA, Commission: 0 FCFA, Nouveau solde: 19526.99 FCFA"
USER_6,2025-01-04,18:09:24,OrangeMoney,transfert,OUT,10154.0,FCFA,9318.22,"Transfert de [USER_6_phone] [USER_6] vers [PHONE_2261] [CONTACT_168E] reussi. ID transaction: PP250104.1809.D52064, Montant Transaction: 10154 FCFA, Frais: 54.77 FCFA, Commission: 0 FCFA, Montant Net: 10208.77 FCFA, Nouveau Solde: 9318.22 FCFA."
USER_6,2025-01-06,08:28:29,OrangeMoney,transfert,OUT,5079.0,FCFA,4185.22,"Transfert de [USER_6_phone] [USER_6] vers [PHONE_3804] Djouaze epouse wetbe mba reussi. ID transaction: PP250106.0828.D83610, Montant Transaction: 5079 FCFA, Frais: 54 FCFA, Commission: 0 FCFA, Montant Net: 5133 FCFA, Nouveau Solde: 4185.22 FCFA."
USER_6,2025-01-08,15:34:04,OrangeMoney,depot,IN,15000.0,FCFA,19185.22,"Depot effectue par [PHONE_5664] [CONTACT_7B9E] to [USER_6_phone] [USER_6]. Informations detaillees: Montant de transaction : 15000 FCFA, ID transaction : CI250108.1534.C39818, Frais : 0 FCFA, Commission : 0 FCFA, Montant Net du Credit : 15000 FCFA, Nouveau Solde : 19185.22 FCFA."
USER_6,2025-01-08,16:30:12,OrangeMoney,transfert,OUT,10000.0,FCFA,9131.22,"Transfert de [USER_6_phone] [USER_6] vers [PHONE_2262] [CONTACT_0E61] reussi. ID transaction: PP250108.1630.B06560, Montant Transaction: 10000 FCFA, Frais: 54 FCFA, Commission: 0 FCFA, Montant Net: 10054 FCFA, Nouveau Solde: 9131.22 FCFA."
USER_6,2025-01-12,18:04:11,OrangeMoney,transfert,OUT,10000.0,FCFA,11131.22,"Transfert de [PHONE_9183] [CONTACT_7FB6] vers [USER_6_phone] [USER_6] reussi. Details: ID transaction: PP250112.1804.B27948, Montant Transaction: 10000FCFA, Frais: 0 FCFA, Commission: 0 FCFA, Montant Net: 10000 FCFA, Nouveau Solde: 11131.22 FCFA."
USER_6,2025-01-12,18:07:01,OrangeMoney,transfert,OUT,10154.0,FCFA,922.45,"Transfert de [USER_6_phone] [USER_6] vers [PHONE_4040] [CONTACT_A0CB] reussi. ID transaction: PP250112.1807.A54297, Montant Transaction: 10154 FCFA, Frais: 54.77 FCFA, Commission: 0 FCFA, Montant Net: 10208.77 FCFA, Nouveau Solde: 922.45 FCFA."
USER_6,2025-01-15,11:37:16,OrangeMoney,depot,IN,30000.0,FCFA,30922.45,"Depot effectue par [PHONE_5664] [CONTACT_7B9E] to [USER_6_phone] [USER_6]. Informations detaillees: Montant de transaction : 30000 FCFA, ID transaction : CI250115.1137.A70673, Frais : 0 FCFA, Commission : 0 FCFA, Montant Net du Credit : 30000 FCFA, Nouveau Solde : 30922.45 FCFA."
USER_6,2025-01-15,11:41:50,OrangeMoney,transfert,OUT,5079.0,FCFA,22789.45,"Transfert de [USER_6_phone] [USER_6] vers [PHONE_1877] [CONTACT_B263] reussi. ID transaction: PP250115.1141.B56128, Montant Transaction: 5079 FCFA, Frais: 54 FCFA, Commission: 0 FCFA, Montant Net: 5133 FCFA, Nouveau Solde: 22789.45 FCFA."
USER_6,2025-01-16,14:25:03,OrangeMoney,depot,IN,10000.0,FCFA,22789.45,"Depot effectue par [PHONE_8575] [CONTACT_9044] to [USER_6_phone] [USER_6]. Informations detaillees: Montant de transaction : 10000 FCFA, ID transaction : CI250116.1425.C12211, Frais : 0 FCFA, Commission : 0 FCFA, Montant Net du Credit : 10000 FCFA, Nouveau Solde : 22789.45 FCFA."
USER_6,2025-01-16,14:43:08,OrangeMoney,transfert,OUT,10154.0,FCFA,12580.68,"Transfert de [USER_6_phone] [USER_6] vers [PHONE_0747] [CONTACT_6B53] reussi. ID transaction: PP250116.1443.C95455, Montant Transaction: 10154 FCFA, Frais: 54.77 FCFA, Commission: 0 FCFA, Montant Net: 10208.77 FCFA, Nouveau Solde: 12580.68 FCFA."
USER_6,2025-01-17,15:56:22,OrangeMoney,retrait,OUT,2500.0,FCFA,10026.68,"Retrait d'argent reussi par le [PHONE_9669] avec le Code : 148159. Informations detaillees : Montant: 2500 FCFA, Frais: 54 FCFA, No de transaction CO250117.1556.A49954, montant net debite 2554 FCFA, Nouveau solde: 10026.68 FCFA."
USER_6,2025-01-19,14:47:53,OrangeMoney,depot,IN,5000.0,FCFA,12026.68,"Depot effectue par [PHONE_9669] [CONTACT_C753] to [USER_6_phone] [USER_6]. Informations detaillees: Montant de transaction : 5000 FCFA, ID transaction : CI250119.1447.D47474, Frais : 0 FCFA, Commission : 0 FCFA, Montant Net du Credit : 5000 FCFA, Nouveau Solde : 12026.68 FCFA."
USER_6,2025-01-19,14:52:31,OrangeMoney,transfert,OUT,10154.0,FCFA,1817.91,"Transfert de [USER_6_phone] [USER_6] vers [PHONE_4040] [CONTACT_A0CB] reussi. ID transaction: PP250119.1452.B19632, Montant Transaction: 10154 FCFA, Frais: 54.77 FCFA, Commission: 0 FCFA, Montant Net: 10208.77 FCFA, Nouveau Solde: 1817.91 FCFA."
USER_6,2025-01-21,19:13:00,OrangeMoney,transfert,OUT,10154.0,FCFA,11971.91,"Transfert de [PHONE_4463] [CONTACT_846E] vers [USER_6_phone] [USER_6] reussi. Details: ID transaction: PP250121.1912.C95041, Montant Transaction: 10154FCFA, Frais: 0 FCFA, Commission: 0 FCFA, Montant Net: 10154 FCFA, Nouveau Solde: 11971.91 FCFA."
USER_6,2025-01-22,13:22:18,OrangeMoney,depot,IN,70000.0,FCFA,76971.91,"Depot effectue par [PHONE_1729] [CONTACT_E2A1] to [USER_6_phone] [USER_6]. Informations detaillees: Montant de transaction : 70000 FCFA, ID transaction : CI250122.1322.D28236, Frais : 0 FCFA, Commission : 0 FCFA, Montant Net du Credit : 70000 FCFA, Nouveau Solde : 76971.91 FCFA."
USER_6,2025-01-22,13:36:17,OrangeMoney,transfert,OUT,25379.0,FCFA,51462.02,"Transfert de [USER_6_phone] [USER_6] vers [PHONE_1408] [CONTACT_4E94] reussi. ID transaction: PP250122.1336.D27561, Montant Transaction: 25379 FCFA, Frais: 130.89 FCFA, Commission: 0 FCFA, Montant Net: 25509.89 FCFA, Nouveau Solde: 51462.02 FCFA."
USER_6,2025-01-22,13:38:19,OrangeMoney,transfert,OUT,10154.0,FCFA,41253.25,"Transfert de [USER_6_phone] [USER_6] vers [PHONE_3523] [CONTACT_C662] reussi. ID transaction: PP250122.1338.C20356, Montant Transaction: 10154 FCFA, Frais: 54.77 FCFA, Commission: 0 FCFA, Montant Net: 10208.77 FCFA, Nouveau Solde: 41253.25 FCFA."
USER_6,2025-01-22,14:39:03,OrangeMoney,transfert,OUT,12500.0,FCFA,53753.25,"Transfert de [PHONE_4823] [CONTACT_FBD2] vers [USER_6_phone] [USER_6] reussi. Details: ID transaction: PP250122.1439.A53402, Montant Transaction: 12500FCFA, Frais: 0 FCFA, Commission: 0 FCFA, Montant Net: 12500 FCFA, Nouveau Solde: 53753.25 FCFA."
USER_6,2025-01-22,15:38:15,OrangeMoney,transfert,OUT,35000.0,FCFA,18574.25,"Transfert de [USER_6_phone] [USER_6] vers [PHONE_9340] [CONTACT_5714] reussi. ID transaction: PP250122.1538.A86879, Montant Transaction: 35000 FCFA, Frais: 179 FCFA, Commission: 0 FCFA, Montant Net: 35179 FCFA, Nouveau Solde: 18574.25 FCFA."
USER_6,2025-01-22,15:43:58,OrangeMoney,retrait,OUT,12000.0,FCFA,6390.25,"Retrait d'argent reussi par le [PHONE_2385] avec le Code : 255880. Informations detaillees : Montant: 12000 FCFA, Frais: 184 FCFA, No de transaction CO250122.1543.C10744, montant net debite 12184 FCFA, Nouveau solde: 6390.25 FCFA."
USER_6,2025-01-26,14:02:39,OrangeMoney,rechargement,OUT,1000.0,FCFA,5390.25,"Rechargement reussi. Montant de la transaction: 1000 FCFA, ID transaction: RC250126.1402.B00224, Frais: 0 FCFA, Commission: 0 FCFA, Nouveau solde: 5390.25 FCFA"
USER_6,2025-01-29,17:24:00,OrangeMoney,depot,IN,15000.0,FCFA,20390.25,"Depot effectue par [PHONE_9237] [CONTACT_3E4A] to [USER_6_phone] [USER_6]. Informations detaillees: Montant de transaction : 15000 FCFA, ID transaction : CI250129.1723.A60385, Frais : 0 FCFA, Commission : 0 FCFA, Montant Net du Credit : 15000 FCFA, Nouveau Solde : 20390.25 FCFA."
USER_6,2025-01-29,17:30:42,OrangeMoney,transfert,OUT,13199.0,FCFA,7121.26,"Transfert de [USER_6_phone] [USER_6] vers [PHONE_1408] [CONTACT_4E94] reussi. ID transaction: PP250129.1730.C07911, Montant Transaction: 13199 FCFA, Frais: 69.99 FCFA, Commission: 0 FCFA, Montant Net: 13268.99 FCFA, Nouveau Solde: 7121.26 FCFA."
USER_6,2025-01-31,10:19:04,OrangeMoney,paiement,OUT,5000.0,FCFA,2071.26,"Vous venez d'effectuer un paiement chez [CONTACT_7899] d'un montant de 5000 FCFA.  Reference de la transaction: SM250131.1019.D58500, Frais: 50 FCFA, Montant net debite: 5050 FCFA. Nouveau Solde: 2071.26 FCFA. Orange Money vous remercie."
USER_6,2025-01-31,18:51:25,OrangeMoney,depot,IN,197000.0,FCFA,199071.26,"Depot effectue par [PHONE_5664] [CONTACT_7B9E] to [USER_6_phone] [USER_6]. Informations detaillees: Montant de transaction : 197000 FCFA, ID transaction : CI250131.1851.D25164, Frais : 0 FCFA, Commission : 0 FCFA, Montant Net du Credit : 197000 FCFA, Nouveau Solde : 199071.26 FCFA."
USER_6,2025-01-31,19:16:20,OrangeMoney,transfert,OUT,78159.0,FCFA,120517.47,"Transfert de [USER_6_phone] [USER_6] vers [PHONE_1408] [CONTACT_4E94] reussi. ID transaction: PP250131.1916.A26759, Montant Transaction: 78159 FCFA, Frais: 394.79 FCFA, Commission: 0 FCFA, Montant Net: 78553.79 FCFA, Nouveau Solde: 120517.47 FCFA."
USER_6,2025-02-01,14:01:06,OrangeMoney,depot,IN,50000.0,FCFA,170517.47,"Depot effectue par [PHONE_5664] [CONTACT_7B9E] to [USER_6_phone] [USER_6]. Informations detaillees: Montant de transaction : 50000 FCFA, ID transaction : CI250201.1401.A87283, Frais : 0 FCFA, Commission : 0 FCFA, Montant Net du Credit : 50000 FCFA, Nouveau Solde : 170517.47 FCFA."
USER_6,2025-02-01,14:54:18,OrangeMoney,transfert,OUT,90000.0,FCFA,80063.47,"Transfert de [USER_6_phone] [USER_6] vers [PHONE_3707] [CONTACT_3AB3] reussi. ID transaction: PP250201.1454.A37456, Montant Transaction: 90000 FCFA, Frais: 454 FCFA, Commission: 0 FCFA, Montant Net: 90454 FCFA, Nouveau Solde: 80063.47 FCFA."
USER_6,2025-02-01,15:06:21,OrangeMoney,transfert,OUT,30000.0,FCFA,49909.47,"Transfert de [USER_6_phone] [USER_6] vers [PHONE_6866] [CONTACT_916A] reussi. ID transaction: PP250201.1506.A45224, Montant Transaction: 30000 FCFA, Frais: 154 FCFA, Commission: 0 FCFA, Montant Net: 30154 FCFA, Nouveau Solde: 49909.47 FCFA."
USER_6,2025-02-01,20:14:11,OrangeMoney,transfert,OUT,7000.0,FCFA,42855.47,"Transfert de [USER_6_phone] [USER_6] vers [PHONE_3523] [CONTACT_C662] reussi. ID transaction: PP250201.2013.D54651, Montant Transaction: 7000 FCFA, Frais: 54 FCFA, Commission: 0 FCFA, Montant Net: 7054 FCFA, Nouveau Solde: 42855.47 FCFA."
USER_6,2025-02-03,16:17:39,OrangeMoney,transfert,OUT,25379.0,FCFA,17345.58,"Transfert de [USER_6_phone] [USER_6] vers [PHONE_8885] [CONTACT_FBC7] reussi. ID transaction: PP250203.1613.A84784, Montant Transaction: 25379 FCFA, Frais: 130.89 FCFA, Commission: 0 FCFA, Montant Net: 25509.89 FCFA, Nouveau Solde: 17345.58 FCFA."
USER_6,2025-02-04,12:57:52,OrangeMoney,transfert,OUT,1000.0,FCFA,16291.58,"Transfert de [USER_6_phone] [USER_6] vers [PHONE_2614] [CONTACT_9127] reussi. ID transaction: PP250204.1257.D30366, Montant Transaction: 1000 FCFA, Frais: 54 FCFA, Commission: 0 FCFA, Montant Net: 1054 FCFA, Nouveau Solde: 16291.58 FCFA."
USER_6,2025-02-04,12:59:00,OrangeMoney,transfert,OUT,12184.0,FCFA,4042.66,"Transfert de [USER_6_phone] [USER_6] vers [PHONE_9432] [CONTACT_5024] reussi. ID transaction: PP250204.1258.B29668, Montant Transaction: 12184 FCFA, Frais: 64.92 FCFA, Commission: 0 FCFA, Montant Net: 12248.92 FCFA, Nouveau Solde: 4042.66 FCFA."
USER_6,2025-02-05,14:26:49,OrangeMoney,depot,IN,25000.0,FCFA,29042.66,"Depot effectue par [PHONE_5664] [CONTACT_7B9E] to [USER_6_phone] [USER_6]. Informations detaillees: Montant de transaction : 25000 FCFA, ID transaction : CI250205.1417.D25817, Frais : 0 FCFA, Commission : 0 FCFA, Montant Net du Credit : 25000 FCFA, Nouveau Solde : 29042.66 FCFA."
USER_6,2025-02-05,14:30:18,OrangeMoney,transfert,OUT,15000.0,FCFA,13963.66,"Transfert de [USER_6_phone] [USER_6] vers [PHONE_1408] [CONTACT_4E94] reussi. ID transaction: PP250205.1430.A26076, Montant Transaction: 15000 FCFA, Frais: 79 FCFA, Commission: 0 FCFA, Montant Net: 15079 FCFA, Nouveau Solde: 13963.66 FCFA."
USER_6,2025-02-05,17:42:19,OrangeMoney,transfert,OUT,2300.0,FCFA,11609.66,"Transfert de [USER_6_phone] [USER_6] vers [PHONE_8096] [CONTACT_2806] reussi. ID transaction: PP250205.1742.C47000, Montant Transaction: 2300 FCFA, Frais: 54 FCFA, Commission: 0 FCFA, Montant Net: 2354 FCFA, Nouveau Solde: 11609.66 FCFA."
USER_6,2025-02-10,03:29:29,OrangeMoney,depot,IN,111320.0,FCFA,116829.66,"Depot effectue par [PHONE_3295] [CONTACT_FEA2] to [USER_6_phone] [USER_6]. Informations detaillees: Montant de transaction : 111320 FCFA, ID transaction : CI250210.0329.B94992, Frais : 0 FCFA, Commission : 0 FCFA, Montant Net du Credit : 111320 FCFA, Nouveau Solde : 116829.66 FCFA."
USER_6,2025-02-10,14:00:20,OrangeMoney,transfert,OUT,15000.0,FCFA,101750.66,"Transfert de [USER_6_phone] [USER_6] vers [PHONE_1408] [CONTACT_4E94] reussi. ID transaction: PP250210.1400.A20895, Montant Transaction: 15000 FCFA, Frais: 79 FCFA, Commission: 0 FCFA, Montant Net: 15079 FCFA, Nouveau Solde: 101750.66 FCFA."
USER_6,2025-02-11,09:29:58,OrangeMoney,transfert,OUT,5000.0,FCFA,63696.66,"Transfert de [USER_6_phone] [USER_6] vers [PHONE_5391] bassoumboul reussi. ID transaction: PP250211.0929.D30607, Montant Transaction: 5000 FCFA, Frais: 54 FCFA, Commission: 0 FCFA, Montant Net: 5054 FCFA, Nouveau Solde: 63696.66 FCFA."
USER_6,2025-02-11,10:13:03,OrangeMoney,retrait,OUT,5000.0,FCFA,58617.66,"Retrait d'argent reussi par le [PHONE_9004] avec le Code : 205885. Informations detaillees : Montant: 5000 FCFA, Frais: 79 FCFA, No de transaction CO250211.1013.B00809, montant net debite 5079 FCFA, Nouveau solde: 58617.66 FCFA."
USER_6,2025-02-12,16:07:57,OrangeMoney,transfert,OUT,10154.0,FCFA,48408.89,"Transfert de [USER_6_phone] [USER_6] vers [PHONE_6004] [CONTACT_EB90] reussi. ID transaction: PP250212.1607.A84916, Montant Transaction: 10154 FCFA, Frais: 54.77 FCFA, Commission: 0 FCFA, Montant Net: 10208.77 FCFA, Nouveau Solde: 48408.89 FCFA."
USER_6,2025-02-14,10:38:25,OrangeMoney,transfert,OUT,5079.0,FCFA,38275.89,"Transfert de [USER_6_phone] [USER_6] vers [PHONE_1152] [CONTACT_3DCC] reussi. ID transaction: PP250214.1038.C87961, Montant Transaction: 5079 FCFA, Frais: 54 FCFA, Commission: 0 FCFA, Montant Net: 5133 FCFA, Nouveau Solde: 38275.89 FCFA."
USER_6,2025-02-17,11:12:45,OrangeMoney,transfert,OUT,10000.0,FCFA,18221.89,"Transfert de [USER_6_phone] [USER_6] vers [PHONE_1408] [CONTACT_4E94] reussi. ID transaction: PP250217.1112.B61706, Montant Transaction: 10000 FCFA, Frais: 54 FCFA, Commission: 0 FCFA, Montant Net: 10054 FCFA, Nouveau Solde: 18221.89 FCFA."
USER_6,2025-02-19,18:55:26,OrangeMoney,depot,IN,5500.0,FCFA,21175.89,"Depot effectue par [PHONE_4703] [CONTACT_E128] to [USER_6_phone] [USER_6]. Informations detaillees: Montant de transaction : 5500 FCFA, ID transaction : CI250219.1855.B83001, Frais : 0 FCFA, Commission : 0 FCFA, Montant Net du Credit : 5500 FCFA, Nouveau Solde : 21175.89 FCFA."
USER_6,2025-02-23,09:20:19,OrangeMoney,transfert,OUT,12184.0,FCFA,8926.97,"Transfert de [USER_6_phone] [USER_6] vers [PHONE_4040] [CONTACT_A0CB] reussi. ID transaction: PP250223.0920.D14422, Montant Transaction: 12184 FCFA, Frais: 64.92 FCFA, Commission: 0 FCFA, Montant Net: 12248.92 FCFA, Nouveau Solde: 8926.97 FCFA."
USER_6,2025-03-08,15:36:12,OrangeMoney,depot,IN,10000.0,FCFA,15926.97,"Depot effectue par [PHONE_5026] [CONTACT_32F9] to [USER_6_phone] [USER_6]. Informations detaillees: Montant de transaction : 10000 FCFA, ID transaction : CI250308.1536.B05036, Frais : 0 FCFA, Commission : 0 FCFA, Montant Net du Credit : 10000 FCFA, Nouveau Solde : 15926.97 FCFA."
USER_6,2025-03-08,15:39:05,OrangeMoney,transfert,OUT,6094.0,FCFA,9778.97,"Transfert de [USER_6_phone] [USER_6] vers [PHONE_7656] [CONTACT_F02E] reussi. ID transaction: PP250308.1539.B21277, Montant Transaction: 6094 FCFA, Frais: 54 FCFA, Commission: 0 FCFA, Montant Net: 6148 FCFA, Nouveau Solde: 9778.97 FCFA."
USER_6,2025-03-09,13:03:27,OrangeMoney,depot,IN,5000.0,FCFA,14778.97,"Depot effectue par [PHONE_3926] [CONTACT_6624] to [USER_6_phone] [USER_6]. Informations detaillees: Montant de transaction : 5000 FCFA, ID transaction : CI250309.1303.B26725, Frais : 0 FCFA, Commission : 0 FCFA, Montant Net du Credit : 5000 FCFA, Nouveau Solde : 14778.97 FCFA."
USER_6,2025-03-09,14:37:29,OrangeMoney,transfert,OUT,12184.0,FCFA,2530.05,"Transfert de [USER_6_phone] [USER_6] vers [PHONE_2261] [CONTACT_168E] reussi. ID transaction: PP250309.1437.A72929, Montant Transaction: 12184 FCFA, Frais: 64.92 FCFA, Commission: 0 FCFA, Montant Net: 12248.92 FCFA, Nouveau Solde: 2530.05 FCFA."
USER_6,2025-03-10,17:00:08,OrangeMoney,depot,IN,30000.0,FCFA,32530.05,"Depot effectue par [PHONE_5664] [CONTACT_7B9E] to [USER_6_phone] [USER_6]. Informations detaillees: Montant de transaction : 30000 FCFA, ID transaction : CI250310.1700.B02752, Frais : 0 FCFA, Commission : 0 FCFA, Montant Net du Credit : 30000 FCFA, Nouveau Solde : 32530.05 FCFA."
USER_6,2025-03-10,17:13:51,OrangeMoney,transfert,OUT,30454.0,FCFA,1919.78,"Transfert de [USER_6_phone] [USER_6] vers [PHONE_0747] [CONTACT_6B53] reussi. ID transaction: PP250310.1713.A20783, Montant Transaction: 30454 FCFA, Frais: 156.27 FCFA, Commission: 0 FCFA, Montant Net: 30610.27 FCFA, Nouveau Solde: 1919.78 FCFA."
USER_6,2025-03-12,08:12:22,OrangeMoney,depot,IN,10000.0,FCFA,11919.78,"Depot effectue par [PHONE_5664] [CONTACT_7B9E] to [USER_6_phone] [USER_6]. Informations detaillees: Montant de transaction : 10000 FCFA, ID transaction : CI250312.0812.C58185, Frais : 0 FCFA, Commission : 0 FCFA, Montant Net du Credit : 10000 FCFA, Nouveau Solde : 11919.78 FCFA."
USER_6,2025-03-13,17:05:58,OrangeMoney,depot,IN,10000.0,FCFA,15919.78,"Depot effectue par [PHONE_5664] [CONTACT_7B9E] to [USER_6_phone] [USER_6]. Informations detaillees: Montant de transaction : 10000 FCFA, ID transaction : CI250313.1705.B70462, Frais : 0 FCFA, Commission : 0 FCFA, Montant Net du Credit : 10000 FCFA, Nouveau Solde : 15919.78 FCFA."
USER_6,2025-03-13,17:08:12,OrangeMoney,transfert,OUT,10000.0,FCFA,5865.78,"Transfert de [USER_6_phone] [USER_6] vers [PHONE_7769] [CONTACT_B135] reussi. ID transaction: PP250313.1708.C33832, Montant Transaction: 10000 FCFA, Frais: 54 FCFA, Commission: 0 FCFA, Montant Net: 10054 FCFA, Nouveau Solde: 5865.78 FCFA."
USER_6,2025-03-15,11:42:34,OrangeMoney,depot,IN,10000.0,FCFA,15865.78,"Depot effectue par [PHONE_5664] [CONTACT_7B9E] to [USER_6_phone] [USER_6]. Informations detaillees: Montant de transaction : 10000 FCFA, ID transaction : CI250315.1142.B17213, Frais : 0 FCFA, Commission : 0 FCFA, Montant Net du Credit : 10000 FCFA, Nouveau Solde : 15865.78 FCFA."
USER_6,2025-03-16,16:59:34,OrangeMoney,transfert,OUT,10150.0,FCFA,16015.78,"Transfert de [PHONE_2261] [CONTACT_168E] vers [USER_6_phone] [USER_6] reussi. Details: ID transaction: PP250316.1659.A01160, Montant Transaction: 10150FCFA, Frais: 0 FCFA, Commission: 0 FCFA, Montant Net: 10150 FCFA, Nouveau Solde: 16015.78 FCFA."
USER_6,2025-03-17,14:30:18,OrangeMoney,transfert,OUT,10000.0,FCFA,5961.78,"Transfert de [USER_6_phone] [USER_6] vers [PHONE_3523] [CONTACT_C662] reussi. ID transaction: PP250317.1430.C51773, Montant Transaction: 10000 FCFA, Frais: 54 FCFA, Commission: 0 FCFA, Montant Net: 10054 FCFA, Nouveau Solde: 5961.78 FCFA."
USER_6,2025-03-22,15:28:36,OrangeMoney,depot,IN,20000.0,FCFA,23811.78,"Depot effectue par [PHONE_5664] [CONTACT_7B9E] to [USER_6_phone] [USER_6]. Informations detaillees: Montant de transaction : 20000 FCFA, ID transaction : CI250322.1528.C91859, Frais : 0 FCFA, Commission : 0 FCFA, Montant Net du Credit : 20000 FCFA, Nouveau Solde : 23811.78 FCFA."
USER_6,2025-03-23,13:37:55,OrangeMoney,transfert,OUT,4064.0,FCFA,4994.78,"Transfert de [USER_6_phone] [USER_6] vers [PHONE_4040] [CONTACT_A0CB] reussi. ID transaction: PP250323.1337.A74339, Montant Transaction: 4064 FCFA, Frais: 54 FCFA, Commission: 0 FCFA, Montant Net: 4118 FCFA, Nouveau Solde: 4994.78 FCFA."
USER_6,2025-04-01,11:52:58,OrangeMoney,depot,IN,75000.0,FCFA,76994.78,"Depot effectue par [PHONE_4913] [CONTACT_D655] to [USER_6_phone] [USER_6]. Informations detaillees: Montant de transaction : 75000 FCFA, ID transaction : CI250401.1152.B56816, Frais : 0 FCFA, Commission : 0 FCFA, Montant Net du Credit : 75000 FCFA, Nouveau Solde : 76994.78 FCFA."
USER_6,2025-04-02,13:17:29,OrangeMoney,transfert,OUT,12184.0,FCFA,64745.86,"Transfert de [USER_6_phone] [USER_6] vers [PHONE_3628] [CONTACT_D3F8] reussi. ID transaction: PP250402.1317.C28244, Montant Transaction: 12184 FCFA, Frais: 64.92 FCFA, Commission: 0 FCFA, Montant Net: 12248.92 FCFA, Nouveau Solde: 64745.86 FCFA."
USER_6,2025-04-02,17:30:30,OrangeMoney,transfert,OUT,2000.0,FCFA,62691.86,"Transfert de [USER_6_phone] [USER_6] vers [PHONE_3523] [CONTACT_C662] reussi. ID transaction: PP250402.1730.B83312, Montant Transaction: 2000 FCFA, Frais: 54 FCFA, Commission: 0 FCFA, Montant Net: 2054 FCFA, Nouveau Solde: 62691.86 FCFA."
USER_6,2025-04-03,12:25:37,OrangeMoney,retrait,OUT,30000.0,FCFA,32237.86,"Retrait d'argent reussi par le [PHONE_5664] avec le Code : 265687. Informations detaillees : Montant: 30000 FCFA, Frais: 454 FCFA, No de transaction CO250403.1225.C38348, montant net debite 30454 FCFA, Nouveau solde: 32237.86 FCFA."
USER_6,2025-04-05,16:21:12,OrangeMoney,transfert,OUT,2500.0,FCFA,26683.86,"Transfert de [USER_6_phone] [USER_6] vers [PHONE_2595] [CONTACT_FB06] reussi. ID transaction: PP250405.1621.C16748, Montant Transaction: 2500 FCFA, Frais: 54 FCFA, Commission: 0 FCFA, Montant Net: 2554 FCFA, Nouveau Solde: 26683.86 FCFA."
USER_6,2025-04-05,20:07:57,OrangeMoney,rechargement,OUT,1000.0,FCFA,25683.86,"Rechargement reussi. Montant de la transaction: 1000 FCFA, ID transaction: RC250405.2007.D13647, Frais: 0 FCFA, Commission: 0 FCFA, Nouveau solde: 25683.86 FCFA"
USER_6,2025-04-07,15:07:17,OrangeMoney,transfert,OUT,3000.0,FCFA,21729.86,"Transfert de [USER_6_phone] [USER_6] vers [PHONE_5889] [CONTACT_1B00] reussi. ID transaction: PP250407.1507.A74632, Montant Transaction: 3000 FCFA, Frais: 54 FCFA, Commission: 0 FCFA, Montant Net: 3054 FCFA, Nouveau Solde: 21729.86 FCFA."
USER_6,2025-04-10,10:43:23,OrangeMoney,transfert,OUT,2150.0,FCFA,19525.86,"Transfert de [USER_6_phone] [USER_6] vers [PHONE_0280] [CONTACT_8DDB] reussi. ID transaction: PP250410.1043.A39747, Montant Transaction: 2150 FCFA, Frais: 54 FCFA, Commission: 0 FCFA, Montant Net: 2204 FCFA, Nouveau Solde: 19525.86 FCFA."
USER_6,2025-04-11,09:32:27,OrangeMoney,transfert,OUT,5079.0,FCFA,14392.86,"Transfert de [USER_6_phone] [USER_6] vers [PHONE_7769] [CONTACT_B135] reussi. ID transaction: PP250411.0932.A41351, Montant Transaction: 5079 FCFA, Frais: 54 FCFA, Commission: 0 FCFA, Montant Net: 5133 FCFA, Nouveau Solde: 14392.86 FCFA."
USER_6,2025-04-11,14:42:59,OrangeMoney,depot,IN,30000.0,FCFA,35230.86,"Depot effectue par [PHONE_5664] [CONTACT_7B9E] to [USER_6_phone] [USER_6]. Informations detaillees: Montant de transaction : 30000 FCFA, ID transaction : CI250411.1442.B32137, Frais : 0 FCFA, Commission : 0 FCFA, Montant Net du Credit : 30000 FCFA, Nouveau Solde : 35230.86 FCFA."
USER_6,2025-04-11,14:49:30,OrangeMoney,transfert,OUT,25000.0,FCFA,10101.86,"Transfert de [USER_6_phone] [USER_6] vers [PHONE_3523] [CONTACT_C662] reussi. ID transaction: PP250411.1449.D30365, Montant Transaction: 25000 FCFA, Frais: 129 FCFA, Commission: 0 FCFA, Montant Net: 25129 FCFA, Nouveau Solde: 10101.86 FCFA."
USER_6,2025-04-17,08:47:45,OrangeMoney,depot,IN,10000.0,FCFA,10101.86,"Depot effectue par [PHONE_5664] [CONTACT_7B9E] to [USER_6_phone] [USER_6]. Informations detaillees: Montant de transaction : 10000 FCFA, ID transaction : CI250417.0847.A87996, Frais : 0 FCFA, Commission : 0 FCFA, Montant Net du Credit : 10000 FCFA, Nouveau Solde : 10101.86 FCFA."
USER_6,2025-04-17,09:40:08,OrangeMoney,transfert,OUT,5079.0,FCFA,4968.86,"Transfert de [USER_6_phone] [USER_6] vers [PHONE_0811] [CONTACT_26CA] reussi. ID transaction: PP250417.0940.B83281, Montant Transaction: 5079 FCFA, Frais: 54 FCFA, Commission: 0 FCFA, Montant Net: 5133 FCFA, Nouveau Solde: 4968.86 FCFA."
USER_6,2025-04-18,11:57:28,OrangeMoney,depot,IN,20000.0,FCFA,22668.86,"Depot effectue par [PHONE_5664] [CONTACT_7B9E] to [USER_6_phone] [USER_6]. Informations detaillees: Montant de transaction : 20000 FCFA, ID transaction : CI250418.1157.C43398, Frais : 0 FCFA, Commission : 0 FCFA, Montant Net du Credit : 20000 FCFA, Nouveau Solde : 22668.86 FCFA."
USER_6,2025-04-18,12:16:38,OrangeMoney,transfert,OUT,10000.0,FCFA,12614.86,"Transfert de [USER_6_phone] [USER_6] vers [PHONE_1408] [CONTACT_4E94] reussi. ID transaction: PP250418.1216.D06599, Montant Transaction: 10000 FCFA, Frais: 54 FCFA, Commission: 0 FCFA, Montant Net: 10054 FCFA, Nouveau Solde: 12614.86 FCFA."
USER_6,2025-04-18,12:17:55,OrangeMoney,transfert,OUT,5079.0,FCFA,7481.86,"Transfert de [USER_6_phone] [USER_6] vers [PHONE_3523] [CONTACT_C662] reussi. ID transaction: PP250418.1217.D07355, Montant Transaction: 5079 FCFA, Frais: 54 FCFA, Commission: 0 FCFA, Montant Net: 5133 FCFA, Nouveau Solde: 7481.86 FCFA."
USER_6,2025-04-20,17:33:16,OrangeMoney,transfert,OUT,4064.0,FCFA,3363.86,"Transfert de [USER_6_phone] [USER_6] vers [PHONE_4040] [CONTACT_A0CB] reussi. ID transaction: PP250420.1733.D94260, Montant Transaction: 4064 FCFA, Frais: 54 FCFA, Commission: 0 FCFA, Montant Net: 4118 FCFA, Nouveau Solde: 3363.86 FCFA."
USER_6,2025-04-23,12:44:44,OrangeMoney,depot,IN,30000.0,FCFA,33363.86,"Depot effectue par [PHONE_5664] [CONTACT_7B9E] to [USER_6_phone] [USER_6]. Informations detaillees: Montant de transaction : 30000 FCFA, ID transaction : CI250423.1244.A85590, Frais : 0 FCFA, Commission : 0 FCFA, Montant Net du Credit : 30000 FCFA, Nouveau Solde : 33363.86 FCFA."
USER_6,2025-04-23,12:52:54,OrangeMoney,transfert,OUT,10000.0,FCFA,23309.86,"Transfert de [USER_6_phone] [USER_6] vers [PHONE_1408] [CONTACT_4E94] reussi. ID transaction: PP250423.1252.D31823, Montant Transaction: 10000 FCFA, Frais: 54 FCFA, Commission: 0 FCFA, Montant Net: 10054 FCFA, Nouveau Solde: 23309.86 FCFA."
USER_6,2025-04-23,12:53:51,OrangeMoney,transfert,OUT,15229.0,FCFA,8000.72,"Transfert de [USER_6_phone] [USER_6] vers [PHONE_6298] [CONTACT_E5B1] reussi. ID transaction: PP250423.1253.C29748, Montant Transaction: 15229 FCFA, Frais: 80.14 FCFA, Commission: 0 FCFA, Montant Net: 15309.14 FCFA, Nouveau Solde: 8000.72 FCFA."
USER_6,2025-04-23,15:32:32,OrangeMoney,depot,IN,20000.0,FCFA,28000.72,"Depot effectue par [PHONE_4897] [CONTACT_6C17] to [USER_6_phone] [USER_6]. Informations detaillees: Montant de transaction : 20000 FCFA, ID transaction : CI250423.1532.C56469, Frais : 0 FCFA, Commission : 0 FCFA, Montant Net du Credit : 20000 FCFA, Nouveau Solde : 28000.72 FCFA."
USER_6,2025-04-23,16:03:36,OrangeMoney,transfert,OUT,10000.0,FCFA,17946.72,"Transfert de [USER_6_phone] [USER_6] vers [PHONE_6576] [CONTACT_808D] reussi. ID transaction: PP250423.1603.C33720, Montant Transaction: 10000 FCFA, Frais: 54 FCFA, Commission: 0 FCFA, Montant Net: 10054 FCFA, Nouveau Solde: 17946.72 FCFA."
USER_6,2025-04-23,16:04:15,OrangeMoney,transfert,OUT,10000.0,FCFA,7892.72,"Transfert de [USER_6_phone] [USER_6] vers [PHONE_8854] [CONTACT_DBAD] reussi. ID transaction: PP250423.1604.B39007, Montant Transaction: 10000 FCFA, Frais: 54 FCFA, Commission: 0 FCFA, Montant Net: 10054 FCFA, Nouveau Solde: 7892.72 FCFA."
USER_6,2025-04-30,09:30:59,OrangeMoney,depot,IN,50000.0,FCFA,52972.72,"Depot effectue par [PHONE_7703] [CONTACT_D580] to [USER_6_phone] [USER_6]. Informations detaillees: Montant de transaction : 50000 FCFA, ID transaction : CI250430.0930.D69410, Frais : 0 FCFA, Commission : 0 FCFA, Montant Net du Credit : 50000 FCFA, Nouveau Solde : 52972.72 FCFA."
USER_6,2025-04-30,09:54:21,OrangeMoney,transfert,OUT,30000.0,FCFA,19818.72,"Transfert de [USER_6_phone] [USER_6] vers [PHONE_1408] [CONTACT_4E94] reussi. ID transaction: PP250430.0954.D90913, Montant Transaction: 30000 FCFA, Frais: 154 FCFA, Commission: 0 FCFA, Montant Net: 30154 FCFA, Nouveau Solde: 19818.72 FCFA."
USER_6,2025-04-30,09:58:19,OrangeMoney,transfert,OUT,12184.0,FCFA,7569.8,"Transfert de [USER_6_phone] [USER_6] vers [PHONE_3628] [CONTACT_D3F8] reussi. ID transaction: PP250430.0958.D93188, Montant Transaction: 12184 FCFA, Frais: 64.92 FCFA, Commission: 0 FCFA, Montant Net: 12248.92 FCFA, Nouveau Solde: 7569.8 FCFA."
USER_6,2025-05-06,09:43:45,OrangeMoney,transfert,OUT,5079.0,FCFA,2436.8,"Transfert de [USER_6_phone] [USER_6] vers [PHONE_1408] [CONTACT_4E94] reussi. ID transaction: PP250506.0943.C27630, Montant Transaction: 5079 FCFA, Frais: 54 FCFA, Commission: 0 FCFA, Montant Net: 5133 FCFA, Nouveau Solde: 2436.8 FCFA."
USER_6,2025-05-10,13:00:54,OrangeMoney,depot,IN,10000.0,FCFA,12436.8,"Depot effectue par [PHONE_7703] [CONTACT_D580] to [USER_6_phone] [USER_6]. Informations detaillees: Montant de transaction : 10000 FCFA, ID transaction : CI250510.1300.B20188, Frais : 0 FCFA, Commission : 0 FCFA, Montant Net du Credit : 10000 FCFA, Nouveau Solde : 12436.8 FCFA."
USER_6,2025-05-10,13:01:46,OrangeMoney,transfert,OUT,10000.0,FCFA,2382.8,"Transfert de [USER_6_phone] [USER_6] vers [PHONE_0261] [CONTACT_6794] reussi. ID transaction: PP250510.1301.C75956, Montant Transaction: 10000 FCFA, Frais: 54 FCFA, Commission: 0 FCFA, Montant Net: 10054 FCFA, Nouveau Solde: 2382.8 FCFA."
USER_6,2025-05-11,12:50:09,OrangeMoney,depot,IN,5000.0,FCFA,7382.8,"Depot effectue par [PHONE_5664] [CONTACT_7B9E] to [USER_6_phone] [USER_6]. Informations detaillees: Montant de transaction : 5000 FCFA, ID transaction : CI250511.1250.D43366, Frais : 0 FCFA, Commission : 0 FCFA, Montant Net du Credit : 5000 FCFA, Nouveau Solde : 7382.8 FCFA."
USER_6,2025-05-13,10:04:58,OrangeMoney,depot,IN,2000.0,FCFA,6382.8,"Depot effectue par [PHONE_6785] [CONTACT_F576] to [USER_6_phone] [USER_6]. Informations detaillees: Montant de transaction : 2000 FCFA, ID transaction : CI250513.1004.C81979, Frais : 0 FCFA, Commission : 0 FCFA, Montant Net du Credit : 2000 FCFA, Nouveau Solde : 6382.8 FCFA."
USER_6,2025-05-13,10:08:01,OrangeMoney,depot,IN,8000.0,FCFA,14382.8,"Depot effectue par [PHONE_6785] [CONTACT_F576] to [USER_6_phone] [USER_6]. Informations detaillees: Montant de transaction : 8000 FCFA, ID transaction : CI250513.1008.B85552, Frais : 0 FCFA, Commission : 0 FCFA, Montant Net du Credit : 8000 FCFA, Nouveau Solde : 14382.8 FCFA."
USER_6,2025-05-13,10:15:42,OrangeMoney,transfert,OUT,5079.0,FCFA,9249.8,"Transfert de [USER_6_phone] [USER_6] vers [PHONE_0747] [CONTACT_6B53] reussi. ID transaction: PP250513.1015.B35118, Montant Transaction: 5079 FCFA, Frais: 54 FCFA, Commission: 0 FCFA, Montant Net: 5133 FCFA, Nouveau Solde: 9249.8 FCFA."
USER_6,2025-05-17,08:29:03,OrangeMoney,transfert,OUT,2054.0,FCFA,3372.8,"Transfert de [USER_6_phone] [USER_6] vers [PHONE_1152] [CONTACT_3DCC] reussi. ID transaction: PP250517.0829.B69098, Montant Transaction: 2054 FCFA, Frais: 54 FCFA, Commission: 0 FCFA, Montant Net: 2108 FCFA, Nouveau Solde: 3372.8 FCFA."
USER_6,2025-05-18,16:47:40,OrangeMoney,transfert,OUT,5079.0,FCFA,8451.8,"Transfert de [PHONE_9183] [CONTACT_7FB6] vers [USER_6_phone] [USER_6] reussi. Details: ID transaction: PP250518.1647.D11520, Montant Transaction: 5079FCFA, Frais: 0 FCFA, Commission: 0 FCFA, Montant Net: 5079 FCFA, Nouveau Solde: 8451.8 FCFA."
USER_6,2025-05-18,16:53:36,OrangeMoney,transfert,OUT,5079.0,FCFA,3318.8,"Transfert de [USER_6_phone] [USER_6] vers [PHONE_4040] [CONTACT_A0CB] reussi. ID transaction: PP250518.1653.A20841, Montant Transaction: 5079 FCFA, Frais: 54 FCFA, Commission: 0 FCFA, Montant Net: 5133 FCFA, Nouveau Solde: 3318.8 FCFA."
USER_6,2025-05-22,11:49:14,OrangeMoney,depot,IN,50000.0,FCFA,53318.8,"Depot effectue par [PHONE_2953] [CONTACT_5EF4] to [USER_6_phone] [USER_6]. Informations detaillees: Montant de transaction : 50000 FCFA, ID transaction : CI250522.1149.B12251, Frais : 0 FCFA, Commission : 0 FCFA, Montant Net du Credit : 50000 FCFA, Nouveau Solde : 53318.8 FCFA."
USER_6,2025-05-22,11:59:44,OrangeMoney,transfert,OUT,36000.0,FCFA,17134.8,"Transfert de [USER_6_phone] [USER_6] vers [PHONE_9987] [CONTACT_2809] reussi. ID transaction: PP250522.1159.D79331, Montant Transaction: 36000 FCFA, Frais: 184 FCFA, Commission: 0 FCFA, Montant Net: 36184 FCFA, Nouveau Solde: 17134.8 FCFA."
USER_6,2025-05-22,18:43:04,OrangeMoney,transfert,OUT,3500.0,FCFA,5634.8,"Transfert de [PHONE_6640] [CONTACT_3141] vers [USER_6_phone] [USER_6] reussi. Details: ID transaction: PP250522.1842.B07490, Montant Transaction: 3500FCFA, Frais: 0 FCFA, Commission: 0 FCFA, Montant Net: 3500 FCFA, Nouveau Solde: 5634.8 FCFA."
USER_6,2025-05-22,19:24:04,OrangeMoney,retrait,OUT,2500.0,FCFA,3080.8,"Retrait d'argent reussi par le [PHONE_9916] avec le Code : 449679. Informations detaillees : Montant: 2500 FCFA, Frais: 54 FCFA, No de transaction CO250522.1923.B87093, montant net debite 2554 FCFA, Nouveau solde: 3080.8 FCFA."
USER_6,2025-05-30,12:59:50,OrangeMoney,depot,IN,500000.0,FCFA,500080.8,"Depot effectue par [PHONE_5681] [CONTACT_5E86] to [USER_6_phone] [USER_6]. Informations detaillees: Montant de transaction : 500000 FCFA, ID transaction : CI250530.1259.D53826, Frais : 0 FCFA, Commission : 0 FCFA, Montant Net du Credit : 500000 FCFA, Nouveau Solde : 500080.8 FCFA."
USER_6,2025-05-30,15:50:59,OrangeMoney,transfert,OUT,88500.0,FCFA,411134.3,"Transfert de [USER_6_phone] [USER_6] vers [PHONE_5178] [CONTACT_F2BE] reussi. ID transaction: PP250530.1550.C81670, Montant Transaction: 88500 FCFA, Frais: 446.5 FCFA, Commission: 0 FCFA, Montant Net: 88946.5 FCFA, Nouveau Solde: 411134.3 FCFA."
USER_6,2025-05-30,15:51:53,OrangeMoney,transfert,OUT,88500.0,FCFA,322187.8,"Transfert de [USER_6_phone] [USER_6] vers [PHONE_4202] [CONTACT_149A] reussi. ID transaction: PP250530.1551.A98886, Montant Transaction: 88500 FCFA, Frais: 446.5 FCFA, Commission: 0 FCFA, Montant Net: 88946.5 FCFA, Nouveau Solde: 322187.8 FCFA."
USER_6,2025-05-30,15:52:37,OrangeMoney,transfert,OUT,88500.0,FCFA,233241.3,"Transfert de [USER_6_phone] [USER_6] vers [PHONE_6480] [CONTACT_EC5B] reussi. ID transaction: PP250530.1552.C82803, Montant Transaction: 88500 FCFA, Frais: 446.5 FCFA, Commission: 0 FCFA, Montant Net: 88946.5 FCFA, Nouveau Solde: 233241.3 FCFA."
USER_6,2025-05-30,15:55:39,OrangeMoney,transfert,OUT,66500.0,FCFA,166404.8,"Transfert de [USER_6_phone] [USER_6] vers [PHONE_5016] [CONTACT_9874] reussi. ID transaction: PP250530.1555.C84876, Montant Transaction: 66500 FCFA, Frais: 336.5 FCFA, Commission: 0 FCFA, Montant Net: 66836.5 FCFA, Nouveau Solde: 166404.8 FCFA."
USER_6,2025-05-30,15:57:41,OrangeMoney,transfert,OUT,45000.0,FCFA,121175.8,"Transfert de [USER_6_phone] [USER_6] vers [PHONE_5736] [CONTACT_C8EF] reussi. ID transaction: PP250530.1557.A02809, Montant Transaction: 45000 FCFA, Frais: 229 FCFA, Commission: 0 FCFA, Montant Net: 45229 FCFA, Nouveau Solde: 121175.8 FCFA."
USER_6,2025-05-30,15:59:40,OrangeMoney,transfert,OUT,55829.0,FCFA,65063.66,"Transfert de [USER_6_phone] [USER_6] vers [PHONE_7656] [CONTACT_F02E] reussi. ID transaction: PP250530.1559.D94595, Montant Transaction: 55829 FCFA, Frais: 283.14 FCFA, Commission: 0 FCFA, Montant Net: 56112.14 FCFA, Nouveau Solde: 65063.66 FCFA."
USER_6,2025-05-30,16:04:13,OrangeMoney,transfert,OUT,10000.0,FCFA,55009.66,"Transfert de [USER_6_phone] [USER_6] vers [PHONE_5889] [CONTACT_1B00] reussi. ID transaction: PP250530.1604.B87354, Montant Transaction: 10000 FCFA, Frais: 54 FCFA, Commission: 0 FCFA, Montant Net: 10054 FCFA, Nouveau Solde: 55009.66 FCFA."
USER_6,2025-05-31,10:33:40,OrangeMoney,transfert,OUT,10154.0,FCFA,44800.89,"Transfert de [USER_6_phone] [USER_6] vers [PHONE_3585] [CONTACT_6DB5] reussi. ID transaction: PP250531.1033.A96189, Montant Transaction: 10154 FCFA, Frais: 54.77 FCFA, Commission: 0 FCFA, Montant Net: 10208.77 FCFA, Nouveau Solde: 44800.89 FCFA."
USER_6,2025-06-01,17:24:51,OrangeMoney,transfert,OUT,3054.0,FCFA,41692.89,"Transfert de [USER_6_phone] [USER_6] vers [PHONE_4040] [CONTACT_A0CB] reussi. ID transaction: PP250601.1724.C17460, Montant Transaction: 3054 FCFA, Frais: 54 FCFA, Commission: 0 FCFA, Montant Net: 3108 FCFA, Nouveau Solde: 41692.89 FCFA."
USER_6,2025-06-01,21:32:47,OrangeMoney,transfert,OUT,5079.0,FCFA,36559.89,"Transfert de [USER_6_phone] [USER_6] vers [PHONE_8171] [CONTACT_865E] reussi. ID transaction: PP250601.2120.B57818, Montant Transaction: 5079 FCFA, Frais: 54 FCFA, Commission: 0 FCFA, Montant Net: 5133 FCFA, Nouveau Solde: 36559.89 FCFA."
USER_6,2025-06-02,08:03:19,OrangeMoney,transfert,OUT,15000.0,FCFA,21480.89,"Transfert de [USER_6_phone] [USER_6] vers [PHONE_7810] [CONTACT_E63B] [USER_6] reussi. ID transaction: PP250602.0803.D54876, Montant Transaction: 15000 FCFA, Frais: 79 FCFA, Commission: 0 FCFA, Montant Net: 15079 FCFA, Nouveau Solde: 21480.89 FCFA."
USER_6,2025-06-02,15:46:35,OrangeMoney,depot,IN,35000.0,FCFA,56480.89,"Depot effectue par [PHONE_0911] [CONTACT_0D32] to [USER_6_phone] [USER_6]. Informations detaillees: Montant de transaction : 35000 FCFA, ID transaction : CI250602.1546.B94886, Frais : 0 FCFA, Commission : 0 FCFA, Montant Net du Credit : 35000 FCFA, Nouveau Solde : 56480.89 FCFA."
USER_6,2025-06-02,16:23:14,OrangeMoney,transfert,OUT,9000.0,FCFA,47426.89,"Transfert de [USER_6_phone] [USER_6] vers [PHONE_4202] [CONTACT_149A] reussi. ID transaction: PP250602.1623.C32055, Montant Transaction: 9000 FCFA, Frais: 54 FCFA, Commission: 0 FCFA, Montant Net: 9054 FCFA, Nouveau Solde: 47426.89 FCFA."
USER_6,2025-06-02,16:24:09,OrangeMoney,transfert,OUT,8000.0,FCFA,39372.89,"Transfert de [USER_6_phone] [USER_6] vers [PHONE_6480] [CONTACT_EC5B] reussi. ID transaction: PP250602.1624.B35436, Montant Transaction: 8000 FCFA, Frais: 54 FCFA, Commission: 0 FCFA, Montant Net: 8054 FCFA, Nouveau Solde: 39372.89 FCFA."
USER_6,2025-06-02,16:27:39,OrangeMoney,transfert,OUT,8000.0,FCFA,31318.89,"Transfert de [USER_6_phone] [USER_6] vers [PHONE_5016] [CONTACT_9874] reussi. ID transaction: PP250602.1627.B37790, Montant Transaction: 8000 FCFA, Frais: 54 FCFA, Commission: 0 FCFA, Montant Net: 8054 FCFA, Nouveau Solde: 31318.89 FCFA."
USER_6,2025-06-02,16:28:33,OrangeMoney,transfert,OUT,8000.0,FCFA,23264.89,"Transfert de [USER_6_phone] [USER_6] vers [PHONE_5178] [CONTACT_F2BE] reussi. ID transaction: PP250602.1628.B38424, Montant Transaction: 8000 FCFA, Frais: 54 FCFA, Commission: 0 FCFA, Montant Net: 8054 FCFA, Nouveau Solde: 23264.89 FCFA."
USER_6,2025-06-02,16:44:41,OrangeMoney,retrait,OUT,1600.0,FCFA,21610.89,"Retrait d'argent reussi par le [PHONE_3602] avec le Code : 145045. Informations detaillees : Montant: 1600 FCFA, Frais: 54 FCFA, No de transaction CO250602.1644.C60010, montant net debite 1654 FCFA, Nouveau solde: 21610.89 FCFA."
USER_6,2025-06-03,19:30:53,OrangeMoney,transfert,OUT,5000.0,FCFA,16556.89,"Transfert de [USER_6_phone] [USER_6] vers [PHONE_1980] [CONTACT_9064] reussi. ID transaction: PP250603.1930.B87182, Montant Transaction: 5000 FCFA, Frais: 54 FCFA, Commission: 0 FCFA, Montant Net: 5054 FCFA, Nouveau Solde: 16556.89 FCFA."
USER_6,2025-06-03,19:55:25,OrangeMoney,depot,IN,40546.0,FCFA,57102.89,"Depot effectue par [PHONE_1604] [CONTACT_7D2B] to [USER_6_phone] [USER_6]. Informations detaillees: Montant de transaction : 40546 FCFA, ID transaction : CI250603.1955.C77434, Frais : 0 FCFA, Commission : 0 FCFA, Montant Net du Credit : 40546 FCFA, Nouveau Solde : 57102.89 FCFA."
USER_6,2025-06-04,17:25:18,OrangeMoney,transfert,OUT,30454.0,FCFA,26492.62,"Transfert de [USER_6_phone] [USER_6] vers [PHONE_6576] [CONTACT_808D] reussi. ID transaction: PP250604.1725.D64237, Montant Transaction: 30454 FCFA, Frais: 156.27 FCFA, Commission: 0 FCFA, Montant Net: 30610.27 FCFA, Nouveau Solde: 26492.62 FCFA."
USER_6,2025-06-05,13:33:12,OrangeMoney,transfert,OUT,10000.0,FCFA,13438.62,"Transfert de [USER_6_phone] [USER_6] vers [PHONE_1408] [CONTACT_4E94] reussi. ID transaction: PP250605.1333.D02383, Montant Transaction: 10000 FCFA, Frais: 54 FCFA, Commission: 0 FCFA, Montant Net: 10054 FCFA, Nouveau Solde: 13438.62 FCFA."
USER_6,2025-06-07,15:40:27,OrangeMoney,transfert,OUT,5000.0,FCFA,8384.62,"Transfert de [USER_6_phone] [USER_6] vers [PHONE_3523] [CONTACT_C662] reussi. ID transaction: PP250607.1540.D05031, Montant Transaction: 5000 FCFA, Frais: 54 FCFA, Commission: 0 FCFA, Montant Net: 5054 FCFA, Nouveau Solde: 8384.62 FCFA."
USER_6,2025-06-08,19:25:25,OrangeMoney,transfert,OUT,6094.0,FCFA,2236.62,"Transfert de [USER_6_phone] [USER_6] vers [PHONE_4040] [CONTACT_A0CB] reussi. ID transaction: PP250608.1925.A66432, Montant Transaction: 6094 FCFA, Frais: 54 FCFA, Commission: 0 FCFA, Montant Net: 6148 FCFA, Nouveau Solde: 2236.62 FCFA."
USER_6,2025-06-10,07:22:56,OrangeMoney,transfert,OUT,15229.0,FCFA,17465.62,"Transfert de [PHONE_5169] [CONTACT_1ACA] vers [USER_6_phone] [USER_6] reussi. Details: ID transaction: PP250610.0722.A26517, Montant Transaction: 15229FCFA, Frais: 0 FCFA, Commission: 0 FCFA, Montant Net: 15229 FCFA, Nouveau Solde: 17465.62 FCFA."
USER_6,2025-06-10,15:47:27,OrangeMoney,transfert,OUT,12500.0,FCFA,4899.12,"Transfert de [USER_6_phone] [USER_6] vers [PHONE_4100] [CONTACT_1A63] reussi. ID transaction: PP250610.1547.C83030, Montant Transaction: 12500 FCFA, Frais: 66.5 FCFA, Commission: 0 FCFA, Montant Net: 12566.5 FCFA, Nouveau Solde: 4899.12 FCFA."
USER_6,2025-06-15,18:05:28,OrangeMoney,depot,IN,6000.0,FCFA,10899.12,"Depot effectue par [PHONE_1163] [CONTACT_FBC8] to [USER_6_phone] [USER_6]. Informations detaillees: Montant de transaction : 6000 FCFA, ID transaction : CI250615.1805.A89886, Frais : 0 FCFA, Commission : 0 FCFA, Montant Net du Credit : 6000 FCFA, Nouveau Solde : 10899.12 FCFA."
USER_6,2025-06-15,18:13:07,OrangeMoney,transfert,OUT,4000.0,FCFA,6845.12,"Transfert de [USER_6_phone] [USER_6] vers [PHONE_7093] [CONTACT_7E96] reussi. ID transaction: PP250615.1813.C87992, Montant Transaction: 4000 FCFA, Frais: 54 FCFA, Commission: 0 FCFA, Montant Net: 4054 FCFA, Nouveau Solde: 6845.12 FCFA."
USER_6,2025-06-15,18:16:04,OrangeMoney,transfert,OUT,3000.0,FCFA,3791.12,"Transfert de [USER_6_phone] [USER_6] vers [PHONE_4100] [CONTACT_1A63] reussi. ID transaction: PP250615.1816.A03136, Montant Transaction: 3000 FCFA, Frais: 54 FCFA, Commission: 0 FCFA, Montant Net: 3054 FCFA, Nouveau Solde: 3791.12 FCFA."
USER_6,2025-06-16,13:24:10,OrangeMoney,depot,IN,10000.0,FCFA,11841.12,"Depot effectue par [PHONE_5664] [CONTACT_7B9E] to [USER_6_phone] [USER_6]. Informations detaillees: Montant de transaction : 10000 FCFA, ID transaction : CI250616.1324.B37234, Frais : 0 FCFA, Commission : 0 FCFA, Montant Net du Credit : 10000 FCFA, Nouveau Solde : 11841.12 FCFA."
USER_6,2025-06-16,13:27:19,OrangeMoney,transfert,OUT,5000.0,FCFA,6787.12,"Transfert de [USER_6_phone] [USER_6] vers [PHONE_6220] [CONTACT_28F8] reussi. ID transaction: PP250616.1327.D56070, Montant Transaction: 5000 FCFA, Frais: 54 FCFA, Commission: 0 FCFA, Montant Net: 5054 FCFA, Nouveau Solde: 6787.12 FCFA."
USER_6,2025-06-16,14:48:30,OrangeMoney,transfert,OUT,3000.0,FCFA,3733.12,"Transfert de [USER_6_phone] [USER_6] vers [PHONE_1408] [CONTACT_4E94] reussi. ID transaction: PP250616.1448.A05567, Montant Transaction: 3000 FCFA, Frais: 54 FCFA, Commission: 0 FCFA, Montant Net: 3054 FCFA, Nouveau Solde: 3733.12 FCFA."
USER_6,2025-06-20,14:21:39,OrangeMoney,transfert,OUT,50000.0,FCFA,53733.12,"Transfert de [PHONE_1555] [CONTACT_2375] vers [USER_6_phone] [USER_6] reussi. Details: ID transaction: PP250620.1421.D85805, Montant Transaction: 50000FCFA, Frais: 0 FCFA, Commission: 0 FCFA, Montant Net: 50000 FCFA, Nouveau Solde: 53733.12 FCFA."
USER_6,2025-06-20,15:15:27,OrangeMoney,transfert,OUT,10000.0,FCFA,43679.12,"Transfert de [USER_6_phone] [USER_6] vers [PHONE_4100] [CONTACT_1A63] reussi. ID transaction: PP250620.1515.C08251, Montant Transaction: 10000 FCFA, Frais: 54 FCFA, Commission: 0 FCFA, Montant Net: 10054 FCFA, Nouveau Solde: 43679.12 FCFA."
USER_6,2025-06-20,16:52:29,OrangeMoney,transfert,OUT,5079.0,FCFA,38546.12,"Transfert de [USER_6_phone] [USER_6] vers [PHONE_0080] [CONTACT_E6EE] reussi. ID transaction: PP250620.1652.B74691, Montant Transaction: 5079 FCFA, Frais: 54 FCFA, Commission: 0 FCFA, Montant Net: 5133 FCFA, Nouveau Solde: 38546.12 FCFA."
USER_6,2025-06-24,14:13:16,OrangeMoney,transfert,OUT,5000.0,FCFA,30492.12,"Transfert de [USER_6_phone] [USER_6] vers [PHONE_1408] [CONTACT_4E94] reussi. ID transaction: PP250624.1413.B51017, Montant Transaction: 5000 FCFA, Frais: 54 FCFA, Commission: 0 FCFA, Montant Net: 5054 FCFA, Nouveau Solde: 30492.12 FCFA."
USER_6,2025-06-25,12:30:18,OrangeMoney,transfert,OUT,10000.0,FCFA,21982.12,"Transfert de [PHONE_3680] [CONTACT_284B] vers [USER_6_phone] [USER_6] reussi. Details: ID transaction: PP250625.1230.C13472, Montant Transaction: 10000FCFA, Frais: 0 FCFA, Commission: 0 FCFA, Montant Net: 10000 FCFA, Nouveau Solde: 21982.12 FCFA."
USER_6,2025-06-26,13:43:34,OrangeMoney,transfert,OUT,5000.0,FCFA,26982.12,"Transfert de [PHONE_9183] [CONTACT_7FB6] vers [USER_6_phone] [USER_6] reussi. Details: ID transaction: PP250626.1343.D16683, Montant Transaction: 5000FCFA, Frais: 0 FCFA, Commission: 0 FCFA, Montant Net: 5000 FCFA, Nouveau Solde: 26982.12 FCFA."
USER_6,2025-06-27,08:47:15,OrangeMoney,transfert,OUT,5079.0,FCFA,25511.12,"Transfert de [PHONE_4603] [CONTACT_7480] vers [USER_6_phone] [USER_6] reussi. Details: ID transaction: PP250627.0847.D07631, Montant Transaction: 5079FCFA, Frais: 0 FCFA, Commission: 0 FCFA, Montant Net: 5079 FCFA, Nouveau Solde: 25511.12 FCFA."
USER_6,2025-06-27,11:56:51,OrangeMoney,depot,IN,105000.0,FCFA,130511.12,"Depot effectue par [PHONE_5664] [CONTACT_7B9E] to [USER_6_phone] [USER_6]. Informations detaillees: Montant de transaction : 105000 FCFA, ID transaction : CI250627.1156.B60767, Frais : 0 FCFA, Commission : 0 FCFA, Montant Net du Credit : 105000 FCFA, Nouveau Solde : 130511.12 FCFA."
USER_6,2025-06-27,12:14:52,OrangeMoney,transfert,OUT,106579.0,FCFA,23395.23,"Transfert de [USER_6_phone] [USER_6] vers [PHONE_7656] [CONTACT_F02E] reussi. ID transaction: PP250627.1214.B29697, Montant Transaction: 106579 FCFA, Frais: 536.89 FCFA, Commission: 0 FCFA, Montant Net: 107115.89 FCFA, Nouveau Solde: 23395.23 FCFA."
USER_6,2025-06-27,21:30:42,OrangeMoney,transfert,OUT,5000.0,FCFA,18341.23,"Transfert de [USER_6_phone] [USER_6] vers [PHONE_4603] [CONTACT_7480] reussi. ID transaction: PP250627.2130.D04729, Montant Transaction: 5000 FCFA, Frais: 54 FCFA, Commission: 0 FCFA, Montant Net: 5054 FCFA, Nouveau Solde: 18341.23 FCFA."
USER_6,2025-06-28,12:11:57,OrangeMoney,transfert,OUT,324004.0,FCFA,342345.23,"Transfert de [PHONE_2787] [CONTACT_5B76] vers [USER_6_phone] [USER_6] reussi. Details: ID transaction: PP250628.1211.B29468, Montant Transaction: 324004FCFA, Frais: 0 FCFA, Commission: 0 FCFA, Montant Net: 324004 FCFA, Nouveau Solde: 342345.23 FCFA."
USER_6,2025-06-28,12:34:23,OrangeMoney,depot,IN,209000.0,FCFA,551345.23,"Depot effectue par [PHONE_9278] [CONTACT_E4EA] 2K TELECOM to [USER_6_phone] [USER_6]. Informations detaillees: Montant de transaction : 209000 FCFA, ID transaction : CI250628.1234.B28775, Frais : 0 FCFA, Commission : 0 FCFA, Montant Net du Credit : 209000 FCFA, Nouveau Solde : 551345.23 FCFA."
USER_6,2025-06-28,13:19:58,OrangeMoney,transfert,OUT,25000.0,FCFA,576345.23,"Transfert de [PHONE_7915] [CONTACT_7BAE] vers [USER_6_phone] [USER_6] reussi. Details: ID transaction: PP250628.1319.D82637, Montant Transaction: 25000FCFA, Frais: 0 FCFA, Commission: 0 FCFA, Montant Net: 25000 FCFA, Nouveau Solde: 576345.23 FCFA."
USER_6,2025-06-28,13:45:25,OrangeMoney,transfert,OUT,3000.0,FCFA,579345.23,"Transfert de [PHONE_2787] [CONTACT_5B76] vers [USER_6_phone] [USER_6] reussi. Details: ID transaction: PP250628.1345.B88676, Montant Transaction: 3000FCFA, Frais: 0 FCFA, Commission: 0 FCFA, Montant Net: 3000 FCFA, Nouveau Solde: 579345.23 FCFA."
USER_6,2025-06-30,10:53:57,OrangeMoney,retrait,OUT,500000.0,FCFA,75341.23,"Retrait d'argent reussi par le [PHONE_5664] avec le Code : 265687. Informations detaillees : Montant: 500000 FCFA, Frais: 4004 FCFA, No de transaction CO250630.1053.A79327, montant net debite 504004 FCFA, Nouveau solde: 75341.23 FCFA."
USER_6,2025-06-30,10:54:47,OrangeMoney,retrait,OUT,56000.0,FCFA,18497.23,"Retrait d'argent reussi par le [PHONE_5664] avec le Code : 265687. Informations detaillees : Montant: 56000 FCFA, Frais: 844 FCFA, No de transaction CO250630.1054.A79801, montant net debite 56844 FCFA, Nouveau solde: 18497.23 FCFA."
USER_6,2025-07-01,09:18:18,OrangeMoney,transfert,OUT,10000.0,FCFA,8443.23,"Transfert de [USER_6_phone] [USER_6] vers [PHONE_3523] [CONTACT_C662] reussi. ID transaction: PP250701.0918.A15582, Montant Transaction: 10000 FCFA, Frais: 54 FCFA, Commission: 0 FCFA, Montant Net: 10054 FCFA, Nouveau Solde: 8443.23 FCFA."
USER_6,2025-07-02,12:41:43,OrangeMoney,transfert,OUT,3000.0,FCFA,5389.23,"Transfert de [USER_6_phone] [USER_6] vers [PHONE_7981] [CONTACT_7C97] reussi. ID transaction: PP250702.1240.B87983, Montant Transaction: 3000 FCFA, Frais: 54 FCFA, Commission: 0 FCFA, Montant Net: 3054 FCFA, Nouveau Solde: 5389.23 FCFA."
USER_6,2025-07-04,13:24:43,OrangeMoney,depot,IN,50840.0,FCFA,56229.23,"Depot effectue par [PHONE_1604] [CONTACT_7D2B] to [USER_6_phone] [USER_6]. Informations detaillees: Montant de transaction : 50840 FCFA, ID transaction : CI250704.1324.D32866, Frais : 0 FCFA, Commission : 0 FCFA, Montant Net du Credit : 50840 FCFA, Nouveau Solde : 56229.23 FCFA."
USER_6,2025-07-04,18:14:20,OrangeMoney,transfert,OUT,2500.0,FCFA,53729.23,"Transfert de [PHONE_0125] [CONTACT_D8AE] vers [USER_6_phone] [USER_6] reussi. Details: ID transaction: PP250704.1814.C21995, Montant Transaction: 2500FCFA, Frais: 0 FCFA, Commission: 0 FCFA, Montant Net: 2500 FCFA, Nouveau Solde: 53729.23 FCFA."
USER_6,2025-07-05,17:42:55,OrangeMoney,transfert,OUT,6000.0,FCFA,44675.23,"Transfert de [USER_6_phone] [USER_6] vers [PHONE_1408] [CONTACT_4E94] reussi. ID transaction: PP250705.1742.D01746, Montant Transaction: 6000 FCFA, Frais: 54 FCFA, Commission: 0 FCFA, Montant Net: 6054 FCFA, Nouveau Solde: 44675.23 FCFA."
USER_6,2025-07-06,18:57:27,OrangeMoney,transfert,OUT,5079.0,FCFA,19542.23,"Transfert de [USER_6_phone] [USER_6] vers [PHONE_4080] [CONTACT_E5E1] reussi. ID transaction: PP250706.1857.B98351, Montant Transaction: 5079 FCFA, Frais: 54 FCFA, Commission: 0 FCFA, Montant Net: 5133 FCFA, Nouveau Solde: 19542.23 FCFA."
USER_6,2025-07-09,14:46:15,OrangeMoney,transfert,OUT,3054.0,FCFA,20050.23,"Transfert de [PHONE_9183] [CONTACT_7FB6] vers [USER_6_phone] [USER_6] reussi. Details: ID transaction: PP250709.1445.B73914, Montant Transaction: 3054FCFA, Frais: 0 FCFA, Commission: 0 FCFA, Montant Net: 3054 FCFA, Nouveau Solde: 20050.23 FCFA."
USER_6,2025-07-09,15:04:57,OrangeMoney,transfert,OUT,5000.0,FCFA,14996.23,"Transfert de [USER_6_phone] [USER_6] vers [PHONE_4100] [CONTACT_1A63] reussi. ID transaction: PP250709.1504.C85449, Montant Transaction: 5000 FCFA, Frais: 54 FCFA, Commission: 0 FCFA, Montant Net: 5054 FCFA, Nouveau Solde: 14996.23 FCFA."
USER_6,2025-07-09,15:06:01,OrangeMoney,transfert,OUT,5000.0,FCFA,9942.23,"Transfert de [USER_6_phone] [USER_6] vers [PHONE_3707] [CONTACT_3AB3] reussi. ID transaction: PP250709.1505.B86437, Montant Transaction: 5000 FCFA, Frais: 54 FCFA, Commission: 0 FCFA, Montant Net: 5054 FCFA, Nouveau Solde: 9942.23 FCFA."
USER_6,2025-07-10,15:54:39,OrangeMoney,transfert,OUT,172554.0,FCFA,182496.23,"Transfert de [PHONE_9556] [CONTACT_4E94] [USER_6] vers [USER_6_phone] [USER_6] reussi. Details: ID transaction: PP250710.1554.C51377, Montant Transaction: 172554FCFA, Frais: 0 FCFA, Commission: 0 FCFA, Montant Net: 172554 FCFA, Nouveau Solde: 182496.23 FCFA."
USER_6,2025-07-11,16:24:25,OrangeMoney,transfert,OUT,5000.0,FCFA,167442.23,"Transfert de [USER_6_phone] [USER_6] vers [PHONE_1408] [CONTACT_4E94] reussi. ID transaction: PP250711.1624.C58521, Montant Transaction: 5000 FCFA, Frais: 54 FCFA, Commission: 0 FCFA, Montant Net: 5054 FCFA, Nouveau Solde: 167442.23 FCFA."
USER_6,2025-07-12,14:46:40,OrangeMoney,transfert,OUT,5000.0,FCFA,162388.23,"Transfert de [USER_6_phone] [USER_6] vers [PHONE_8183] [CONTACT_9841] reussi. ID transaction: PP250712.1446.B84509, Montant Transaction: 5000 FCFA, Frais: 54 FCFA, Commission: 0 FCFA, Montant Net: 5054 FCFA, Nouveau Solde: 162388.23 FCFA."
USER_6,2025-07-12,16:05:33,OrangeMoney,retrait,OUT,150000.0,FCFA,10134.23,"Retrait d'argent reussi par le [PHONE_5664] avec le Code : 265687. Informations detaillees : Montant: 150000 FCFA, Frais: 2254 FCFA, No de transaction CO250712.1604.C77290, montant net debite 152254 FCFA, Nouveau solde: 10134.23 FCFA."
USER_6,2025-07-13,21:21:32,OrangeMoney,transfert,OUT,2000.0,FCFA,8080.23,"Transfert de [USER_6_phone] [USER_6] vers [PHONE_7093] [CONTACT_7E96] reussi. ID transaction: PP250713.2120.C39000, Montant Transaction: 2000 FCFA, Frais: 54 FCFA, Commission: 0 FCFA, Montant Net: 2054 FCFA, Nouveau Solde: 8080.23 FCFA."
USER_6,2025-07-14,12:01:27,OrangeMoney,depot,IN,10000.0,FCFA,13026.23,"Depot effectue par [PHONE_5664] [CONTACT_7B9E] to [USER_6_phone] [USER_6]. Informations detaillees: Montant de transaction : 10000 FCFA, ID transaction : CI250714.1201.A60234, Frais : 0 FCFA, Commission : 0 FCFA, Montant Net du Credit : 10000 FCFA, Nouveau Solde : 13026.23 FCFA."
USER_6,2025-07-14,12:02:29,OrangeMoney,depot,IN,10000.0,FCFA,13026.23,"Depot effectue par [PHONE_5664] [CONTACT_7B9E] to [USER_6_phone] [USER_6]. Informations detaillees: Montant de transaction : 10000 FCFA, ID transaction : CI250714.1201.A60234, Frais : 0 FCFA, Commission : 0 FCFA, Montant Net du Credit : 10000 FCFA, Nouveau Solde : 13026.23 FCFA."
USER_6,2025-07-15,13:57:26,OrangeMoney,transfert,OUT,10000.0,FCFA,2972.23,"Transfert de [USER_6_phone] [USER_6] vers [PHONE_3523] [CONTACT_C662] reussi. ID transaction: PP250715.1357.A50169, Montant Transaction: 10000 FCFA, Frais: 54 FCFA, Commission: 0 FCFA, Montant Net: 10054 FCFA, Nouveau Solde: 2972.23 FCFA."
USER_6,2025-07-17,15:59:14,OrangeMoney,depot,IN,70000.0,FCFA,72972.23,"Depot effectue par [PHONE_1729] [CONTACT_E2A1] to [USER_6_phone] [USER_6]. Informations detaillees: Montant de transaction : 70000 FCFA, ID transaction : CI250717.1559.B04978, Frais : 0 FCFA, Commission : 0 FCFA, Montant Net du Credit : 70000 FCFA, Nouveau Solde : 72972.23 FCFA."
USER_6,2025-07-17,17:00:03,OrangeMoney,transfert,OUT,35529.0,FCFA,37261.59,"Transfert de [USER_6_phone] [USER_6] vers [PHONE_7810] [CONTACT_E63B] [USER_6] reussi. ID transaction: PP250717.1700.D00537, Montant Transaction: 35529 FCFA, Frais: 181.64 FCFA, Commission: 0 FCFA, Montant Net: 35710.64 FCFA, Nouveau Solde: 37261.59 FCFA."
USER_6,2025-07-18,13:38:37,OrangeMoney,transfert,OUT,13000.0,FCFA,21192.59,"Transfert de [USER_6_phone] [USER_6] vers [PHONE_6220] [CONTACT_28F8] reussi. ID transaction: PP250718.1338.B99438, Montant Transaction: 13000 FCFA, Frais: 69 FCFA, Commission: 0 FCFA, Montant Net: 13069 FCFA, Nouveau Solde: 21192.59 FCFA."
USER_6,2025-07-24,09:46:31,OrangeMoney,transfert,OUT,5100.0,FCFA,25992.59,"Transfert de [PHONE_0125] [CONTACT_D8AE] vers [USER_6_phone] [USER_6] reussi. Details: ID transaction: PP250724.0946.B77038, Montant Transaction: 5100FCFA, Frais: 0 FCFA, Commission: 0 FCFA, Montant Net: 5100 FCFA, Nouveau Solde: 25992.59 FCFA."
USER_6,2025-07-25,16:51:23,OrangeMoney,transfert,OUT,6000.0,FCFA,19938.59,"Transfert de [USER_6_phone] [USER_6] vers [PHONE_1692] [CONTACT_B7C2] reussi. ID transaction: PP250725.1651.C75209, Montant Transaction: 6000 FCFA, Frais: 54 FCFA, Commission: 0 FCFA, Montant Net: 6054 FCFA, Nouveau Solde: 19938.59 FCFA."
USER_6,2025-07-27,18:09:30,OrangeMoney,transfert,OUT,3054.0,FCFA,16830.59,"Transfert de [USER_6_phone] [USER_6] vers [PHONE_4080] [CONTACT_E5E1] reussi. ID transaction: PP250727.1809.C47188, Montant Transaction: 3054 FCFA, Frais: 54 FCFA, Commission: 0 FCFA, Montant Net: 3108 FCFA, Nouveau Solde: 16830.59 FCFA."
USER_6,2025-07-30,11:40:00,OrangeMoney,depot,IN,5000.0,FCFA,21830.59,"Depot effectue par [PHONE_4038] [CONTACT_CE85] to [USER_6_phone] [USER_6]. Informations detaillees: Montant de transaction : 5000 FCFA, ID transaction : CI250730.1139.B53477, Frais : 0 FCFA, Commission : 0 FCFA, Montant Net du Credit : 5000 FCFA, Nouveau Solde : 21830.59 FCFA."
USER_6,2025-07-30,17:47:30,OrangeMoney,transfert,OUT,10000.0,FCFA,31830.59,"Transfert de [PHONE_2478] [CONTACT_75FC] vers [USER_6_phone] [USER_6] reussi. Details: ID transaction: PP250730.1747.C45680, Montant Transaction: 10000FCFA, Frais: 0 FCFA, Commission: 0 FCFA, Montant Net: 10000 FCFA, Nouveau Solde: 31830.59 FCFA."
USER_6,2025-07-31,15:17:11,OrangeMoney,transfert,OUT,3054.0,FCFA,28722.59,"Transfert de [USER_6_phone] [USER_6] vers [PHONE_0747] [CONTACT_6B53] reussi. ID transaction: PP250731.1517.A01828, Montant Transaction: 3054 FCFA, Frais: 54 FCFA, Commission: 0 FCFA, Montant Net: 3108 FCFA, Nouveau Solde: 28722.59 FCFA."
USER_6,2025-08-02,09:01:25,OrangeMoney,transfert,OUT,10154.0,FCFA,18513.82,"Transfert de [USER_6_phone] [USER_6] vers [PHONE_0811] [CONTACT_26CA] reussi. ID transaction: PP250802.0901.D19809, Montant Transaction: 10154 FCFA, Frais: 54.77 FCFA, Commission: 0 FCFA, Montant Net: 10208.77 FCFA, Nouveau Solde: 18513.82 FCFA."
USER_6,2025-08-03,18:20:03,OrangeMoney,transfert,OUT,5079.0,FCFA,9880.82,"Transfert de [USER_6_phone] [USER_6] vers [PHONE_4040] [CONTACT_A0CB] reussi. ID transaction: PP250803.1820.D78613, Montant Transaction: 5079 FCFA, Frais: 54 FCFA, Commission: 0 FCFA, Montant Net: 5133 FCFA, Nouveau Solde: 9880.82 FCFA."
USER_6,2025-08-07,10:49:33,OrangeMoney,depot,IN,25000.0,FCFA,34880.82,"Depot effectue par [PHONE_4897] [CONTACT_6C17] to [USER_6_phone] [USER_6]. Informations detaillees: Montant de transaction : 25000 FCFA, ID transaction : CI250807.1049.D60121, Frais : 0 FCFA, Commission : 0 FCFA, Montant Net du Credit : 25000 FCFA, Nouveau Solde : 34880.82 FCFA."
USER_6,2025-08-07,11:12:33,OrangeMoney,transfert,OUT,25000.0,FCFA,9751.82,"Transfert de [USER_6_phone] [USER_6] vers [PHONE_2614] [CONTACT_9127] reussi. ID transaction: PP250807.1112.B46289, Montant Transaction: 25000 FCFA, Frais: 129 FCFA, Commission: 0 FCFA, Montant Net: 25129 FCFA, Nouveau Solde: 9751.82 FCFA."
USER_6,2025-08-07,19:46:40,OrangeMoney,transfert,OUT,30000.0,FCFA,35751.82,"Transfert de [PHONE_5623] [CONTACT_666B] vers [USER_6_phone] [USER_6] reussi. Details: ID transaction: PP250807.1946.D73050, Montant Transaction: 30000FCFA, Frais: 0 FCFA, Commission: 0 FCFA, Montant Net: 30000 FCFA, Nouveau Solde: 35751.82 FCFA."
USER_6,2025-08-07,19:48:20,OrangeMoney,transfert,OUT,30454.0,FCFA,5141.55,"Transfert de [USER_6_phone] [USER_6] vers [PHONE_6576] [CONTACT_808D] reussi. ID transaction: PP250807.1948.A73146, Montant Transaction: 30454 FCFA, Frais: 156.27 FCFA, Commission: 0 FCFA, Montant Net: 30610.27 FCFA, Nouveau Solde: 5141.55 FCFA."
USER_6,2025-08-15,09:06:20,OrangeMoney,depot,IN,15000.0,FCFA,17141.55,"Depot effectue par [PHONE_1320] [CONTACT_1FE8] to [USER_6_phone] [USER_6]. Informations detaillees: Montant de transaction : 15000 FCFA, ID transaction : CI250815.0906.A44920, Frais : 0 FCFA, Commission : 0 FCFA, Montant Net du Credit : 15000 FCFA, Nouveau Solde : 17141.55 FCFA."
USER_6,2025-08-15,09:36:36,OrangeMoney,transfert,OUT,10000.0,FCFA,7087.55,"Transfert de [USER_6_phone] [USER_6] vers [PHONE_1408] [CONTACT_4E94] reussi. ID transaction: PP250815.0936.B73932, Montant Transaction: 10000 FCFA, Frais: 54 FCFA, Commission: 0 FCFA, Montant Net: 10054 FCFA, Nouveau Solde: 7087.55 FCFA."
USER_6,2025-08-24,14:25:47,OrangeMoney,depot,IN,15000.0,FCFA,16299.55,"Depot effectue par [PHONE_9070] [CONTACT_12BC] to [USER_6_phone] [USER_6]. Informations detaillees: Montant de transaction : 15000 FCFA, ID transaction : CI250824.1425.A41850, Frais : 0 FCFA, Commission : 0 FCFA, Montant Net du Credit : 15000 FCFA, Nouveau Solde : 16299.55 FCFA."
USER_6,2025-08-24,15:24:31,OrangeMoney,transfert,OUT,5079.0,FCFA,21378.55,"Transfert de [PHONE_9183] [CONTACT_7FB6] vers [USER_6_phone] [USER_6] reussi. Details: ID transaction: PP250824.1524.D01115, Montant Transaction: 5079FCFA, Frais: 0 FCFA, Commission: 0 FCFA, Montant Net: 5079 FCFA, Nouveau Solde: 21378.55 FCFA."
USER_6,2025-08-24,15:56:09,OrangeMoney,transfert,OUT,5000.0,FCFA,26378.55,"Transfert de [PHONE_9183] [CONTACT_7FB6] vers [USER_6_phone] [USER_6] reussi. Details: ID transaction: PP250824.1556.B05283, Montant Transaction: 5000FCFA, Frais: 0 FCFA, Commission: 0 FCFA, Montant Net: 5000 FCFA, Nouveau Solde: 26378.55 FCFA."
USER_6,2025-08-24,17:44:01,OrangeMoney,transfert,OUT,5079.0,FCFA,21245.55,"Transfert de [USER_6_phone] [USER_6] vers [PHONE_4040] [CONTACT_A0CB] reussi. ID transaction: PP250824.1743.C62852, Montant Transaction: 5079 FCFA, Frais: 54 FCFA, Commission: 0 FCFA, Montant Net: 5133 FCFA, Nouveau Solde: 21245.55 FCFA."
USER_6,2025-08-24,20:19:48,OrangeMoney,transfert,OUT,15000.0,FCFA,36245.55,"Transfert de [PHONE_0007] [CONTACT_B53D] vers [USER_6_phone] [USER_6] reussi. Details: ID transaction: PP250824.2019.B49290, Montant Transaction: 15000FCFA, Frais: 0 FCFA, Commission: 0 FCFA, Montant Net: 15000 FCFA, Nouveau Solde: 36245.55 FCFA."
USER_6,2025-08-27,11:23:02,OrangeMoney,depot,IN,30000.0,FCFA,40874.55,"Depot effectue par [PHONE_5664] [CONTACT_7B9E] to [USER_6_phone] [USER_6]. Informations detaillees: Montant de transaction : 30000 FCFA, ID transaction : CI250827.1121.D43378, Frais : 0 FCFA, Commission : 0 FCFA, Montant Net du Credit : 30000 FCFA, Nouveau Solde : 40874.55 FCFA."
USER_6,2025-08-27,13:58:13,OrangeMoney,transfert,OUT,15229.0,FCFA,25565.41,"Transfert de [USER_6_phone] [USER_6] vers [PHONE_0811] [CONTACT_26CA] reussi. ID transaction: PP250827.1358.A17595, Montant Transaction: 15229 FCFA, Frais: 80.14 FCFA, Commission: 0 FCFA, Montant Net: 15309.14 FCFA, Nouveau Solde: 25565.41 FCFA."
USER_6,2025-08-30,10:56:08,OrangeMoney,transfert,OUT,5079.0,FCFA,3864.41,"Transfert de [USER_6_phone] [USER_6] vers [PHONE_0811] [CONTACT_26CA] reussi. ID transaction: PP250830.1056.D14724, Montant Transaction: 5079 FCFA, Frais: 54 FCFA, Commission: 0 FCFA, Montant Net: 5133 FCFA, Nouveau Solde: 3864.41 FCFA."
USER_6,2025-09-02,06:31:52,OrangeMoney,transfert,IN,20002000056046.0,XAF,10864.41,"Vous avez recu avec succes 10000 FCFA de 0020002000056046XAF. Votre nouveau solde est de 10864.41 FCFA, Reference de transaction: CI250902.0631.D51386 Orange Money vous remercie."
USER_6,2025-09-03,16:12:51,OrangeMoney,transfert,OUT,2054.0,FCFA,4256.41,"Transfert de [USER_6_phone] [USER_6] vers [PHONE_4823] [CONTACT_1CC8] reussi. ID transaction: PP250903.1612.B58800, Montant Transaction: 2054 FCFA, Frais: 54 FCFA, Commission: 0 FCFA, Montant Net: 2108 FCFA, Nouveau Solde: 4256.41 FCFA."
USER_6,2025-09-04,11:14:32,OrangeMoney,transfert,OUT,3500.0,FCFA,702.41,"Transfert de [USER_6_phone] [USER_6] vers [PHONE_0747] [CONTACT_6B53] reussi. ID transaction: PP250904.1114.B37292, Montant Transaction: 3500 FCFA, Frais: 54 FCFA, Commission: 0 FCFA, Montant Net: 3554 FCFA, Nouveau Solde: 702.41 FCFA."
USER_6,2025-09-04,13:32:56,OrangeMoney,depot,IN,15000.0,FCFA,15702.41,"Depot effectue par [PHONE_9669] [CONTACT_C753] to [USER_6_phone] [USER_6]. Informations detaillees: Montant de transaction : 15000 FCFA, ID transaction : CI250904.1332.C29011, Frais : 0 FCFA, Commission : 0 FCFA, Montant Net du Credit : 15000 FCFA, Nouveau Solde : 15702.41 FCFA."
USER_6,2025-09-04,13:50:48,OrangeMoney,transfert,OUT,10000.0,FCFA,5648.41,"Transfert de [USER_6_phone] [USER_6] vers [PHONE_1408] [CONTACT_4E94] reussi. ID transaction: PP250904.1350.B39799, Montant Transaction: 10000 FCFA, Frais: 54 FCFA, Commission: 0 FCFA, Montant Net: 10054 FCFA, Nouveau Solde: 5648.41 FCFA."
USER_6,2025-09-14,16:06:56,OrangeMoney,transfert,OUT,5079.0,FCFA,515.41,"Transfert de [USER_6_phone] [USER_6] vers [PHONE_4080] [CONTACT_E5E1] reussi. ID transaction: PP250914.1510.B88176, Montant Transaction: 5079 FCFA, Frais: 54 FCFA, Commission: 0 FCFA, Montant Net: 5133 FCFA, Nouveau Solde: 515.41 FCFA."
USER_6,2025-09-15,10:35:45,OrangeMoney,transfert,OUT,35000.0,FCFA,35515.41,"Transfert de [PHONE_8099] [CONTACT_9AA4] vers [USER_6_phone] [USER_6] reussi. Details: ID transaction: PP250915.1035.B51654, Montant Transaction: 35000FCFA, Frais: 0 FCFA, Commission: 0 FCFA, Montant Net: 35000 FCFA, Nouveau Solde: 35515.41 FCFA."
USER_6,2025-09-15,17:47:50,OrangeMoney,transfert,OUT,5000.0,FCFA,30461.41,"Transfert de [USER_6_phone] [USER_6] vers [PHONE_1358] [CONTACT_9408] reussi. ID transaction: PP250915.1747.C14523, Montant Transaction: 5000 FCFA, Frais: 54 FCFA, Commission: 0 FCFA, Montant Net: 5054 FCFA, Nouveau Solde: 30461.41 FCFA."
USER_6,2025-09-19,17:46:15,OrangeMoney,depot,IN,20000.0,FCFA,21456.41,"Depot effectue par [PHONE_5664] [CONTACT_7B9E] to [USER_6_phone] [USER_6]. Informations detaillees: Montant de transaction : 20000 FCFA, ID transaction : CI250919.1746.B05490, Frais : 0 FCFA, Commission : 0 FCFA, Montant Net du Credit : 20000 FCFA, Nouveau Solde : 21456.41 FCFA."
USER_6,2025-09-19,17:51:49,OrangeMoney,transfert,OUT,10000.0,FCFA,11402.41,"Transfert de [USER_6_phone] [USER_6] vers [PHONE_3523] [CONTACT_C662] reussi. ID transaction: PP250919.1751.C06523, Montant Transaction: 10000 FCFA, Frais: 54 FCFA, Commission: 0 FCFA, Montant Net: 10054 FCFA, Nouveau Solde: 11402.41 FCFA."
USER_6,2025-09-20,12:23:23,OrangeMoney,transfert,OUT,1054.0,FCFA,12456.41,"Transfert de [PHONE_9009] [CONTACT_712C] vers [USER_6_phone] [USER_6] reussi. Details: ID transaction: PP250920.1223.C50227, Montant Transaction: 1054FCFA, Frais: 0 FCFA, Commission: 0 FCFA, Montant Net: 1054 FCFA, Nouveau Solde: 12456.41 FCFA."
USER_6,2025-09-20,13:01:26,OrangeMoney,transfert,OUT,2054.0,FCFA,10348.41,"Transfert de [USER_6_phone] [USER_6] vers [PHONE_5889] [CONTACT_1B00] reussi. ID transaction: PP250920.1301.C73806, Montant Transaction: 2054 FCFA, Frais: 54 FCFA, Commission: 0 FCFA, Montant Net: 2108 FCFA, Nouveau Solde: 10348.41 FCFA."
USER_6,2025-09-22,14:29:15,OrangeMoney,transfert,OUT,5079.0,FCFA,5215.41,"Transfert de [USER_6_phone] [USER_6] vers [PHONE_1877] [CONTACT_B263] reussi. ID transaction: PP250922.1429.A73973, Montant Transaction: 5079 FCFA, Frais: 54 FCFA, Commission: 0 FCFA, Montant Net: 5133 FCFA, Nouveau Solde: 5215.41 FCFA."
USER_6,2025-09-26,09:14:45,OrangeMoney,transfert,OUT,63441.5,FCFA,68656.91,"Transfert de [PHONE_4069] [CONTACT_3C30] vers [USER_6_phone] [USER_6] reussi. Details: ID transaction: PP250926.0914.C99356, Montant Transaction: 63441.5FCFA, Frais: 0 FCFA, Commission: 0 FCFA, Montant Net: 63441.5 FCFA, Nouveau Solde: 68656.91 FCFA."
USER_6,2025-09-26,17:11:35,OrangeMoney,transfert,IN,20002000056046.0,XAF,128656.91,"Vous avez recu avec succes 60000 FCFA de 0020002000056046XAF. Votre nouveau solde est de 128656.91 FCFA, Reference de transaction: CI250926.1711.A86337 Orange Money vous remercie."
USER_6,2025-09-26,19:09:44,OrangeMoney,transfert,OUT,101504.0,FCFA,26641.39,"Transfert de [USER_6_phone] [USER_6] vers [PHONE_6156] [CONTACT_8A31] reussi. ID transaction: PP250926.1909.D82162, Montant Transaction: 101504 FCFA, Frais: 511.52 FCFA, Commission: 0 FCFA, Montant Net: 102015.52 FCFA, Nouveau Solde: 26641.39 FCFA."
USER_6,2025-09-27,09:14:15,OrangeMoney,depot,IN,65000.0,FCFA,91641.39,"Depot effectue par [PHONE_0181] [CONTACT_76DD] to [USER_6_phone] [USER_6]. Informations detaillees: Montant de transaction : 65000 FCFA, ID transaction : CI250927.0914.A22062, Frais : 0 FCFA, Commission : 0 FCFA, Montant Net du Credit : 65000 FCFA, Nouveau Solde : 91641.39 FCFA."
USER_6,2025-09-27,09:21:24,OrangeMoney,transfert,OUT,76129.0,FCFA,15127.75,"Transfert de [USER_6_phone] [USER_6] vers [PHONE_6156] [CONTACT_8A31] reussi. ID transaction: PP250927.0921.B91171, Montant Transaction: 76129 FCFA, Frais: 384.64 FCFA, Commission: 0 FCFA, Montant Net: 76513.64 FCFA, Nouveau Solde: 15127.75 FCFA."
USER_6,2025-09-27,16:31:41,OrangeMoney,transfert,OUT,76000.0,FCFA,91127.75,"Transfert de [PHONE_1629] [CONTACT_2A3A] vers [USER_6_phone] [USER_6] reussi. Details: ID transaction: PP250927.1631.B67300, Montant Transaction: 76000FCFA, Frais: 0 FCFA, Commission: 0 FCFA, Montant Net: 76000 FCFA, Nouveau Solde: 91127.75 FCFA."
USER_6,2025-09-27,16:59:14,OrangeMoney,retrait,OUT,14000.0,FCFA,76913.75,"Retrait d'argent reussi par le [PHONE_7555] avec le Code : 453324. Informations detaillees : Montant: 14000 FCFA, Frais: 214 FCFA, No de transaction CO250927.1659.B15265, montant net debite 14214 FCFA, Nouveau solde: 76913.75 FCFA."
USER_6,2025-09-28,06:39:04,OrangeMoney,transfert,OUT,10000.0,FCFA,66859.75,"Transfert de [USER_6_phone] [USER_6] vers [PHONE_1408] [CONTACT_4E94] reussi. ID transaction: PP250928.0639.B23176, Montant Transaction: 10000 FCFA, Frais: 54 FCFA, Commission: 0 FCFA, Montant Net: 10054 FCFA, Nouveau Solde: 66859.75 FCFA."
USER_6,2025-09-28,17:02:35,OrangeMoney,retrait,OUT,20000.0,FCFA,46555.75,"Retrait d'argent reussi par le [PHONE_9689] avec le Code : 266106. Informations detaillees : Montant: 20000 FCFA, Frais: 304 FCFA, No de transaction CO250928.1702.A45404, montant net debite 20304 FCFA, Nouveau solde: 46555.75 FCFA."
USER_6,2025-09-29,17:26:49,OrangeMoney,transfert,OUT,10154.0,FCFA,56709.75,"Transfert de [PHONE_4069] [CONTACT_3C30] vers [USER_6_phone] [USER_6] reussi. Details: ID transaction: PP250929.1723.C05150, Montant Transaction: 10154FCFA, Frais: 0 FCFA, Commission: 0 FCFA, Montant Net: 10154 FCFA, Nouveau Solde: 56709.75 FCFA."
USER_6,2025-09-30,17:13:51,OrangeMoney,depot,IN,15000.0,FCFA,65709.75,"Depot effectue par [PHONE_9093] [CONTACT_217B] to [USER_6_phone] [USER_6]. Informations detaillees: Montant de transaction : 15000 FCFA, ID transaction : CI250930.1713.A06705, Frais : 0 FCFA, Commission : 0 FCFA, Montant Net du Credit : 15000 FCFA, Nouveau Solde : 65709.75 FCFA."
USER_6,2025-10-01,08:40:57,OrangeMoney,transfert,OUT,5079.0,FCFA,60576.75,"Transfert de [USER_6_phone] [USER_6] vers [PHONE_1358] [CONTACT_9408] reussi. ID transaction: PP251001.0840.D69409, Montant Transaction: 5079 FCFA, Frais: 54 FCFA, Commission: 0 FCFA, Montant Net: 5133 FCFA, Nouveau Solde: 60576.75 FCFA."
USER_6,2025-10-01,12:18:16,OrangeMoney,transfert,OUT,36544.0,FCFA,97120.75,"Transfert de [PHONE_5169] [CONTACT_1ACA] vers [USER_6_phone] [USER_6] reussi. Details: ID transaction: PP251001.1200.C40763, Montant Transaction: 36544FCFA, Frais: 0 FCFA, Commission: 0 FCFA, Montant Net: 36544 FCFA, Nouveau Solde: 97120.75 FCFA."
USER_6,2025-10-01,15:16:23,OrangeMoney,retrait,OUT,50000.0,FCFA,46366.75,"Retrait d'argent reussi par le [PHONE_1729] avec le Code : 255419. Informations detaillees : Montant: 50000 FCFA, Frais: 754 FCFA, No de transaction CO251001.1516.C80068, montant net debite 50754 FCFA, Nouveau solde: 46366.75 FCFA."
USER_6,2025-10-01,22:00:47,OrangeMoney,transfert,OUT,5079.0,FCFA,41233.75,"Transfert de [USER_6_phone] [USER_6] vers [PHONE_8571] [CONTACT_9ECF] reussi. ID transaction: PP251001.2200.C03404, Montant Transaction: 5079 FCFA, Frais: 54 FCFA, Commission: 0 FCFA, Montant Net: 5133 FCFA, Nouveau Solde: 41233.75 FCFA."
USER_6,2025-10-02,08:34:50,OrangeMoney,transfert,OUT,15000.0,FCFA,26154.75,"Transfert de [USER_6_phone] [USER_6] vers [PHONE_4069] [CONTACT_3C30] reussi. ID transaction: PP251002.0834.D94071, Montant Transaction: 15000 FCFA, Frais: 79 FCFA, Commission: 0 FCFA, Montant Net: 15079 FCFA, Nouveau Solde: 26154.75 FCFA."
USER_6,2025-10-03,09:31:59,OrangeMoney,transfert,IN,50000.0,FCFA,76154.75,"Vous avez recu avec succes 50000 FCFA de 943500. Votre nouveau solde est de 76154.75 FCFA, Reference de transaction: CI251003.0931.A30348 Orange Money vous remercie."
USER_6,2025-10-04,12:13:07,OrangeMoney,transfert,OUT,28250.0,FCFA,47759.5,"Transfert de [USER_6_phone] [USER_6] vers [PHONE_1117] [CONTACT_9B0C] reussi. ID transaction: PP251004.1213.D02167, Montant Transaction: 28250 FCFA, Frais: 145.25 FCFA, Commission: 0 FCFA, Montant Net: 28395.25 FCFA, Nouveau Solde: 47759.5 FCFA."
USER_6,2025-10-04,17:24:20,OrangeMoney,transfert,OUT,6000.0,FCFA,41705.5,"Transfert de [USER_6_phone] [USER_6] vers [PHONE_3523] [CONTACT_C662] reussi. ID transaction: PP251004.1724.C06039, Montant Transaction: 6000 FCFA, Frais: 54 FCFA, Commission: 0 FCFA, Montant Net: 6054 FCFA, Nouveau Solde: 41705.5 FCFA."
USER_6,2025-10-10,13:37:47,OrangeMoney,transfert,OUT,44664.0,FCFA,78236.5,"Transfert de [PHONE_7860] [CONTACT_C388] vers [USER_6_phone] [USER_6] reussi. Details: ID transaction: PP251010.1337.B88090, Montant Transaction: 44664FCFA, Frais: 0 FCFA, Commission: 0 FCFA, Montant Net: 44664 FCFA, Nouveau Solde: 78236.5 FCFA."
USER_6,2025-10-10,13:54:17,OrangeMoney,transfert,OUT,20000.0,FCFA,58132.5,"Transfert de [USER_6_phone] [USER_6] vers [PHONE_1408] [CONTACT_4E94] reussi. ID transaction: PP251010.1354.D13046, Montant Transaction: 20000 FCFA, Frais: 104 FCFA, Commission: 0 FCFA, Montant Net: 20104 FCFA, Nouveau Solde: 58132.5 FCFA."
USER_6,2025-10-11,09:46:46,OrangeMoney,retrait,OUT,20000.0,FCFA,34828.5,"Retrait d'argent reussi par le [PHONE_4897] avec le Code : 204350. Informations detaillees : Montant: 20000 FCFA, Frais: 304 FCFA, No de transaction CO251011.0946.B81495, montant net debite 20304 FCFA, Nouveau solde: 34828.5 FCFA."
USER_6,2025-10-11,16:28:56,OrangeMoney,transfert,OUT,5079.0,FCFA,29695.5,"Transfert de [USER_6_phone] [USER_6] vers [PHONE_4040] [CONTACT_A0CB] reussi. ID transaction: PP251011.1628.C01128, Montant Transaction: 5079 FCFA, Frais: 54 FCFA, Commission: 0 FCFA, Montant Net: 5133 FCFA, Nouveau Solde: 29695.5 FCFA."
USER_6,2025-10-11,19:43:25,OrangeMoney,transfert,OUT,1000.0,FCFA,28689.5,"Transfert de [USER_6_phone] [USER_6] vers [PHONE_7810] [CONTACT_E63B] [USER_6] reussi. ID transaction: PP251011.1943.A15634, Montant Transaction: 1000 FCFA, Frais: 6 FCFA, Commission: 0 FCFA, Montant Net: 1006 FCFA, Nouveau Solde: 28689.5 FCFA."
USER_6,2025-10-12,12:14:36,OrangeMoney,transfert,OUT,1054.0,FCFA,27581.5,"Transfert de [USER_6_phone] [USER_6] vers [PHONE_9769] [CONTACT_30DD] reussi. ID transaction: PP251012.1214.C42467, Montant Transaction: 1054 FCFA, Frais: 54 FCFA, Commission: 0 FCFA, Montant Net: 1108 FCFA, Nouveau Solde: 27581.5 FCFA."
USER_6,2025-10-13,07:06:22,OrangeMoney,transfert,OUT,5000.0,FCFA,22527.5,"Transfert de [USER_6_phone] [USER_6] vers [PHONE_9183] [CONTACT_7FB6] reussi. ID transaction: PP251013.0706.B68564, Montant Transaction: 5000 FCFA, Frais: 54 FCFA, Commission: 0 FCFA, Montant Net: 5054 FCFA, Nouveau Solde: 22527.5 FCFA."
USER_6,2025-10-17,10:43:11,OrangeMoney,transfert,OUT,200000.0,FCFA,217277.5,"Transfert de [PHONE_5037] [CONTACT_E3E6] vers [USER_6_phone] [USER_6] reussi. Details: ID transaction: PP251017.1043.C28039, Montant Transaction: 200000FCFA, Frais: 0 FCFA, Commission: 0 FCFA, Montant Net: 200000 FCFA, Nouveau Solde: 217277.5 FCFA."
USER_6,2025-10-17,11:08:23,OrangeMoney,transfert,OUT,100000.0,FCFA,307077.5,"Transfert de [PHONE_0009] [CONTACT_3051] vers [USER_6_phone] [USER_6] reussi. Details: ID transaction: PP251017.1108.B24060, Montant Transaction: 100000FCFA, Frais: 0 FCFA, Commission: 0 FCFA, Montant Net: 100000 FCFA, Nouveau Solde: 307077.5 FCFA."
USER_6,2025-10-17,15:54:19,OrangeMoney,transfert,OUT,4571.5,FCFA,302452.0,"Transfert de [USER_6_phone] [USER_6] vers [PHONE_5889] [CONTACT_1B00] reussi. ID transaction: PP251017.1554.C07630, Montant Transaction: 4571.5 FCFA, Frais: 54 FCFA, Commission: 0 FCFA, Montant Net: 4625.5 FCFA, Nouveau Solde: 302452 FCFA."
USER_6,2025-10-17,17:37:24,OrangeMoney,retrait,OUT,50000.0,FCFA,251698.0,"Retrait d'argent reussi par le [PHONE_5664] avec le Code : 265687. Informations detaillees : Montant: 50000 FCFA, Frais: 754 FCFA, No de transaction CO251017.1737.C16640, montant net debite 50754 FCFA, Nouveau solde: 251698 FCFA."
USER_6,2025-10-18,08:46:48,OrangeMoney,transfert,OUT,15000.0,FCFA,232901.0,"Transfert de [USER_6_phone] [USER_6] vers [PHONE_3523] [CONTACT_C662] reussi. ID transaction: PP251018.0846.A70147, Montant Transaction: 15000 FCFA, Frais: 79 FCFA, Commission: 0 FCFA, Montant Net: 15079 FCFA, Nouveau Solde: 232901 FCFA."
USER_6,2025-10-18,12:07:35,OrangeMoney,transfert,OUT,34514.0,FCFA,198210.43,"Transfert de [USER_6_phone] [USER_6] vers [PHONE_6220] [CONTACT_28F8] reussi. ID transaction: PP251018.1207.A82438, Montant Transaction: 34514 FCFA, Frais: 176.57 FCFA, Commission: 0 FCFA, Montant Net: 34690.57 FCFA, Nouveau Solde: 198210.43 FCFA."
USER_6,2025-10-18,17:56:15,OrangeMoney,depot,IN,10000.0,FCFA,208210.43,"Depot effectue par [PHONE_6396] [CONTACT_E4C1] BALANJO to [USER_6_phone] [USER_6]. Informations detaillees: Montant de transaction : 10000 FCFA, ID transaction : CI251018.1756.B16053, Frais : 0 FCFA, Commission : 0 FCFA, Montant Net du Credit : 10000 FCFA, Nouveau Solde : 208210.43 FCFA."
USER_6,2025-10-19,09:00:08,OrangeMoney,transfert,OUT,5079.0,FCFA,203077.43,"Transfert de [USER_6_phone] [USER_6] vers [PHONE_8571] [CONTACT_9ECF] reussi. ID transaction: PP251019.0900.C24771, Montant Transaction: 5079 FCFA, Frais: 54 FCFA, Commission: 0 FCFA, Montant Net: 5133 FCFA, Nouveau Solde: 203077.43 FCFA."
USER_6,2025-10-19,12:50:34,OrangeMoney,transfert,OUT,5079.0,FCFA,197944.43,"Transfert de [USER_6_phone] [USER_6] vers [PHONE_8465] [CONTACT_0F7B] reussi. ID transaction: PP251019.1250.C43760, Montant Transaction: 5079 FCFA, Frais: 54 FCFA, Commission: 0 FCFA, Montant Net: 5133 FCFA, Nouveau Solde: 197944.43 FCFA."
USER_6,2025-10-19,16:10:43,OrangeMoney,transfert,OUT,15000.0,FCFA,182865.43,"Transfert de [USER_6_phone] [USER_6] vers [PHONE_6220] [CONTACT_28F8] reussi. ID transaction: PP251019.1610.D53974, Montant Transaction: 15000 FCFA, Frais: 79 FCFA, Commission: 0 FCFA, Montant Net: 15079 FCFA, Nouveau Solde: 182865.43 FCFA."
USER_6,2025-10-20,13:55:33,OrangeMoney,transfert,OUT,3054.0,FCFA,169388.43,"Transfert de [USER_6_phone] [USER_6] vers [PHONE_0747] [CONTACT_6B53] reussi. ID transaction: PP251020.1355.C72730, Montant Transaction: 3054 FCFA, Frais: 54 FCFA, Commission: 0 FCFA, Montant Net: 3108 FCFA, Nouveau Solde: 169388.43 FCFA."
USER_6,2025-10-21,12:11:55,OrangeMoney,transfert,OUT,50754.0,FCFA,118376.66,"Transfert de [USER_6_phone] [USER_6] vers [PHONE_7093] [CONTACT_7E96] reussi. ID transaction: PP251021.1211.C09604, Montant Transaction: 50754 FCFA, Frais: 257.77 FCFA, Commission: 0 FCFA, Montant Net: 51011.77 FCFA, Nouveau Solde: 118376.66 FCFA."
USER_6,2025-10-22,08:06:20,OrangeMoney,transfert,OUT,12000.0,FCFA,106312.66,"Transfert de [USER_6_phone] [USER_6] vers [PHONE_0747] [CONTACT_6B53] reussi. ID transaction: PP251022.0806.A52565, Montant Transaction: 12000 FCFA, Frais: 64 FCFA, Commission: 0 FCFA, Montant Net: 12064 FCFA, Nouveau Solde: 106312.66 FCFA."
USER_6,2025-10-23,13:03:23,OrangeMoney,transfert,OUT,100000.0,FCFA,189615.66,"Transfert de [PHONE_8117] [CONTACT_2592] vers [USER_6_phone] [USER_6] reussi. Details: ID transaction: PP251023.1303.C16920, Montant Transaction: 100000FCFA, Frais: 0 FCFA, Commission: 0 FCFA, Montant Net: 100000 FCFA, Nouveau Solde: 189615.66 FCFA."
USER_6,2025-10-23,17:11:53,OrangeMoney,transfert,OUT,10000.0,FCFA,179561.66,"Transfert de [USER_6_phone] [USER_6] vers [PHONE_4100] [CONTACT_1A63] reussi. ID transaction: PP251023.1711.B16139, Montant Transaction: 10000 FCFA, Frais: 54 FCFA, Commission: 0 FCFA, Montant Net: 10054 FCFA, Nouveau Solde: 179561.66 FCFA."
USER_6,2025-10-24,09:50:25,OrangeMoney,retrait,OUT,100000.0,FCFA,78057.66,"Retrait d'argent reussi par le [PHONE_5664] avec le Code : 265687. Informations detaillees : Montant: 100000 FCFA, Frais: 1504 FCFA, No de transaction CO251024.0950.C46469, montant net debite 101504 FCFA, Nouveau solde: 78057.66 FCFA."
USER_6,2025-10-25,10:08:11,OrangeMoney,retrait,OUT,20000.0,FCFA,57753.66,"Retrait d'argent reussi par le [PHONE_5664] avec le Code : 265687. Informations detaillees : Montant: 20000 FCFA, Frais: 304 FCFA, No de transaction CO251025.1008.A35808, montant net debite 20304 FCFA, Nouveau solde: 57753.66 FCFA."
USER_6,2025-10-27,16:19:09,OrangeMoney,transfert,OUT,20000.0,FCFA,32334.66,"Transfert de [USER_6_phone] [USER_6] vers [PHONE_5169] [CONTACT_1ACA] reussi. ID transaction: PP251027.1619.C16292, Montant Transaction: 20000 FCFA, Frais: 44 FCFA, Commission: 0 FCFA, Montant Net: 20044 FCFA, Nouveau Solde: 32334.66 FCFA."
USER_6,2025-11-09,17:52:00,OrangeMoney,transfert,OUT,5079.0,FCFA,18801.66,"Transfert de [USER_6_phone] [USER_6] vers [PHONE_4040] [CONTACT_A0CB] reussi. ID transaction: PP251109.1751.D66707, Montant Transaction: 5079 FCFA, Frais: 54 FCFA, Commission: 0 FCFA, Montant Net: 5133 FCFA, Nouveau Solde: 18801.66 FCFA."
USER_6,2025-11-18,16:41:33,OrangeMoney,depot,IN,110000.0,FCFA,118601.66,"Depot effectue par [PHONE_1825] [CONTACT_7B2E] to [USER_6_phone] [USER_6]. Informations detaillees: Montant de transaction : 110000 FCFA, ID transaction : CI251118.1641.B33797, Frais : 0 FCFA, Commission : 0 FCFA, Montant Net du Credit : 110000 FCFA, Nouveau Solde : 118601.66 FCFA."
USER_6,2025-11-19,05:51:36,OrangeMoney,transfert,OUT,2100.0,FCFA,120701.66,"Transfert de [PHONE_5635] [CONTACT_FEBB] vers [USER_6_phone] [USER_6] reussi. Details: ID transaction: PP251119.0551.A77479, Montant Transaction: 2100FCFA, Frais: 0 FCFA, Commission: 0 FCFA, Montant Net: 2100 FCFA, Nouveau Solde: 120701.66 FCFA."
USER_6,2025-11-19,10:35:17,OrangeMoney,transfert,OUT,2000.0,FCFA,118693.66,"Transfert de [USER_6_phone] [USER_6] vers [PHONE_7093] [CONTACT_7E96] reussi. ID transaction: PP251119.1035.D85261, Montant Transaction: 2000 FCFA, Frais: 8 FCFA, Commission: 0 FCFA, Montant Net: 2008 FCFA, Nouveau Solde: 118693.66 FCFA."
USER_6,2025-11-19,16:22:15,OrangeMoney,transfert,OUT,2054.0,FCFA,120747.66,"Transfert de [PHONE_5635] [CONTACT_FEBB] vers [USER_6_phone] [USER_6] reussi. Details: ID transaction: PP251119.1622.C74048, Montant Transaction: 2054FCFA, Frais: 0 FCFA, Commission: 0 FCFA, Montant Net: 2054 FCFA, Nouveau Solde: 120747.66 FCFA."
USER_6,2025-11-21,16:07:51,OrangeMoney,depot,IN,30000.0,FCFA,150747.66,"Depot effectue par [PHONE_6761] [CONTACT_C3AD] to [USER_6_phone] [USER_6]. Informations detaillees: Montant de transaction : 30000 FCFA, ID transaction : CI251121.1607.B40187, Frais : 0 FCFA, Commission : 0 FCFA, Montant Net du Credit : 30000 FCFA, Nouveau Solde : 150747.66 FCFA."
USER_6,2025-11-21,17:02:19,OrangeMoney,transfert,OUT,30000.0,FCFA,113683.66,"Transfert de [USER_6_phone] [USER_6] vers [PHONE_0741] [CONTACT_BEBA] reussi. ID transaction: PP251121.1702.C27530, Montant Transaction: 30000 FCFA, Frais: 64 FCFA, Commission: 0 FCFA, Montant Net: 30064 FCFA, Nouveau Solde: 113683.66 FCFA."
USER_6,2025-11-22,09:45:27,OrangeMoney,transfert,OUT,25379.0,FCFA,75974.91,"Transfert de [USER_6_phone] [USER_6] vers [PHONE_9183] [CONTACT_7FB6] reussi. ID transaction: PP251122.0945.C05433, Montant Transaction: 25379 FCFA, Frais: 54.75 FCFA, Commission: 0 FCFA, Montant Net: 25433.75 FCFA, Nouveau Solde: 75974.91 FCFA."
USER_6,2025-11-23,14:44:11,OrangeMoney,depot,IN,10000.0,FCFA,85974.91,"Depot effectue par [PHONE_4244] [CONTACT_E135] to [USER_6_phone] [USER_6]. Informations detaillees: Montant de transaction : 10000 FCFA, ID transaction : CI251123.1444.B10035, Frais : 0 FCFA, Commission : 0 FCFA, Montant Net du Credit : 10000 FCFA, Nouveau Solde : 85974.91 FCFA."
USER_6,2025-11-24,16:02:44,OrangeMoney,transfert,OUT,3000.0,FCFA,72920.91,"Transfert de [USER_6_phone] [USER_6] vers [PHONE_0747] [CONTACT_6B53] reussi. ID transaction: PP251124.1602.D38946, Montant Transaction: 3000 FCFA, Frais: 54 FCFA, Commission: 0 FCFA, Montant Net: 3054 FCFA, Nouveau Solde: 72920.91 FCFA."
USER_6,2025-11-25,11:59:35,OrangeMoney,transfert,OUT,5079.0,FCFA,64787.91,"Transfert de [USER_6_phone] [USER_6] vers [PHONE_4737] [CONTACT_36CC] reussi. ID transaction: PP251125.1159.C06768, Montant Transaction: 5079 FCFA, Frais: 54 FCFA, Commission: 0 FCFA, Montant Net: 5133 FCFA, Nouveau Solde: 64787.91 FCFA."
USER_6,2025-11-25,18:47:49,OrangeMoney,transfert,OUT,15000.0,FCFA,49708.91,"Transfert de [USER_6_phone] [USER_6] vers [PHONE_1408] [CONTACT_4E94] reussi. ID transaction: PP251125.1847.A57905, Montant Transaction: 15000 FCFA, Frais: 79 FCFA, Commission: 0 FCFA, Montant Net: 15079 FCFA, Nouveau Solde: 49708.91 FCFA."
USER_6,2025-11-30,18:29:30,OrangeMoney,transfert,OUT,5079.0,FCFA,6165.91,"Transfert de [USER_6_phone] [USER_6] vers [PHONE_9852] [CONTACT_3332] reussi. ID transaction: PP251130.1829.C77729, Montant Transaction: 5079 FCFA, Frais: 54 FCFA, Commission: 0 FCFA, Montant Net: 5133 FCFA, Nouveau Solde: 6165.91 FCFA."
USER_6,2025-12-02,06:44:05,OrangeMoney,transfert,OUT,1000.0,FCFA,5111.91,"Transfert de [USER_6_phone] [USER_6] vers [PHONE_6220] [CONTACT_28F8] reussi. ID transaction: PP251202.0644.A93212, Montant Transaction: 1000 FCFA, Frais: 54 FCFA, Commission: 0 FCFA, Montant Net: 1054 FCFA, Nouveau Solde: 5111.91 FCFA."
USER_6,2025-12-04,12:28:26,OrangeMoney,depot,IN,10000.0,FCFA,12111.91,"Depot effectue par [PHONE_4767] [CONTACT_9157] to [USER_6_phone] [USER_6]. Informations detaillees: Montant de transaction : 10000 FCFA, ID transaction : CI251204.1228.B75045, Frais : 0 FCFA, Commission : 0 FCFA, Montant Net du Credit : 10000 FCFA, Nouveau Solde : 12111.91 FCFA."
USER_6,2025-12-04,12:31:52,OrangeMoney,transfert,OUT,2054.0,FCFA,10003.91,"Transfert de [USER_6_phone] [USER_6] vers [PHONE_7093] [CONTACT_7E96] reussi. ID transaction: PP251204.1231.C53682, Montant Transaction: 2054 FCFA, Frais: 54 FCFA, Commission: 0 FCFA, Montant Net: 2108 FCFA, Nouveau Solde: 10003.91 FCFA."
USER_6,2025-12-07,11:39:24,OrangeMoney,paiement,OUT,3500.0,FCFA,6503.91,"Felicitations, vous venez d'effectuer un payement de 3500 FCFA pour 3500U = 8,54Go/30J + 1,22Go/7J. N° de transaction : MP251207.1139.D57704. Nouveau solde : 6503.91 FCFA. Plus de service au #150#"
USER_6,2025-12-07,18:27:41,OrangeMoney,transfert,OUT,3054.0,FCFA,3395.91,"Transfert de [USER_6_phone] [USER_6] vers [PHONE_8465] [CONTACT_0F7B] reussi. ID transaction: PP251207.1827.C56239, Montant Transaction: 3054 FCFA, Frais: 54 FCFA, Commission: 0 FCFA, Montant Net: 3108 FCFA, Nouveau Solde: 3395.91 FCFA."
USER_6,2025-12-16,05:55:43,OrangeMoney,transfert,IN,20002000056046.0,XAF,15849.91,"Vous avez recu avec succes 15000 FCFA de 0020002000056046XAF. Votre nouveau solde est de 15849.91 FCFA, Reference de transaction: CI251216.0555.A38371 Orange Money vous remercie."
USER_6,2025-12-19,07:46:41,OrangeMoney,transfert,OUT,11169.0,FCFA,16818.91,"Transfert de [PHONE_5635] [CONTACT_FEBB] vers [USER_6_phone] [USER_6] reussi. Details: ID transaction: PP251219.0746.B18975, Montant Transaction: 11169FCFA, Frais: 0 FCFA, Commission: 0 FCFA, Montant Net: 11169 FCFA, Nouveau Solde: 16818.91 FCFA."
USER_6,2025-12-19,07:47:12,OrangeMoney,transfert,OUT,11169.0,FCFA,16818.91,"Transfert de [PHONE_5635] [CONTACT_FEBB] vers [USER_6_phone] [USER_6] reussi. Details: ID transaction: PP251219.0746.B18975, Montant Transaction: 11169FCFA, Frais: 0 FCFA, Commission: 0 FCFA, Montant Net: 11169 FCFA, Nouveau Solde: 16818.91 FCFA."
USER_6,2025-12-19,08:11:56,OrangeMoney,transfert,OUT,10000.0,FCFA,6764.91,"Transfert de [USER_6_phone] [USER_6] vers [PHONE_8754] [CONTACT_D33D] reussi. ID transaction: PP251219.0810.A25487, Montant Transaction: 10000 FCFA, Frais: 54 FCFA, Commission: 0 FCFA, Montant Net: 10054 FCFA, Nouveau Solde: 6764.91 FCFA."
USER_6,2025-12-22,10:27:16,OrangeMoney,transfert,OUT,50754.0,FCFA,57518.91,"Transfert de [PHONE_5635] [CONTACT_FEBB] vers [USER_6_phone] [USER_6] reussi. Details: ID transaction: PP251222.1027.B63989, Montant Transaction: 50754FCFA, Frais: 0 FCFA, Commission: 0 FCFA, Montant Net: 50754 FCFA, Nouveau Solde: 57518.91 FCFA."
USER_6,2025-12-22,18:10:11,OrangeMoney,transfert,OUT,10000.0,FCFA,47464.91,"Transfert de [USER_6_phone] [USER_6] vers [PHONE_3498] [CONTACT_0B86] reussi. ID transaction: PP251222.1810.D14038, Montant Transaction: 10000 FCFA, Frais: 54 FCFA, Commission: 0 FCFA, Montant Net: 10054 FCFA, Nouveau Solde: 47464.91 FCFA."
USER_6,2025-12-22,20:38:54,OrangeMoney,paiement,OUT,15326.0,FCFA,31738.91,"Cher client, nous confirmons le paiement de votre facture ENEO N°[PHONE_5651] de 15326 FCFA. Cette transaction vous a couté: 400 FCFA Votre nouveau solde est de: 31738.91 FCFA Reference de transaction: MP251222.1842.A29762. Orange Money et Eneo vous remercient."
USER_6,2025-12-24,16:36:54,OrangeMoney,depot,IN,10000.0,FCFA,41738.91,"Depot effectue par [PHONE_5664] [CONTACT_7B9E] to [USER_6_phone] [USER_6]. Informations detaillees: Montant de transaction : 10000 FCFA, ID transaction : CI251224.1636.C09091, Frais : 0 FCFA, Commission : 0 FCFA, Montant Net du Credit : 10000 FCFA, Nouveau Solde : 41738.91 FCFA."
USER_6,2025-12-26,09:23:19,OrangeMoney,depot,IN,30000.0,FCFA,46268.91,"Depot effectue par [PHONE_5664] [CONTACT_7B9E] to [USER_6_phone] [USER_6]. Informations detaillees: Montant de transaction : 30000 FCFA, ID transaction : CI251226.0923.B79677, Frais : 0 FCFA, Commission : 0 FCFA, Montant Net du Credit : 30000 FCFA, Nouveau Solde : 46268.91 FCFA."
USER_6,2025-12-26,11:22:26,OrangeMoney,transfert,OUT,20000.0,FCFA,26164.91,"Transfert de [USER_6_phone] [USER_6] vers [PHONE_5765] [CONTACT_67B0] reussi. ID transaction: PP251226.1122.A36332, Montant Transaction: 20000 FCFA, Frais: 104 FCFA, Commission: 0 FCFA, Montant Net: 20104 FCFA, Nouveau Solde: 26164.91 FCFA."
USER_6,2025-12-26,11:23:09,OrangeMoney,transfert,OUT,10000.0,FCFA,16110.91,"Transfert de [USER_6_phone] [USER_6] vers [PHONE_2614] [CONTACT_2785] reussi. ID transaction: PP251226.1123.B42398, Montant Transaction: 10000 FCFA, Frais: 54 FCFA, Commission: 0 FCFA, Montant Net: 10054 FCFA, Nouveau Solde: 16110.91 FCFA."
USER_6,2025-12-30,11:30:43,OrangeMoney,depot,IN,10000.0,FCFA,16110.91,"Depot effectue par [PHONE_4071] [CONTACT_21CF] to [USER_6_phone] [USER_6]. Informations detaillees: Montant de transaction : 10000 FCFA, ID transaction : CI251230.1130.B68901, Frais : 0 FCFA, Commission : 0 FCFA, Montant Net du Credit : 10000 FCFA, Nouveau Solde : 16110.91 FCFA."
USER_6,2025-12-31,16:43:33,OrangeMoney,depot,IN,10000.0,FCFA,16056.91,"Depot effectue par [PHONE_9588] [CONTACT_8888] to [USER_6_phone] [USER_6]. Informations detaillees: Montant de transaction : 10000 FCFA, ID transaction : CI251231.1643.C18775, Frais : 0 FCFA, Commission : 0 FCFA, Montant Net du Credit : 10000 FCFA, Nouveau Solde : 16056.91 FCFA."
USER_6,2025-12-31,16:45:43,OrangeMoney,transfert,OUT,10000.0,FCFA,6002.91,"Transfert de [USER_6_phone] [USER_6] vers [PHONE_4432] [CONTACT_95E8] reussi. ID transaction: PP251231.1645.C93472, Montant Transaction: 10000 FCFA, Frais: 54 FCFA, Commission: 0 FCFA, Montant Net: 10054 FCFA, Nouveau Solde: 6002.91 FCFA."
USER_6,2026-01-02,09:24:31,OrangeMoney,depot,IN,10000.0,FCFA,16002.91,"Depot effectue par [PHONE_5664] [CONTACT_7B9E] to [USER_6_phone] [USER_6]. Informations detaillees: Montant de transaction : 10000 FCFA, ID transaction : CI260102.0924.C88950, Frais : 0 FCFA, Commission : 0 FCFA, Montant Net du Credit : 10000 FCFA, Nouveau Solde : 16002.91 FCFA."
USER_6,2026-01-02,09:50:05,OrangeMoney,transfert,OUT,10000.0,FCFA,5948.91,"Transfert de [USER_6_phone] [USER_6] vers [PHONE_4432] [CONTACT_95E8] reussi. ID transaction: PP260102.0950.A05429, Montant Transaction: 10000 FCFA, Frais: 54 FCFA, Commission: 0 FCFA, Montant Net: 10054 FCFA, Nouveau Solde: 5948.91 FCFA."
USER_6,2026-01-02,09:50:22,OrangeMoney,transfert,OUT,10000.0,FCFA,5948.91,"Transfert de [USER_6_phone] [USER_6] vers [PHONE_4432] [CONTACT_95E8] reussi. ID transaction: PP260102.0950.A05429, Montant Transaction: 10000 FCFA, Frais: 54 FCFA, Commission: 0 FCFA, Montant Net: 10054 FCFA, Nouveau Solde: 5948.91 FCFA."
USER_6,2026-01-02,10:59:16,OrangeMoney,transfert,OUT,10000.0,FCFA,15948.91,"Transfert de [PHONE_4432] [CONTACT_95E8] vers [USER_6_phone] [USER_6] reussi. Details: ID transaction: PP260102.1058.C50020, Montant Transaction: 10000FCFA, Frais: 0 FCFA, Commission: 0 FCFA, Montant Net: 10000 FCFA, Nouveau Solde: 15948.91 FCFA."
USER_6,2026-01-02,16:38:18,OrangeMoney,transfert,OUT,2000.0,FCFA,10894.91,"Transfert de [USER_6_phone] [USER_6] vers [PHONE_3523] [CONTACT_C662] reussi. ID transaction: PP260102.1638.B48600, Montant Transaction: 2000 FCFA, Frais: 54 FCFA, Commission: 0 FCFA, Montant Net: 2054 FCFA, Nouveau Solde: 10894.91 FCFA."
USER_6,2026-01-02,19:08:38,OrangeMoney,depot,IN,20000.0,FCFA,30894.91,"Depot effectue par [PHONE_6993] [CONTACT_16C7] to [USER_6_phone] [USER_6]. Informations detaillees: Montant de transaction : 20000 FCFA, ID transaction : CI260102.1908.B47257, Frais : 0 FCFA, Commission : 0 FCFA, Montant Net du Credit : 20000 FCFA, Nouveau Solde : 30894.91 FCFA."
USER_6,2026-01-04,08:34:27,OrangeMoney,transfert,OUT,2000.0,FCFA,28840.91,"Transfert de [USER_6_phone] [USER_6] vers [PHONE_4432] [CONTACT_95E8] reussi. ID transaction: PP260104.0834.A55808, Montant Transaction: 2000 FCFA, Frais: 54 FCFA, Commission: 0 FCFA, Montant Net: 2054 FCFA, Nouveau Solde: 28840.91 FCFA."
USER_6,2026-01-06,07:24:38,OrangeMoney,transfert,OUT,3861.0,FCFA,24925.91,"Transfert de [USER_6_phone] [USER_6] vers [PHONE_5889] [CONTACT_1B00] reussi. ID transaction: PP260106.0724.D34039, Montant Transaction: 3861 FCFA, Frais: 54 FCFA, Commission: 0 FCFA, Montant Net: 3915 FCFA, Nouveau Solde: 24925.91 FCFA."
USER_6,2026-01-08,14:11:30,OrangeMoney,transfert,OUT,10154.0,FCFA,11717.14,"Transfert de [USER_6_phone] [USER_6] vers [PHONE_4432] [CONTACT_95E8] reussi. ID transaction: PP260108.1411.A45430, Montant Transaction: 10154 FCFA, Frais: 54.77 FCFA, Commission: 0 FCFA, Montant Net: 10208.77 FCFA, Nouveau Solde: 11717.14 FCFA."
USER_6,2026-01-08,14:11:43,OrangeMoney,transfert,OUT,10154.0,FCFA,11717.14,"Transfert de [USER_6_phone] [USER_6] vers [PHONE_4432] [CONTACT_95E8] reussi. ID transaction: PP260108.1411.A45430, Montant Transaction: 10154 FCFA, Frais: 54.77 FCFA, Commission: 0 FCFA, Montant Net: 10208.77 FCFA, Nouveau Solde: 11717.14 FCFA."
USER_6,2026-01-16,09:54:03,OrangeMoney,depot,IN,15000.0,FCFA,16717.14,"Depot effectue par [PHONE_5664] [CONTACT_7B9E] to [USER_6_phone] [USER_6]. Informations detaillees: Montant de transaction : 15000 FCFA, ID transaction : CI260116.0953.C05967, Frais : 0 FCFA, Commission : 0 FCFA, Montant Net du Credit : 15000 FCFA, Nouveau Solde : 16717.14 FCFA."
USER_6,2026-01-17,11:48:48,OrangeMoney,depot,IN,5000.0,FCFA,6517.14,"Depot effectue par [PHONE_5664] [CONTACT_7B9E] to [USER_6_phone] [USER_6]. Informations detaillees: Montant de transaction : 5000 FCFA, ID transaction : CI260117.1145.C05085, Frais : 0 FCFA, Commission : 0 FCFA, Montant Net du Credit : 5000 FCFA, Nouveau Solde : 6517.14 FCFA."
USER_6,2026-01-19,15:43:20,OrangeMoney,depot,IN,50000.0,FCFA,54608.14,"Depot effectue par [PHONE_1847] [CONTACT_343B] to [USER_6_phone] [USER_6]. Informations detaillees: Montant de transaction : 50000 FCFA, ID transaction : CI260119.1543.C64645, Frais : 0 FCFA, Commission : 0 FCFA, Montant Net du Credit : 50000 FCFA, Nouveau Solde : 54608.14 FCFA."
USER_6,2026-01-19,18:07:30,OrangeMoney,transfert,OUT,10000.0,FCFA,44554.14,"Transfert de [USER_6_phone] [USER_6] vers [PHONE_4432] [CONTACT_95E8] reussi. ID transaction: PP260119.1807.C49042, Montant Transaction: 10000 FCFA, Frais: 54 FCFA, Commission: 0 FCFA, Montant Net: 10054 FCFA, Nouveau Solde: 44554.14 FCFA."
USER_6,2026-01-21,06:45:23,OrangeMoney,transfert,OUT,15229.0,FCFA,59783.14,"Transfert de [PHONE_4059] [CONTACT_9FC8] vers [USER_6_phone] [USER_6] reussi. Details: ID transaction: PP260121.0645.B57506, Montant Transaction: 15229FCFA, Frais: 0 FCFA, Commission: 0 FCFA, Montant Net: 15229 FCFA, Nouveau Solde: 59783.14 FCFA."
USER_6,2026-01-22,11:12:49,OrangeMoney,transfert,OUT,10000.0,FCFA,49729.14,"Transfert de [USER_6_phone] [USER_6] vers [PHONE_4432] [CONTACT_95E8] reussi. ID transaction: PP260122.1112.C57325, Montant Transaction: 10000 FCFA, Frais: 54 FCFA, Commission: 0 FCFA, Montant Net: 10054 FCFA, Nouveau Solde: 49729.14 FCFA."
USER_6,2026-01-23,12:57:02,OrangeMoney,transfert,OUT,5000.0,FCFA,17426.14,"Transfert de [USER_6_phone] [USER_6] vers [PHONE_4100] [CONTACT_1A63] reussi. ID transaction: PP260123.1256.C01518, Montant Transaction: 5000 FCFA, Frais: 54 FCFA, Commission: 0 FCFA, Montant Net: 5054 FCFA, Nouveau Solde: 17426.14 FCFA."
USER_6,2026-01-24,10:02:18,OrangeMoney,depot,IN,100000.0,FCFA,117426.14,"Depot effectue par [PHONE_0384] Eric kenmogne kouam to [USER_6_phone] [USER_6]. Informations detaillees: Montant de transaction : 100000 FCFA, ID transaction : CI260124.1002.A75962, Frais : 0 FCFA, Commission : 0 FCFA, Montant Net du Credit : 100000 FCFA, Nouveau Solde : 117426.14 FCFA."
USER_6,2026-01-24,10:26:03,OrangeMoney,transfert,OUT,50000.0,FCFA,67172.14,"Transfert de [USER_6_phone] [USER_6] vers [PHONE_1408] [CONTACT_4E94] reussi. ID transaction: PP260124.1026.C58246, Montant Transaction: 50000 FCFA, Frais: 254 FCFA, Commission: 0 FCFA, Montant Net: 50254 FCFA, Nouveau Solde: 67172.14 FCFA."
USER_6,2026-01-24,10:26:13,OrangeMoney,transfert,OUT,50000.0,FCFA,67172.14,"Transfert de [USER_6_phone] [USER_6] vers [PHONE_1408] [CONTACT_4E94] reussi. ID transaction: PP260124.1026.C58246, Montant Transaction: 50000 FCFA, Frais: 254 FCFA, Commission: 0 FCFA, Montant Net: 50254 FCFA, Nouveau Solde: 67172.14 FCFA."
USER_6,2026-01-24,10:35:35,OrangeMoney,transfert,OUT,10000.0,FCFA,57118.14,"Transfert de [USER_6_phone] [USER_6] vers [PHONE_6866] [CONTACT_916A] reussi. ID transaction: PP260124.1028.D60867, Montant Transaction: 10000 FCFA, Frais: 54 FCFA, Commission: 0 FCFA, Montant Net: 10054 FCFA, Nouveau Solde: 57118.14 FCFA."
USER_6,2026-01-25,16:04:06,OrangeMoney,transfert,OUT,5000.0,FCFA,52064.14,"Transfert de [USER_6_phone] [USER_6] vers [PHONE_1933] [CONTACT_0AA3] reussi. ID transaction: PP260125.1603.C50916, Montant Transaction: 5000 FCFA, Frais: 54 FCFA, Commission: 0 FCFA, Montant Net: 5054 FCFA, Nouveau Solde: 52064.14 FCFA."
USER_6,2026-01-25,17:43:17,OrangeMoney,transfert,OUT,10000.0,FCFA,42010.14,"Transfert de [USER_6_phone] [USER_6] vers [PHONE_3523] [CONTACT_C662] reussi. ID transaction: PP260125.1723.A95375, Montant Transaction: 10000 FCFA, Frais: 54 FCFA, Commission: 0 FCFA, Montant Net: 10054 FCFA, Nouveau Solde: 42010.14 FCFA."
USER_6,2026-01-25,18:29:51,OrangeMoney,retrait,OUT,1000.0,FCFA,38756.14,"Retrait d'argent reussi par le [PHONE_4163] avec le Code : 145019. Informations detaillees : Montant: 1000 FCFA, Frais: 54 FCFA, No de transaction CO260125.1829.C95400, montant net debite 1054 FCFA, Nouveau solde: 38756.14 FCFA."
USER_6,2026-01-26,08:06:24,OrangeMoney,transfert,OUT,5000.0,FCFA,33742.14,"Transfert de [USER_6_phone] [USER_6] vers [PHONE_9183] [CONTACT_7FB6] reussi. ID transaction: PP260126.0806.D41285, Montant Transaction: 5000 FCFA, Frais: 14 FCFA, Commission: 0 FCFA, Montant Net: 5014 FCFA, Nouveau Solde: 33742.14 FCFA."
USER_6,2026-01-26,16:11:31,OrangeMoney,transfert,OUT,15229.0,FCFA,15433.0,"Transfert de [USER_6_phone] [USER_6] vers [PHONE_1408] [CONTACT_4E94] reussi. ID transaction: PP260126.1611.B30673, Montant Transaction: 15229 FCFA, Frais: 80.14 FCFA, Commission: 0 FCFA, Montant Net: 15309.14 FCFA, Nouveau Solde: 15433 FCFA."
USER_6,2026-01-26,16:36:12,OrangeMoney,transfert,OUT,10000.0,FCFA,25433.0,"Transfert de [PHONE_6331] [CONTACT_373D] vers [USER_6_phone] [USER_6] reussi. Details: ID transaction: PP260126.1636.C54323, Montant Transaction: 10000FCFA, Frais: 0 FCFA, Commission: 0 FCFA, Montant Net: 10000 FCFA, Nouveau Solde: 25433 FCFA."
USER_6,2026-01-27,09:11:32,OrangeMoney,transfert,OUT,5079.0,FCFA,20300.0,"Transfert de [USER_6_phone] [USER_6] vers [PHONE_7981] [CONTACT_7C97] reussi. ID transaction: PP260127.0911.C59798, Montant Transaction: 5079 FCFA, Frais: 54 FCFA, Commission: 0 FCFA, Montant Net: 5133 FCFA, Nouveau Solde: 20300 FCFA."
USER_6,2026-01-27,20:20:14,OrangeMoney,transfert,OUT,4368.5,FCFA,15877.5,"Transfert de [USER_6_phone] [USER_6] vers [PHONE_8357] [CONTACT_A722] reussi. ID transaction: PP260127.2020.A93020, Montant Transaction: 4368.5 FCFA, Frais: 54 FCFA, Commission: 0 FCFA, Montant Net: 4422.5 FCFA, Nouveau Solde: 15877.5 FCFA."
USER_6,2026-01-28,09:22:48,OrangeMoney,transfert,IN,20002000056046.0,XAF,32877.5,"Vous avez recu avec succes 20000 FCFA de 0020002000056046XAF. Votre nouveau solde est de 32877.5 FCFA, Reference de transaction: CI260128.0922.D36090 Orange Money vous remercie."
USER_6,2026-01-30,13:40:15,OrangeMoney,depot,IN,20000.0,FCFA,27502.5,"Depot effectue par [PHONE_5601] [CONTACT_2C35] to [USER_6_phone] [USER_6]. Informations detaillees: Montant de transaction : 20000 FCFA, ID transaction : CI260130.1340.A01491, Frais : 0 FCFA, Commission : 0 FCFA, Montant Net du Credit : 20000 FCFA, Nouveau Solde : 27502.5 FCFA."
USER_6,2026-01-30,13:53:01,OrangeMoney,transfert,OUT,20000.0,FCFA,7458.5,"Transfert de [USER_6_phone] [USER_6] vers [PHONE_4432] [CONTACT_95E8] reussi. ID transaction: PP260130.1353.C35592, Montant Transaction: 20000 FCFA, Frais: 44 FCFA, Commission: 0 FCFA, Montant Net: 20044 FCFA, Nouveau Solde: 7458.5 FCFA."
USER_6,2026-02-01,15:54:53,OrangeMoney,depot,IN,10000.0,FCFA,15058.5,"Depot effectue par [PHONE_7697] [CONTACT_2CCE] to [USER_6_phone] [USER_6]. Informations detaillees: Montant de transaction : 10000 FCFA, ID transaction : CI260201.1554.D37546, Frais : 0 FCFA, Commission : 0 FCFA, Montant Net du Credit : 10000 FCFA, Nouveau Solde : 15058.5 FCFA."
USER_6,2026-02-01,18:21:27,OrangeMoney,transfert,OUT,10000.0,FCFA,5004.5,"Transfert de [USER_6_phone] [USER_6] vers [PHONE_8465] [CONTACT_0F7B] reussi. ID transaction: PP260201.1821.D80094, Montant Transaction: 10000 FCFA, Frais: 54 FCFA, Commission: 0 FCFA, Montant Net: 10054 FCFA, Nouveau Solde: 5004.5 FCFA."
USER_6,2026-02-02,14:20:59,OrangeMoney,depot,IN,30000.0,FCFA,35004.5,"Depot effectue par [PHONE_5664] [CONTACT_7B9E] to [USER_6_phone] [USER_6]. Informations detaillees: Montant de transaction : 30000 FCFA, ID transaction : CI260202.1420.B66405, Frais : 0 FCFA, Commission : 0 FCFA, Montant Net du Credit : 30000 FCFA, Nouveau Solde : 35004.5 FCFA."
USER_6,2026-02-02,16:01:23,OrangeMoney,transfert,OUT,25000.0,FCFA,9875.5,"Transfert de [USER_6_phone] [USER_6] vers [PHONE_2067] [CONTACT_2912] reussi. ID transaction: PP260202.1601.D76673, Montant Transaction: 25000 FCFA, Frais: 129 FCFA, Commission: 0 FCFA, Montant Net: 25129 FCFA, Nouveau Solde: 9875.5 FCFA."
USER_6,2026-02-02,20:23:43,OrangeMoney,transfert,OUT,55829.0,FCFA,65704.5,"Transfert de [PHONE_5169] [CONTACT_1ACA] vers [USER_6_phone] [USER_6] reussi. Details: ID transaction: PP260202.2023.B52108, Montant Transaction: 55829FCFA, Frais: 0 FCFA, Commission: 0 FCFA, Montant Net: 55829 FCFA, Nouveau Solde: 65704.5 FCFA."
USER_6,2026-02-03,08:58:13,OrangeMoney,transfert,OUT,30454.0,FCFA,35094.23,"Transfert de [USER_6_phone] [USER_6] vers [PHONE_6576] [CONTACT_808D] reussi. ID transaction: PP260203.0858.D08304, Montant Transaction: 30454 FCFA, Frais: 156.27 FCFA, Commission: 0 FCFA, Montant Net: 30610.27 FCFA, Nouveau Solde: 35094.23 FCFA."
USER_6,2026-02-03,08:59:18,OrangeMoney,transfert,OUT,2554.0,FCFA,32486.23,"Transfert de [USER_6_phone] [USER_6] vers [PHONE_1152] [CONTACT_3DCC] reussi. ID transaction: PP260203.0859.B96847, Montant Transaction: 2554 FCFA, Frais: 54 FCFA, Commission: 0 FCFA, Montant Net: 2608 FCFA, Nouveau Solde: 32486.23 FCFA."
USER_6,2026-02-04,05:27:56,OrangeMoney,transfert,OUT,5079.0,FCFA,27353.23,"Transfert de [USER_6_phone] [USER_6] vers [PHONE_1408] [CONTACT_4E94] reussi. ID transaction: PP260204.0527.C43236, Montant Transaction: 5079 FCFA, Frais: 54 FCFA, Commission: 0 FCFA, Montant Net: 5133 FCFA, Nouveau Solde: 27353.23 FCFA."
USER_6,2026-02-04,15:23:28,OrangeMoney,transfert,OUT,10000.0,FCFA,22053.23,"Transfert de [PHONE_7195] [CONTACT_7760] vers [USER_6_phone] [USER_6] reussi. Details: ID transaction: PP260204.1523.C47511, Montant Transaction: 10000FCFA, Frais: 0 FCFA, Commission: 0 FCFA, Montant Net: 10000 FCFA, Nouveau Solde: 22053.23 FCFA."
USER_6,2026-02-04,15:30:16,OrangeMoney,transfert,OUT,12184.0,FCFA,9804.31,"Transfert de [USER_6_phone] [USER_6] vers [PHONE_3628] [CONTACT_D3F8] reussi. ID transaction: PP260204.1530.C52173, Montant Transaction: 12184 FCFA, Frais: 64.92 FCFA, Commission: 0 FCFA, Montant Net: 12248.92 FCFA, Nouveau Solde: 9804.31 FCFA."
USER_6,2026-02-06,08:22:31,OrangeMoney,transfert,OUT,5079.0,FCFA,6683.31,"Transfert de [PHONE_6474] [CONTACT_5C24] vers [USER_6_phone] [USER_6] reussi. Details: ID transaction: PP260206.0822.D30190, Montant Transaction: 5079FCFA, Frais: 0 FCFA, Commission: 0 FCFA, Montant Net: 5079 FCFA, Nouveau Solde: 6683.31 FCFA."
USER_6,2026-02-06,14:17:18,OrangeMoney,depot,IN,20000.0,FCFA,26683.31,"Depot effectue par [PHONE_0123] [CONTACT_9E5E] to [USER_6_phone] [USER_6]. Informations detaillees: Montant de transaction : 20000 FCFA, ID transaction : CI260206.1413.C00171, Frais : 0 FCFA, Commission : 0 FCFA, Montant Net du Credit : 20000 FCFA, Nouveau Solde : 26683.31 FCFA."
USER_6,2026-02-06,14:17:23,OrangeMoney,transfert,OUT,15000.0,FCFA,11604.31,"Transfert de [USER_6_phone] [USER_6] vers [PHONE_3231] [CONTACT_2555] reussi. ID transaction: PP260206.1416.D70442, Montant Transaction: 15000 FCFA, Frais: 79 FCFA, Commission: 0 FCFA, Montant Net: 15079 FCFA, Nouveau Solde: 11604.31 FCFA."
USER_6,2026-02-09,19:10:43,OrangeMoney,transfert,IN,20002000056046.0,XAF,12104.31,"Vous avez recu avec succes 10000 FCFA de 0020002000056046XAF. Votre nouveau solde est de 12104.31 FCFA, Reference de transaction: CI260209.1910.A01093 Orange Money vous remercie."
USER_6,2026-02-13,18:20:59,OrangeMoney,transfert,OUT,10000.0,FCFA,16904.31,"Transfert de [PHONE_8009] [CONTACT_DD8C] vers [USER_6_phone] [USER_6] reussi. Details: ID transaction: PP260213.1820.C12144, Montant Transaction: 10000FCFA, Frais: 0 FCFA, Commission: 0 FCFA, Montant Net: 10000 FCFA, Nouveau Solde: 16904.31 FCFA."
USER_6,2026-02-13,19:49:23,OrangeMoney,transfert,OUT,9000.0,FCFA,25904.31,"Transfert de [PHONE_3277] [CONTACT_DD11] vers [USER_6_phone] [USER_6] reussi. Details: ID transaction: PP260213.1949.A70134, Montant Transaction: 9000FCFA, Frais: 0 FCFA, Commission: 0 FCFA, Montant Net: 9000 FCFA, Nouveau Solde: 25904.31 FCFA."
USER_6,2026-02-13,19:53:10,OrangeMoney,transfert,OUT,8530.0,FCFA,17320.31,"Transfert de [USER_6_phone] [USER_6] vers [PHONE_6243] [CONTACT_855C] reussi. ID transaction: PP260213.1953.C78309, Montant Transaction: 8530 FCFA, Frais: 54 FCFA, Commission: 0 FCFA, Montant Net: 8584 FCFA, Nouveau Solde: 17320.31 FCFA."
USER_6,2026-02-16,11:31:41,OrangeMoney,transfert,OUT,5079.0,FCFA,4457.31,"Transfert de [USER_6_phone] [USER_6] vers [PHONE_9217] [CONTACT_AB10] reussi. ID transaction: PP260216.1131.C64541, Montant Transaction: 5079 FCFA, Frais: 54 FCFA, Commission: 0 FCFA, Montant Net: 5133 FCFA, Nouveau Solde: 4457.31 FCFA."
USER_6,2026-02-16,22:05:31,OrangeMoney,depot,IN,40000.0,FCFA,44457.31,"Depot effectue par [PHONE_5664] [CONTACT_7B9E] to [USER_6_phone] [USER_6]. Informations detaillees: Montant de transaction : 40000 FCFA, ID transaction : CI260216.2205.C46727, Frais : 0 FCFA, Commission : 0 FCFA, Montant Net du Credit : 40000 FCFA, Nouveau Solde : 44457.31 FCFA."
USER_6,2026-02-17,10:12:12,OrangeMoney,transfert,OUT,10000.0,FCFA,34403.31,"Transfert de [USER_6_phone] [USER_6] vers [PHONE_5524] [CONTACT_82CD] reussi. ID transaction: PP260217.1012.B89944, Montant Transaction: 10000 FCFA, Frais: 54 FCFA, Commission: 0 FCFA, Montant Net: 10054 FCFA, Nouveau Solde: 34403.31 FCFA."
USER_6,2026-02-17,10:12:52,OrangeMoney,transfert,OUT,10000.0,FCFA,24349.31,"Transfert de [USER_6_phone] [USER_6] vers [PHONE_7195] [CONTACT_7760] reussi. ID transaction: PP260217.1012.C98261, Montant Transaction: 10000 FCFA, Frais: 54 FCFA, Commission: 0 FCFA, Montant Net: 10054 FCFA, Nouveau Solde: 24349.31 FCFA."
USER_6,2026-02-18,13:40:12,OrangeMoney,transfert,OUT,7109.0,FCFA,17186.31,"Transfert de [USER_6_phone] [USER_6] vers [PHONE_0142] [CONTACT_0748] reussi. ID transaction: PP260218.1340.C84800, Montant Transaction: 7109 FCFA, Frais: 54 FCFA, Commission: 0 FCFA, Montant Net: 7163 FCFA, Nouveau Solde: 17186.31 FCFA."
USER_6,2026-02-18,13:41:00,OrangeMoney,transfert,OUT,2054.0,FCFA,15078.31,"Transfert de [USER_6_phone] [USER_6] vers [PHONE_6220] [CONTACT_28F8] reussi. ID transaction: PP260218.1340.B76048, Montant Transaction: 2054 FCFA, Frais: 54 FCFA, Commission: 0 FCFA, Montant Net: 2108 FCFA, Nouveau Solde: 15078.31 FCFA."
USER_6,2026-02-21,10:53:01,OrangeMoney,transfert,OUT,15229.0,FCFA,29277.31,"Transfert de [PHONE_5169] [CONTACT_1ACA] vers [USER_6_phone] [USER_6] reussi. Details: ID transaction: PP260221.1052.D09751, Montant Transaction: 15229FCFA, Frais: 0 FCFA, Commission: 0 FCFA, Montant Net: 15229 FCFA, Nouveau Solde: 29277.31 FCFA."
USER_6,2026-02-23,13:11:54,OrangeMoney,transfert,OUT,2000.0,FCFA,1848.31,"Transfert de [USER_6_phone] [USER_6] vers [PHONE_4432] [CONTACT_95E8] reussi. ID transaction: PP260223.1311.D69451, Montant Transaction: 2000 FCFA, Frais: 54 FCFA, Commission: 0 FCFA, Montant Net: 2054 FCFA, Nouveau Solde: 1848.31 FCFA."
USER_6,2026-02-24,15:15:02,OrangeMoney,depot,IN,15000.0,FCFA,16848.31,"Depot effectue par [PHONE_9354] [CONTACT_939B] to [USER_6_phone] [USER_6]. Informations detaillees: Montant de transaction : 15000 FCFA, ID transaction : CI260224.1514.C65755, Frais : 0 FCFA, Commission : 0 FCFA, Montant Net du Credit : 15000 FCFA, Nouveau Solde : 16848.31 FCFA."
USER_6,2026-02-24,15:17:00,OrangeMoney,transfert,OUT,5000.0,FCFA,11794.31,"Transfert de [USER_6_phone] [USER_6] vers [PHONE_4432] [CONTACT_95E8] reussi. ID transaction: PP260224.1516.C27902, Montant Transaction: 5000 FCFA, Frais: 54 FCFA, Commission: 0 FCFA, Montant Net: 5054 FCFA, Nouveau Solde: 11794.31 FCFA."
USER_6,2026-02-26,15:38:49,OrangeMoney,transfert,OUT,150000.0,FCFA,158794.31,"Transfert de [PHONE_7683] [CONTACT_FB94] vers [USER_6_phone] [USER_6] reussi. Details: ID transaction: PP260226.1538.C04811, Montant Transaction: 150000FCFA, Frais: 0 FCFA, Commission: 0 FCFA, Montant Net: 150000 FCFA, Nouveau Solde: 158794.31 FCFA."
USER_6,2026-02-27,10:18:13,OrangeMoney,transfert,OUT,106579.0,FCFA,29610.42,"Transfert de [USER_6_phone] [USER_6] vers [PHONE_7656] [CONTACT_F02E] reussi. ID transaction: PP260227.1018.A02152, Montant Transaction: 106579 FCFA, Frais: 536.89 FCFA, Commission: 0 FCFA, Montant Net: 107115.89 FCFA, Nouveau Solde: 29610.42 FCFA."
USER_6,2026-03-01,12:16:47,OrangeMoney,transfert,OUT,5079.0,FCFA,20977.42,"Transfert de [USER_6_phone] [USER_6] vers [PHONE_4432] [CONTACT_95E8] reussi. ID transaction: PP260301.1216.B51776, Montant Transaction: 5079 FCFA, Frais: 54 FCFA, Commission: 0 FCFA, Montant Net: 5133 FCFA, Nouveau Solde: 20977.42 FCFA."
USER_6,2026-03-01,19:21:49,OrangeMoney,transfert,IN,20002000056046.0,XAF,20977.42,"Vous avez recu avec succes 10000 FCFA de 0020002000056046XAF. Votre nouveau solde est de 20977.42 FCFA, Reference de transaction: CI260301.1921.D56025 Orange Money vous remercie."
USER_6,2026-03-01,21:55:56,OrangeMoney,transfert,OUT,1000.0,FCFA,19923.42,"Transfert de [USER_6_phone] [USER_6] vers [PHONE_4432] [CONTACT_95E8] reussi. ID transaction: PP260301.2155.C45701, Montant Transaction: 1000 FCFA, Frais: 54 FCFA, Commission: 0 FCFA, Montant Net: 1054 FCFA, Nouveau Solde: 19923.42 FCFA."
USER_6,2026-03-02,16:43:15,OrangeMoney,transfert,OUT,12184.0,FCFA,29607.42,"Transfert de [PHONE_9432] [CONTACT_5024] vers [USER_6_phone] [USER_6] reussi. Details: ID transaction: PP260302.1643.D98418, Montant Transaction: 12184FCFA, Frais: 0 FCFA, Commission: 0 FCFA, Montant Net: 12184 FCFA, Nouveau Solde: 29607.42 FCFA."
USER_6,2026-03-04,09:59:13,OrangeMoney,transfert,OUT,5079.0,FCFA,8474.42,"Transfert de [USER_6_phone] [USER_6] vers [PHONE_7810] [CONTACT_E63B] [USER_6] reussi. ID transaction: PP260304.0825.B97975, Montant Transaction: 5079 FCFA, Frais: 54 FCFA, Commission: 0 FCFA, Montant Net: 5133 FCFA, Nouveau Solde: 8474.42 FCFA."
USER_6,2026-03-05,19:15:22,OrangeMoney,depot,IN,10000.0,FCFA,12674.42,"Depot effectue par [PHONE_5664] [CONTACT_7B9E] to [USER_6_phone] [USER_6]. Informations detaillees: Montant de transaction : 10000 FCFA, ID transaction : CI260305.1915.D76626, Frais : 0 FCFA, Commission : 0 FCFA, Montant Net du Credit : 10000 FCFA, Nouveau Solde : 12674.42 FCFA."
USER_6,2026-03-08,15:05:14,OrangeMoney,depot,IN,50000.0,FCFA,59674.42,"Depot effectue par [PHONE_7376] [CONTACT_F090] to [USER_6_phone] [USER_6]. Informations detaillees: Montant de transaction : 50000 FCFA, ID transaction : CI260308.1505.B68413, Frais : 0 FCFA, Commission : 0 FCFA, Montant Net du Credit : 50000 FCFA, Nouveau Solde : 59674.42 FCFA."
USER_6,2026-03-08,15:06:54,OrangeMoney,transfert,OUT,50754.0,FCFA,8662.65,"Transfert de [USER_6_phone] [USER_6] vers [PHONE_5361] [CONTACT_61D7] reussi. ID transaction: PP260308.1506.B18755, Montant Transaction: 50754 FCFA, Frais: 257.77 FCFA, Commission: 0 FCFA, Montant Net: 51011.77 FCFA, Nouveau Solde: 8662.65 FCFA."
USER_6,2026-03-08,17:29:00,OrangeMoney,transfert,OUT,5079.0,FCFA,3529.65,"Transfert de [USER_6_phone] [USER_6] vers [PHONE_8009] [CONTACT_C0DB] reussi. ID transaction: PP260308.1728.D33015, Montant Transaction: 5079 FCFA, Frais: 54 FCFA, Commission: 0 FCFA, Montant Net: 5133 FCFA, Nouveau Solde: 3529.65 FCFA."
USER_6,2026-03-11,06:12:12,OrangeMoney,transfert,OUT,200000.0,FCFA,203529.65,"Transfert de [PHONE_7881] [CONTACT_0566] vers [USER_6_phone] [USER_6] reussi. Details: ID transaction: PP260311.0555.D81697, Montant Transaction: 200000FCFA, Frais: 0 FCFA, Commission: 0 FCFA, Montant Net: 200000 FCFA, Nouveau Solde: 203529.65 FCFA."
USER_6,2026-03-11,16:08:02,OrangeMoney,depot,IN,150000.0,FCFA,353529.65,"Depot effectue par [PHONE_8760] [CONTACT_DCBB] to [USER_6_phone] [USER_6]. Informations detaillees: Montant de transaction : 150000 FCFA, ID transaction : CI260311.1606.C85772, Frais : 0 FCFA, Commission : 0 FCFA, Montant Net du Credit : 150000 FCFA, Nouveau Solde : 353529.65 FCFA."
USER_6,2026-03-11,16:10:24,OrangeMoney,depot,IN,50000.0,FCFA,403529.65,"Depot effectue par [PHONE_8760] [CONTACT_DCBB] to [USER_6_phone] [USER_6]. Informations detaillees: Montant de transaction : 50000 FCFA, ID transaction : CI260311.1610.C87172, Frais : 0 FCFA, Commission : 0 FCFA, Montant Net du Credit : 50000 FCFA, Nouveau Solde : 403529.65 FCFA."
USER_6,2026-03-12,08:31:08,OrangeMoney,transfert,OUT,60000.0,FCFA,343225.65,"Transfert de [USER_6_phone] [USER_6] vers [PHONE_5361] [CONTACT_61D7] reussi. ID transaction: PP260312.0831.D43255, Montant Transaction: 60000 FCFA, Frais: 304 FCFA, Commission: 0 FCFA, Montant Net: 60304 FCFA, Nouveau Solde: 343225.65 FCFA."
USER_6,2026-03-12,08:32:27,OrangeMoney,transfert,OUT,70000.0,FCFA,272871.65,"Transfert de [USER_6_phone] [USER_6] vers [PHONE_9340] [CONTACT_5714] reussi. ID transaction: PP260312.0832.D43944, Montant Transaction: 70000 FCFA, Frais: 354 FCFA, Commission: 0 FCFA, Montant Net: 70354 FCFA, Nouveau Solde: 272871.65 FCFA."
USER_6,2026-03-12,08:33:08,OrangeMoney,transfert,OUT,20000.0,FCFA,252767.65,"Transfert de [USER_6_phone] [USER_6] vers [PHONE_3523] [CONTACT_C662] reussi. ID transaction: PP260312.0833.D44267, Montant Transaction: 20000 FCFA, Frais: 104 FCFA, Commission: 0 FCFA, Montant Net: 20104 FCFA, Nouveau Solde: 252767.65 FCFA."
USER_6,2026-03-12,08:33:48,OrangeMoney,transfert,OUT,10000.0,FCFA,242713.65,"Transfert de [USER_6_phone] [USER_6] vers [PHONE_4100] [CONTACT_1A63] reussi. ID transaction: PP260312.0833.A41245, Montant Transaction: 10000 FCFA, Frais: 54 FCFA, Commission: 0 FCFA, Montant Net: 10054 FCFA, Nouveau Solde: 242713.65 FCFA."
USER_6,2026-03-12,18:12:33,OrangeMoney,transfert,OUT,8124.0,FCFA,224535.65,"Transfert de [USER_6_phone] [USER_6] vers [PHONE_8736] [CONTACT_65D8] reussi. ID transaction: PP260312.1812.B17637, Montant Transaction: 8124 FCFA, Frais: 54 FCFA, Commission: 0 FCFA, Montant Net: 8178 FCFA, Nouveau Solde: 224535.65 FCFA."
USER_6,2026-03-13,09:05:20,OrangeMoney,transfert,OUT,10000.0,FCFA,211986.65,"Transfert de [USER_6_phone] [USER_6] vers [PHONE_4432] [CONTACT_95E8] reussi. ID transaction: PP260313.0902.B52150, Montant Transaction: 10000 FCFA, Frais: 54 FCFA, Commission: 0 FCFA, Montant Net: 10054 FCFA, Nouveau Solde: 211986.65 FCFA."
USER_6,2026-03-14,07:50:01,OrangeMoney,transfert,OUT,15000.0,FCFA,196952.65,"Transfert de [USER_6_phone] [USER_6] vers [PHONE_1603] [CONTACT_D581] reussi. ID transaction: PP260314.0749.A30549, Montant Transaction: 15000 FCFA, Frais: 34 FCFA, Commission: 0 FCFA, Montant Net: 15034 FCFA, Nouveau Solde: 196952.65 FCFA."
USER_6,2026-03-14,11:55:39,OrangeMoney,retrait,OUT,40000.0,FCFA,156468.65,"Retrait d'argent reussi par le [PHONE_2544] avec le Code : 206027. Informations detaillees : Montant: 40000 FCFA, Frais: 484 FCFA, No de transaction CO260314.1155.A26821, montant net debite 40484 FCFA, Nouveau solde: 156468.65 FCFA."
USER_6,2026-03-14,14:24:13,OrangeMoney,transfert,OUT,5064.0,FCFA,151390.53,"Transfert de [USER_6_phone] [USER_6] vers [PHONE_4432] [CONTACT_95E8] reussi. ID transaction: PP260314.1424.B74150, Montant Transaction: 5064 FCFA, Frais: 14.12 FCFA, Commission: 0 FCFA, Montant Net: 5078.12 FCFA, Nouveau Solde: 151390.53 FCFA."
USER_6,2026-03-14,15:14:37,OrangeMoney,transfert,OUT,2000.0,FCFA,149382.53,"Transfert de [USER_6_phone] [USER_6] vers [PHONE_8391] Tounoudjou reussi. ID transaction: PP260314.1514.B09261, Montant Transaction: 2000 FCFA, Frais: 8 FCFA, Commission: 0 FCFA, Montant Net: 2008 FCFA, Nouveau Solde: 149382.53 FCFA."
USER_6,2026-03-15,15:52:17,OrangeMoney,transfert,OUT,5064.0,FCFA,144304.41,"Transfert de [USER_6_phone] [USER_6] vers [PHONE_1520] [CONTACT_308F] reussi. ID transaction: PP260315.1530.D08421, Montant Transaction: 5064 FCFA, Frais: 14.12 FCFA, Commission: 0 FCFA, Montant Net: 5078.12 FCFA, Nouveau Solde: 144304.41 FCFA."
USER_6,2026-03-19,12:33:58,OrangeMoney,transfert,OUT,10124.0,FCFA,120956.17,"Transfert de [USER_6_phone] [USER_6] vers [PHONE_9318] [CONTACT_73CF] reussi. ID transaction: PP260319.1228.C68670, Montant Transaction: 10124 FCFA, Frais: 24.24 FCFA, Commission: 0 FCFA, Montant Net: 10148.24 FCFA, Nouveau Solde: 120956.17 FCFA."
USER_6,2026-03-20,09:23:49,OrangeMoney,retrait,OUT,20000.0,FCFA,93712.17,"Retrait d'argent reussi par le [PHONE_5664] avec le Code : 265687. Informations detaillees : Montant: 20000 FCFA, Frais: 244 FCFA, No de transaction CO260320.0923.C87677, montant net debite 20244 FCFA, Nouveau solde: 93712.17 FCFA."
USER_6,2026-03-20,19:59:46,OrangeMoney,transfert,OUT,5000.0,FCFA,88698.17,"Transfert de [USER_6_phone] [USER_6] vers [PHONE_8391] Tounoudjou reussi. ID transaction: PP260320.1959.A66291, Montant Transaction: 5000 FCFA, Frais: 14 FCFA, Commission: 0 FCFA, Montant Net: 5014 FCFA, Nouveau Solde: 88698.17 FCFA."
USER_6,2026-03-21,12:44:30,OrangeMoney,transfert,OUT,1500.0,FCFA,61816.17,"Transfert de [USER_6_phone] [USER_6] vers [PHONE_4432] [CONTACT_95E8] reussi. ID transaction: PP260321.1244.A54226, Montant Transaction: 1500 FCFA, Frais: 7 FCFA, Commission: 0 FCFA, Montant Net: 1507 FCFA, Nouveau Solde: 61816.17 FCFA."
USER_6,2026-03-21,12:48:14,OrangeMoney,transfert,OUT,1500.0,FCFA,61816.17,"Transfert de [USER_6_phone] [USER_6] vers [PHONE_4432] [CONTACT_95E8] reussi. ID transaction: PP260321.1244.A54226, Montant Transaction: 1500 FCFA, Frais: 7 FCFA, Commission: 0 FCFA, Montant Net: 1507 FCFA, Nouveau Solde: 61816.17 FCFA."
