UserId,Date,Time,Operator,Transaction_type,Direction,Amount,Currency,New_balance,Anonymized_Content
USER_15,2025-03-23,10:46:13,OrangeMoney,transfert,OUT,450.0,FCFA,1985.73,"Transfert de [PHONE_0915] [CONTACT_7F81] vers [USER_15_phone] [USER_15] reussi. Details: ID transaction: PP250323.1046.C75594, Montant Transaction: 450FCFA, Frais: 0 FCFA, Commission: 0 FCFA, Montant Net: 450 FCFA, Nouveau Solde: 1985.73 FCFA."
USER_15,2025-03-23,10:47:48,OrangeMoney,transfert,OUT,1700.0,FCFA,231.73,"Transfert de [USER_15_phone] [USER_15] vers [PHONE_9625] [CONTACT_66A2] reussi. ID transaction: PP250323.1047.D78858, Montant Transaction: 1700 FCFA, Frais: 54 FCFA, Commission: 0 FCFA, Montant Net: 1754 FCFA, Nouveau Solde: 231.73 FCFA."
USER_15,2025-03-23,22:34:03,OrangeMoney,transfert,OUT,9000.0,FCFA,9031.73,"Transfert de [PHONE_2099] [CONTACT_2C28] vers [USER_15_phone] [USER_15] reussi. Details: ID transaction: PP250323.2234.A56781, Montant Transaction: 9000FCFA, Frais: 0 FCFA, Commission: 0 FCFA, Montant Net: 9000 FCFA, Nouveau Solde: 9031.73 FCFA."
USER_15,2025-04-01,13:00:24,OrangeMoney,transfert,OUT,102.0,FCFA,148.23,"Transfert de [PHONE_4428] [CONTACT_CA95] vers [USER_15_phone] [USER_15] reussi. Details: ID transaction: PP250401.1300.A96092, Montant Transaction: 102FCFA, Frais: 0 FCFA, Commission: 0 FCFA, Montant Net: 102 FCFA, Nouveau Solde: 148.23 FCFA."
USER_15,2025-04-06,11:16:25,OrangeMoney,transfert,OUT,121804.0,FCFA,121852.23,"Transfert de [PHONE_2099] [CONTACT_2C28] vers [USER_15_phone] [USER_15] reussi. Details: ID transaction: PP250406.1116.D92743, Montant Transaction: 121804FCFA, Frais: 0 FCFA, Commission: 0 FCFA, Montant Net: 121804 FCFA, Nouveau Solde: 121852.23 FCFA."
USER_15,2025-04-07,10:03:24,OrangeMoney,transfert,OUT,3054.0,FCFA,118744.23,"Transfert de [USER_15_phone] [USER_15] vers [PHONE_6536] [CONTACT_FF3C] reussi. ID transaction: PP250407.1003.D85655, Montant Transaction: 3054 FCFA, Frais: 54 FCFA, Commission: 0 FCFA, Montant Net: 3108 FCFA, Nouveau Solde: 118744.23 FCFA."
USER_15,2025-04-07,10:19:20,OrangeMoney,transfert,OUT,7109.0,FCFA,111581.23,"Transfert de [USER_15_phone] [USER_15] vers [PHONE_5090] [CONTACT_E42E] reussi. ID transaction: PP250407.1019.A01069, Montant Transaction: 7109 FCFA, Frais: 54 FCFA, Commission: 0 FCFA, Montant Net: 7163 FCFA, Nouveau Solde: 111581.23 FCFA."
USER_15,2025-04-07,11:49:12,OrangeMoney,transfert,OUT,2054.0,FCFA,113635.23,"Transfert de [PHONE_7938] [CONTACT_09BA] vers [USER_15_phone] [USER_15] reussi. Details: ID transaction: PP250407.1115.D29338, Montant Transaction: 2054FCFA, Frais: 0 FCFA, Commission: 0 FCFA, Montant Net: 2054 FCFA, Nouveau Solde: 113635.23 FCFA."
USER_15,2025-04-07,11:49:14,OrangeMoney,transfert,OUT,1054.0,FCFA,112527.23,"Transfert de [USER_15_phone] [USER_15] vers [PHONE_3802] [CONTACT_9F2E] reussi. ID transaction: PP250407.1149.A55534, Montant Transaction: 1054 FCFA, Frais: 54 FCFA, Commission: 0 FCFA, Montant Net: 1108 FCFA, Nouveau Solde: 112527.23 FCFA."
USER_15,2025-04-07,11:59:59,OrangeMoney,transfert,OUT,104.0,FCFA,112631.23,"Transfert de [PHONE_7938] [CONTACT_09BA] vers [USER_15_phone] [USER_15] reussi. Details: ID transaction: PP250407.1159.A62257, Montant Transaction: 104FCFA, Frais: 0 FCFA, Commission: 0 FCFA, Montant Net: 104 FCFA, Nouveau Solde: 112631.23 FCFA."
USER_15,2025-04-07,14:38:25,OrangeMoney,transfert,OUT,60904.0,FCFA,51418.71,"Transfert de [USER_15_phone] [USER_15] vers [PHONE_5090] [CONTACT_E42E] reussi. ID transaction: PP250407.1438.A57678, Montant Transaction: 60904 FCFA, Frais: 308.52 FCFA, Commission: 0 FCFA, Montant Net: 61212.52 FCFA, Nouveau Solde: 51418.71 FCFA."
USER_15,2025-04-08,10:31:50,OrangeMoney,transfert,OUT,1054.0,FCFA,50310.71,"Transfert de [USER_15_phone] [USER_15] vers [PHONE_5090] [CONTACT_E42E] reussi. ID transaction: PP250408.1031.D53577, Montant Transaction: 1054 FCFA, Frais: 54 FCFA, Commission: 0 FCFA, Montant Net: 1108 FCFA, Nouveau Solde: 50310.71 FCFA."
USER_15,2025-04-08,10:32:54,OrangeMoney,transfert,OUT,30454.0,FCFA,19700.44,"Transfert de [USER_15_phone] [USER_15] vers [PHONE_9235] [USER_15] reussi. ID transaction: PP250408.1032.C49961, Montant Transaction: 30454 FCFA, Frais: 156.27 FCFA, Commission: 0 FCFA, Montant Net: 30610.27 FCFA, Nouveau Solde: 19700.44 FCFA."
USER_15,2025-04-08,12:44:55,OrangeMoney,transfert,OUT,10150.0,FCFA,29850.44,"Transfert de [PHONE_7120] [CONTACT_5F58] vers [USER_15_phone] [USER_15] reussi. Details: ID transaction: PP250408.1244.C28067, Montant Transaction: 10150FCFA, Frais: 0 FCFA, Commission: 0 FCFA, Montant Net: 10150 FCFA, Nouveau Solde: 29850.44 FCFA."
USER_15,2025-04-08,12:52:10,OrangeMoney,transfert,OUT,1054.0,FCFA,28742.44,"Transfert de [USER_15_phone] [USER_15] vers [PHONE_4868] [CONTACT_90D1] reussi. ID transaction: PP250408.1252.C32471, Montant Transaction: 1054 FCFA, Frais: 54 FCFA, Commission: 0 FCFA, Montant Net: 1108 FCFA, Nouveau Solde: 28742.44 FCFA."
USER_15,2025-04-08,15:17:34,OrangeMoney,transfert,OUT,1000.0,FCFA,29742.44,"Transfert de [PHONE_5090] [CONTACT_E42E] vers [USER_15_phone] [USER_15] reussi. Details: ID transaction: PP250408.1517.D22141, Montant Transaction: 1000FCFA, Frais: 0 FCFA, Commission: 0 FCFA, Montant Net: 1000 FCFA, Nouveau Solde: 29742.44 FCFA."
USER_15,2025-04-10,18:21:05,OrangeMoney,transfert,OUT,5079.0,FCFA,34821.44,"Transfert de [PHONE_6365] [CONTACT_B78E] vers [USER_15_phone] [USER_15] reussi. Details: ID transaction: PP250410.1821.B11578, Montant Transaction: 5079FCFA, Frais: 0 FCFA, Commission: 0 FCFA, Montant Net: 5079 FCFA, Nouveau Solde: 34821.44 FCFA."
USER_15,2025-04-10,18:54:42,OrangeMoney,transfert,OUT,500.0,FCFA,35321.44,"Transfert de [PHONE_5909] [CONTACT_16C7] vers [USER_15_phone] [USER_15] reussi. Details: ID transaction: PP250410.1854.A34836, Montant Transaction: 500FCFA, Frais: 0 FCFA, Commission: 0 FCFA, Montant Net: 500 FCFA, Nouveau Solde: 35321.44 FCFA."
USER_15,2025-04-11,14:05:09,OrangeMoney,transfert,OUT,6500.0,FCFA,41821.44,"Transfert de [PHONE_9235] [USER_15] vers [USER_15_phone] [USER_15] reussi. Details: ID transaction: PP250411.1405.C98656, Montant Transaction: 6500FCFA, Frais: 0 FCFA, Commission: 0 FCFA, Montant Net: 6500 FCFA, Nouveau Solde: 41821.44 FCFA."
USER_15,2025-04-11,16:17:30,OrangeMoney,retrait,OUT,1050.0,FCFA,40717.44,"Retrait d'argent reussi par le [PHONE_4274] avec le Code : 148308. Informations detaillees : Montant: 1050 FCFA, Frais: 54 FCFA, No de transaction CO250411.1617.D25280, montant net debite 1104 FCFA, Nouveau solde: 40717.44 FCFA."
USER_15,2025-04-11,17:09:18,OrangeMoney,retrait,OUT,40000.0,FCFA,113.44,"Retrait d'argent reussi par le [PHONE_8023] avec le Code : 758213. Informations detaillees : Montant: 40000 FCFA, Frais: 604 FCFA, No de transaction CO250411.1709.C64310, montant net debite 40604 FCFA, Nouveau solde: 113.44 FCFA."
USER_15,2025-04-12,19:18:11,OrangeMoney,depot,IN,5000.0,FCFA,5113.44,"Depot effectue par [PHONE_6797] [CONTACT_7B9E] kuitche yerman to [USER_15_phone] [USER_15]. Informations detaillees: Montant de transaction : 5000 FCFA, ID transaction : CI250412.1918.C34962, Frais : 0 FCFA, Commission : 0 FCFA, Montant Net du Credit : 5000 FCFA, Nouveau Solde : 5113.44 FCFA."
USER_15,2025-04-13,13:04:47,OrangeMoney,transfert,OUT,3556.5,FCFA,1502.94,"Transfert de [USER_15_phone] [USER_15] vers [PHONE_4428] [CONTACT_CA95] reussi. ID transaction: PP250413.1304.C76948, Montant Transaction: 3556.5 FCFA, Frais: 54 FCFA, Commission: 0 FCFA, Montant Net: 3610.5 FCFA, Nouveau Solde: 1502.94 FCFA."
USER_15,2025-04-13,14:09:00,OrangeMoney,transfert,OUT,1054.0,FCFA,394.94,"Transfert de [USER_15_phone] [USER_15] vers [PHONE_4428] [CONTACT_CA95] reussi. ID transaction: PP250413.1408.D15297, Montant Transaction: 1054 FCFA, Frais: 54 FCFA, Commission: 0 FCFA, Montant Net: 1108 FCFA, Nouveau Solde: 394.94 FCFA."
USER_15,2025-04-17,18:12:48,OrangeMoney,transfert,OUT,1000.0,FCFA,1094.94,"Transfert de [PHONE_9771] [CONTACT_9535] vers [USER_15_phone] [USER_15] reussi. Details: ID transaction: PP250417.1812.C80647, Montant Transaction: 1000FCFA, Frais: 0 FCFA, Commission: 0 FCFA, Montant Net: 1000 FCFA, Nouveau Solde: 1094.94 FCFA."
USER_15,2025-04-19,11:24:32,OrangeMoney,transfert,OUT,1050.0,FCFA,1294.94,"Transfert de [PHONE_4428] [CONTACT_CA95] vers [USER_15_phone] [USER_15] reussi. Details: ID transaction: PP250419.1124.B27270, Montant Transaction: 1050FCFA, Frais: 0 FCFA, Commission: 0 FCFA, Montant Net: 1050 FCFA, Nouveau Solde: 1294.94 FCFA."
USER_15,2025-04-20,18:26:25,OrangeMoney,transfert,OUT,500.0,FCFA,138.94,"Transfert de [USER_15_phone] [USER_15] vers [PHONE_8589] [CONTACT_0FC2] reussi. ID transaction: PP250420.1826.C21028, Montant Transaction: 500 FCFA, Frais: 54 FCFA, Commission: 0 FCFA, Montant Net: 554 FCFA, Nouveau Solde: 138.94 FCFA."
USER_15,2025-04-23,17:58:43,OrangeMoney,transfert,OUT,500.0,FCFA,538.94,"Transfert de [PHONE_4428] [CONTACT_CA95] vers [USER_15_phone] [USER_15] reussi. Details: ID transaction: PP250423.1758.D04693, Montant Transaction: 500FCFA, Frais: 0 FCFA, Commission: 0 FCFA, Montant Net: 500 FCFA, Nouveau Solde: 538.94 FCFA."
USER_15,2025-04-26,17:02:09,OrangeMoney,transfert,OUT,2100.0,FCFA,2138.94,"Transfert de [PHONE_7120] [CONTACT_5F58] vers [USER_15_phone] [USER_15] reussi. Details: ID transaction: PP250426.1702.C14667, Montant Transaction: 2100FCFA, Frais: 0 FCFA, Commission: 0 FCFA, Montant Net: 2100 FCFA, Nouveau Solde: 2138.94 FCFA."
USER_15,2025-04-27,16:08:27,OrangeMoney,transfert,OUT,850.0,FCFA,2488.94,"Transfert de [PHONE_4428] [CONTACT_CA95] vers [USER_15_phone] [USER_15] reussi. Details: ID transaction: PP250427.1326.A49832, Montant Transaction: 850FCFA, Frais: 0 FCFA, Commission: 0 FCFA, Montant Net: 850 FCFA, Nouveau Solde: 2488.94 FCFA."
USER_15,2025-04-27,16:21:39,OrangeMoney,retrait,OUT,2400.0,FCFA,34.94,"Retrait d'argent reussi par le [PHONE_2624] avec le Code : 349091. Informations detaillees : Montant: 2400 FCFA, Frais: 54 FCFA, No de transaction CO250427.1621.A09578, montant net debite 2454 FCFA, Nouveau solde: 34.94 FCFA."
USER_15,2025-04-30,10:42:49,OrangeMoney,transfert,OUT,550.0,FCFA,584.94,"Transfert de [PHONE_4897] [CONTACT_2CC0] vers [USER_15_phone] [USER_15] reussi. Details: ID transaction: PP250430.1042.D19911, Montant Transaction: 550FCFA, Frais: 0 FCFA, Commission: 0 FCFA, Montant Net: 550 FCFA, Nouveau Solde: 584.94 FCFA."
USER_15,2025-04-30,12:21:31,OrangeMoney,transfert,OUT,500.0,FCFA,30.94,"Transfert de [USER_15_phone] [USER_15] vers [PHONE_5183] [CONTACT_ED92] reussi. ID transaction: PP250430.1221.C76165, Montant Transaction: 500 FCFA, Frais: 54 FCFA, Commission: 0 FCFA, Montant Net: 554 FCFA, Nouveau Solde: 30.94 FCFA."
USER_15,2025-04-30,17:04:28,OrangeMoney,depot,IN,1500.0,FCFA,1530.94,"Depot effectue par [PHONE_8260] [CONTACT_7B9E] to [USER_15_phone] [USER_15]. Informations detaillees: Montant de transaction : 1500 FCFA, ID transaction : CI250430.1704.C05644, Frais : 0 FCFA, Commission : 0 FCFA, Montant Net du Credit : 1500 FCFA, Nouveau Solde : 1530.94 FCFA."
USER_15,2025-05-01,11:28:46,OrangeMoney,transfert,OUT,101504.0,FCFA,103034.94,"Transfert de [PHONE_2099] [CONTACT_2C28] vers [USER_15_phone] [USER_15] reussi. Details: ID transaction: PP250501.1128.B07216, Montant Transaction: 101504FCFA, Frais: 0 FCFA, Commission: 0 FCFA, Montant Net: 101504 FCFA, Nouveau Solde: 103034.94 FCFA."
USER_15,2025-05-01,18:15:29,OrangeMoney,transfert,OUT,30454.0,FCFA,72424.67,"Transfert de [USER_15_phone] [USER_15] vers [PHONE_9235] [USER_15] reussi. ID transaction: PP250501.1815.D56172, Montant Transaction: 30454 FCFA, Frais: 156.27 FCFA, Commission: 0 FCFA, Montant Net: 30610.27 FCFA, Nouveau Solde: 72424.67 FCFA."
USER_15,2025-05-01,19:12:22,OrangeMoney,transfert,OUT,9139.0,FCFA,63231.67,"Transfert de [USER_15_phone] [USER_15] vers [PHONE_5090] [CONTACT_E42E] reussi. ID transaction: PP250501.1912.D90642, Montant Transaction: 9139 FCFA, Frais: 54 FCFA, Commission: 0 FCFA, Montant Net: 9193 FCFA, Nouveau Solde: 63231.67 FCFA."
USER_15,2025-05-02,10:16:04,OrangeMoney,paiement,OUT,750.0,FCFA,62456.67,"Vous venez d'effectuer un paiement chez SIMEU d'un montant de 750 FCFA.  Reference de la transaction: SM250502.1016.C69413, Frais: 25 FCFA, Montant net debite: 775 FCFA. Nouveau Solde: 62456.67 FCFA. Orange Money vous remercie."
USER_15,2025-05-02,12:50:21,OrangeMoney,transfert,OUT,1054.0,FCFA,60298.67,"Transfert de [USER_15_phone] [USER_15] vers [PHONE_8096] [CONTACT_B329] reussi. ID transaction: PP250502.1250.B09743, Montant Transaction: 1054 FCFA, Frais: 54 FCFA, Commission: 0 FCFA, Montant Net: 1108 FCFA, Nouveau Solde: 60298.67 FCFA."
USER_15,2025-05-06,10:15:25,OrangeMoney,paiement,OUT,1100.0,FCFA,10019.65,"Vous venez d'effectuer un paiement chez atchang d'un montant de 1100 FCFA.  Reference de la transaction: SM250506.1015.B85199, Frais: 50 FCFA, Montant net debite: 1150 FCFA. Nouveau Solde: 10019.65 FCFA. Orange Money vous remercie."
USER_15,2025-05-07,10:04:23,OrangeMoney,transfert,OUT,1000.0,FCFA,8465.65,"Transfert de [USER_15_phone] [USER_15] vers [PHONE_4276] [CONTACT_3861] reussi. ID transaction: PP250507.1004.C97787, Montant Transaction: 1000 FCFA, Frais: 54 FCFA, Commission: 0 FCFA, Montant Net: 1054 FCFA, Nouveau Solde: 8465.65 FCFA."
USER_15,2025-05-07,17:40:28,OrangeMoney,transfert,OUT,100.0,FCFA,8311.65,"Transfert de [USER_15_phone] [USER_15] vers [PHONE_7120] [CONTACT_5F58] reussi. ID transaction: PP250507.1740.C70868, Montant Transaction: 100 FCFA, Frais: 54 FCFA, Commission: 0 FCFA, Montant Net: 154 FCFA, Nouveau Solde: 8311.65 FCFA."
USER_15,2025-05-09,08:10:32,OrangeMoney,transfert,OUT,500.0,FCFA,7757.65,"Transfert de [USER_15_phone] [USER_15] vers [PHONE_0611] [CONTACT_7D21] reussi. ID transaction: PP250509.0810.A46667, Montant Transaction: 500 FCFA, Frais: 54 FCFA, Commission: 0 FCFA, Montant Net: 554 FCFA, Nouveau Solde: 7757.65 FCFA."
USER_15,2025-05-09,09:40:05,OrangeMoney,transfert,OUT,1054.0,FCFA,6649.65,"Transfert de [USER_15_phone] [USER_15] vers [PHONE_9625] [CONTACT_66A2] reussi. ID transaction: PP250509.0940.A90326, Montant Transaction: 1054 FCFA, Frais: 54 FCFA, Commission: 0 FCFA, Montant Net: 1108 FCFA, Nouveau Solde: 6649.65 FCFA."
USER_15,2025-05-09,19:51:04,OrangeMoney,transfert,OUT,2054.0,FCFA,8703.65,"Transfert de [PHONE_6649] [CONTACT_DF33] vers [USER_15_phone] [USER_15] reussi. Details: ID transaction: PP250509.1951.A74874, Montant Transaction: 2054FCFA, Frais: 0 FCFA, Commission: 0 FCFA, Montant Net: 2054 FCFA, Nouveau Solde: 8703.65 FCFA."
USER_15,2025-05-09,19:53:39,OrangeMoney,transfert,OUT,2000.0,FCFA,10703.65,"Transfert de [PHONE_0111] [CONTACT_8867] vers [USER_15_phone] [USER_15] reussi. Details: ID transaction: PP250509.1953.D73995, Montant Transaction: 2000FCFA, Frais: 0 FCFA, Commission: 0 FCFA, Montant Net: 2000 FCFA, Nouveau Solde: 10703.65 FCFA."
USER_15,2025-05-09,19:53:41,OrangeMoney,transfert,OUT,7718.0,FCFA,2931.65,"Transfert de [USER_15_phone] [USER_15] vers [PHONE_0988] [CONTACT_A26F] reussi. ID transaction: PP250509.1953.B65388, Montant Transaction: 7718 FCFA, Frais: 54 FCFA, Commission: 0 FCFA, Montant Net: 7772 FCFA, Nouveau Solde: 2931.65 FCFA."
USER_15,2025-05-13,13:02:16,OrangeMoney,transfert,OUT,129500.0,FCFA,131431.65,"Transfert de [PHONE_2099] [CONTACT_2C28] vers [USER_15_phone] [USER_15] reussi. Details: ID transaction: PP250513.1302.A41219, Montant Transaction: 129500FCFA, Frais: 0 FCFA, Commission: 0 FCFA, Montant Net: 129500 FCFA, Nouveau Solde: 131431.65 FCFA."
USER_15,2025-05-14,12:15:35,OrangeMoney,transfert,OUT,500.0,FCFA,131431.65,"Transfert de [PHONE_4428] [CONTACT_CA95] vers [USER_15_phone] [USER_15] reussi. Details: ID transaction: PP250514.1215.B37348, Montant Transaction: 500FCFA, Frais: 0 FCFA, Commission: 0 FCFA, Montant Net: 500 FCFA, Nouveau Solde: 131431.65 FCFA."
USER_15,2025-05-14,18:21:52,OrangeMoney,transfert,OUT,1750.0,FCFA,133181.65,"Transfert de [PHONE_8188] [CONTACT_F470] vers [USER_15_phone] [USER_15] reussi. Details: ID transaction: PP250514.1821.B53592, Montant Transaction: 1750FCFA, Frais: 0 FCFA, Commission: 0 FCFA, Montant Net: 1750 FCFA, Nouveau Solde: 133181.65 FCFA."
USER_15,2025-05-15,10:15:58,OrangeMoney,paiement,OUT,750.0,FCFA,131906.65,"Vous venez d'effectuer un paiement chez SIMEU d'un montant de 750 FCFA.  Reference de la transaction: SM250515.1015.B45094, Frais: 25 FCFA, Montant net debite: 775 FCFA. Nouveau Solde: 131906.65 FCFA. Orange Money vous remercie."
USER_15,2025-05-15,10:35:12,OrangeMoney,transfert,OUT,350.0,FCFA,132256.65,"Transfert de [PHONE_4428] [CONTACT_CA95] vers [USER_15_phone] [USER_15] reussi. Details: ID transaction: PP250515.1035.A23019, Montant Transaction: 350FCFA, Frais: 0 FCFA, Commission: 0 FCFA, Montant Net: 350 FCFA, Nouveau Solde: 132256.65 FCFA."
USER_15,2025-05-15,19:34:29,OrangeMoney,transfert,OUT,8124.0,FCFA,124078.65,"Transfert de [USER_15_phone] [USER_15] vers [PHONE_2140] [CONTACT_15B5] reussi. ID transaction: PP250515.1934.A48959, Montant Transaction: 8124 FCFA, Frais: 54 FCFA, Commission: 0 FCFA, Montant Net: 8178 FCFA, Nouveau Solde: 124078.65 FCFA."
USER_15,2025-05-16,14:04:57,OrangeMoney,transfert,OUT,107000.0,FCFA,16539.65,"Transfert de [USER_15_phone] [USER_15] vers [PHONE_4897] [CONTACT_2CC0] reussi. ID transaction: PP250516.1404.C87087, Montant Transaction: 107000 FCFA, Frais: 539 FCFA, Commission: 0 FCFA, Montant Net: 107539 FCFA, Nouveau Solde: 16539.65 FCFA."
USER_15,2025-05-16,15:02:15,OrangeMoney,retrait,OUT,850.0,FCFA,15635.65,"Retrait d'argent reussi par le [PHONE_0647] avec le Code : 792842. Informations detaillees : Montant: 850 FCFA, Frais: 54 FCFA, No de transaction CO250516.1502.A57758, montant net debite 904 FCFA, Nouveau solde: 15635.65 FCFA."
USER_15,2025-05-17,09:28:18,OrangeMoney,transfert,OUT,700.0,FCFA,15835.65,"Transfert de [PHONE_8953] Eugenie vers [USER_15_phone] [USER_15] reussi. Details: ID transaction: PP250517.0928.D08813, Montant Transaction: 700FCFA, Frais: 0 FCFA, Commission: 0 FCFA, Montant Net: 700 FCFA, Nouveau Solde: 15835.65 FCFA."
USER_15,2025-05-17,11:35:22,OrangeMoney,transfert,OUT,550.0,FCFA,15231.65,"Transfert de [USER_15_phone] [USER_15] vers [PHONE_5747] [CONTACT_3F20] reussi. ID transaction: PP250517.1135.B76778, Montant Transaction: 550 FCFA, Frais: 54 FCFA, Commission: 0 FCFA, Montant Net: 604 FCFA, Nouveau Solde: 15231.65 FCFA."
USER_15,2025-05-17,12:19:05,OrangeMoney,transfert,OUT,500.0,FCFA,14677.65,"Transfert de [USER_15_phone] [USER_15] vers [PHONE_5747] [CONTACT_3F20] reussi. ID transaction: PP250517.1219.C04211, Montant Transaction: 500 FCFA, Frais: 54 FCFA, Commission: 0 FCFA, Montant Net: 554 FCFA, Nouveau Solde: 14677.65 FCFA."
USER_15,2025-05-17,19:46:06,OrangeMoney,transfert,OUT,150.0,FCFA,14327.65,"Transfert de [PHONE_9748] [CONTACT_8714] vers [USER_15_phone] [USER_15] reussi. Details: ID transaction: PP250517.1946.A91055, Montant Transaction: 150FCFA, Frais: 0 FCFA, Commission: 0 FCFA, Montant Net: 150 FCFA, Nouveau Solde: 14327.65 FCFA."
USER_15,2025-05-19,17:14:57,OrangeMoney,paiement,OUT,500.0,FCFA,13200.65,"Vous venez d'effectuer un paiement chez SIMEU d'un montant de 500 FCFA.  Reference de la transaction: SM250519.1714.C14372, Frais: 25 FCFA, Montant net debite: 525 FCFA. Nouveau Solde: 13200.65 FCFA. Orange Money vous remercie."
USER_15,2025-05-21,18:29:25,OrangeMoney,transfert,OUT,5079.0,FCFA,7567.65,"Transfert de [USER_15_phone] [USER_15] vers [PHONE_6434] [CONTACT_AE57] reussi. ID transaction: PP250521.1829.A88273, Montant Transaction: 5079 FCFA, Frais: 54 FCFA, Commission: 0 FCFA, Montant Net: 5133 FCFA, Nouveau Solde: 7567.65 FCFA."
USER_15,2025-05-21,19:06:02,OrangeMoney,transfert,OUT,1000.0,FCFA,6513.65,"Transfert de [USER_15_phone] [USER_15] vers [PHONE_0780] [CONTACT_9785] reussi. ID transaction: PP250521.1905.A10961, Montant Transaction: 1000 FCFA, Frais: 54 FCFA, Commission: 0 FCFA, Montant Net: 1054 FCFA, Nouveau Solde: 6513.65 FCFA."
USER_15,2025-05-22,17:12:22,OrangeMoney,transfert,OUT,1550.0,FCFA,4909.65,"Transfert de [USER_15_phone] [USER_15] vers [PHONE_4428] [CONTACT_CA95] reussi. ID transaction: PP250522.1712.D62123, Montant Transaction: 1550 FCFA, Frais: 54 FCFA, Commission: 0 FCFA, Montant Net: 1604 FCFA, Nouveau Solde: 4909.65 FCFA."
USER_15,2025-05-23,13:32:19,OrangeMoney,retrait,OUT,700.0,FCFA,4155.65,"Retrait d'argent reussi par le [PHONE_7669] avec le Code : 717494. Informations detaillees : Montant: 700 FCFA, Frais: 54 FCFA, No de transaction CO250523.1332.D80481, montant net debite 754 FCFA, Nouveau solde: 4155.65 FCFA."
USER_15,2025-05-23,17:03:30,OrangeMoney,transfert,OUT,650.0,FCFA,4305.65,"Transfert de [PHONE_9602] [CONTACT_80ED] vers [USER_15_phone] [USER_15] reussi. Details: ID transaction: PP250523.1703.A09545, Montant Transaction: 650FCFA, Frais: 0 FCFA, Commission: 0 FCFA, Montant Net: 650 FCFA, Nouveau Solde: 4305.65 FCFA."
USER_15,2025-05-24,18:39:45,OrangeMoney,transfert,OUT,500.0,FCFA,3251.65,"Transfert de [USER_15_phone] [USER_15] vers [PHONE_6782] [CONTACT_232E] reussi. ID transaction: PP250524.1839.B94612, Montant Transaction: 500 FCFA, Frais: 54 FCFA, Commission: 0 FCFA, Montant Net: 554 FCFA, Nouveau Solde: 3251.65 FCFA."
USER_15,2025-05-24,20:07:30,OrangeMoney,transfert,OUT,2000.0,FCFA,1197.65,"Transfert de [USER_15_phone] [USER_15] vers [PHONE_0440] [CONTACT_AFF9] reussi. ID transaction: PP250524.2007.C51700, Montant Transaction: 2000 FCFA, Frais: 54 FCFA, Commission: 0 FCFA, Montant Net: 2054 FCFA, Nouveau Solde: 1197.65 FCFA."
USER_15,2025-05-26,17:50:51,OrangeMoney,transfert,OUT,500.0,FCFA,1197.65,"Transfert de [PHONE_0405] [CONTACT_806B] vers [USER_15_phone] [USER_15] reussi. Details: ID transaction: PP250526.1750.A10458, Montant Transaction: 500FCFA, Frais: 0 FCFA, Commission: 0 FCFA, Montant Net: 500 FCFA, Nouveau Solde: 1197.65 FCFA."
USER_15,2025-05-26,17:52:31,OrangeMoney,transfert,OUT,1054.0,FCFA,89.65,"Transfert de [USER_15_phone] [USER_15] vers [PHONE_6067] [CONTACT_6BF2] reussi. ID transaction: PP250526.1752.B91785, Montant Transaction: 1054 FCFA, Frais: 54 FCFA, Commission: 0 FCFA, Montant Net: 1108 FCFA, Nouveau Solde: 89.65 FCFA."
USER_15,2025-05-27,19:24:15,OrangeMoney,transfert,OUT,2100.0,FCFA,2189.65,"Transfert de [PHONE_9265] [CONTACT_E13B] vers [USER_15_phone] [USER_15] reussi. Details: ID transaction: PP250527.1924.A34771, Montant Transaction: 2100FCFA, Frais: 0 FCFA, Commission: 0 FCFA, Montant Net: 2100 FCFA, Nouveau Solde: 2189.65 FCFA."
USER_15,2025-05-28,16:47:15,OrangeMoney,transfert,OUT,1054.0,FCFA,581.65,"Transfert de [USER_15_phone] [USER_15] vers [PHONE_6067] [CONTACT_6BF2] reussi. ID transaction: PP250528.1647.A12958, Montant Transaction: 1054 FCFA, Frais: 54 FCFA, Commission: 0 FCFA, Montant Net: 1108 FCFA, Nouveau Solde: 581.65 FCFA."
USER_15,2025-05-28,20:29:25,OrangeMoney,transfert,OUT,5000.0,FCFA,5581.65,"Transfert de [PHONE_3746] [CONTACT_8136] vers [USER_15_phone] [USER_15] reussi. Details: ID transaction: PP250528.2029.C39774, Montant Transaction: 5000FCFA, Frais: 0 FCFA, Commission: 0 FCFA, Montant Net: 5000 FCFA, Nouveau Solde: 5581.65 FCFA."
USER_15,2025-05-29,11:33:39,OrangeMoney,retrait,OUT,450.0,FCFA,5077.65,"Retrait d'argent reussi par le [PHONE_0647] avec le Code : 792842. Informations detaillees : Montant: 450 FCFA, Frais: 54 FCFA, No de transaction CO250529.1133.C84575, montant net debite 504 FCFA, Nouveau solde: 5077.65 FCFA."
USER_15,2025-05-29,16:24:45,OrangeMoney,transfert,OUT,2054.0,FCFA,2969.65,"Transfert de [USER_15_phone] [USER_15] vers [PHONE_6067] [CONTACT_6BF2] reussi. ID transaction: PP250529.1622.C27535, Montant Transaction: 2054 FCFA, Frais: 54 FCFA, Commission: 0 FCFA, Montant Net: 2108 FCFA, Nouveau Solde: 2969.65 FCFA."
USER_15,2025-05-30,11:46:15,OrangeMoney,retrait,OUT,700.0,FCFA,2215.65,"Retrait d'argent reussi par le [PHONE_7669] avec le Code : 717494. Informations detaillees : Montant: 700 FCFA, Frais: 54 FCFA, No de transaction CO250530.1146.D15666, montant net debite 754 FCFA, Nouveau solde: 2215.65 FCFA."
USER_15,2025-05-30,19:19:14,OrangeMoney,retrait,OUT,500.0,FCFA,1161.65,"Retrait d'argent reussi par le [PHONE_0647] avec le Code : 792842. Informations detaillees : Montant: 500 FCFA, Frais: 54 FCFA, No de transaction CO250530.1919.D09067, montant net debite 554 FCFA, Nouveau solde: 1161.65 FCFA."
USER_15,2025-06-01,14:43:24,OrangeMoney,transfert,OUT,2554.0,FCFA,3015.65,"Transfert de [PHONE_3847] [CONTACT_6B3D] vers [USER_15_phone] [USER_15] reussi. Details: ID transaction: PP250601.1443.D25472, Montant Transaction: 2554FCFA, Frais: 0 FCFA, Commission: 0 FCFA, Montant Net: 2554 FCFA, Nouveau Solde: 3015.65 FCFA."
USER_15,2025-06-01,15:21:48,OrangeMoney,transfert,OUT,2600.0,FCFA,361.65,"Transfert de [USER_15_phone] [USER_15] vers [PHONE_6534] Ngatsebai reussi. ID transaction: PP250601.1521.A55489, Montant Transaction: 2600 FCFA, Frais: 54 FCFA, Commission: 0 FCFA, Montant Net: 2654 FCFA, Nouveau Solde: 361.65 FCFA."
USER_15,2025-06-02,13:16:02,OrangeMoney,transfert,OUT,203004.0,FCFA,203365.65,"Transfert de [PHONE_2099] [CONTACT_2C28] vers [USER_15_phone] [USER_15] reussi. Details: ID transaction: PP250602.1315.C18290, Montant Transaction: 203004FCFA, Frais: 0 FCFA, Commission: 0 FCFA, Montant Net: 203004 FCFA, Nouveau Solde: 203365.65 FCFA."
USER_15,2025-06-02,21:59:07,OrangeMoney,transfert,OUT,1000.0,FCFA,204365.65,"Transfert de [PHONE_2981] [CONTACT_B341] vers [USER_15_phone] [USER_15] reussi. Details: ID transaction: PP250602.2159.D33045, Montant Transaction: 1000FCFA, Frais: 0 FCFA, Commission: 0 FCFA, Montant Net: 1000 FCFA, Nouveau Solde: 204365.65 FCFA."
USER_15,2025-06-02,22:01:46,OrangeMoney,transfert,OUT,203004.0,FCFA,357.65,"Transfert de [USER_15_phone] [USER_15] vers [PHONE_5110] [CONTACT_DA64] reussi. ID transaction: PP250602.2201.C20596, Montant Transaction: 203004 FCFA, Frais: 1004 FCFA, Commission: 0 FCFA, Montant Net: 204008 FCFA, Nouveau Solde: 357.65 FCFA."
USER_15,2025-06-03,21:15:46,OrangeMoney,transfert,OUT,20304.0,FCFA,20361.65,"Transfert de [PHONE_2099] [CONTACT_2C28] vers [USER_15_phone] [USER_15] reussi. Details: ID transaction: PP250603.2115.C39391, Montant Transaction: 20304FCFA, Frais: 0 FCFA, Commission: 0 FCFA, Montant Net: 20304 FCFA, Nouveau Solde: 20361.65 FCFA."
USER_15,2025-06-03,21:20:15,OrangeMoney,transfert,OUT,10154.0,FCFA,10152.88,"Transfert de [USER_15_phone] [USER_15] vers [PHONE_9235] [USER_15] reussi. ID transaction: PP250603.2120.A59813, Montant Transaction: 10154 FCFA, Frais: 54.77 FCFA, Commission: 0 FCFA, Montant Net: 10208.77 FCFA, Nouveau Solde: 10152.88 FCFA."
USER_15,2025-06-04,12:11:02,OrangeMoney,retrait,OUT,1400.0,FCFA,8698.88,"Retrait d'argent reussi par le [PHONE_7669] avec le Code : 717494. Informations detaillees : Montant: 1400 FCFA, Frais: 54 FCFA, No de transaction CO250604.1210.D88510, montant net debite 1454 FCFA, Nouveau solde: 8698.88 FCFA."
USER_15,2025-06-04,19:50:29,OrangeMoney,transfert,OUT,1554.0,FCFA,7090.88,"Transfert de [USER_15_phone] [USER_15] vers [PHONE_5090] [CONTACT_E42E] reussi. ID transaction: PP250604.1950.D58444, Montant Transaction: 1554 FCFA, Frais: 54 FCFA, Commission: 0 FCFA, Montant Net: 1608 FCFA, Nouveau Solde: 7090.88 FCFA."
USER_15,2025-06-06,14:06:43,OrangeMoney,transfert,OUT,1500.0,FCFA,8090.88,"Transfert de [PHONE_7559] [CONTACT_32FB] vers [USER_15_phone] [USER_15] reussi. Details: ID transaction: PP250606.1406.D24024, Montant Transaction: 1500FCFA, Frais: 0 FCFA, Commission: 0 FCFA, Montant Net: 1500 FCFA, Nouveau Solde: 8090.88 FCFA."
USER_15,2025-06-06,18:41:12,OrangeMoney,retrait,OUT,1600.0,FCFA,6436.88,"Retrait d'argent reussi par le [PHONE_0647] avec le Code : 792842. Informations detaillees : Montant: 1600 FCFA, Frais: 54 FCFA, No de transaction CO250606.1841.D67373, montant net debite 1654 FCFA, Nouveau solde: 6436.88 FCFA."
USER_15,2025-06-07,16:58:12,OrangeMoney,transfert,OUT,1054.0,FCFA,5328.88,"Transfert de [USER_15_phone] [USER_15] vers [PHONE_6067] [CONTACT_6BF2] reussi. ID transaction: PP250607.1658.A52977, Montant Transaction: 1054 FCFA, Frais: 54 FCFA, Commission: 0 FCFA, Montant Net: 1108 FCFA, Nouveau Solde: 5328.88 FCFA."
USER_15,2025-06-07,19:49:23,OrangeMoney,retrait,OUT,500.0,FCFA,4774.88,"Retrait d'argent reussi par le [PHONE_0647] avec le Code : 792842. Informations detaillees : Montant: 500 FCFA, Frais: 54 FCFA, No de transaction CO250607.1949.C80129, montant net debite 554 FCFA, Nouveau solde: 4774.88 FCFA."
USER_15,2025-06-08,13:45:30,OrangeMoney,transfert,OUT,800.0,FCFA,3920.88,"Transfert de [USER_15_phone] [USER_15] vers [PHONE_4428] [CONTACT_CA95] reussi. ID transaction: PP250608.1345.A64998, Montant Transaction: 800 FCFA, Frais: 54 FCFA, Commission: 0 FCFA, Montant Net: 854 FCFA, Nouveau Solde: 3920.88 FCFA."
USER_15,2025-06-08,13:47:32,OrangeMoney,transfert,OUT,1000.0,FCFA,2866.88,"Transfert de [USER_15_phone] [USER_15] vers [PHONE_9235] [USER_15] reussi. ID transaction: PP250608.1347.A66158, Montant Transaction: 1000 FCFA, Frais: 54 FCFA, Commission: 0 FCFA, Montant Net: 1054 FCFA, Nouveau Solde: 2866.88 FCFA."
USER_15,2025-06-08,18:23:58,OrangeMoney,transfert,OUT,1154.0,FCFA,1658.88,"Transfert de [USER_15_phone] [USER_15] vers [PHONE_6110] [CONTACT_93D5] reussi. ID transaction: PP250608.1823.B15484, Montant Transaction: 1154 FCFA, Frais: 54 FCFA, Commission: 0 FCFA, Montant Net: 1208 FCFA, Nouveau Solde: 1658.88 FCFA."
USER_15,2025-06-11,18:23:30,OrangeMoney,transfert,OUT,20304.0,FCFA,21362.88,"Transfert de [PHONE_2099] [CONTACT_2C28] vers [USER_15_phone] [USER_15] reussi. Details: ID transaction: PP250611.1823.D29118, Montant Transaction: 20304FCFA, Frais: 0 FCFA, Commission: 0 FCFA, Montant Net: 20304 FCFA, Nouveau Solde: 21362.88 FCFA."
USER_15,2025-06-11,20:15:10,OrangeMoney,transfert,OUT,10154.0,FCFA,11154.11,"Transfert de [USER_15_phone] [USER_15] vers [PHONE_9235] [USER_15] reussi. ID transaction: PP250611.2015.A98142, Montant Transaction: 10154 FCFA, Frais: 54.77 FCFA, Commission: 0 FCFA, Montant Net: 10208.77 FCFA, Nouveau Solde: 11154.11 FCFA."
USER_15,2025-06-12,13:33:16,OrangeMoney,retrait,OUT,900.0,FCFA,10200.11,"Retrait d'argent reussi par le [PHONE_0647] avec le Code : 792842. Informations detaillees : Montant: 900 FCFA, Frais: 54 FCFA, No de transaction CO250612.1333.D80664, montant net debite 954 FCFA, Nouveau solde: 10200.11 FCFA."
USER_15,2025-06-12,17:20:45,OrangeMoney,transfert,OUT,1304.0,FCFA,8842.11,"Transfert de [USER_15_phone] [USER_15] vers [PHONE_9235] [USER_15] reussi. ID transaction: PP250612.1720.D20888, Montant Transaction: 1304 FCFA, Frais: 54 FCFA, Commission: 0 FCFA, Montant Net: 1358 FCFA, Nouveau Solde: 8842.11 FCFA."
USER_15,2025-06-13,13:20:44,OrangeMoney,transfert,OUT,254.0,FCFA,8534.11,"Transfert de [USER_15_phone] [USER_15] vers [PHONE_9235] [USER_15] reussi. ID transaction: PP250613.1320.D29877, Montant Transaction: 254 FCFA, Frais: 54 FCFA, Commission: 0 FCFA, Montant Net: 308 FCFA, Nouveau Solde: 8534.11 FCFA."
USER_15,2025-06-14,09:44:02,OrangeMoney,transfert,OUT,729.0,FCFA,7251.11,"Transfert de [USER_15_phone] [USER_15] vers [PHONE_9771] [CONTACT_9535] reussi. ID transaction: PP250614.0943.B50852, Montant Transaction: 729 FCFA, Frais: 54 FCFA, Commission: 0 FCFA, Montant Net: 783 FCFA, Nouveau Solde: 7251.11 FCFA."
USER_15,2025-06-14,16:30:45,OrangeMoney,transfert,OUT,2054.0,FCFA,5143.11,"Transfert de [USER_15_phone] [USER_15] vers [PHONE_9771] [CONTACT_9535] reussi. ID transaction: PP250614.1630.A09898, Montant Transaction: 2054 FCFA, Frais: 54 FCFA, Commission: 0 FCFA, Montant Net: 2108 FCFA, Nouveau Solde: 5143.11 FCFA."
USER_15,2025-06-21,21:52:07,OrangeMoney,rechargement,OUT,500.0,FCFA,2043.11,"Rechargement reussi. Montant de la transaction: 500 FCFA, ID transaction: RC250621.2152.B82696, Frais: 0 FCFA, Commission: 0 FCFA, Nouveau solde: 2043.11 FCFA"
USER_15,2025-06-24,08:36:36,OrangeMoney,transfert,OUT,3054.0,FCFA,4497.11,"Transfert de [PHONE_2981] [CONTACT_B341] vers [USER_15_phone] [USER_15] reussi. Details: ID transaction: PP250624.0836.C66782, Montant Transaction: 3054FCFA, Frais: 0 FCFA, Commission: 0 FCFA, Montant Net: 3054 FCFA, Nouveau Solde: 4497.11 FCFA."
USER_15,2025-06-24,17:08:30,OrangeMoney,rechargement,OUT,500.0,FCFA,3997.11,"Rechargement reussi. Montant de la transaction: 500 FCFA, ID transaction: RC250624.1708.C12616, Frais: 0 FCFA, Commission: 0 FCFA, Nouveau solde: 3997.11 FCFA"
USER_15,2025-06-25,19:24:54,OrangeMoney,rechargement,OUT,500.0,FCFA,3497.11,"Rechargement reussi. Montant de la transaction: 500 FCFA, ID transaction: RC250625.1924.D45805, Frais: 0 FCFA, Commission: 0 FCFA, Nouveau solde: 3497.11 FCFA"
USER_15,2025-06-30,17:51:24,OrangeMoney,transfert,OUT,2054.0,FCFA,5551.11,"Transfert de [PHONE_7735] [CONTACT_3096] vers [USER_15_phone] [USER_15] reussi. Details: ID transaction: PP250630.1751.C60769, Montant Transaction: 2054FCFA, Frais: 0 FCFA, Commission: 0 FCFA, Montant Net: 2054 FCFA, Nouveau Solde: 5551.11 FCFA."
USER_15,2025-07-02,08:05:55,OrangeMoney,rechargement,OUT,300.0,FCFA,5251.11,"Rechargement reussi. Montant de la transaction: 300 FCFA, ID transaction: RC250702.0805.A23812, Frais: 0 FCFA, Commission: 0 FCFA, Nouveau solde: 5251.11 FCFA"
USER_15,2025-07-04,10:43:42,OrangeMoney,transfert,OUT,3054.0,FCFA,8305.11,"Transfert de [PHONE_0940] [CONTACT_72A2] vers [USER_15_phone] [USER_15] reussi. Details: ID transaction: PP250704.1043.C41890, Montant Transaction: 3054FCFA, Frais: 0 FCFA, Commission: 0 FCFA, Montant Net: 3054 FCFA, Nouveau Solde: 8305.11 FCFA."
USER_15,2025-07-04,12:21:50,OrangeMoney,transfert,OUT,2054.0,FCFA,10359.11,"Transfert de [PHONE_7249] [CONTACT_E35F] vers [USER_15_phone] [USER_15] reussi. Details: ID transaction: PP250704.1221.C96956, Montant Transaction: 2054FCFA, Frais: 0 FCFA, Commission: 0 FCFA, Montant Net: 2054 FCFA, Nouveau Solde: 10359.11 FCFA."
USER_15,2025-07-04,19:27:45,OrangeMoney,transfert,OUT,3104.0,FCFA,13463.11,"Transfert de [PHONE_5909] [CONTACT_16C7] vers [USER_15_phone] [USER_15] reussi. Details: ID transaction: PP250704.1927.B73878, Montant Transaction: 3104FCFA, Frais: 0 FCFA, Commission: 0 FCFA, Montant Net: 3104 FCFA, Nouveau Solde: 13463.11 FCFA."
USER_15,2025-07-04,20:44:41,OrangeMoney,transfert,OUT,2000.0,FCFA,15463.11,"Transfert de [PHONE_1824] [CONTACT_459B] vers [USER_15_phone] [USER_15] reussi. Details: ID transaction: PP250704.2044.A31768, Montant Transaction: 2000FCFA, Frais: 0 FCFA, Commission: 0 FCFA, Montant Net: 2000 FCFA, Nouveau Solde: 15463.11 FCFA."
USER_15,2025-07-04,21:38:15,OrangeMoney,rechargement,OUT,100.0,FCFA,15363.11,"Rechargement reussi. Montant de la transaction: 100 FCFA, ID transaction: RC250704.2138.A50832, Frais: 0 FCFA, Commission: 0 FCFA, Nouveau solde: 15363.11 FCFA"
USER_15,2025-07-05,02:03:46,OrangeMoney,transfert,OUT,2054.0,FCFA,17417.11,"Transfert de [PHONE_3032] [CONTACT_E5F3] vers [USER_15_phone] [USER_15] reussi. Details: ID transaction: PP250705.0203.B88872, Montant Transaction: 2054FCFA, Frais: 0 FCFA, Commission: 0 FCFA, Montant Net: 2054 FCFA, Nouveau Solde: 17417.11 FCFA."
USER_15,2025-07-05,19:53:16,OrangeMoney,transfert,IN,3100.0,FCFA,20517.11,"Vous avez recu avec succes 3100 FCFA de [PHONE_6038]. Votre nouveau solde est de 20517.11 FCFA, Reference de transaction: CI250705.1953.C85215 Orange Money vous remercie."
USER_15,2025-07-05,22:01:44,OrangeMoney,transfert,OUT,500.0,FCFA,19487.11,"Transfert de [PHONE_2031] [CONTACT_8C31] vers [USER_15_phone] [USER_15] reussi. Details: ID transaction: PP250705.2201.B44397, Montant Transaction: 500FCFA, Frais: 0 FCFA, Commission: 0 FCFA, Montant Net: 500 FCFA, Nouveau Solde: 19487.11 FCFA."
USER_15,2025-07-06,09:31:36,OrangeMoney,transfert,OUT,2054.0,FCFA,21026.11,"Transfert de [PHONE_4887] [CONTACT_78B9] vers [USER_15_phone] [USER_15] reussi. Details: ID transaction: PP250706.0929.B60531, Montant Transaction: 2054FCFA, Frais: 0 FCFA, Commission: 0 FCFA, Montant Net: 2054 FCFA, Nouveau Solde: 21026.11 FCFA."
USER_15,2025-07-06,19:09:19,OrangeMoney,transfert,OUT,1554.0,FCFA,18388.11,"Transfert de [USER_15_phone] [USER_15] vers [PHONE_6173] [CONTACT_5029] reussi. ID transaction: PP250706.1909.B05741, Montant Transaction: 1554 FCFA, Frais: 54 FCFA, Commission: 0 FCFA, Montant Net: 1608 FCFA, Nouveau Solde: 18388.11 FCFA."
USER_15,2025-07-07,20:23:59,OrangeMoney,transfert,OUT,1500.0,FCFA,18858.11,"Transfert de [PHONE_6173] [CONTACT_5029] vers [USER_15_phone] [USER_15] reussi. Details: ID transaction: PP250707.2023.A11414, Montant Transaction: 1500FCFA, Frais: 0 FCFA, Commission: 0 FCFA, Montant Net: 1500 FCFA, Nouveau Solde: 18858.11 FCFA."
USER_15,2025-07-09,14:50:48,OrangeMoney,rechargement,OUT,100.0,FCFA,18758.11,"Rechargement reussi. Montant de la transaction: 100 FCFA, ID transaction: RC250709.1450.D01061, Frais: 0 FCFA, Commission: 0 FCFA, Nouveau solde: 18758.11 FCFA"
USER_15,2025-07-09,19:58:16,OrangeMoney,transfert,OUT,50.0,FCFA,18808.11,"Transfert de [PHONE_6434] [CONTACT_AE57] vers [USER_15_phone] [USER_15] reussi. Details: ID transaction: PP250709.1958.C66156, Montant Transaction: 50FCFA, Frais: 0 FCFA, Commission: 0 FCFA, Montant Net: 50 FCFA, Nouveau Solde: 18808.11 FCFA."
USER_15,2025-07-10,13:22:21,OrangeMoney,transfert,OUT,1000.0,FCFA,19808.11,"Transfert de [PHONE_6178] [CONTACT_7ACD] vers [USER_15_phone] [USER_15] reussi. Details: ID transaction: PP250710.1322.A73796, Montant Transaction: 1000FCFA, Frais: 0 FCFA, Commission: 0 FCFA, Montant Net: 1000 FCFA, Nouveau Solde: 19808.11 FCFA."
USER_15,2025-07-12,16:26:31,OrangeMoney,rechargement,OUT,500.0,FCFA,18278.11,"Rechargement reussi. Montant de la transaction: 500 FCFA, ID transaction: RC250712.1626.C77687, Frais: 0 FCFA, Commission: 0 FCFA, Nouveau solde: 18278.11 FCFA"
USER_15,2025-07-14,19:16:41,OrangeMoney,transfert,OUT,10154.0,FCFA,28432.11,"Transfert de [PHONE_2099] [CONTACT_2C28] vers [USER_15_phone] [USER_15] reussi. Details: ID transaction: PP250714.1916.D06916, Montant Transaction: 10154FCFA, Frais: 0 FCFA, Commission: 0 FCFA, Montant Net: 10154 FCFA, Nouveau Solde: 28432.11 FCFA."
USER_15,2025-07-15,21:19:14,OrangeMoney,transfert,OUT,1554.0,FCFA,26824.11,"Transfert de [USER_15_phone] [USER_15] vers [PHONE_5090] [CONTACT_E42E] reussi. ID transaction: PP250715.2119.B98700, Montant Transaction: 1554 FCFA, Frais: 54 FCFA, Commission: 0 FCFA, Montant Net: 1608 FCFA, Nouveau Solde: 26824.11 FCFA."
USER_15,2025-07-15,22:08:23,OrangeMoney,rechargement,OUT,500.0,FCFA,26324.11,"Rechargement reussi. Montant de la transaction: 500 FCFA, ID transaction: RC250715.2208.D69753, Frais: 0 FCFA, Commission: 0 FCFA, Nouveau solde: 26324.11 FCFA"
USER_15,2025-07-16,22:23:10,OrangeMoney,transfert,OUT,500.0,FCFA,25770.11,"Transfert de [USER_15_phone] [USER_15] vers [PHONE_4897] [CONTACT_2CC0] reussi. ID transaction: PP250716.2223.A51528, Montant Transaction: 500 FCFA, Frais: 54 FCFA, Commission: 0 FCFA, Montant Net: 554 FCFA, Nouveau Solde: 25770.11 FCFA."
USER_15,2025-07-21,07:10:18,OrangeMoney,transfert,OUT,5079.0,FCFA,30849.11,"Transfert de [PHONE_2099] [CONTACT_2C28] vers [USER_15_phone] [USER_15] reussi. Details: ID transaction: PP250721.0710.C77253, Montant Transaction: 5079FCFA, Frais: 0 FCFA, Commission: 0 FCFA, Montant Net: 5079 FCFA, Nouveau Solde: 30849.11 FCFA."
USER_15,2025-07-21,09:12:05,OrangeMoney,rechargement,OUT,500.0,FCFA,30349.11,"Rechargement reussi. Montant de la transaction: 500 FCFA, ID transaction: RC250721.0912.D11661, Frais: 0 FCFA, Commission: 0 FCFA, Nouveau solde: 30349.11 FCFA"
USER_15,2025-07-24,06:55:53,OrangeMoney,rechargement,OUT,500.0,FCFA,29849.11,"Rechargement reussi. Montant de la transaction: 500 FCFA, ID transaction: RC250724.0655.D49636, Frais: 0 FCFA, Commission: 0 FCFA, Nouveau solde: 29849.11 FCFA"
USER_15,2025-07-24,07:44:59,OrangeMoney,transfert,OUT,2054.0,FCFA,27741.11,"Transfert de [USER_15_phone] [USER_15] vers [PHONE_3754] [CONTACT_30DD] reussi. ID transaction: PP250724.0744.C25365, Montant Transaction: 2054 FCFA, Frais: 54 FCFA, Commission: 0 FCFA, Montant Net: 2108 FCFA, Nouveau Solde: 27741.11 FCFA."
USER_15,2025-07-24,11:20:57,OrangeMoney,transfert,OUT,5079.0,FCFA,32820.11,"Transfert de [PHONE_2099] [CONTACT_2C28] vers [USER_15_phone] [USER_15] reussi. Details: ID transaction: PP250724.1120.C12544, Montant Transaction: 5079FCFA, Frais: 0 FCFA, Commission: 0 FCFA, Montant Net: 5079 FCFA, Nouveau Solde: 32820.11 FCFA."
USER_15,2025-07-24,21:10:06,OrangeMoney,rechargement,OUT,500.0,FCFA,32218.11,"Rechargement reussi. Montant de la transaction: 500 FCFA, ID transaction: RC250724.2110.D47326, Frais: 0 FCFA, Commission: 0 FCFA, Nouveau solde: 32218.11 FCFA"
USER_15,2025-07-25,17:40:03,OrangeMoney,rechargement,OUT,500.0,FCFA,29040.11,"Rechargement reussi. Montant de la transaction: 500 FCFA, ID transaction: RC250725.1739.B40486, Frais: 0 FCFA, Commission: 0 FCFA, Nouveau solde: 29040.11 FCFA"
USER_15,2025-07-25,18:27:02,OrangeMoney,transfert,OUT,2054.0,FCFA,26932.11,"Transfert de [USER_15_phone] [USER_15] vers [PHONE_6434] [CONTACT_AE57] reussi. ID transaction: PP250725.1826.A53953, Montant Transaction: 2054 FCFA, Frais: 54 FCFA, Commission: 0 FCFA, Montant Net: 2108 FCFA, Nouveau Solde: 26932.11 FCFA."
USER_15,2025-07-25,20:02:27,OrangeMoney,depot,IN,1100.0,FCFA,23912.11,"Depot effectue par [PHONE_6797] [CONTACT_7B9E] kuitche yerman to [USER_15_phone] [USER_15]. Informations detaillees: Montant de transaction : 1100 FCFA, ID transaction : CI250725.2002.D89723, Frais : 0 FCFA, Commission : 0 FCFA, Montant Net du Credit : 1100 FCFA, Nouveau Solde : 23912.11 FCFA."
USER_15,2025-07-26,21:40:48,OrangeMoney,transfert,OUT,554.0,FCFA,20694.11,"Transfert de [USER_15_phone] [USER_15] vers [PHONE_9235] [USER_15] reussi. ID transaction: PP250726.2140.B33631, Montant Transaction: 554 FCFA, Frais: 54 FCFA, Commission: 0 FCFA, Montant Net: 608 FCFA, Nouveau Solde: 20694.11 FCFA."
USER_15,2025-07-27,21:21:25,OrangeMoney,transfert,OUT,2054.0,FCFA,22648.11,"Transfert de [PHONE_2099] [CONTACT_2C28] vers [USER_15_phone] [USER_15] reussi. Details: ID transaction: PP250727.2121.C48483, Montant Transaction: 2054FCFA, Frais: 0 FCFA, Commission: 0 FCFA, Montant Net: 2054 FCFA, Nouveau Solde: 22648.11 FCFA."
USER_15,2025-07-28,15:10:18,OrangeMoney,rechargement,OUT,500.0,FCFA,21148.11,"Rechargement reussi. Montant de la transaction: 500 FCFA, ID transaction: RC250728.1510.A26521, Frais: 0 FCFA, Commission: 0 FCFA, Nouveau solde: 21148.11 FCFA"
USER_15,2025-07-28,20:15:44,OrangeMoney,transfert,OUT,10200.0,FCFA,31848.11,"Transfert de [PHONE_5864] [CONTACT_7DDB] vers [USER_15_phone] [USER_15] reussi. Details: ID transaction: PP250728.2015.C53463, Montant Transaction: 10200FCFA, Frais: 0 FCFA, Commission: 0 FCFA, Montant Net: 10200 FCFA, Nouveau Solde: 31848.11 FCFA."
USER_15,2025-07-28,20:24:26,OrangeMoney,retrait,OUT,10000.0,FCFA,21694.11,"Retrait d'argent reussi par le [PHONE_6797] avec le Code : 729560. Informations detaillees : Montant: 10000 FCFA, Frais: 154 FCFA, No de transaction CO250728.2024.C27071, montant net debite 10154 FCFA, Nouveau solde: 21694.11 FCFA."
USER_15,2025-07-28,22:40:48,OrangeMoney,transfert,OUT,2054.0,FCFA,23748.11,"Transfert de [PHONE_2099] [CONTACT_2C28] vers [USER_15_phone] [USER_15] reussi. Details: ID transaction: PP250728.2240.B14481, Montant Transaction: 2054FCFA, Frais: 0 FCFA, Commission: 0 FCFA, Montant Net: 2054 FCFA, Nouveau Solde: 23748.11 FCFA."
USER_15,2025-07-29,17:50:27,OrangeMoney,transfert,OUT,6094.0,FCFA,31352.11,"Transfert de [PHONE_2099] [CONTACT_2C28] vers [USER_15_phone] [USER_15] reussi. Details: ID transaction: PP250729.1750.D18318, Montant Transaction: 6094FCFA, Frais: 0 FCFA, Commission: 0 FCFA, Montant Net: 6094 FCFA, Nouveau Solde: 31352.11 FCFA."
USER_15,2025-07-30,11:24:43,OrangeMoney,transfert,OUT,1054.0,FCFA,32406.11,"Transfert de [PHONE_7204] [CONTACT_328E] vers [USER_15_phone] [USER_15] reussi. Details: ID transaction: PP250730.1124.A19152, Montant Transaction: 1054FCFA, Frais: 0 FCFA, Commission: 0 FCFA, Montant Net: 1054 FCFA, Nouveau Solde: 32406.11 FCFA."
USER_15,2025-07-31,08:09:14,OrangeMoney,transfert,OUT,1054.0,FCFA,31298.11,"Transfert de [USER_15_phone] [USER_15] vers [PHONE_9023] [CONTACT_A112] reussi. ID transaction: PP250731.0809.A60774, Montant Transaction: 1054 FCFA, Frais: 54 FCFA, Commission: 0 FCFA, Montant Net: 1108 FCFA, Nouveau Solde: 31298.11 FCFA."
USER_15,2025-08-02,09:46:23,OrangeMoney,rechargement,OUT,500.0,FCFA,30798.11,"Rechargement reussi. Montant de la transaction: 500 FCFA, ID transaction: RC250802.0946.D33178, Frais: 0 FCFA, Commission: 0 FCFA, Nouveau solde: 30798.11 FCFA"
USER_15,2025-08-02,23:14:15,OrangeMoney,transfert,OUT,200.0,FCFA,30544.11,"Transfert de [USER_15_phone] [USER_15] vers [PHONE_0940] [CONTACT_72A2] reussi. ID transaction: PP250802.2314.A92042, Montant Transaction: 200 FCFA, Frais: 54 FCFA, Commission: 0 FCFA, Montant Net: 254 FCFA, Nouveau Solde: 30544.11 FCFA."
USER_15,2025-08-03,13:54:39,OrangeMoney,transfert,OUT,100.0,FCFA,30390.11,"Transfert de [USER_15_phone] [USER_15] vers [PHONE_6434] [CONTACT_AE57] reussi. ID transaction: PP250803.1354.C06557, Montant Transaction: 100 FCFA, Frais: 54 FCFA, Commission: 0 FCFA, Montant Net: 154 FCFA, Nouveau Solde: 30390.11 FCFA."
USER_15,2025-08-04,17:54:26,OrangeMoney,transfert,OUT,8631.5,FCFA,39021.61,"Transfert de [PHONE_2099] [CONTACT_2C28] vers [USER_15_phone] [USER_15] reussi. Details: ID transaction: PP250804.1754.D93253, Montant Transaction: 8631.5FCFA, Frais: 0 FCFA, Commission: 0 FCFA, Montant Net: 8631.5 FCFA, Nouveau Solde: 39021.61 FCFA."
USER_15,2025-08-07,20:08:20,OrangeMoney,rechargement,OUT,500.0,FCFA,38521.61,"Rechargement reussi. Montant de la transaction: 500 FCFA, ID transaction: RC250807.2008.B68117, Frais: 0 FCFA, Commission: 0 FCFA, Nouveau solde: 38521.61 FCFA"
USER_15,2025-08-07,20:11:05,OrangeMoney,rechargement,OUT,500.0,FCFA,38021.61,"Rechargement reussi. Montant de la transaction: 500 FCFA, ID transaction: RC250807.2010.B68450, Frais: 0 FCFA, Commission: 0 FCFA, Nouveau solde: 38021.61 FCFA"
USER_15,2025-08-07,22:21:08,OrangeMoney,rechargement,OUT,500.0,FCFA,37521.61,"Rechargement reussi. Montant de la transaction: 500 FCFA, ID transaction: RC250807.2221.C85016, Frais: 0 FCFA, Commission: 0 FCFA, Nouveau solde: 37521.61 FCFA"
USER_15,2025-08-08,12:16:10,OrangeMoney,transfert,OUT,1554.0,FCFA,35913.61,"Transfert de [USER_15_phone] [USER_15] vers [PHONE_5090] [CONTACT_E42E] reussi. ID transaction: PP250808.1216.C30360, Montant Transaction: 1554 FCFA, Frais: 54 FCFA, Commission: 0 FCFA, Montant Net: 1608 FCFA, Nouveau Solde: 35913.61 FCFA."
USER_15,2025-08-09,15:08:57,OrangeMoney,transfert,OUT,10154.0,FCFA,46067.61,"Transfert de [PHONE_6365] [CONTACT_B78E] vers [USER_15_phone] [USER_15] reussi. Details: ID transaction: PP250809.1508.D09243, Montant Transaction: 10154FCFA, Frais: 0 FCFA, Commission: 0 FCFA, Montant Net: 10154 FCFA, Nouveau Solde: 46067.61 FCFA."
USER_15,2025-08-09,16:22:22,OrangeMoney,retrait,OUT,20000.0,FCFA,25763.61,"Retrait d'argent reussi par le [PHONE_8919] avec le Code : 897062. Informations detaillees : Montant: 20000 FCFA, Frais: 304 FCFA, No de transaction CO250809.1622.C05565, montant net debite 20304 FCFA, Nouveau solde: 25763.61 FCFA."
USER_15,2025-08-10,17:59:17,OrangeMoney,rechargement,OUT,500.0,FCFA,25263.61,"Rechargement reussi. Montant de la transaction: 500 FCFA, ID transaction: RC250810.1759.D90300, Frais: 0 FCFA, Commission: 0 FCFA, Nouveau solde: 25263.61 FCFA"
USER_15,2025-08-12,21:00:57,OrangeMoney,rechargement,OUT,500.0,FCFA,24763.61,"Rechargement reussi. Montant de la transaction: 500 FCFA, ID transaction: RC250812.2100.C61963, Frais: 0 FCFA, Commission: 0 FCFA, Nouveau solde: 24763.61 FCFA"
USER_15,2025-08-14,14:10:31,OrangeMoney,transfert,OUT,15229.0,FCFA,38892.61,"Transfert de [PHONE_2099] [CONTACT_2C28] vers [USER_15_phone] [USER_15] reussi. Details: ID transaction: PP250814.1410.C83361, Montant Transaction: 15229FCFA, Frais: 0 FCFA, Commission: 0 FCFA, Montant Net: 15229 FCFA, Nouveau Solde: 38892.61 FCFA."
USER_15,2025-08-14,21:04:39,OrangeMoney,transfert,OUT,5079.0,FCFA,33759.61,"Transfert de [USER_15_phone] [USER_15] vers [PHONE_0695] [CONTACT_0303] reussi. ID transaction: PP250814.2104.C35599, Montant Transaction: 5079 FCFA, Frais: 54 FCFA, Commission: 0 FCFA, Montant Net: 5133 FCFA, Nouveau Solde: 33759.61 FCFA."
USER_15,2025-08-15,00:25:36,OrangeMoney,rechargement,OUT,500.0,FCFA,33259.61,"Rechargement reussi. Montant de la transaction: 500 FCFA, ID transaction: RC250815.0025.B06811, Frais: 0 FCFA, Commission: 0 FCFA, Nouveau solde: 33259.61 FCFA"
USER_15,2025-08-15,07:51:36,OrangeMoney,transfert,OUT,10154.0,FCFA,43413.61,"Transfert de [PHONE_4932] [CONTACT_4E9E] vers [USER_15_phone] [USER_15] reussi. Details: ID transaction: PP250815.0751.D39754, Montant Transaction: 10154FCFA, Frais: 0 FCFA, Commission: 0 FCFA, Montant Net: 10154 FCFA, Nouveau Solde: 43413.61 FCFA."
USER_15,2025-08-15,19:46:42,OrangeMoney,transfert,OUT,5079.0,FCFA,48492.61,"Transfert de [PHONE_6365] [CONTACT_B78E] vers [USER_15_phone] [USER_15] reussi. Details: ID transaction: PP250815.1946.A46757, Montant Transaction: 5079FCFA, Frais: 0 FCFA, Commission: 0 FCFA, Montant Net: 5079 FCFA, Nouveau Solde: 48492.61 FCFA."
USER_15,2025-08-15,22:29:21,OrangeMoney,rechargement,OUT,500.0,FCFA,47892.61,"Rechargement reussi. Montant de la transaction: 500 FCFA, ID transaction: RC250815.2229.D15424, Frais: 0 FCFA, Commission: 0 FCFA, Nouveau solde: 47892.61 FCFA"
USER_15,2025-08-18,21:00:56,OrangeMoney,transfert,OUT,10000.0,FCFA,57790.61,"Transfert de [PHONE_6365] [CONTACT_B78E] vers [USER_15_phone] [USER_15] reussi. Details: ID transaction: PP250818.1906.B48003, Montant Transaction: 10000FCFA, Frais: 0 FCFA, Commission: 0 FCFA, Montant Net: 10000 FCFA, Nouveau Solde: 57790.61 FCFA."
USER_15,2025-08-18,21:02:29,OrangeMoney,rechargement,OUT,500.0,FCFA,57290.61,"Rechargement reussi. Montant de la transaction: 500 FCFA, ID transaction: RC250818.2102.B54475, Frais: 0 FCFA, Commission: 0 FCFA, Nouveau solde: 57290.61 FCFA"
USER_15,2025-08-19,13:51:38,OrangeMoney,retrait,OUT,10000.0,FCFA,47136.61,"Retrait d'argent reussi par le [PHONE_6797] avec le Code : 729560. Informations detaillees : Montant: 10000 FCFA, Frais: 154 FCFA, No de transaction CO250819.1351.D74841, montant net debite 10154 FCFA, Nouveau solde: 47136.61 FCFA."
USER_15,2025-08-19,18:36:01,OrangeMoney,transfert,OUT,2000.0,FCFA,49136.61,"Transfert de [PHONE_3847] [CONTACT_6B3D] vers [USER_15_phone] [USER_15] reussi. Details: ID transaction: PP250819.1835.C36913, Montant Transaction: 2000FCFA, Frais: 0 FCFA, Commission: 0 FCFA, Montant Net: 2000 FCFA, Nouveau Solde: 49136.61 FCFA."
USER_15,2025-08-19,19:14:50,OrangeMoney,transfert,OUT,1954.0,FCFA,47128.61,"Transfert de [USER_15_phone] [USER_15] vers [PHONE_0288] [CONTACT_2788] reussi. ID transaction: PP250819.1914.D77532, Montant Transaction: 1954 FCFA, Frais: 54 FCFA, Commission: 0 FCFA, Montant Net: 2008 FCFA, Nouveau Solde: 47128.61 FCFA."
USER_15,2025-08-20,20:34:11,OrangeMoney,rechargement,OUT,500.0,FCFA,46628.61,"Rechargement reussi. Montant de la transaction: 500 FCFA, ID transaction: RC250820.2033.D74890, Frais: 0 FCFA, Commission: 0 FCFA, Nouveau solde: 46628.61 FCFA"
USER_15,2025-08-23,13:08:54,OrangeMoney,retrait,OUT,45500.0,FCFA,442.11,"Retrait d'argent reussi par le [PHONE_0195] avec le Code : 351030. Informations detaillees : Montant: 45500 FCFA, Frais: 686.5 FCFA, No de transaction CO250823.1308.C89106, montant net debite 46186.5 FCFA, Nouveau solde: 442.11 FCFA."
USER_15,2025-08-24,13:45:55,OrangeMoney,rechargement,OUT,400.0,FCFA,42.11,"Rechargement reussi. Montant de la transaction: 400 FCFA, ID transaction: RC250824.1345.A78135, Frais: 0 FCFA, Commission: 0 FCFA, Nouveau solde: 42.11 FCFA"
USER_15,2025-09-02,16:57:02,OrangeMoney,transfert,OUT,1100.0,FCFA,1142.11,"Transfert de [PHONE_0585] [CONTACT_9BF0] vers [USER_15_phone] [USER_15] reussi. Details: ID transaction: PP250902.1657.A28292, Montant Transaction: 1100FCFA, Frais: 0 FCFA, Commission: 0 FCFA, Montant Net: 1100 FCFA, Nouveau Solde: 1142.11 FCFA."
USER_15,2025-09-04,18:13:10,OrangeMoney,transfert,OUT,55829.0,FCFA,55871.11,"Transfert de [PHONE_2099] [CONTACT_2C28] vers [USER_15_phone] [USER_15] reussi. Details: ID transaction: PP250904.1813.D31193, Montant Transaction: 55829FCFA, Frais: 0 FCFA, Commission: 0 FCFA, Montant Net: 55829 FCFA, Nouveau Solde: 55871.11 FCFA."
USER_15,2025-09-05,11:08:29,OrangeMoney,retrait,OUT,55000.0,FCFA,42.11,"Retrait d'argent reussi par le [PHONE_6797] avec le Code : 729560. Informations detaillees : Montant: 55000 FCFA, Frais: 829 FCFA, No de transaction CO250905.1108.D80409, montant net debite 55829 FCFA, Nouveau solde: 42.11 FCFA."
USER_15,2025-09-22,19:09:44,OrangeMoney,transfert,OUT,1350.0,FCFA,1392.11,"Transfert de [PHONE_1096] [CONTACT_DE6B] vers [USER_15_phone] [USER_15] reussi. Details: ID transaction: PP250922.1909.B30678, Montant Transaction: 1350FCFA, Frais: 0 FCFA, Commission: 0 FCFA, Montant Net: 1350 FCFA, Nouveau Solde: 1392.11 FCFA."
USER_15,2025-09-22,22:48:37,OrangeMoney,rechargement,OUT,500.0,FCFA,892.11,"Rechargement reussi. Montant de la transaction: 500 FCFA, ID transaction: RC250922.2248.C89956, Frais: 0 FCFA, Commission: 0 FCFA, Nouveau solde: 892.11 FCFA"
USER_15,2025-09-22,22:49:55,OrangeMoney,rechargement,OUT,550.0,FCFA,342.11,"Rechargement reussi. Montant de la transaction: 550 FCFA, ID transaction: RC250922.2249.C90010, Frais: 0 FCFA, Commission: 0 FCFA, Nouveau solde: 342.11 FCFA"
USER_15,2025-09-24,21:56:43,OrangeMoney,depot,IN,500.0,FCFA,842.11,"Depot effectue par [PHONE_4248] [CONTACT_1E07] to [USER_15_phone] [USER_15]. Informations detaillees: Montant de transaction : 500 FCFA, ID transaction : CI250924.2156.D76985, Frais : 0 FCFA, Commission : 0 FCFA, Montant Net du Credit : 500 FCFA, Nouveau Solde : 842.11 FCFA."
USER_15,2025-09-26,10:07:27,OrangeMoney,transfert,OUT,5000.0,FCFA,5842.11,"Transfert de [PHONE_7935] [CONTACT_4961] vers [USER_15_phone] [USER_15] reussi. Details: ID transaction: PP250926.1007.D29894, Montant Transaction: 5000FCFA, Frais: 0 FCFA, Commission: 0 FCFA, Montant Net: 5000 FCFA, Nouveau Solde: 5842.11 FCFA."
USER_15,2025-09-26,12:59:56,OrangeMoney,transfert,OUT,5054.0,FCFA,774.01,"Transfert de [USER_15_phone] [USER_15] vers [PHONE_8552] [CONTACT_3833] reussi. ID transaction: PP250926.1259.D36520, Montant Transaction: 5054 FCFA, Frais: 14.1 FCFA, Commission: 0 FCFA, Montant Net: 5068.1 FCFA, Nouveau Solde: 774.01 FCFA."
USER_15,2025-09-26,22:53:51,OrangeMoney,rechargement,OUT,550.0,FCFA,224.01,"Rechargement reussi. Montant de la transaction: 550 FCFA, ID transaction: RC250926.2253.A19150, Frais: 0 FCFA, Commission: 0 FCFA, Nouveau solde: 224.01 FCFA"
USER_15,2025-09-26,23:21:48,OrangeMoney,rechargement,OUT,100.0,FCFA,124.01,"Rechargement reussi. Montant de la transaction: 100 FCFA, ID transaction: RC250926.2321.A20269, Frais: 0 FCFA, Commission: 0 FCFA, Nouveau solde: 124.01 FCFA"
USER_15,2025-10-01,19:01:02,OrangeMoney,rechargement,OUT,100.0,FCFA,24.01,"Rechargement reussi. Montant de la transaction: 100 FCFA, ID transaction: RC251001.1900.C58333, Frais: 0 FCFA, Commission: 0 FCFA, Nouveau solde: 24.01 FCFA"
USER_15,2025-10-03,18:39:06,OrangeMoney,depot,IN,500.0,FCFA,524.01,"Depot effectue par [PHONE_2071] [CONTACT_7CFB] to [USER_15_phone] [USER_15]. Informations detaillees: Montant de transaction : 500 FCFA, ID transaction : CI251003.1839.D19345, Frais : 0 FCFA, Commission : 0 FCFA, Montant Net du Credit : 500 FCFA, Nouveau Solde : 524.01 FCFA."
USER_15,2025-10-03,18:50:04,OrangeMoney,rechargement,OUT,500.0,FCFA,24.01,"Rechargement reussi. Montant de la transaction: 500 FCFA, ID transaction: RC251003.1850.A81788, Frais: 0 FCFA, Commission: 0 FCFA, Nouveau solde: 24.01 FCFA"
USER_15,2025-10-04,18:49:09,OrangeMoney,transfert,OUT,50754.0,FCFA,50778.01,"Transfert de [PHONE_2099] [CONTACT_2C28] vers [USER_15_phone] [USER_15] reussi. Details: ID transaction: PP251004.1838.D56591, Montant Transaction: 50754FCFA, Frais: 0 FCFA, Commission: 0 FCFA, Montant Net: 50754 FCFA, Nouveau Solde: 50778.01 FCFA."
USER_15,2025-10-04,23:09:36,OrangeMoney,transfert,OUT,2054.0,FCFA,48715.91,"Transfert de [USER_15_phone] [USER_15] vers [PHONE_5090] [CONTACT_E42E] reussi. ID transaction: PP251004.2309.D78310, Montant Transaction: 2054 FCFA, Frais: 8.1 FCFA, Commission: 0 FCFA, Montant Net: 2062.1 FCFA, Nouveau Solde: 48715.91 FCFA."
USER_15,2025-10-04,23:11:39,OrangeMoney,transfert,OUT,10154.0,FCFA,38537.61,"Transfert de [USER_15_phone] [USER_15] vers [PHONE_6173] [CONTACT_5029] reussi. ID transaction: PP251004.2311.B65220, Montant Transaction: 10154 FCFA, Frais: 24.3 FCFA, Commission: 0 FCFA, Montant Net: 10178.3 FCFA, Nouveau Solde: 38537.61 FCFA."
USER_15,2025-10-04,23:15:11,OrangeMoney,transfert,OUT,13706.5,FCFA,24799.7,"Transfert de [USER_15_phone] [USER_15] vers [PHONE_0489] [CONTACT_52F6] reussi. ID transaction: PP251004.2315.A60209, Montant Transaction: 13706.5 FCFA, Frais: 31.41 FCFA, Commission: 0 FCFA, Montant Net: 13737.91 FCFA, Nouveau Solde: 24799.7 FCFA."
USER_15,2025-10-05,12:10:05,OrangeMoney,transfert,OUT,15736.5,FCFA,9027.73,"Transfert de [USER_15_phone] [USER_15] vers [PHONE_9235] [USER_15] reussi. ID transaction: PP251005.1210.B55618, Montant Transaction: 15736.5 FCFA, Frais: 35.47 FCFA, Commission: 0 FCFA, Montant Net: 15771.97 FCFA, Nouveau Solde: 9027.73 FCFA."
USER_15,2025-10-05,18:28:46,OrangeMoney,transfert,OUT,704.0,FCFA,8318.33,"Transfert de [USER_15_phone] [USER_15] vers [PHONE_1497] [CONTACT_1370] reussi. ID transaction: PP251005.1828.D40625, Montant Transaction: 704 FCFA, Frais: 5.4 FCFA, Commission: 0 FCFA, Montant Net: 709.4 FCFA, Nouveau Solde: 8318.33 FCFA."
USER_15,2025-10-06,07:50:59,OrangeMoney,transfert,OUT,1654.0,FCFA,6657.03,"Transfert de [USER_15_phone] [USER_15] vers [PHONE_9235] [USER_15] reussi. ID transaction: PP251006.0750.B07667, Montant Transaction: 1654 FCFA, Frais: 7.3 FCFA, Commission: 0 FCFA, Montant Net: 1661.3 FCFA, Nouveau Solde: 6657.03 FCFA."
USER_15,2025-10-06,09:19:26,OrangeMoney,depot,IN,13500.0,FCFA,20157.03,"Depot effectue par [PHONE_0195] [CONTACT_1E2F] to [USER_15_phone] [USER_15]. Informations detaillees: Montant de transaction : 13500 FCFA, ID transaction : CI251006.0919.A90522, Frais : 0 FCFA, Commission : 0 FCFA, Montant Net du Credit : 13500 FCFA, Nouveau Solde : 20157.03 FCFA."
USER_15,2025-10-06,17:45:09,OrangeMoney,rechargement,OUT,500.0,FCFA,19657.03,"Rechargement reussi. Montant de la transaction: 500 FCFA, ID transaction: RC251006.1744.B06700, Frais: 0 FCFA, Commission: 0 FCFA, Nouveau solde: 19657.03 FCFA"
USER_15,2025-10-06,17:46:16,OrangeMoney,rechargement,OUT,550.0,FCFA,19107.03,"Rechargement reussi. Montant de la transaction: 550 FCFA, ID transaction: RC251006.1746.D09422, Frais: 0 FCFA, Commission: 0 FCFA, Nouveau solde: 19107.03 FCFA"
USER_15,2025-10-10,10:34:30,OrangeMoney,transfert,OUT,2054.0,FCFA,17333.43,"Transfert de [PHONE_5747] [CONTACT_3F20] vers [USER_15_phone] [USER_15] reussi. Details: ID transaction: PP251010.1034.D02960, Montant Transaction: 2054FCFA, Frais: 0 FCFA, Commission: 0 FCFA, Montant Net: 2054 FCFA, Nouveau Solde: 17333.43 FCFA."
USER_15,2025-10-10,22:20:35,OrangeMoney,rechargement,OUT,500.0,FCFA,16833.43,"Rechargement reussi. Montant de la transaction: 500 FCFA, ID transaction: RC251010.2220.A62649, Frais: 0 FCFA, Commission: 0 FCFA, Nouveau solde: 16833.43 FCFA"
USER_15,2025-10-11,12:11:24,OrangeMoney,transfert,OUT,2554.0,FCFA,14270.33,"Transfert de [USER_15_phone] [USER_15] vers [PHONE_6534] Ngatsebai reussi. ID transaction: PP251011.1211.C23366, Montant Transaction: 2554 FCFA, Frais: 9.1 FCFA, Commission: 0 FCFA, Montant Net: 2563.1 FCFA, Nouveau Solde: 14270.33 FCFA."
USER_15,2025-10-12,16:34:52,OrangeMoney,transfert,OUT,1000.0,FCFA,12254.33,"Transfert de [USER_15_phone] [USER_15] vers [PHONE_3477] [CONTACT_8136] reussi. ID transaction: PP251012.1634.C28196, Montant Transaction: 1000 FCFA, Frais: 6 FCFA, Commission: 0 FCFA, Montant Net: 1006 FCFA, Nouveau Solde: 12254.33 FCFA."
USER_15,2025-10-13,17:35:19,OrangeMoney,rechargement,OUT,500.0,FCFA,11754.33,"Rechargement reussi. Montant de la transaction: 500 FCFA, ID transaction: RC251013.1734.D74700, Frais: 0 FCFA, Commission: 0 FCFA, Nouveau solde: 11754.33 FCFA"
USER_15,2025-10-14,13:17:31,OrangeMoney,transfert,OUT,3000.0,FCFA,14754.33,"Transfert de [PHONE_9377] [CONTACT_E3E5] vers [USER_15_phone] [USER_15] reussi. Details: ID transaction: PP251014.1317.A26203, Montant Transaction: 3000FCFA, Frais: 0 FCFA, Commission: 0 FCFA, Montant Net: 3000 FCFA, Nouveau Solde: 14754.33 FCFA."
USER_15,2025-10-14,15:38:35,OrangeMoney,transfert,OUT,6703.0,FCFA,21457.33,"Transfert de [PHONE_7181] [CONTACT_5088] vers [USER_15_phone] [USER_15] reussi. Details: ID transaction: PP251014.1538.A77521, Montant Transaction: 6703FCFA, Frais: 0 FCFA, Commission: 0 FCFA, Montant Net: 6703 FCFA, Nouveau Solde: 21457.33 FCFA."
USER_15,2025-10-15,12:53:22,OrangeMoney,transfert,OUT,2654.0,FCFA,24111.33,"Transfert de [PHONE_9229] [CONTACT_97A5] vers [USER_15_phone] [USER_15] reussi. Details: ID transaction: PP251015.1253.A77984, Montant Transaction: 2654FCFA, Frais: 0 FCFA, Commission: 0 FCFA, Montant Net: 2654 FCFA, Nouveau Solde: 24111.33 FCFA."
USER_15,2025-10-16,00:32:42,OrangeMoney,depot,IN,2600.0,FCFA,26711.33,"Depot effectue par [PHONE_3107] [CONTACT_10D2] to [USER_15_phone] [USER_15]. Informations detaillees: Montant de transaction : 2600 FCFA, ID transaction : CI251016.0032.B56464, Frais : 0 FCFA, Commission : 0 FCFA, Montant Net du Credit : 2600 FCFA, Nouveau Solde : 26711.33 FCFA."
USER_15,2025-10-17,10:27:02,OrangeMoney,rechargement,OUT,500.0,FCFA,26211.33,"Rechargement reussi. Montant de la transaction: 500 FCFA, ID transaction: RC251017.1026.C48156, Frais: 0 FCFA, Commission: 0 FCFA, Nouveau solde: 26211.33 FCFA"
USER_15,2025-10-17,15:09:45,OrangeMoney,transfert,OUT,554.0,FCFA,25652.23,"Transfert de [USER_15_phone] [USER_15] vers [PHONE_2770] [CONTACT_67F9] reussi. ID transaction: PP251017.1509.C80894, Montant Transaction: 554 FCFA, Frais: 5.1 FCFA, Commission: 0 FCFA, Montant Net: 559.1 FCFA, Nouveau Solde: 25652.23 FCFA."
USER_15,2025-10-17,21:57:02,OrangeMoney,rechargement,OUT,500.0,FCFA,25152.23,"Rechargement reussi. Montant de la transaction: 500 FCFA, ID transaction: RC251017.2156.A22066, Frais: 0 FCFA, Commission: 0 FCFA, Nouveau solde: 25152.23 FCFA"
USER_15,2025-10-17,22:47:17,OrangeMoney,transfert,OUT,14214.0,FCFA,10905.81,"Transfert de [USER_15_phone] [USER_15] vers [PHONE_9229] [CONTACT_97A5] reussi. ID transaction: PP251017.2247.B06620, Montant Transaction: 14214 FCFA, Frais: 32.42 FCFA, Commission: 0 FCFA, Montant Net: 14246.42 FCFA, Nouveau Solde: 10905.81 FCFA."
USER_15,2025-10-18,06:13:53,OrangeMoney,rechargement,OUT,105.0,FCFA,10800.81,"Rechargement reussi. Montant de la transaction: 105 FCFA, ID transaction: RC251018.0613.C33945, Frais: 0 FCFA, Commission: 0 FCFA, Nouveau solde: 10800.81 FCFA"
USER_15,2025-10-18,07:09:57,OrangeMoney,transfert,OUT,2654.0,FCFA,13454.81,"Transfert de [PHONE_1201] [CONTACT_B737] vers [USER_15_phone] [USER_15] reussi. Details: ID transaction: PP251018.0709.B44047, Montant Transaction: 2654FCFA, Frais: 0 FCFA, Commission: 0 FCFA, Montant Net: 2654 FCFA, Nouveau Solde: 13454.81 FCFA."
USER_15,2025-10-18,17:41:16,OrangeMoney,rechargement,OUT,500.0,FCFA,12954.81,"Rechargement reussi. Montant de la transaction: 500 FCFA, ID transaction: RC251018.1741.A97680, Frais: 0 FCFA, Commission: 0 FCFA, Nouveau solde: 12954.81 FCFA"
USER_15,2025-10-19,11:53:11,OrangeMoney,retrait,OUT,12000.0,FCFA,806.81,"Retrait d'argent reussi par le [PHONE_7946] avec le Code : 373929. Informations detaillees : Montant: 12000 FCFA, Frais: 148 FCFA, No de transaction CO251019.1153.D89162, montant net debite 12148 FCFA, Nouveau solde: 806.81 FCFA."
USER_15,2025-10-19,18:00:30,OrangeMoney,transfert,OUT,2054.0,FCFA,2860.81,"Transfert de [PHONE_9229] [CONTACT_97A5] vers [USER_15_phone] [USER_15] reussi. Details: ID transaction: PP251019.1637.C73394, Montant Transaction: 2054FCFA, Frais: 0 FCFA, Commission: 0 FCFA, Montant Net: 2054 FCFA, Nouveau Solde: 2860.81 FCFA."
USER_15,2025-10-21,19:32:54,OrangeMoney,rechargement,OUT,500.0,FCFA,4560.81,"Rechargement reussi. Montant de la transaction: 500 FCFA, ID transaction: RC251021.1837.A30609, Frais: 0 FCFA, Commission: 0 FCFA, Nouveau solde: 4560.81 FCFA"
USER_15,2025-10-21,20:11:20,OrangeMoney,rechargement,OUT,500.0,FCFA,4060.81,"Rechargement reussi. Montant de la transaction: 500 FCFA, ID transaction: RC251021.2011.C46987, Frais: 0 FCFA, Commission: 0 FCFA, Nouveau solde: 4060.81 FCFA"
USER_15,2025-10-24,13:57:13,OrangeMoney,transfert,OUT,3054.0,FCFA,996.71,"Transfert de [USER_15_phone] [USER_15] vers [PHONE_5183] [CONTACT_ED92] reussi. ID transaction: PP251024.1357.A53439, Montant Transaction: 3054 FCFA, Frais: 10.1 FCFA, Commission: 0 FCFA, Montant Net: 3064.1 FCFA, Nouveau Solde: 996.71 FCFA."
USER_15,2025-10-24,19:48:05,OrangeMoney,rechargement,OUT,100.0,FCFA,896.71,"Rechargement reussi. Montant de la transaction: 100 FCFA, ID transaction: RC251024.1947.B99413, Frais: 0 FCFA, Commission: 0 FCFA, Nouveau solde: 896.71 FCFA"
USER_15,2025-10-24,23:14:28,OrangeMoney,rechargement,OUT,500.0,FCFA,396.71,"Rechargement reussi. Montant de la transaction: 500 FCFA, ID transaction: RC251024.2314.A18964, Frais: 0 FCFA, Commission: 0 FCFA, Nouveau solde: 396.71 FCFA"
USER_15,2025-10-27,10:58:53,OrangeMoney,transfert,OUT,1050.0,FCFA,1446.71,"Transfert de [PHONE_7120] [CONTACT_5F58] vers [USER_15_phone] [USER_15] reussi. Details: ID transaction: PP251027.1058.B01290, Montant Transaction: 1050FCFA, Frais: 0 FCFA, Commission: 0 FCFA, Montant Net: 1050 FCFA, Nouveau Solde: 1446.71 FCFA."
USER_15,2025-10-27,11:45:04,OrangeMoney,retrait,OUT,700.0,FCFA,692.71,"Retrait d'argent reussi par le [PHONE_0647] avec le Code : 792842. Informations detaillees : Montant: 700 FCFA, Frais: 54 FCFA, No de transaction CO251027.1145.A13849, montant net debite 754 FCFA, Nouveau solde: 692.71 FCFA."
USER_15,2025-10-29,17:58:57,OrangeMoney,transfert,OUT,554.0,FCFA,84.71,"Transfert de [USER_15_phone] [USER_15] vers [PHONE_1750] [CONTACT_7CFD] reussi. ID transaction: PP251029.1758.C76752, Montant Transaction: 554 FCFA, Frais: 54 FCFA, Commission: 0 FCFA, Montant Net: 608 FCFA, Nouveau Solde: 84.71 FCFA."
USER_15,2025-10-30,16:40:49,OrangeMoney,transfert,OUT,101504.0,FCFA,101588.71,"Transfert de [PHONE_2099] [CONTACT_2C28] vers [USER_15_phone] [USER_15] reussi. Details: ID transaction: PP251030.1640.A03497, Montant Transaction: 101504FCFA, Frais: 0 FCFA, Commission: 0 FCFA, Montant Net: 101504 FCFA, Nouveau Solde: 101588.71 FCFA."
USER_15,2025-10-30,22:40:33,OrangeMoney,rechargement,OUT,550.0,FCFA,101038.71,"Rechargement reussi. Montant de la transaction: 550 FCFA, ID transaction: RC251030.2240.A07690, Frais: 0 FCFA, Commission: 0 FCFA, Nouveau solde: 101038.71 FCFA"
USER_15,2025-10-30,22:43:46,OrangeMoney,rechargement,OUT,500.0,FCFA,100538.71,"Rechargement reussi. Montant de la transaction: 500 FCFA, ID transaction: RC251030.2243.A07818, Frais: 0 FCFA, Commission: 0 FCFA, Nouveau solde: 100538.71 FCFA"
USER_15,2025-10-30,23:53:05,OrangeMoney,transfert,OUT,1054.0,FCFA,99478.61,"Transfert de [USER_15_phone] [USER_15] vers [PHONE_9235] [USER_15] reussi. ID transaction: PP251030.2353.C82372, Montant Transaction: 1054 FCFA, Frais: 6.1 FCFA, Commission: 0 FCFA, Montant Net: 1060.1 FCFA, Nouveau Solde: 99478.61 FCFA."
USER_15,2025-11-01,10:01:39,OrangeMoney,rechargement,OUT,500.0,FCFA,98978.61,"Rechargement reussi. Montant de la transaction: 500 FCFA, ID transaction: RC251101.1001.B45446, Frais: 0 FCFA, Commission: 0 FCFA, Nouveau solde: 98978.61 FCFA"
USER_15,2025-11-01,10:03:48,OrangeMoney,transfert,OUT,91354.0,FCFA,7437.91,"Transfert de [USER_15_phone] [USER_15] vers [PHONE_4638] [CONTACT_D4FD] reussi. ID transaction: PP251101.1003.C83997, Montant Transaction: 91354 FCFA, Frais: 186.7 FCFA, Commission: 0 FCFA, Montant Net: 91540.7 FCFA, Nouveau Solde: 7437.91 FCFA."
USER_15,2025-11-02,13:56:08,OrangeMoney,transfert,OUT,3556.5,FCFA,3870.3,"Transfert de [USER_15_phone] [USER_15] vers [PHONE_9235] [USER_15] reussi. ID transaction: PP251102.1356.A84324, Montant Transaction: 3556.5 FCFA, Frais: 11.11 FCFA, Commission: 0 FCFA, Montant Net: 3567.61 FCFA, Nouveau Solde: 3870.3 FCFA."
USER_15,2025-11-02,20:15:50,OrangeMoney,rechargement,OUT,500.0,FCFA,3370.3,"Rechargement reussi. Montant de la transaction: 500 FCFA, ID transaction: RC251102.2015.C19767, Frais: 0 FCFA, Commission: 0 FCFA, Nouveau solde: 3370.3 FCFA"
USER_15,2025-11-06,10:33:04,OrangeMoney,rechargement,OUT,500.0,FCFA,1320.3,"Rechargement reussi. Montant de la transaction: 500 FCFA, ID transaction: RC251106.1032.C50360, Frais: 0 FCFA, Commission: 0 FCFA, Nouveau solde: 1320.3 FCFA"
USER_15,2025-11-08,11:36:26,OrangeMoney,rechargement,OUT,100.0,FCFA,220.3,"Rechargement reussi. Montant de la transaction: 100 FCFA, ID transaction: RC251108.1136.D08952, Frais: 0 FCFA, Commission: 0 FCFA, Nouveau solde: 220.3 FCFA"
USER_15,2025-11-08,13:06:54,OrangeMoney,rechargement,OUT,100.0,FCFA,120.3,"Rechargement reussi. Montant de la transaction: 100 FCFA, ID transaction: RC251108.1306.A72440, Frais: 0 FCFA, Commission: 0 FCFA, Nouveau solde: 120.3 FCFA"
USER_15,2025-11-09,18:00:27,OrangeMoney,rechargement,OUT,100.0,FCFA,20.3,"Rechargement reussi. Montant de la transaction: 100 FCFA, ID transaction: RC251109.1759.B04847, Frais: 0 FCFA, Commission: 0 FCFA, Nouveau solde: 20.3 FCFA"
USER_15,2025-11-10,17:40:03,OrangeMoney,transfert,OUT,30454.0,FCFA,30474.3,"Transfert de [PHONE_2099] [CONTACT_2C28] vers [USER_15_phone] [USER_15] reussi. Details: ID transaction: PP251110.1740.A91301, Montant Transaction: 30454FCFA, Frais: 0 FCFA, Commission: 0 FCFA, Montant Net: 30454 FCFA, Nouveau Solde: 30474.3 FCFA."
USER_15,2025-11-10,18:46:39,OrangeMoney,rechargement,OUT,500.0,FCFA,29974.3,"Rechargement reussi. Montant de la transaction: 500 FCFA, ID transaction: RC251110.1846.A13809, Frais: 0 FCFA, Commission: 0 FCFA, Nouveau solde: 29974.3 FCFA"
USER_15,2025-11-10,18:53:15,OrangeMoney,transfert,OUT,15229.0,FCFA,14665.16,"Transfert de [USER_15_phone] [USER_15] vers [PHONE_9235] [USER_15] reussi. ID transaction: PP251110.1853.B31871, Montant Transaction: 15229 FCFA, Frais: 80.14 FCFA, Commission: 0 FCFA, Montant Net: 15309.14 FCFA, Nouveau Solde: 14665.16 FCFA."
USER_15,2025-11-10,20:40:50,OrangeMoney,transfert,OUT,1054.0,FCFA,13557.16,"Transfert de [USER_15_phone] [USER_15] vers [PHONE_3726] [CONTACT_C2B1] reussi. ID transaction: PP251110.2040.B92628, Montant Transaction: 1054 FCFA, Frais: 54 FCFA, Commission: 0 FCFA, Montant Net: 1108 FCFA, Nouveau Solde: 13557.16 FCFA."
USER_15,2025-11-11,12:42:24,OrangeMoney,paiement,OUT,2054.0,FCFA,11503.16,"Vous venez d'effectuer un paiement chez [CONTACT_3566] d'un montant de 2054 FCFA.  Reference de la transaction: SM251111.1242.D31668, Frais: 0 FCFA, Montant net debite: 2054 FCFA. Nouveau Solde: 11503.16 FCFA. Orange Money vous remercie."
USER_15,2025-11-11,21:19:38,OrangeMoney,transfert,OUT,1054.0,FCFA,12557.16,"Transfert de [PHONE_7181] [CONTACT_5088] vers [USER_15_phone] [USER_15] reussi. Details: ID transaction: PP251111.2119.A29989, Montant Transaction: 1054FCFA, Frais: 0 FCFA, Commission: 0 FCFA, Montant Net: 1054 FCFA, Nouveau Solde: 12557.16 FCFA."
USER_15,2025-11-11,21:59:28,OrangeMoney,transfert,OUT,1050.0,FCFA,13607.16,"Transfert de [PHONE_1433] [CONTACT_E1EB] vers [USER_15_phone] [USER_15] reussi. Details: ID transaction: PP251111.2159.C36384, Montant Transaction: 1050FCFA, Frais: 0 FCFA, Commission: 0 FCFA, Montant Net: 1050 FCFA, Nouveau Solde: 13607.16 FCFA."
USER_15,2025-11-12,08:17:54,OrangeMoney,transfert,OUT,2054.0,FCFA,11545.06,"Transfert de [USER_15_phone] [USER_15] vers [PHONE_9018] [CONTACT_AC97] reussi. ID transaction: PP251112.0817.B02082, Montant Transaction: 2054 FCFA, Frais: 8.1 FCFA, Commission: 0 FCFA, Montant Net: 2062.1 FCFA, Nouveau Solde: 11545.06 FCFA."
USER_15,2025-11-12,10:29:03,OrangeMoney,paiement,OUT,1704.0,FCFA,9841.06,"Vous venez d'effectuer un paiement chez [CONTACT_3566] d'un montant de 1704 FCFA.  Reference de la transaction: SM251112.1028.B85696, Frais: 0 FCFA, Montant net debite: 1704 FCFA. Nouveau Solde: 9841.06 FCFA. Orange Money vous remercie."
USER_15,2025-11-12,10:52:38,OrangeMoney,paiement,OUT,1100.0,FCFA,8741.06,"Vous venez d'effectuer un paiement chez [CONTACT_3566] d'un montant de 1100 FCFA.  Reference de la transaction: SM251112.1052.D40266, Frais: 0 FCFA, Montant net debite: 1100 FCFA. Nouveau Solde: 8741.06 FCFA. Orange Money vous remercie."
USER_15,2025-11-12,14:53:34,OrangeMoney,rechargement,OUT,500.0,FCFA,8241.06,"Rechargement reussi. Montant de la transaction: 500 FCFA, ID transaction: RC251112.1453.A98221, Frais: 0 FCFA, Commission: 0 FCFA, Nouveau solde: 8241.06 FCFA"
USER_15,2025-11-13,09:47:50,OrangeMoney,transfert,OUT,2554.0,FCFA,5677.96,"Transfert de [USER_15_phone] [USER_15] vers [PHONE_9235] [USER_15] reussi. ID transaction: PP251113.0947.D39471, Montant Transaction: 2554 FCFA, Frais: 9.1 FCFA, Commission: 0 FCFA, Montant Net: 2563.1 FCFA, Nouveau Solde: 5677.96 FCFA."
USER_15,2025-11-15,10:45:24,OrangeMoney,rechargement,OUT,500.0,FCFA,5177.96,"Rechargement reussi. Montant de la transaction: 500 FCFA, ID transaction: RC251115.1045.C22289, Frais: 0 FCFA, Commission: 0 FCFA, Nouveau solde: 5177.96 FCFA"
USER_15,2025-11-18,16:13:39,OrangeMoney,transfert,OUT,12184.0,FCFA,17361.96,"Transfert de [PHONE_7279] [CONTACT_2067] vers [USER_15_phone] [USER_15] reussi. Details: ID transaction: PP251118.1613.C65693, Montant Transaction: 12184FCFA, Frais: 0 FCFA, Commission: 0 FCFA, Montant Net: 12184 FCFA, Nouveau Solde: 17361.96 FCFA."
USER_15,2025-11-18,17:06:10,OrangeMoney,rechargement,OUT,500.0,FCFA,16861.96,"Rechargement reussi. Montant de la transaction: 500 FCFA, ID transaction: RC251118.1706.B57906, Frais: 0 FCFA, Commission: 0 FCFA, Nouveau solde: 16861.96 FCFA"
USER_15,2025-11-18,17:13:58,OrangeMoney,transfert,OUT,6094.0,FCFA,10751.78,"Transfert de [USER_15_phone] [USER_15] vers [PHONE_9235] [USER_15] reussi. ID transaction: PP251118.1713.C01360, Montant Transaction: 6094 FCFA, Frais: 16.18 FCFA, Commission: 0 FCFA, Montant Net: 6110.18 FCFA, Nouveau Solde: 10751.78 FCFA."
USER_15,2025-11-18,17:21:24,OrangeMoney,depot,IN,10000.0,FCFA,20751.78,"Depot effectue par [PHONE_9691] [CONTACT_00AE] to [USER_15_phone] [USER_15]. Informations detaillees: Montant de transaction : 10000 FCFA, ID transaction : CI251118.1721.A46826, Frais : 0 FCFA, Commission : 0 FCFA, Montant Net du Credit : 10000 FCFA, Nouveau Solde : 20751.78 FCFA."
USER_15,2025-11-18,19:56:04,OrangeMoney,depot,IN,1000.0,FCFA,21751.78,"Depot effectue par [PHONE_9691] [CONTACT_00AE] to [USER_15_phone] [USER_15]. Informations detaillees: Montant de transaction : 1000 FCFA, ID transaction : CI251118.1955.C97759, Frais : 0 FCFA, Commission : 0 FCFA, Montant Net du Credit : 1000 FCFA, Nouveau Solde : 21751.78 FCFA."
USER_15,2025-11-19,15:06:35,OrangeMoney,paiement,OUT,554.0,FCFA,21197.78,"Vous venez d'effectuer un paiement chez [CONTACT_E5B8] d'un montant de 554 FCFA.  Reference de la transaction: SM251119.1506.D14762, Frais: 0 FCFA, Montant net debite: 554 FCFA. Nouveau Solde: 21197.78 FCFA. Orange Money vous remercie."
USER_15,2025-11-20,16:21:28,OrangeMoney,transfert,OUT,10154.0,FCFA,9069.48,"Transfert de [USER_15_phone] [USER_15] vers [PHONE_5227] [CONTACT_2E78] reussi. ID transaction: PP251120.1621.A71512, Montant Transaction: 10154 FCFA, Frais: 24.3 FCFA, Commission: 0 FCFA, Montant Net: 10178.3 FCFA, Nouveau Solde: 9069.48 FCFA."
USER_15,2025-11-22,12:06:24,OrangeMoney,rechargement,OUT,500.0,FCFA,8569.48,"Rechargement reussi. Montant de la transaction: 500 FCFA, ID transaction: RC251122.1206.B68545, Frais: 0 FCFA, Commission: 0 FCFA, Nouveau solde: 8569.48 FCFA"
USER_15,2025-11-22,15:32:16,OrangeMoney,rechargement,OUT,100.0,FCFA,8469.48,"Rechargement reussi. Montant de la transaction: 100 FCFA, ID transaction: RC251122.1532.B87387, Frais: 0 FCFA, Commission: 0 FCFA, Nouveau solde: 8469.48 FCFA"
USER_15,2025-11-22,18:05:02,OrangeMoney,retrait,OUT,550.0,FCFA,7865.48,"Retrait d'argent reussi par le [PHONE_0647] avec le Code : 792842. Informations detaillees : Montant: 550 FCFA, Frais: 54 FCFA, No de transaction CO251122.1804.A84671, montant net debite 604 FCFA, Nouveau solde: 7865.48 FCFA."
USER_15,2025-11-24,08:40:12,OrangeMoney,transfert,OUT,20304.0,FCFA,28169.48,"Transfert de [PHONE_2099] [CONTACT_2C28] vers [USER_15_phone] [USER_15] reussi. Details: ID transaction: PP251124.0840.B93375, Montant Transaction: 20304FCFA, Frais: 0 FCFA, Commission: 0 FCFA, Montant Net: 20304 FCFA, Nouveau Solde: 28169.48 FCFA."
USER_15,2025-11-24,20:56:05,OrangeMoney,transfert,OUT,9139.0,FCFA,18008.21,"Transfert de [USER_15_phone] [USER_15] vers [PHONE_9235] [USER_15] reussi. ID transaction: PP251124.2056.C05035, Montant Transaction: 9139 FCFA, Frais: 22.27 FCFA, Commission: 0 FCFA, Montant Net: 9161.27 FCFA, Nouveau Solde: 18008.21 FCFA."
USER_15,2025-11-25,05:34:46,OrangeMoney,rechargement,OUT,500.0,FCFA,17508.21,"Rechargement reussi. Montant de la transaction: 500 FCFA, ID transaction: RC251125.0534.C51046, Frais: 0 FCFA, Commission: 0 FCFA, Nouveau solde: 17508.21 FCFA"
USER_15,2025-11-25,16:01:50,OrangeMoney,transfert,OUT,3556.5,FCFA,13940.6,"Transfert de [USER_15_phone] [USER_15] vers [PHONE_9235] [USER_15] reussi. ID transaction: PP251125.1601.C52119, Montant Transaction: 3556.5 FCFA, Frais: 11.11 FCFA, Commission: 0 FCFA, Montant Net: 3567.61 FCFA, Nouveau Solde: 13940.6 FCFA."
USER_15,2025-11-25,21:22:01,OrangeMoney,autre,unknown,10167.0,FCFA,,"Transfert d argent de 10167 FCFA recu du +[PHONE_4158] (France) le 2025-11-25 21:21:56. Nouveau solde OM : 24107.6 FCFA, Frais : 0 FCFA"
USER_15,2025-11-26,08:43:20,OrangeMoney,transfert,OUT,1054.0,FCFA,23047.5,"Transfert de [USER_15_phone] [USER_15] vers [PHONE_6434] [CONTACT_AE57] reussi. ID transaction: PP251126.0838.D47968, Montant Transaction: 1054 FCFA, Frais: 6.1 FCFA, Commission: 0 FCFA, Montant Net: 1060.1 FCFA, Nouveau Solde: 23047.5 FCFA."
USER_15,2025-11-26,19:26:21,OrangeMoney,rechargement,OUT,500.0,FCFA,22547.5,"Rechargement reussi. Montant de la transaction: 500 FCFA, ID transaction: RC251126.1926.C43147, Frais: 0 FCFA, Commission: 0 FCFA, Nouveau solde: 22547.5 FCFA"
USER_15,2025-11-27,12:29:04,OrangeMoney,paiement,OUT,2500.0,FCFA,20047.5,"Vous venez d'effectuer un paiement chez NGUEFOH d'un montant de 2500 FCFA.  Reference de la transaction: SM251127.1228.B30352, Frais: 0 FCFA, Montant net debite: 2500 FCFA. Nouveau Solde: 20047.50 FCFA. Orange Money vous remercie."
USER_15,2025-11-28,19:01:52,OrangeMoney,transfert,OUT,10154.0,FCFA,9869.2,"Transfert de [USER_15_phone] [USER_15] vers [PHONE_1904] [CONTACT_C980] reussi. ID transaction: PP251128.1901.C26248, Montant Transaction: 10154 FCFA, Frais: 24.3 FCFA, Commission: 0 FCFA, Montant Net: 10178.3 FCFA, Nouveau Solde: 9869.2 FCFA."
USER_15,2025-11-28,19:34:35,OrangeMoney,transfert,OUT,854.0,FCFA,9009.5,"Transfert de [USER_15_phone] [USER_15] vers [PHONE_4350] [CONTACT_4307] reussi. ID transaction: PP251128.1934.B41629, Montant Transaction: 854 FCFA, Frais: 5.7 FCFA, Commission: 0 FCFA, Montant Net: 859.7 FCFA, Nouveau Solde: 9009.5 FCFA."
USER_15,2025-11-29,12:11:41,OrangeMoney,rechargement,OUT,500.0,FCFA,8509.5,"Rechargement reussi. Montant de la transaction: 500 FCFA, ID transaction: RC251129.1211.A24591, Frais: 0 FCFA, Commission: 0 FCFA, Nouveau solde: 8509.5 FCFA"
USER_15,2025-12-02,09:36:51,OrangeMoney,transfert,OUT,3556.5,FCFA,4941.89,"Transfert de [USER_15_phone] [USER_15] vers [PHONE_3482] [CONTACT_CEE8]'T reussi. ID transaction: PP251202.0936.C69439, Montant Transaction: 3556.5 FCFA, Frais: 11.11 FCFA, Commission: 0 FCFA, Montant Net: 3567.61 FCFA, Nouveau Solde: 4941.89 FCFA."
USER_15,2025-12-02,14:52:59,OrangeMoney,paiement,OUT,904.0,FCFA,4037.89,"Vous venez d'effectuer un paiement chez [CONTACT_E5B8] d'un montant de 904 FCFA.  Reference de la transaction: SM251202.1452.D79219, Frais: 0 FCFA, Montant net debite: 904 FCFA. Nouveau Solde: 4037.89 FCFA. Orange Money vous remercie."
USER_15,2025-12-04,10:30:56,OrangeMoney,transfert,OUT,554.0,FCFA,3429.89,"Transfert de [USER_15_phone] [USER_15] vers [PHONE_5254] [CONTACT_85C9] reussi. ID transaction: PP251204.1030.D78153, Montant Transaction: 554 FCFA, Frais: 54 FCFA, Commission: 0 FCFA, Montant Net: 608 FCFA, Nouveau Solde: 3429.89 FCFA."
USER_15,2025-12-05,15:44:49,OrangeMoney,transfert,OUT,1054.0,FCFA,2369.79,"Transfert de [USER_15_phone] [USER_15] vers [PHONE_2770] [CONTACT_67F9] reussi. ID transaction: PP251205.1544.B86035, Montant Transaction: 1054 FCFA, Frais: 6.1 FCFA, Commission: 0 FCFA, Montant Net: 1060.1 FCFA, Nouveau Solde: 2369.79 FCFA."
USER_15,2025-12-06,18:49:37,OrangeMoney,rechargement,OUT,500.0,FCFA,1869.79,"Rechargement reussi. Montant de la transaction: 500 FCFA, ID transaction: RC251206.1849.C05399, Frais: 0 FCFA, Commission: 0 FCFA, Nouveau solde: 1869.79 FCFA"
USER_15,2025-12-08,07:28:52,OrangeMoney,rechargement,OUT,500.0,FCFA,1369.79,"Rechargement reussi. Montant de la transaction: 500 FCFA, ID transaction: RC251208.0728.B52876, Frais: 0 FCFA, Commission: 0 FCFA, Nouveau solde: 1369.79 FCFA"
USER_15,2025-12-08,18:32:41,OrangeMoney,depot,IN,5250.0,FCFA,6619.79,"Depot effectue par [PHONE_0195] [CONTACT_1E2F] to [USER_15_phone] [USER_15]. Informations detaillees: Montant de transaction : 5250 FCFA, ID transaction : CI251208.1832.A74487, Frais : 0 FCFA, Commission : 0 FCFA, Montant Net du Credit : 5250 FCFA, Nouveau Solde : 6619.79 FCFA."
USER_15,2025-12-08,18:54:34,OrangeMoney,transfert,OUT,2000.0,FCFA,8619.79,"Transfert de [PHONE_9235] [USER_15] vers [USER_15_phone] [USER_15] reussi. Details: ID transaction: PP251208.1854.B42146, Montant Transaction: 2000FCFA, Frais: 0 FCFA, Commission: 0 FCFA, Montant Net: 2000 FCFA, Nouveau Solde: 8619.79 FCFA."
USER_15,2025-12-09,10:18:40,OrangeMoney,transfert,OUT,50754.0,FCFA,59373.79,"Transfert de [PHONE_2099] [CONTACT_2C28] vers [USER_15_phone] [USER_15] reussi. Details: ID transaction: PP251209.1018.A75976, Montant Transaction: 50754FCFA, Frais: 0 FCFA, Commission: 0 FCFA, Montant Net: 50754 FCFA, Nouveau Solde: 59373.79 FCFA."
USER_15,2025-12-09,10:32:31,OrangeMoney,transfert,OUT,27409.0,FCFA,31905.98,"Transfert de [USER_15_phone] [USER_15] vers [PHONE_9235] [USER_15] reussi. ID transaction: PP251209.1032.A84221, Montant Transaction: 27409 FCFA, Frais: 58.81 FCFA, Commission: 0 FCFA, Montant Net: 27467.81 FCFA, Nouveau Solde: 31905.98 FCFA."
USER_15,2025-12-09,13:06:20,OrangeMoney,transfert,OUT,500.0,FCFA,32405.98,"Transfert de [PHONE_6755] [CONTACT_B3E8] vers [USER_15_phone] [USER_15] reussi. Details: ID transaction: PP251209.1306.A78478, Montant Transaction: 500FCFA, Frais: 0 FCFA, Commission: 0 FCFA, Montant Net: 500 FCFA, Nouveau Solde: 32405.98 FCFA."
USER_15,2025-12-09,19:36:52,OrangeMoney,retrait,OUT,500.0,FCFA,31851.98,"Retrait d'argent reussi par le [PHONE_0647] avec le Code : 792842. Informations detaillees : Montant: 500 FCFA, Frais: 54 FCFA, No de transaction CO251209.1936.A72663, montant net debite 554 FCFA, Nouveau solde: 31851.98 FCFA."
USER_15,2025-12-10,16:52:09,OrangeMoney,transfert,OUT,1500.0,FCFA,33351.98,"Transfert de [PHONE_7935] [CONTACT_4961] vers [USER_15_phone] [USER_15] reussi. Details: ID transaction: PP251210.1613.B96542, Montant Transaction: 1500FCFA, Frais: 0 FCFA, Commission: 0 FCFA, Montant Net: 1500 FCFA, Nouveau Solde: 33351.98 FCFA."
USER_15,2025-12-10,22:25:58,OrangeMoney,transfert,OUT,2250.0,FCFA,31047.98,"Transfert de [USER_15_phone] [USER_15] vers [PHONE_6110] [CONTACT_93D5] reussi. ID transaction: PP251210.2225.A68209, Montant Transaction: 2250 FCFA, Frais: 54 FCFA, Commission: 0 FCFA, Montant Net: 2304 FCFA, Nouveau Solde: 31047.98 FCFA."
USER_15,2025-12-11,11:21:21,OrangeMoney,transfert,OUT,550.0,FCFA,30443.98,"Transfert de [USER_15_phone] [USER_15] vers [PHONE_9625] [CONTACT_66A2] reussi. ID transaction: PP251211.1121.A44406, Montant Transaction: 550 FCFA, Frais: 54 FCFA, Commission: 0 FCFA, Montant Net: 604 FCFA, Nouveau Solde: 30443.98 FCFA."
USER_15,2025-12-11,13:11:43,OrangeMoney,transfert,OUT,1454.0,FCFA,28935.98,"Transfert de [USER_15_phone] [USER_15] vers [PHONE_2770] [CONTACT_67F9] reussi. ID transaction: PP251211.1311.D28862, Montant Transaction: 1454 FCFA, Frais: 54 FCFA, Commission: 0 FCFA, Montant Net: 1508 FCFA, Nouveau Solde: 28935.98 FCFA."
USER_15,2025-12-11,18:31:46,OrangeMoney,retrait,OUT,350.0,FCFA,25431.98,"Retrait d'argent reussi par le [PHONE_0647] avec le Code : 792842. Informations detaillees : Montant: 350 FCFA, Frais: 54 FCFA, No de transaction CO251211.1831.B78391, montant net debite 404 FCFA, Nouveau solde: 25431.98 FCFA."
USER_15,2025-12-11,20:31:13,OrangeMoney,transfert,OUT,1000.0,FCFA,26431.98,"Transfert de [PHONE_8102] [CONTACT_04A4] vers [USER_15_phone] [USER_15] reussi. Details: ID transaction: PP251211.2031.A00946, Montant Transaction: 1000FCFA, Frais: 0 FCFA, Commission: 0 FCFA, Montant Net: 1000 FCFA, Nouveau Solde: 26431.98 FCFA."
USER_15,2025-12-12,07:13:13,OrangeMoney,rechargement,OUT,500.0,FCFA,25931.98,"Rechargement reussi. Montant de la transaction: 500 FCFA, ID transaction: RC251212.0713.A57567, Frais: 0 FCFA, Commission: 0 FCFA, Nouveau solde: 25931.98 FCFA"
USER_15,2025-12-13,12:30:45,OrangeMoney,rechargement,OUT,500.0,FCFA,25431.98,"Rechargement reussi. Montant de la transaction: 500 FCFA, ID transaction: RC251213.1230.B02577, Frais: 0 FCFA, Commission: 0 FCFA, Nouveau solde: 25431.98 FCFA"
USER_15,2025-12-14,20:36:43,OrangeMoney,transfert,OUT,1554.0,FCFA,23870.88,"Transfert de [USER_15_phone] [USER_15] vers [PHONE_5582] [CONTACT_5253] reussi. ID transaction: PP251214.2036.A62044, Montant Transaction: 1554 FCFA, Frais: 7.1 FCFA, Commission: 0 FCFA, Montant Net: 1561.1 FCFA, Nouveau Solde: 23870.88 FCFA."
USER_15,2025-12-15,12:09:51,OrangeMoney,rechargement,OUT,500.0,FCFA,23370.88,"Rechargement reussi. Montant de la transaction: 500 FCFA, ID transaction: RC251215.1209.A21847, Frais: 0 FCFA, Commission: 0 FCFA, Nouveau solde: 23370.88 FCFA"
USER_15,2025-12-16,13:19:32,OrangeMoney,retrait,OUT,600.0,FCFA,22716.88,"Retrait d'argent reussi par le [PHONE_0647] avec le Code : 792842. Informations detaillees : Montant: 600 FCFA, Frais: 54 FCFA, No de transaction CO251216.1319.D88212, montant net debite 654 FCFA, Nouveau solde: 22716.88 FCFA."
USER_15,2025-12-18,11:23:06,OrangeMoney,transfert,OUT,1054.0,FCFA,21656.78,"Transfert de [USER_15_phone] [USER_15] vers [PHONE_1853] [CONTACT_2F33] reussi. ID transaction: PP251218.1123.A44573, Montant Transaction: 1054 FCFA, Frais: 6.1 FCFA, Commission: 0 FCFA, Montant Net: 1060.1 FCFA, Nouveau Solde: 21656.78 FCFA."
USER_15,2025-12-19,00:25:44,OrangeMoney,rechargement,OUT,500.0,FCFA,21156.78,"Rechargement reussi. Montant de la transaction: 500 FCFA, ID transaction: RC251219.0025.C85199, Frais: 0 FCFA, Commission: 0 FCFA, Nouveau solde: 21156.78 FCFA"
USER_15,2025-12-19,08:58:24,OrangeMoney,rechargement,OUT,100.0,FCFA,21056.78,"Rechargement reussi. Montant de la transaction: 100 FCFA, ID transaction: RC251219.0858.D05424, Frais: 0 FCFA, Commission: 0 FCFA, Nouveau solde: 21056.78 FCFA"
USER_15,2025-12-19,13:37:23,OrangeMoney,transfert,OUT,2054.0,FCFA,18994.68,"Transfert de [USER_15_phone] [USER_15] vers [PHONE_4350] [CONTACT_4307] reussi. ID transaction: PP251219.1337.A31710, Montant Transaction: 2054 FCFA, Frais: 8.1 FCFA, Commission: 0 FCFA, Montant Net: 2062.1 FCFA, Nouveau Solde: 18994.68 FCFA."
USER_15,2025-12-19,14:27:39,OrangeMoney,transfert,OUT,1554.0,FCFA,17433.58,"Transfert de [USER_15_phone] [USER_15] vers [PHONE_4350] [CONTACT_4307] reussi. ID transaction: PP251219.1427.D78413, Montant Transaction: 1554 FCFA, Frais: 7.1 FCFA, Commission: 0 FCFA, Montant Net: 1561.1 FCFA, Nouveau Solde: 17433.58 FCFA."
USER_15,2025-12-20,12:04:58,OrangeMoney,transfert,OUT,15229.0,FCFA,2070.13,"Transfert de [USER_15_phone] [USER_15] vers [PHONE_4237] [CONTACT_BF6E] reussi. ID transaction: PP251220.1204.A02676, Montant Transaction: 15229 FCFA, Frais: 34.45 FCFA, Commission: 0 FCFA, Montant Net: 15263.45 FCFA, Nouveau Solde: 2070.13 FCFA."
USER_15,2025-12-20,15:44:28,OrangeMoney,rechargement,OUT,500.0,FCFA,1570.13,"Rechargement reussi. Montant de la transaction: 500 FCFA, ID transaction: RC251220.1544.D64033, Frais: 0 FCFA, Commission: 0 FCFA, Nouveau solde: 1570.13 FCFA"
USER_15,2025-12-22,07:56:21,OrangeMoney,paiement,OUT,1054.0,FCFA,516.13,"Vous venez d'effectuer un paiement chez SIMEU d'un montant de 1054 FCFA.  Reference de la transaction: SM251222.0756.B88243, Frais: 0 FCFA, Montant net debite: 1054 FCFA. Nouveau Solde: 516.13 FCFA. Orange Money vous remercie."
USER_15,2025-12-22,08:35:31,OrangeMoney,transfert,OUT,554.0,FCFA,1070.13,"Transfert de [PHONE_8188] [CONTACT_F470] vers [USER_15_phone] [USER_15] reussi. Details: ID transaction: PP251222.0835.B91899, Montant Transaction: 554FCFA, Frais: 0 FCFA, Commission: 0 FCFA, Montant Net: 554 FCFA, Nouveau Solde: 1070.13 FCFA."
USER_15,2025-12-22,11:52:31,OrangeMoney,transfert,OUT,500.0,FCFA,1570.13,"Transfert de [PHONE_3965] [CONTACT_07EF] vers [USER_15_phone] [USER_15] reussi. Details: ID transaction: PP251222.1152.A21613, Montant Transaction: 500FCFA, Frais: 0 FCFA, Commission: 0 FCFA, Montant Net: 500 FCFA, Nouveau Solde: 1570.13 FCFA."
USER_15,2025-12-22,21:30:32,OrangeMoney,rechargement,OUT,500.0,FCFA,1070.13,"Rechargement reussi. Montant de la transaction: 500 FCFA, ID transaction: RC251222.2130.C39421, Frais: 0 FCFA, Commission: 0 FCFA, Nouveau solde: 1070.13 FCFA"
USER_15,2025-12-24,09:42:59,OrangeMoney,rechargement,OUT,500.0,FCFA,570.13,"Rechargement reussi. Montant de la transaction: 500 FCFA, ID transaction: RC251224.0942.A91243, Frais: 0 FCFA, Commission: 0 FCFA, Nouveau solde: 570.13 FCFA"
USER_15,2025-12-25,22:57:54,OrangeMoney,rechargement,OUT,500.0,FCFA,70.13,"Rechargement reussi. Montant de la transaction: 500 FCFA, ID transaction: RC251225.2257.C09161, Frais: 0 FCFA, Commission: 0 FCFA, Nouveau solde: 70.13 FCFA"
USER_15,2025-12-29,12:40:38,OrangeMoney,depot,IN,1100.0,FCFA,1170.13,"Depot effectue par [PHONE_7151] [CONTACT_84C7] to [USER_15_phone] [USER_15]. Informations detaillees: Montant de transaction : 1100 FCFA, ID transaction : CI251229.1240.B05976, Frais : 0 FCFA, Commission : 0 FCFA, Montant Net du Credit : 1100 FCFA, Nouveau Solde : 1170.13 FCFA."
USER_15,2025-12-31,10:27:53,OrangeMoney,depot,IN,3000.0,FCFA,3070.13,"Depot effectue par [PHONE_7246] [CONTACT_5E4F] to [USER_15_phone] [USER_15]. Informations detaillees: Montant de transaction : 3000 FCFA, ID transaction : CI251231.1027.C67241, Frais : 0 FCFA, Commission : 0 FCFA, Montant Net du Credit : 3000 FCFA, Nouveau Solde : 3070.13 FCFA."
USER_15,2025-12-31,10:42:05,OrangeMoney,rechargement,OUT,500.0,FCFA,2570.13,"Rechargement reussi. Montant de la transaction: 500 FCFA, ID transaction: RC251231.1041.A07891, Frais: 0 FCFA, Commission: 0 FCFA, Nouveau solde: 2570.13 FCFA"
USER_15,2026-01-01,10:34:49,OrangeMoney,rechargement,OUT,500.0,FCFA,2070.13,"Rechargement reussi. Montant de la transaction: 500 FCFA, ID transaction: RC260101.1034.C44510, Frais: 0 FCFA, Commission: 0 FCFA, Nouveau solde: 2070.13 FCFA"
USER_15,2026-01-03,09:08:57,OrangeMoney,rechargement,OUT,500.0,FCFA,1070.13,"Rechargement reussi. Montant de la transaction: 500 FCFA, ID transaction: RC260103.0908.A53143, Frais: 0 FCFA, Commission: 0 FCFA, Nouveau solde: 1070.13 FCFA"
USER_15,2026-01-03,09:25:39,OrangeMoney,rechargement,OUT,500.0,FCFA,570.13,"Rechargement reussi. Montant de la transaction: 500 FCFA, ID transaction: RC260103.0925.C58554, Frais: 0 FCFA, Commission: 0 FCFA, Nouveau solde: 570.13 FCFA"
USER_15,2026-01-05,09:32:01,OrangeMoney,rechargement,OUT,500.0,FCFA,70.13,"Rechargement reussi. Montant de la transaction: 500 FCFA, ID transaction: RC260105.0931.D74506, Frais: 0 FCFA, Commission: 0 FCFA, Nouveau solde: 70.13 FCFA"
USER_15,2026-01-07,15:27:04,OrangeMoney,transfert,OUT,121804.0,FCFA,121874.13,"Transfert de [PHONE_2099] [CONTACT_2C28] vers [USER_15_phone] [USER_15] reussi. Details: ID transaction: PP260107.1527.A37419, Montant Transaction: 121804FCFA, Frais: 0 FCFA, Commission: 0 FCFA, Montant Net: 121804 FCFA, Nouveau Solde: 121874.13 FCFA."
USER_15,2026-01-07,15:34:28,OrangeMoney,transfert,OUT,10154.0,FCFA,111695.83,"Transfert de [USER_15_phone] [USER_15] vers [PHONE_9235] [USER_15] reussi. ID transaction: PP260107.1534.B50353, Montant Transaction: 10154 FCFA, Frais: 24.3 FCFA, Commission: 0 FCFA, Montant Net: 10178.3 FCFA, Nouveau Solde: 111695.83 FCFA."
USER_15,2026-01-08,15:35:04,OrangeMoney,rechargement,OUT,500.0,FCFA,109634.73,"Rechargement reussi. Montant de la transaction: 500 FCFA, ID transaction: RC260108.1534.A26634, Frais: 0 FCFA, Commission: 0 FCFA, Nouveau solde: 109634.73 FCFA"
USER_15,2026-01-08,21:53:33,OrangeMoney,transfert,OUT,500.0,FCFA,109129.73,"Transfert de [USER_15_phone] [USER_15] vers [PHONE_9235] [USER_15] reussi. ID transaction: PP260108.2153.C38297, Montant Transaction: 500 FCFA, Frais: 5 FCFA, Commission: 0 FCFA, Montant Net: 505 FCFA, Nouveau Solde: 109129.73 FCFA."
USER_15,2026-01-09,16:24:53,OrangeMoney,retrait,OUT,81600.0,FCFA,26301.73,"Retrait d'argent reussi par le [PHONE_0647] avec le Code : 792842. Informations detaillees : Montant: 81600 FCFA, Frais: 1228 FCFA, No de transaction CO260109.1624.B41637, montant net debite 82828 FCFA, Nouveau solde: 26301.73 FCFA."
USER_15,2026-01-09,17:45:38,OrangeMoney,retrait,OUT,700.0,FCFA,25547.73,"Retrait d'argent reussi par le [PHONE_6147] avec le Code : 126080. Informations detaillees : Montant: 700 FCFA, Frais: 54 FCFA, No de transaction CO260109.1745.B00784, montant net debite 754 FCFA, Nouveau solde: 25547.73 FCFA."
USER_15,2026-01-10,02:55:30,OrangeMoney,rechargement,OUT,500.0,FCFA,25047.73,"Rechargement reussi. Montant de la transaction: 500 FCFA, ID transaction: RC260110.0255.C89332, Frais: 0 FCFA, Commission: 0 FCFA, Nouveau solde: 25047.73 FCFA"
USER_15,2026-01-10,19:05:20,OrangeMoney,transfert,OUT,2054.0,FCFA,27101.73,"Transfert de [PHONE_0940] [CONTACT_72A2] vers [USER_15_phone] [USER_15] reussi. Details: ID transaction: PP260110.1905.A95287, Montant Transaction: 2054FCFA, Frais: 0 FCFA, Commission: 0 FCFA, Montant Net: 2054 FCFA, Nouveau Solde: 27101.73 FCFA."
USER_15,2026-01-10,19:24:02,OrangeMoney,retrait,OUT,900.0,FCFA,26147.73,"Retrait d'argent reussi par le [PHONE_0647] avec le Code : 792842. Informations detaillees : Montant: 900 FCFA, Frais: 54 FCFA, No de transaction CO260110.1923.B74284, montant net debite 954 FCFA, Nouveau solde: 26147.73 FCFA."
USER_15,2026-01-10,19:35:28,OrangeMoney,paiement,OUT,2054.0,FCFA,24093.73,"Vous venez d'effectuer un paiement chez NGUEFOH d'un montant de 2054 FCFA.  Reference de la transaction: SM260110.1935.B69347, Frais: 0 FCFA, Montant net debite: 2054 FCFA. Nouveau Solde: 24093.73 FCFA. Orange Money vous remercie."
USER_15,2026-01-11,12:59:17,OrangeMoney,transfert,OUT,1154.0,FCFA,22633.43,"Transfert de [USER_15_phone] [USER_15] vers [PHONE_1486] [CONTACT_3FC7] reussi. ID transaction: PP260111.1259.C32568, Montant Transaction: 1154 FCFA, Frais: 6.3 FCFA, Commission: 0 FCFA, Montant Net: 1160.3 FCFA, Nouveau Solde: 22633.43 FCFA."
USER_15,2026-01-11,16:24:15,OrangeMoney,rechargement,OUT,500.0,FCFA,22133.43,"Rechargement reussi. Montant de la transaction: 500 FCFA, ID transaction: RC260111.1622.C55866, Frais: 0 FCFA, Commission: 0 FCFA, Nouveau solde: 22133.43 FCFA"
USER_15,2026-01-11,20:06:59,OrangeMoney,transfert,OUT,1054.0,FCFA,21073.33,"Transfert de [USER_15_phone] [USER_15] vers [PHONE_2473] [CONTACT_5D1A] reussi. ID transaction: PP260111.2006.A90604, Montant Transaction: 1054 FCFA, Frais: 6.1 FCFA, Commission: 0 FCFA, Montant Net: 1060.1 FCFA, Nouveau Solde: 21073.33 FCFA."
USER_15,2026-01-13,11:23:12,OrangeMoney,rechargement,OUT,500.0,FCFA,20223.33,"Rechargement reussi. Montant de la transaction: 500 FCFA, ID transaction: RC260113.1123.C45804, Frais: 0 FCFA, Commission: 0 FCFA, Nouveau solde: 20223.33 FCFA"
USER_15,2026-01-13,12:04:10,OrangeMoney,transfert,OUT,9646.5,FCFA,10553.54,"Transfert de [USER_15_phone] [USER_15] vers [PHONE_3482] [CONTACT_CEE8]'T reussi. ID transaction: PP260113.1204.B15045, Montant Transaction: 9646.5 FCFA, Frais: 23.29 FCFA, Commission: 0 FCFA, Montant Net: 9669.79 FCFA, Nouveau Solde: 10553.54 FCFA."
USER_15,2026-01-13,15:56:04,OrangeMoney,transfert,OUT,5079.0,FCFA,5460.39,"Transfert de [USER_15_phone] [USER_15] vers [PHONE_5989] [CONTACT_89FB] A MOUNGAM reussi. ID transaction: PP260113.1556.B53883, Montant Transaction: 5079 FCFA, Frais: 14.15 FCFA, Commission: 0 FCFA, Montant Net: 5093.15 FCFA, Nouveau Solde: 5460.39 FCFA."
USER_15,2026-01-15,01:02:11,OrangeMoney,rechargement,OUT,500.0,FCFA,4960.39,"Rechargement reussi. Montant de la transaction: 500 FCFA, ID transaction: RC260115.0102.D42996, Frais: 0 FCFA, Commission: 0 FCFA, Nouveau solde: 4960.39 FCFA"
USER_15,2026-01-15,19:06:02,OrangeMoney,rechargement,OUT,100.0,FCFA,4860.39,"Rechargement reussi. Montant de la transaction: 100 FCFA, ID transaction: RC260115.1905.C41531, Frais: 0 FCFA, Commission: 0 FCFA, Nouveau solde: 4860.39 FCFA"
USER_15,2026-01-16,08:37:34,OrangeMoney,rechargement,OUT,500.0,FCFA,4360.39,"Rechargement reussi. Montant de la transaction: 500 FCFA, ID transaction: RC260116.0837.C00173, Frais: 0 FCFA, Commission: 0 FCFA, Nouveau solde: 4360.39 FCFA"
USER_15,2026-01-16,16:03:27,OrangeMoney,transfert,OUT,6094.0,FCFA,10454.39,"Transfert de [PHONE_3482] [CONTACT_CEE8]'T vers [USER_15_phone] [USER_15] reussi. Details: ID transaction: PP260116.1603.D77561, Montant Transaction: 6094FCFA, Frais: 0 FCFA, Commission: 0 FCFA, Montant Net: 6094 FCFA, Nouveau Solde: 10454.39 FCFA."
USER_15,2026-01-16,19:03:16,OrangeMoney,transfert,OUT,6094.0,FCFA,4344.21,"Transfert de [USER_15_phone] [USER_15] vers [PHONE_2759] [CONTACT_5397] reussi. ID transaction: PP260116.1903.D06104, Montant Transaction: 6094 FCFA, Frais: 16.18 FCFA, Commission: 0 FCFA, Montant Net: 6110.18 FCFA, Nouveau Solde: 4344.21 FCFA."
USER_15,2026-01-20,10:01:29,OrangeMoney,transfert,OUT,1054.0,FCFA,2482.11,"Transfert de [USER_15_phone] [USER_15] vers [PHONE_9235] [USER_15] reussi. ID transaction: PP260120.1001.B89975, Montant Transaction: 1054 FCFA, Frais: 6.1 FCFA, Commission: 0 FCFA, Montant Net: 1060.1 FCFA, Nouveau Solde: 2482.11 FCFA."
USER_15,2026-01-21,00:08:30,OrangeMoney,rechargement,OUT,500.0,FCFA,1982.11,"Rechargement reussi. Montant de la transaction: 500 FCFA, ID transaction: RC260121.0008.C93646, Frais: 0 FCFA, Commission: 0 FCFA, Nouveau solde: 1982.11 FCFA"
USER_15,2026-01-22,09:47:05,OrangeMoney,rechargement,OUT,500.0,FCFA,1482.11,"Rechargement reussi. Montant de la transaction: 500 FCFA, ID transaction: RC260122.0947.C38366, Frais: 0 FCFA, Commission: 0 FCFA, Nouveau solde: 1482.11 FCFA"
USER_15,2026-01-22,17:06:15,OrangeMoney,rechargement,OUT,100.0,FCFA,1382.11,"Rechargement reussi. Montant de la transaction: 100 FCFA, ID transaction: RC260122.1706.D89548, Frais: 0 FCFA, Commission: 0 FCFA, Nouveau solde: 1382.11 FCFA"
USER_15,2026-01-23,15:18:09,OrangeMoney,rechargement,OUT,500.0,FCFA,882.11,"Rechargement reussi. Montant de la transaction: 500 FCFA, ID transaction: RC260123.1517.C98133, Frais: 0 FCFA, Commission: 0 FCFA, Nouveau solde: 882.11 FCFA"
USER_15,2026-01-23,15:52:11,OrangeMoney,transfert,OUT,15229.0,FCFA,16111.11,"Transfert de [PHONE_2099] [CONTACT_2C28] vers [USER_15_phone] [USER_15] reussi. Details: ID transaction: PP260123.1552.C00712, Montant Transaction: 15229FCFA, Frais: 0 FCFA, Commission: 0 FCFA, Montant Net: 15229 FCFA, Nouveau Solde: 16111.11 FCFA."
USER_15,2026-01-24,11:30:35,OrangeMoney,paiement,OUT,650.0,FCFA,15461.11,"Vous venez d'effectuer un paiement chez [CONTACT_0639] d'un montant de 650 FCFA.  Reference de la transaction: SM260124.1130.D67189, Frais: 0 FCFA, Montant net debite: 650 FCFA. Nouveau Solde: 15461.11 FCFA. Orange Money vous remercie."
USER_15,2026-01-24,16:32:30,OrangeMoney,transfert,OUT,1054.0,FCFA,14401.01,"Transfert de [USER_15_phone] [USER_15] vers [PHONE_9610] Bouli Onanda reussi. ID transaction: PP260124.1632.C92808, Montant Transaction: 1054 FCFA, Frais: 6.1 FCFA, Commission: 0 FCFA, Montant Net: 1060.1 FCFA, Nouveau Solde: 14401.01 FCFA."
USER_15,2026-01-25,15:58:23,OrangeMoney,transfert,OUT,500.0,FCFA,14901.01,"Transfert de [PHONE_5514] [CONTACT_D881] vers [USER_15_phone] [USER_15] reussi. Details: ID transaction: PP260125.1558.B39737, Montant Transaction: 500FCFA, Frais: 0 FCFA, Commission: 0 FCFA, Montant Net: 500 FCFA, Nouveau Solde: 14901.01 FCFA."
USER_15,2026-01-25,16:38:09,OrangeMoney,rechargement,OUT,500.0,FCFA,14401.01,"Rechargement reussi. Montant de la transaction: 500 FCFA, ID transaction: RC260125.1638.C42739, Frais: 0 FCFA, Commission: 0 FCFA, Nouveau solde: 14401.01 FCFA"
USER_15,2026-01-26,23:43:13,OrangeMoney,transfert,OUT,1054.0,FCFA,13340.91,"Transfert de [USER_15_phone] [USER_15] vers [PHONE_9235] [USER_15] reussi. ID transaction: PP260126.2343.B74145, Montant Transaction: 1054 FCFA, Frais: 6.1 FCFA, Commission: 0 FCFA, Montant Net: 1060.1 FCFA, Nouveau Solde: 13340.91 FCFA."
USER_15,2026-01-27,10:25:23,OrangeMoney,rechargement,OUT,500.0,FCFA,12840.91,"Rechargement reussi. Montant de la transaction: 500 FCFA, ID transaction: RC260127.1025.A38596, Frais: 0 FCFA, Commission: 0 FCFA, Nouveau solde: 12840.91 FCFA"
USER_15,2026-01-27,15:48:00,OrangeMoney,rechargement,OUT,500.0,FCFA,12340.91,"Rechargement reussi. Montant de la transaction: 500 FCFA, ID transaction: RC260127.1547.A72423, Frais: 0 FCFA, Commission: 0 FCFA, Nouveau solde: 12340.91 FCFA"
USER_15,2026-01-27,20:40:51,OrangeMoney,transfert,OUT,900.0,FCFA,11435.11,"Transfert de [USER_15_phone] [USER_15] vers [PHONE_0056] Kengne Kamdoum reussi. ID transaction: PP260127.2040.B02520, Montant Transaction: 900 FCFA, Frais: 5.8 FCFA, Commission: 0 FCFA, Montant Net: 905.8 FCFA, Nouveau Solde: 11435.11 FCFA."
USER_15,2026-01-27,21:17:54,OrangeMoney,transfert,OUT,1054.0,FCFA,12489.11,"Transfert de [PHONE_8953] Eugenie vers [USER_15_phone] [USER_15] reussi. Details: ID transaction: PP260127.2117.A25598, Montant Transaction: 1054FCFA, Frais: 0 FCFA, Commission: 0 FCFA, Montant Net: 1054 FCFA, Nouveau Solde: 12489.11 FCFA."
USER_15,2026-01-27,22:02:11,OrangeMoney,rechargement,OUT,500.0,FCFA,11989.11,"Rechargement reussi. Montant de la transaction: 500 FCFA, ID transaction: RC260127.2201.A22369, Frais: 0 FCFA, Commission: 0 FCFA, Nouveau solde: 11989.11 FCFA"
USER_15,2026-01-28,09:25:21,OrangeMoney,transfert,OUT,900.0,FCFA,11083.31,"Transfert de [USER_15_phone] [USER_15] vers [PHONE_0056] Kengne Kamdoum reussi. ID transaction: PP260128.0925.D61453, Montant Transaction: 900 FCFA, Frais: 5.8 FCFA, Commission: 0 FCFA, Montant Net: 905.8 FCFA, Nouveau Solde: 11083.31 FCFA."
USER_15,2026-01-28,14:50:59,OrangeMoney,retrait,OUT,2000.0,FCFA,9029.31,"Retrait d'argent reussi par le [PHONE_6797] avec le Code : 729560. Informations detaillees : Montant: 2000 FCFA, Frais: 54 FCFA, No de transaction CO260128.1450.B24366, montant net debite 2054 FCFA, Nouveau solde: 9029.31 FCFA."
USER_15,2026-01-28,15:51:33,OrangeMoney,transfert,OUT,554.0,FCFA,8470.21,"Transfert de [USER_15_phone] [USER_15] vers [PHONE_3802] [CONTACT_9F2E] reussi. ID transaction: PP260128.1551.C14049, Montant Transaction: 554 FCFA, Frais: 5.1 FCFA, Commission: 0 FCFA, Montant Net: 559.1 FCFA, Nouveau Solde: 8470.21 FCFA."
USER_15,2026-01-28,20:36:14,OrangeMoney,rechargement,OUT,500.0,FCFA,7970.21,"Rechargement reussi. Montant de la transaction: 500 FCFA, ID transaction: RC260128.2036.C34816, Frais: 0 FCFA, Commission: 0 FCFA, Nouveau solde: 7970.21 FCFA"
USER_15,2026-01-29,11:56:53,OrangeMoney,rechargement,OUT,500.0,FCFA,7470.21,"Rechargement reussi. Montant de la transaction: 500 FCFA, ID transaction: RC260129.1156.D95284, Frais: 0 FCFA, Commission: 0 FCFA, Nouveau solde: 7470.21 FCFA"
USER_15,2026-01-29,12:20:03,OrangeMoney,transfert,OUT,854.0,FCFA,6610.51,"Transfert de [USER_15_phone] [USER_15] vers [PHONE_6536] [CONTACT_FF3C] reussi. ID transaction: PP260129.1220.C73924, Montant Transaction: 854 FCFA, Frais: 5.7 FCFA, Commission: 0 FCFA, Montant Net: 859.7 FCFA, Nouveau Solde: 6610.51 FCFA."
USER_15,2026-01-31,07:35:47,OrangeMoney,transfert,OUT,854.0,FCFA,5750.81,"Transfert de [USER_15_phone] [USER_15] vers [PHONE_5167] [CONTACT_A2B3] reussi. ID transaction: PP260131.0735.B35796, Montant Transaction: 854 FCFA, Frais: 5.7 FCFA, Commission: 0 FCFA, Montant Net: 859.7 FCFA, Nouveau Solde: 5750.81 FCFA."
USER_15,2026-01-31,07:50:29,OrangeMoney,transfert,OUT,1554.0,FCFA,7304.81,"Transfert de [PHONE_2981] [CONTACT_B341] vers [USER_15_phone] [USER_15] reussi. Details: ID transaction: PP260131.0750.B41501, Montant Transaction: 1554FCFA, Frais: 0 FCFA, Commission: 0 FCFA, Montant Net: 1554 FCFA, Nouveau Solde: 7304.81 FCFA."
USER_15,2026-01-31,10:21:17,OrangeMoney,retrait,OUT,1500.0,FCFA,5750.81,"Retrait d'argent reussi par le [PHONE_6797] avec le Code : 729560. Informations detaillees : Montant: 1500 FCFA, Frais: 54 FCFA, No de transaction CO260131.1021.C69550, montant net debite 1554 FCFA, Nouveau solde: 5750.81 FCFA."
USER_15,2026-01-31,10:43:20,OrangeMoney,rechargement,OUT,500.0,FCFA,5250.81,"Rechargement reussi. Montant de la transaction: 500 FCFA, ID transaction: RC260131.1043.B31071, Frais: 0 FCFA, Commission: 0 FCFA, Nouveau solde: 5250.81 FCFA"
USER_15,2026-02-01,16:03:50,OrangeMoney,transfert,OUT,1354.0,FCFA,3890.11,"Transfert de [USER_15_phone] [USER_15] vers [PHONE_1486] [CONTACT_3FC7] reussi. ID transaction: PP260201.1603.D87792, Montant Transaction: 1354 FCFA, Frais: 6.7 FCFA, Commission: 0 FCFA, Montant Net: 1360.7 FCFA, Nouveau Solde: 3890.11 FCFA."
USER_15,2026-02-02,00:09:15,OrangeMoney,rechargement,OUT,500.0,FCFA,3390.11,"Rechargement reussi. Montant de la transaction: 500 FCFA, ID transaction: RC260202.0009.B42657, Frais: 0 FCFA, Commission: 0 FCFA, Nouveau solde: 3390.11 FCFA"
USER_15,2026-02-02,13:39:37,OrangeMoney,retrait,OUT,1600.0,FCFA,1736.11,"Retrait d'argent reussi par le [PHONE_0647] avec le Code : 792842. Informations detaillees : Montant: 1600 FCFA, Frais: 54 FCFA, No de transaction CO260202.1339.D12399, montant net debite 1654 FCFA, Nouveau solde: 1736.11 FCFA."
USER_15,2026-02-03,08:16:24,OrangeMoney,rechargement,OUT,500.0,FCFA,1236.11,"Rechargement reussi. Montant de la transaction: 500 FCFA, ID transaction: RC260203.0816.B77487, Frais: 0 FCFA, Commission: 0 FCFA, Nouveau solde: 1236.11 FCFA"
USER_15,2026-02-03,19:24:16,OrangeMoney,rechargement,OUT,500.0,FCFA,736.11,"Rechargement reussi. Montant de la transaction: 500 FCFA, ID transaction: RC260203.1924.B52150, Frais: 0 FCFA, Commission: 0 FCFA, Nouveau solde: 736.11 FCFA"
USER_15,2026-02-04,21:25:51,OrangeMoney,rechargement,OUT,500.0,FCFA,236.11,"Rechargement reussi. Montant de la transaction: 500 FCFA, ID transaction: RC260204.2125.C79476, Frais: 0 FCFA, Commission: 0 FCFA, Nouveau solde: 236.11 FCFA"
USER_15,2026-02-05,21:45:46,OrangeMoney,transfert,OUT,25379.0,FCFA,25615.11,"Transfert de [PHONE_2099] [CONTACT_2C28] vers [USER_15_phone] [USER_15] reussi. Details: ID transaction: PP260205.2145.D32654, Montant Transaction: 25379FCFA, Frais: 0 FCFA, Commission: 0 FCFA, Montant Net: 25379 FCFA, Nouveau Solde: 25615.11 FCFA."
USER_15,2026-02-05,21:56:28,OrangeMoney,transfert,OUT,3054.0,FCFA,22551.01,"Transfert de [USER_15_phone] [USER_15] vers [PHONE_2061] [CONTACT_638C] reussi. ID transaction: PP260205.2156.B25048, Montant Transaction: 3054 FCFA, Frais: 10.1 FCFA, Commission: 0 FCFA, Montant Net: 3064.1 FCFA, Nouveau Solde: 22551.01 FCFA."
USER_15,2026-02-05,21:57:38,OrangeMoney,transfert,OUT,4064.0,FCFA,18474.89,"Transfert de [USER_15_phone] [USER_15] vers [PHONE_1452] [CONTACT_CB2F] reussi. ID transaction: PP260205.2157.A29091, Montant Transaction: 4064 FCFA, Frais: 12.12 FCFA, Commission: 0 FCFA, Montant Net: 4076.12 FCFA, Nouveau Solde: 18474.89 FCFA."
USER_15,2026-02-05,21:59:39,OrangeMoney,transfert,OUT,2054.0,FCFA,16412.79,"Transfert de [USER_15_phone] [USER_15] vers [PHONE_2759] [CONTACT_5397] reussi. ID transaction: PP260205.2159.A29969, Montant Transaction: 2054 FCFA, Frais: 8.1 FCFA, Commission: 0 FCFA, Montant Net: 2062.1 FCFA, Nouveau Solde: 16412.79 FCFA."
USER_15,2026-02-05,22:07:06,OrangeMoney,transfert,OUT,5079.0,FCFA,11319.64,"Transfert de [USER_15_phone] [USER_15] vers [PHONE_5993] [CONTACT_CD70] reussi. ID transaction: PP260205.2207.D41381, Montant Transaction: 5079 FCFA, Frais: 14.15 FCFA, Commission: 0 FCFA, Montant Net: 5093.15 FCFA, Nouveau Solde: 11319.64 FCFA."
USER_15,2026-02-05,23:54:43,OrangeMoney,rechargement,OUT,500.0,FCFA,10819.64,"Rechargement reussi. Montant de la transaction: 500 FCFA, ID transaction: RC260205.2354.A99509, Frais: 0 FCFA, Commission: 0 FCFA, Nouveau solde: 10819.64 FCFA"
USER_15,2026-02-06,13:52:20,OrangeMoney,retrait,OUT,700.0,FCFA,10065.64,"Retrait d'argent reussi par le [PHONE_6147] avec le Code : 126080. Informations detaillees : Montant: 700 FCFA, Frais: 54 FCFA, No de transaction CO260206.1352.C18768, montant net debite 754 FCFA, Nouveau solde: 10065.64 FCFA."
USER_15,2026-02-06,19:30:39,OrangeMoney,transfert,OUT,900.0,FCFA,10965.64,"Transfert de [PHONE_9235] [USER_15] vers [USER_15_phone] [USER_15] reussi. Details: ID transaction: PP260206.1930.C98902, Montant Transaction: 900FCFA, Frais: 0 FCFA, Commission: 0 FCFA, Montant Net: 900 FCFA, Nouveau Solde: 10965.64 FCFA."
USER_15,2026-02-07,07:54:43,OrangeMoney,rechargement,OUT,500.0,FCFA,10465.64,"Rechargement reussi. Montant de la transaction: 500 FCFA, ID transaction: RC260207.0754.B43557, Frais: 0 FCFA, Commission: 0 FCFA, Nouveau solde: 10465.64 FCFA"
USER_15,2026-02-07,14:29:09,OrangeMoney,transfert,OUT,2000.0,FCFA,8457.64,"Transfert de [USER_15_phone] [USER_15] vers [PHONE_9235] [USER_15] reussi. ID transaction: PP260207.1429.D27225, Montant Transaction: 2000 FCFA, Frais: 8 FCFA, Commission: 0 FCFA, Montant Net: 2008 FCFA, Nouveau Solde: 8457.64 FCFA."
USER_15,2026-02-08,16:03:13,OrangeMoney,rechargement,OUT,500.0,FCFA,7957.64,"Rechargement reussi. Montant de la transaction: 500 FCFA, ID transaction: RC260208.1603.D12303, Frais: 0 FCFA, Commission: 0 FCFA, Nouveau solde: 7957.64 FCFA"
USER_15,2026-02-09,11:21:14,OrangeMoney,paiement,OUT,1054.0,FCFA,6903.64,"Vous venez d'effectuer un paiement chez [CONTACT_4949] d'un montant de 1054 FCFA.  Reference de la transaction: SM260209.1121.B50415, Frais: 0 FCFA, Montant net debite: 1054 FCFA. Nouveau Solde: 6903.64 FCFA. Orange Money vous remercie."
USER_15,2026-02-10,10:09:17,OrangeMoney,rechargement,OUT,500.0,FCFA,6403.64,"Rechargement reussi. Montant de la transaction: 500 FCFA, ID transaction: RC260210.1009.A10518, Frais: 0 FCFA, Commission: 0 FCFA, Nouveau solde: 6403.64 FCFA"
USER_15,2026-02-10,16:35:11,OrangeMoney,transfert,OUT,11000.0,FCFA,17403.64,"Transfert de [PHONE_7279] [CONTACT_2067] vers [USER_15_phone] [USER_15] reussi. Details: ID transaction: PP260210.1635.D23181, Montant Transaction: 11000FCFA, Frais: 0 FCFA, Commission: 0 FCFA, Montant Net: 11000 FCFA, Nouveau Solde: 17403.64 FCFA."
USER_15,2026-02-10,17:27:29,OrangeMoney,retrait,OUT,925.0,FCFA,16424.64,"Retrait d'argent reussi par le [PHONE_0647] avec le Code : 792842. Informations detaillees : Montant: 925 FCFA, Frais: 54 FCFA, No de transaction CO260210.1727.B15661, montant net debite 979 FCFA, Nouveau solde: 16424.64 FCFA."
USER_15,2026-02-10,18:38:30,OrangeMoney,transfert,OUT,2054.0,FCFA,18478.64,"Transfert de [PHONE_5514] [CONTACT_D881] vers [USER_15_phone] [USER_15] reussi. Details: ID transaction: PP260210.1838.B02588, Montant Transaction: 2054FCFA, Frais: 0 FCFA, Commission: 0 FCFA, Montant Net: 2054 FCFA, Nouveau Solde: 18478.64 FCFA."
USER_15,2026-02-10,19:51:09,OrangeMoney,rechargement,OUT,500.0,FCFA,14428.64,"Rechargement reussi. Montant de la transaction: 500 FCFA, ID transaction: RC260210.1951.A80028, Frais: 0 FCFA, Commission: 0 FCFA, Nouveau solde: 14428.64 FCFA"
USER_15,2026-02-11,16:33:25,OrangeMoney,transfert,OUT,7616.5,FCFA,6792.91,"Transfert de [USER_15_phone] [USER_15] vers [PHONE_0550] [CONTACT_05FD] reussi. ID transaction: PP260211.1633.C08562, Montant Transaction: 7616.5 FCFA, Frais: 19.23 FCFA, Commission: 0 FCFA, Montant Net: 7635.73 FCFA, Nouveau Solde: 6792.91 FCFA."
USER_15,2026-02-11,19:37:39,OrangeMoney,rechargement,OUT,500.0,FCFA,6292.91,"Rechargement reussi. Montant de la transaction: 500 FCFA, ID transaction: RC260211.1937.D12664, Frais: 0 FCFA, Commission: 0 FCFA, Nouveau solde: 6292.91 FCFA"
USER_15,2026-02-13,14:25:38,OrangeMoney,rechargement,OUT,500.0,FCFA,2292.91,"Rechargement reussi. Montant de la transaction: 500 FCFA, ID transaction: RC260213.1425.B20192, Frais: 0 FCFA, Commission: 0 FCFA, Nouveau solde: 2292.91 FCFA"
USER_15,2026-02-13,17:20:22,OrangeMoney,transfert,OUT,4571.5,FCFA,6864.41,"Transfert de [PHONE_5183] [CONTACT_ED92] vers [USER_15_phone] [USER_15] reussi. Details: ID transaction: PP260213.1720.D73010, Montant Transaction: 4571.5FCFA, Frais: 0 FCFA, Commission: 0 FCFA, Montant Net: 4571.5 FCFA, Nouveau Solde: 6864.41 FCFA."
USER_15,2026-02-13,19:44:00,OrangeMoney,retrait,OUT,850.0,FCFA,5710.41,"Retrait d'argent reussi par le [PHONE_0647] avec le Code : 792842. Informations detaillees : Montant: 850 FCFA, Frais: 54 FCFA, No de transaction CO260213.1943.A79584, montant net debite 904 FCFA, Nouveau solde: 5710.41 FCFA."
USER_15,2026-02-14,13:46:22,OrangeMoney,transfert,OUT,500.0,FCFA,6210.41,"Transfert de [PHONE_9235] [USER_15] vers [USER_15_phone] [USER_15] reussi. Details: ID transaction: PP260214.1346.D69464, Montant Transaction: 500FCFA, Frais: 0 FCFA, Commission: 0 FCFA, Montant Net: 500 FCFA, Nouveau Solde: 6210.41 FCFA."
USER_15,2026-02-14,14:21:04,OrangeMoney,rechargement,OUT,500.0,FCFA,5710.41,"Rechargement reussi. Montant de la transaction: 500 FCFA, ID transaction: RC260214.1420.B43810, Frais: 0 FCFA, Commission: 0 FCFA, Nouveau solde: 5710.41 FCFA"
USER_15,2026-02-15,08:49:45,OrangeMoney,rechargement,OUT,100.0,FCFA,5610.41,"Rechargement reussi. Montant de la transaction: 100 FCFA, ID transaction: RC260215.0849.D28477, Frais: 0 FCFA, Commission: 0 FCFA, Nouveau solde: 5610.41 FCFA"
USER_15,2026-02-15,11:33:11,OrangeMoney,rechargement,OUT,500.0,FCFA,5110.41,"Rechargement reussi. Montant de la transaction: 500 FCFA, ID transaction: RC260215.1133.A36349, Frais: 0 FCFA, Commission: 0 FCFA, Nouveau solde: 5110.41 FCFA"
USER_15,2026-02-15,14:11:35,OrangeMoney,retrait,OUT,3000.0,FCFA,2056.41,"Retrait d'argent reussi par le [PHONE_0898] avec le Code : 151929. Informations detaillees : Montant: 3000 FCFA, Frais: 54 FCFA, No de transaction CO260215.1411.B89553, montant net debite 3054 FCFA, Nouveau solde: 2056.41 FCFA."
USER_15,2026-02-16,15:11:33,OrangeMoney,rechargement,OUT,500.0,FCFA,1556.41,"Rechargement reussi. Montant de la transaction: 500 FCFA, ID transaction: RC260216.1511.C85038, Frais: 0 FCFA, Commission: 0 FCFA, Nouveau solde: 1556.41 FCFA"
USER_15,2026-02-17,10:22:39,OrangeMoney,paiement,OUT,554.0,FCFA,1002.41,"Vous venez d'effectuer un paiement chez [CONTACT_4949] d'un montant de 554 FCFA.  Reference de la transaction: SM260217.1022.C23465, Frais: 0 FCFA, Montant net debite: 554 FCFA. Nouveau Solde: 1002.41 FCFA. Orange Money vous remercie."
USER_15,2026-02-17,12:12:41,OrangeMoney,transfert,OUT,1000.0,FCFA,2002.41,"Transfert de [PHONE_5514] [CONTACT_D881] vers [USER_15_phone] [USER_15] reussi. Details: ID transaction: PP260217.1212.C72987, Montant Transaction: 1000FCFA, Frais: 0 FCFA, Commission: 0 FCFA, Montant Net: 1000 FCFA, Nouveau Solde: 2002.41 FCFA."
USER_15,2026-02-19,11:02:05,OrangeMoney,transfert,OUT,20304.0,FCFA,22306.41,"Transfert de [PHONE_2099] [CONTACT_2C28] vers [USER_15_phone] [USER_15] reussi. Details: ID transaction: PP260219.1102.B29260, Montant Transaction: 20304FCFA, Frais: 0 FCFA, Commission: 0 FCFA, Montant Net: 20304 FCFA, Nouveau Solde: 22306.41 FCFA."
USER_15,2026-02-19,15:02:36,OrangeMoney,transfert,OUT,1054.0,FCFA,21246.31,"Transfert de [USER_15_phone] [USER_15] vers [PHONE_2759] [CONTACT_5397] reussi. ID transaction: PP260219.1502.C84612, Montant Transaction: 1054 FCFA, Frais: 6.1 FCFA, Commission: 0 FCFA, Montant Net: 1060.1 FCFA, Nouveau Solde: 21246.31 FCFA."
USER_15,2026-02-19,17:25:00,OrangeMoney,rechargement,OUT,500.0,FCFA,20746.31,"Rechargement reussi. Montant de la transaction: 500 FCFA, ID transaction: RC260219.1724.C71528, Frais: 0 FCFA, Commission: 0 FCFA, Nouveau solde: 20746.31 FCFA"
USER_15,2026-02-19,17:31:01,OrangeMoney,transfert,OUT,2054.0,FCFA,18684.21,"Transfert de [USER_15_phone] [USER_15] vers [PHONE_3802] [CONTACT_9F2E] reussi. ID transaction: PP260219.1730.A85917, Montant Transaction: 2054 FCFA, Frais: 8.1 FCFA, Commission: 0 FCFA, Montant Net: 2062.1 FCFA, Nouveau Solde: 18684.21 FCFA."
USER_15,2026-02-19,19:46:00,OrangeMoney,transfert,OUT,1054.0,FCFA,14124.11,"Transfert de [USER_15_phone] [USER_15] vers [PHONE_5183] [CONTACT_ED92] reussi. ID transaction: PP260219.1945.C73958, Montant Transaction: 1054 FCFA, Frais: 6.1 FCFA, Commission: 0 FCFA, Montant Net: 1060.1 FCFA, Nouveau Solde: 14124.11 FCFA."
USER_15,2026-02-21,09:30:58,OrangeMoney,paiement,OUT,904.0,FCFA,11220.11,"Vous venez d'effectuer un paiement chez SIMEU d'un montant de 904 FCFA.  Reference de la transaction: SM260221.0930.B86913, Frais: 0 FCFA, Montant net debite: 904 FCFA. Nouveau Solde: 11220.11 FCFA. Orange Money vous remercie."
USER_15,2026-02-21,14:36:16,OrangeMoney,rechargement,OUT,500.0,FCFA,10720.11,"Rechargement reussi. Montant de la transaction: 500 FCFA, ID transaction: RC260221.1436.C86228, Frais: 0 FCFA, Commission: 0 FCFA, Nouveau solde: 10720.11 FCFA"
USER_15,2026-02-21,20:39:31,OrangeMoney,rechargement,OUT,500.0,FCFA,10220.11,"Rechargement reussi. Montant de la transaction: 500 FCFA, ID transaction: RC260221.2039.B28221, Frais: 0 FCFA, Commission: 0 FCFA, Nouveau solde: 10220.11 FCFA"
USER_15,2026-02-22,13:16:21,OrangeMoney,transfert,OUT,1554.0,FCFA,8659.01,"Transfert de [USER_15_phone] [USER_15] vers [PHONE_9235] [USER_15] reussi. ID transaction: PP260222.1316.C73899, Montant Transaction: 1554 FCFA, Frais: 7.1 FCFA, Commission: 0 FCFA, Montant Net: 1561.1 FCFA, Nouveau Solde: 8659.01 FCFA."
USER_15,2026-02-22,13:17:11,OrangeMoney,transfert,OUT,2054.0,FCFA,6596.91,"Transfert de [USER_15_phone] [USER_15] vers [PHONE_2061] [CONTACT_638C] reussi. ID transaction: PP260222.1317.B76330, Montant Transaction: 2054 FCFA, Frais: 8.1 FCFA, Commission: 0 FCFA, Montant Net: 2062.1 FCFA, Nouveau Solde: 6596.91 FCFA."
USER_15,2026-02-22,13:17:46,OrangeMoney,rechargement,OUT,500.0,FCFA,6096.91,"Rechargement reussi. Montant de la transaction: 500 FCFA, ID transaction: RC260222.1317.A92188, Frais: 0 FCFA, Commission: 0 FCFA, Nouveau solde: 6096.91 FCFA"
USER_15,2026-02-23,11:39:50,OrangeMoney,retrait,OUT,650.0,FCFA,5392.91,"Retrait d'argent reussi par le [PHONE_0647] avec le Code : 792842. Informations detaillees : Montant: 650 FCFA, Frais: 54 FCFA, No de transaction CO260223.1139.B12777, montant net debite 704 FCFA, Nouveau solde: 5392.91 FCFA."
USER_15,2026-02-23,18:40:15,OrangeMoney,transfert,OUT,1154.0,FCFA,4232.61,"Transfert de [USER_15_phone] [USER_15] vers [PHONE_6110] [CONTACT_93D5] reussi. ID transaction: PP260223.1840.B93194, Montant Transaction: 1154 FCFA, Frais: 6.3 FCFA, Commission: 0 FCFA, Montant Net: 1160.3 FCFA, Nouveau Solde: 4232.61 FCFA."
USER_15,2026-02-23,18:42:58,OrangeMoney,transfert,OUT,1100.0,FCFA,3126.41,"Transfert de [USER_15_phone] [USER_15] vers [PHONE_6110] [CONTACT_93D5] reussi. ID transaction: PP260223.1842.A94053, Montant Transaction: 1100 FCFA, Frais: 6.2 FCFA, Commission: 0 FCFA, Montant Net: 1106.2 FCFA, Nouveau Solde: 3126.41 FCFA."
USER_15,2026-02-23,20:51:23,OrangeMoney,rechargement,OUT,500.0,FCFA,2626.41,"Rechargement reussi. Montant de la transaction: 500 FCFA, ID transaction: RC260223.2051.B71268, Frais: 0 FCFA, Commission: 0 FCFA, Nouveau solde: 2626.41 FCFA"
USER_15,2026-02-23,20:52:44,OrangeMoney,transfert,OUT,15229.0,FCFA,17855.41,"Transfert de [PHONE_2099] [CONTACT_2C28] vers [USER_15_phone] [USER_15] reussi. Details: ID transaction: PP260223.2052.C74230, Montant Transaction: 15229FCFA, Frais: 0 FCFA, Commission: 0 FCFA, Montant Net: 15229 FCFA, Nouveau Solde: 17855.41 FCFA."
USER_15,2026-02-24,07:12:12,OrangeMoney,retrait,OUT,17000.0,FCFA,647.41,"Retrait d'argent reussi par le [PHONE_2619] avec le Code : 930378. Informations detaillees : Montant: 17000 FCFA, Frais: 208 FCFA, No de transaction CO260224.0712.C29603, montant net debite 17208 FCFA, Nouveau solde: 647.41 FCFA."
USER_15,2026-02-24,23:33:20,OrangeMoney,transfert,OUT,4558.0,FCFA,5205.41,"Transfert de [PHONE_9235] [USER_15] vers [USER_15_phone] [USER_15] reussi. Details: ID transaction: PP260224.2333.C77119, Montant Transaction: 4558FCFA, Frais: 0 FCFA, Commission: 0 FCFA, Montant Net: 4558 FCFA, Nouveau Solde: 5205.41 FCFA."
USER_15,2026-02-25,09:53:13,OrangeMoney,retrait,OUT,800.0,FCFA,4391.81,"Retrait d'argent reussi par le [PHONE_0647] avec le Code : 792842. Informations detaillees : Montant: 800 FCFA, Frais: 13.6 FCFA, No de transaction CO260225.0953.A27359, montant net debite 813.6 FCFA, Nouveau solde: 4391.81 FCFA."
USER_15,2026-02-26,14:39:26,OrangeMoney,transfert,OUT,554.0,FCFA,3832.71,"Transfert de [USER_15_phone] [USER_15] vers [PHONE_9751] [CONTACT_47B0] reussi. ID transaction: PP260226.1439.D67185, Montant Transaction: 554 FCFA, Frais: 5.1 FCFA, Commission: 0 FCFA, Montant Net: 559.1 FCFA, Nouveau Solde: 3832.71 FCFA."
USER_15,2026-02-26,19:14:12,OrangeMoney,autre,unknown,5100.0,FCFA,,"Transfert d argent de 5100 FCFA recu du +[PHONE_4178] (France) le 2026-02-26 19:14:08. Nouveau solde OM : 8932.71 FCFA, Frais : 0 FCFA"
USER_15,2026-02-27,08:05:16,OrangeMoney,rechargement,OUT,500.0,FCFA,7082.71,"Rechargement reussi. Montant de la transaction: 500 FCFA, ID transaction: RC260227.0805.D43548, Frais: 0 FCFA, Commission: 0 FCFA, Nouveau solde: 7082.71 FCFA"
USER_15,2026-02-27,13:12:36,OrangeMoney,transfert,OUT,1500.0,FCFA,8582.71,"Transfert de [PHONE_0301] [CONTACT_0C14] vers [USER_15_phone] [USER_15] reussi. Details: ID transaction: PP260227.1312.C26434, Montant Transaction: 1500FCFA, Frais: 0 FCFA, Commission: 0 FCFA, Montant Net: 1500 FCFA, Nouveau Solde: 8582.71 FCFA."
USER_15,2026-02-28,11:20:23,OrangeMoney,transfert,OUT,1054.0,FCFA,9636.71,"Transfert de [PHONE_1261] [CONTACT_AFF9] vers [USER_15_phone] [USER_15] reussi. Details: ID transaction: PP260228.1120.D43218, Montant Transaction: 1054FCFA, Frais: 0 FCFA, Commission: 0 FCFA, Montant Net: 1054 FCFA, Nouveau Solde: 9636.71 FCFA."
USER_15,2026-02-28,11:24:03,OrangeMoney,rechargement,OUT,100.0,FCFA,9536.71,"Rechargement reussi. Montant de la transaction: 100 FCFA, ID transaction: RC260228.1123.A94047, Frais: 0 FCFA, Commission: 0 FCFA, Nouveau solde: 9536.71 FCFA"
USER_15,2026-02-28,11:56:41,OrangeMoney,transfert,OUT,100.0,FCFA,9636.71,"Transfert de [PHONE_8188] [CONTACT_F470] vers [USER_15_phone] [USER_15] reussi. Details: ID transaction: PP260228.1156.C64727, Montant Transaction: 100FCFA, Frais: 0 FCFA, Commission: 0 FCFA, Montant Net: 100 FCFA, Nouveau Solde: 9636.71 FCFA."
USER_15,2026-02-28,14:15:11,OrangeMoney,transfert,OUT,9139.0,FCFA,475.44,"Transfert de [USER_15_phone] [USER_15] vers [PHONE_4237] [CONTACT_BF6E] reussi. ID transaction: PP260228.1415.B73260, Montant Transaction: 9139 FCFA, Frais: 22.27 FCFA, Commission: 0 FCFA, Montant Net: 9161.27 FCFA, Nouveau Solde: 475.44 FCFA."
USER_15,2026-03-01,13:37:22,OrangeMoney,transfert,OUT,100.0,FCFA,575.44,"Transfert de [PHONE_5090] [CONTACT_E42E] vers [USER_15_phone] [USER_15] reussi. Details: ID transaction: PP260301.1337.A11517, Montant Transaction: 100FCFA, Frais: 0 FCFA, Commission: 0 FCFA, Montant Net: 100 FCFA, Nouveau Solde: 575.44 FCFA."
USER_15,2026-03-01,13:38:08,OrangeMoney,rechargement,OUT,500.0,FCFA,75.44,"Rechargement reussi. Montant de la transaction: 500 FCFA, ID transaction: RC260301.1338.D28301, Frais: 0 FCFA, Commission: 0 FCFA, Nouveau solde: 75.44 FCFA"
USER_15,2026-03-02,15:51:20,OrangeMoney,transfert,OUT,10154.0,FCFA,10229.44,"Transfert de [PHONE_2981] [CONTACT_B341] vers [USER_15_phone] [USER_15] reussi. Details: ID transaction: PP260302.1551.B54865, Montant Transaction: 10154FCFA, Frais: 0 FCFA, Commission: 0 FCFA, Montant Net: 10154 FCFA, Nouveau Solde: 10229.44 FCFA."
USER_15,2026-03-03,09:20:24,OrangeMoney,transfert,OUT,2054.0,FCFA,8167.34,"Transfert de [USER_15_phone] [USER_15] vers [PHONE_8240] [CONTACT_C518] reussi. ID transaction: PP260303.0920.B09848, Montant Transaction: 2054 FCFA, Frais: 8.1 FCFA, Commission: 0 FCFA, Montant Net: 2062.1 FCFA, Nouveau Solde: 8167.34 FCFA."
USER_15,2026-03-03,19:34:52,OrangeMoney,rechargement,OUT,500.0,FCFA,6067.34,"Rechargement reussi. Montant de la transaction: 500 FCFA, ID transaction: RC260303.1934.C03073, Frais: 0 FCFA, Commission: 0 FCFA, Nouveau solde: 6067.34 FCFA"
USER_15,2026-03-03,19:46:43,OrangeMoney,transfert,OUT,1600.0,FCFA,7667.34,"Transfert de [PHONE_9235] [USER_15] vers [USER_15_phone] [USER_15] reussi. Details: ID transaction: PP260303.1946.A40081, Montant Transaction: 1600FCFA, Frais: 0 FCFA, Commission: 0 FCFA, Montant Net: 1600 FCFA, Nouveau Solde: 7667.34 FCFA."
USER_15,2026-03-03,20:01:19,OrangeMoney,transfert,OUT,1600.0,FCFA,6060.14,"Transfert de [USER_15_phone] [USER_15] vers [PHONE_9235] [USER_15] reussi. ID transaction: PP260303.2001.A49921, Montant Transaction: 1600 FCFA, Frais: 7.2 FCFA, Commission: 0 FCFA, Montant Net: 1607.2 FCFA, Nouveau Solde: 6060.14 FCFA."
USER_15,2026-03-04,13:37:41,OrangeMoney,transfert,OUT,50000.0,FCFA,56060.14,"Transfert de [PHONE_2099] [CONTACT_2C28] vers [USER_15_phone] [USER_15] reussi. Details: ID transaction: PP260304.1337.D99377, Montant Transaction: 50000FCFA, Frais: 0 FCFA, Commission: 0 FCFA, Montant Net: 50000 FCFA, Nouveau Solde: 56060.14 FCFA."
USER_15,2026-03-04,15:06:22,OrangeMoney,transfert,OUT,2554.0,FCFA,53497.04,"Transfert de [USER_15_phone] [USER_15] vers [PHONE_3482] [CONTACT_CEE8]'T reussi. ID transaction: PP260304.1506.D60771, Montant Transaction: 2554 FCFA, Frais: 9.1 FCFA, Commission: 0 FCFA, Montant Net: 2563.1 FCFA, Nouveau Solde: 53497.04 FCFA."
USER_15,2026-03-04,16:55:44,OrangeMoney,transfert,OUT,6094.0,FCFA,47386.86,"Transfert de [USER_15_phone] [USER_15] vers [PHONE_0387] [CONTACT_F79B] reussi. ID transaction: PP260304.1655.A38052, Montant Transaction: 6094 FCFA, Frais: 16.18 FCFA, Commission: 0 FCFA, Montant Net: 6110.18 FCFA, Nouveau Solde: 47386.86 FCFA."
USER_15,2026-03-05,13:29:38,OrangeMoney,transfert,OUT,554.0,FCFA,45327.76,"Transfert de [USER_15_phone] [USER_15] vers [PHONE_2770] [CONTACT_67F9] reussi. ID transaction: PP260305.1329.B17257, Montant Transaction: 554 FCFA, Frais: 5.1 FCFA, Commission: 0 FCFA, Montant Net: 559.1 FCFA, Nouveau Solde: 45327.76 FCFA."
USER_15,2026-03-05,15:08:43,OrangeMoney,retrait,OUT,650.0,FCFA,44623.76,"Retrait d'argent reussi par le [PHONE_6147] avec le Code : 126080. Informations detaillees : Montant: 650 FCFA, Frais: 54 FCFA, No de transaction CO260305.1508.D33451, montant net debite 704 FCFA, Nouveau solde: 44623.76 FCFA."
USER_15,2026-03-05,18:52:42,OrangeMoney,rechargement,OUT,100.0,FCFA,44523.76,"Rechargement reussi. Montant de la transaction: 100 FCFA, ID transaction: RC260305.1852.B29982, Frais: 0 FCFA, Commission: 0 FCFA, Nouveau solde: 44523.76 FCFA"
USER_15,2026-03-05,22:05:14,OrangeMoney,transfert,OUT,554.0,FCFA,39564.66,"Transfert de [USER_15_phone] [USER_15] vers [PHONE_3802] [CONTACT_9F2E] reussi. ID transaction: PP260305.2205.C55516, Montant Transaction: 554 FCFA, Frais: 5.1 FCFA, Commission: 0 FCFA, Montant Net: 559.1 FCFA, Nouveau Solde: 39564.66 FCFA."
USER_15,2026-03-06,08:32:59,OrangeMoney,paiement,OUT,1554.0,FCFA,38010.66,"Vous venez d'effectuer un paiement chez [CONTACT_4949] d'un montant de 1554 FCFA.  Reference de la transaction: SM260306.0832.D21240, Frais: 0 FCFA, Montant net debite: 1554 FCFA. Nouveau Solde: 38010.66 FCFA. Orange Money vous remercie."
USER_15,2026-03-06,08:53:18,OrangeMoney,transfert,OUT,500.0,FCFA,37505.66,"Transfert de [USER_15_phone] [USER_15] vers [PHONE_9751] [CONTACT_47B0] reussi. ID transaction: PP260306.0853.A79854, Montant Transaction: 500 FCFA, Frais: 5 FCFA, Commission: 0 FCFA, Montant Net: 505 FCFA, Nouveau Solde: 37505.66 FCFA."
USER_15,2026-03-06,09:04:33,OrangeMoney,transfert,OUT,500.0,FCFA,37000.66,"Transfert de [USER_15_phone] [USER_15] vers [PHONE_9935] [CONTACT_F581] reussi. ID transaction: PP260306.0904.B83369, Montant Transaction: 500 FCFA, Frais: 5 FCFA, Commission: 0 FCFA, Montant Net: 505 FCFA, Nouveau Solde: 37000.66 FCFA."
USER_15,2026-03-06,18:45:16,OrangeMoney,rechargement,OUT,500.0,FCFA,36500.66,"Rechargement reussi. Montant de la transaction: 500 FCFA, ID transaction: RC260306.1845.C48050, Frais: 0 FCFA, Commission: 0 FCFA, Nouveau solde: 36500.66 FCFA"
USER_15,2026-03-06,20:02:46,OrangeMoney,transfert,OUT,3556.5,FCFA,32233.05,"Transfert de [USER_15_phone] [USER_15] vers [PHONE_6813] [CONTACT_F5BB] reussi. ID transaction: PP260306.2002.B70456, Montant Transaction: 3556.5 FCFA, Frais: 11.11 FCFA, Commission: 0 FCFA, Montant Net: 3567.61 FCFA, Nouveau Solde: 32233.05 FCFA."
USER_15,2026-03-07,08:01:34,OrangeMoney,transfert,OUT,15000.0,FCFA,17199.05,"Transfert de [USER_15_phone] [USER_15] vers [PHONE_9235] [USER_15] reussi. ID transaction: PP260307.0801.D40143, Montant Transaction: 15000 FCFA, Frais: 34 FCFA, Commission: 0 FCFA, Montant Net: 15034 FCFA, Nouveau Solde: 17199.05 FCFA."
USER_15,2026-03-07,14:22:46,OrangeMoney,transfert,OUT,1054.0,FCFA,16138.95,"Transfert de [USER_15_phone] [USER_15] vers [PHONE_9935] [CONTACT_F581] reussi. ID transaction: PP260307.1422.B06340, Montant Transaction: 1054 FCFA, Frais: 6.1 FCFA, Commission: 0 FCFA, Montant Net: 1060.1 FCFA, Nouveau Solde: 16138.95 FCFA."
USER_15,2026-03-07,16:04:40,OrangeMoney,rechargement,OUT,500.0,FCFA,15638.95,"Rechargement reussi. Montant de la transaction: 500 FCFA, ID transaction: RC260307.1604.B50871, Frais: 0 FCFA, Commission: 0 FCFA, Nouveau solde: 15638.95 FCFA"
USER_15,2026-03-10,06:50:50,OrangeMoney,rechargement,OUT,600.0,FCFA,14538.95,"Rechargement reussi. Montant de la transaction: 600 FCFA, ID transaction: RC260310.0650.C52972, Frais: 0 FCFA, Commission: 0 FCFA, Nouveau solde: 14538.95 FCFA"
USER_15,2026-03-10,09:32:32,OrangeMoney,paiement,OUT,854.0,FCFA,13684.95,"Vous venez d'effectuer un paiement chez [CONTACT_4949] d'un montant de 854 FCFA.  Reference de la transaction: SM260310.0932.C13502, Frais: 0 FCFA, Montant net debite: 854 FCFA. Nouveau Solde: 13684.95 FCFA. Orange Money vous remercie."
USER_15,2026-03-10,22:14:38,OrangeMoney,paiement,OUT,1154.0,FCFA,12530.95,"Vous venez d'effectuer un paiement chez [CONTACT_93D5] d'un montant de 1154 FCFA.  Reference de la transaction: SM260310.2214.D93017, Frais: 0 FCFA, Montant net debite: 1154 FCFA. Nouveau Solde: 12530.95 FCFA. Orange Money vous remercie."
USER_15,2026-03-11,13:17:11,OrangeMoney,rechargement,OUT,500.0,FCFA,12030.95,"Rechargement reussi. Montant de la transaction: 500 FCFA, ID transaction: RC260311.1317.D09030, Frais: 0 FCFA, Commission: 0 FCFA, Nouveau solde: 12030.95 FCFA"
USER_15,2026-03-11,17:37:11,OrangeMoney,transfert,OUT,2054.0,FCFA,9968.85,"Transfert de [USER_15_phone] [USER_15] vers [PHONE_4691] [CONTACT_4A6C] reussi. ID transaction: PP260311.1737.C79160, Montant Transaction: 2054 FCFA, Frais: 8.1 FCFA, Commission: 0 FCFA, Montant Net: 2062.1 FCFA, Nouveau Solde: 9968.85 FCFA."
USER_15,2026-03-12,18:22:09,OrangeMoney,rechargement,OUT,500.0,FCFA,7968.85,"Rechargement reussi. Montant de la transaction: 500 FCFA, ID transaction: RC260312.1821.D59539, Frais: 0 FCFA, Commission: 0 FCFA, Nouveau solde: 7968.85 FCFA"
USER_15,2026-03-13,15:10:37,OrangeMoney,rechargement,OUT,500.0,FCFA,7468.85,"Rechargement reussi. Montant de la transaction: 500 FCFA, ID transaction: RC260313.1510.C48406, Frais: 0 FCFA, Commission: 0 FCFA, Nouveau solde: 7468.85 FCFA"
USER_15,2026-03-13,18:53:22,OrangeMoney,transfert,OUT,900.0,FCFA,6563.05,"Transfert de [USER_15_phone] [USER_15] vers [PHONE_0056] Kengne Kamdoum reussi. ID transaction: PP260313.1853.A55321, Montant Transaction: 900 FCFA, Frais: 5.8 FCFA, Commission: 0 FCFA, Montant Net: 905.8 FCFA, Nouveau Solde: 6563.05 FCFA."
USER_15,2026-03-14,09:41:24,OrangeMoney,transfert,OUT,1150.0,FCFA,5406.75,"Transfert de [USER_15_phone] [USER_15] vers [PHONE_9235] [USER_15] reussi. ID transaction: PP260314.0941.C85139, Montant Transaction: 1150 FCFA, Frais: 6.3 FCFA, Commission: 0 FCFA, Montant Net: 1156.3 FCFA, Nouveau Solde: 5406.75 FCFA."
USER_15,2026-03-14,15:34:42,OrangeMoney,transfert,OUT,854.0,FCFA,4547.05,"Transfert de [USER_15_phone] [USER_15] vers [PHONE_1497] [CONTACT_1370] reussi. ID transaction: PP260314.1534.D19667, Montant Transaction: 854 FCFA, Frais: 5.7 FCFA, Commission: 0 FCFA, Montant Net: 859.7 FCFA, Nouveau Solde: 4547.05 FCFA."
USER_15,2026-03-14,20:14:49,OrangeMoney,rechargement,OUT,500.0,FCFA,4047.05,"Rechargement reussi. Montant de la transaction: 500 FCFA, ID transaction: RC260314.2014.A00935, Frais: 0 FCFA, Commission: 0 FCFA, Nouveau solde: 4047.05 FCFA"
USER_15,2026-03-15,21:29:20,OrangeMoney,rechargement,OUT,500.0,FCFA,3547.05,"Rechargement reussi. Montant de la transaction: 500 FCFA, ID transaction: RC260315.2129.D26213, Frais: 0 FCFA, Commission: 0 FCFA, Nouveau solde: 3547.05 FCFA"
USER_15,2026-03-16,15:06:58,OrangeMoney,paiement,OUT,604.0,FCFA,2943.05,"Vous venez d'effectuer un paiement chez [CONTACT_E5B8] d'un montant de 604 FCFA.  Reference de la transaction: SM260316.1506.D70438, Frais: 0 FCFA, Montant net debite: 604 FCFA. Nouveau Solde: 2943.05 FCFA. Orange Money vous remercie."
USER_15,2026-03-17,19:37:44,OrangeMoney,transfert,OUT,1150.0,FCFA,1786.75,"Transfert de [USER_15_phone] [USER_15] vers [PHONE_9235] [USER_15] reussi. ID transaction: PP260317.1937.B45254, Montant Transaction: 1150 FCFA, Frais: 6.3 FCFA, Commission: 0 FCFA, Montant Net: 1156.3 FCFA, Nouveau Solde: 1786.75 FCFA."
USER_15,2026-03-18,06:55:59,OrangeMoney,rechargement,OUT,100.0,FCFA,1686.75,"Rechargement reussi. Montant de la transaction: 100 FCFA, ID transaction: RC260318.0655.D74842, Frais: 0 FCFA, Commission: 0 FCFA, Nouveau solde: 1686.75 FCFA"
USER_15,2026-03-19,10:10:54,OrangeMoney,paiement,OUT,804.0,FCFA,882.75,"Vous venez d'effectuer un paiement chez [CONTACT_4949] d'un montant de 804 FCFA.  Reference de la transaction: SM260319.1010.A07355, Frais: 0 FCFA, Montant net debite: 804 FCFA. Nouveau Solde: 882.75 FCFA. Orange Money vous remercie."
USER_15,2026-03-19,22:10:35,OrangeMoney,transfert,OUT,500.0,FCFA,1382.75,"Transfert de [PHONE_5514] [CONTACT_D881] vers [USER_15_phone] [USER_15] reussi. Details: ID transaction: PP260319.2209.A73358, Montant Transaction: 500FCFA, Frais: 0 FCFA, Commission: 0 FCFA, Montant Net: 500 FCFA, Nouveau Solde: 1382.75 FCFA."
USER_15,2026-03-19,22:12:33,OrangeMoney,rechargement,OUT,500.0,FCFA,882.75,"Rechargement reussi. Montant de la transaction: 500 FCFA, ID transaction: RC260319.2212.D97426, Frais: 0 FCFA, Commission: 0 FCFA, Nouveau solde: 882.75 FCFA"
USER_15,2026-03-21,12:46:59,OrangeMoney,transfert,OUT,554.0,FCFA,323.65,"Transfert de [USER_15_phone] [USER_15] vers [PHONE_9751] [CONTACT_47B0] reussi. ID transaction: PP260321.1246.C60743, Montant Transaction: 554 FCFA, Frais: 5.1 FCFA, Commission: 0 FCFA, Montant Net: 559.1 FCFA, Nouveau Solde: 323.65 FCFA."
USER_15,2026-03-21,14:32:16,OrangeMoney,transfert,OUT,1000.0,FCFA,1323.65,"Transfert de [PHONE_5183] [CONTACT_ED92] vers [USER_15_phone] [USER_15] reussi. Details: ID transaction: PP260321.1431.D15795, Montant Transaction: 1000FCFA, Frais: 0 FCFA, Commission: 0 FCFA, Montant Net: 1000 FCFA, Nouveau Solde: 1323.65 FCFA."
USER_15,2026-03-21,16:26:11,OrangeMoney,transfert,OUT,2000.0,FCFA,3323.65,"Transfert de [PHONE_8240] [CONTACT_C518] vers [USER_15_phone] [USER_15] reussi. Details: ID transaction: PP260321.1626.C91208, Montant Transaction: 2000FCFA, Frais: 0 FCFA, Commission: 0 FCFA, Montant Net: 2000 FCFA, Nouveau Solde: 3323.65 FCFA."
USER_15,2026-03-21,18:35:24,OrangeMoney,depot,IN,1100.0,FCFA,4423.65,"Depot effectue par [PHONE_4241] [CONTACT_FD03] to [USER_15_phone] [USER_15]. Informations detaillees: Montant de transaction : 1100 FCFA, ID transaction : CI260321.1835.D05671, Frais : 0 FCFA, Commission : 0 FCFA, Montant Net du Credit : 1100 FCFA, Nouveau Solde : 4423.65 FCFA."
USER_15,2026-03-21,23:42:34,OrangeMoney,rechargement,OUT,550.0,FCFA,3873.65,"Rechargement reussi. Montant de la transaction: 550 FCFA, ID transaction: RC260321.2342.A60801, Frais: 0 FCFA, Commission: 0 FCFA, Nouveau solde: 3873.65 FCFA"
USER_15,2026-03-22,18:03:25,OrangeMoney,transfert,OUT,1354.0,FCFA,2512.95,"Transfert de [USER_15_phone] [USER_15] vers [PHONE_1497] [CONTACT_1370] reussi. ID transaction: PP260322.1803.B81061, Montant Transaction: 1354 FCFA, Frais: 6.7 FCFA, Commission: 0 FCFA, Montant Net: 1360.7 FCFA, Nouveau Solde: 2512.95 FCFA."
USER_15,2026-03-22,19:24:28,OrangeMoney,rechargement,OUT,500.0,FCFA,2012.95,"Rechargement reussi. Montant de la transaction: 500 FCFA, ID transaction: RC260322.1924.A53833, Frais: 0 FCFA, Commission: 0 FCFA, Nouveau solde: 2012.95 FCFA"
USER_15,2026-03-23,16:03:58,OrangeMoney,depot,IN,10200.0,FCFA,12212.95,"Depot effectue par [PHONE_0195] [CONTACT_1E2F] to [USER_15_phone] [USER_15]. Informations detaillees: Montant de transaction : 10200 FCFA, ID transaction : CI260323.1603.D97853, Frais : 0 FCFA, Commission : 0 FCFA, Montant Net du Credit : 10200 FCFA, Nouveau Solde : 12212.95 FCFA."
USER_15,2026-03-23,18:59:12,OrangeMoney,retrait,OUT,975.0,FCFA,11183.95,"Retrait d'argent reussi par le [PHONE_0647] avec le Code : 792842. Informations detaillees : Montant: 975 FCFA, Frais: 54 FCFA, No de transaction CO260323.1859.C55313, montant net debite 1029 FCFA, Nouveau solde: 11183.95 FCFA."
USER_15,2026-03-23,21:26:20,OrangeMoney,rechargement,OUT,500.0,FCFA,10683.95,"Rechargement reussi. Montant de la transaction: 500 FCFA, ID transaction: RC260323.2126.D88274, Frais: 0 FCFA, Commission: 0 FCFA, Nouveau solde: 10683.95 FCFA"
