UserId,Date,Time,Operator,Transaction_type,Direction,Amount,Currency,New_balance,Anonymized_Content
USER_7,2025-02-27,15:31:01,OrangeMoney,transfert,OUT,3054.0,FCFA,3057.16,"Transfert de [PHONE_8589] [CONTACT_EF48] vers [USER_7_phone] [USER_7] reussi. Details: ID transaction: PP250227.1530.C05717, Montant Transaction: 3054FCFA, Frais: 0 FCFA, Commission: 0 FCFA, Montant Net: 3054 FCFA, Nouveau Solde: 3057.16 FCFA."
USER_7,2025-02-27,21:18:43,OrangeMoney,rechargement,OUT,500.0,FCFA,2557.16,"Rechargement reussi. Montant de la transaction: 500 FCFA, ID transaction: RC250227.2118.D05895, Frais: 0 FCFA, Commission: 0 FCFA, Nouveau solde: 2557.16 FCFA"
USER_7,2025-02-28,16:26:24,OrangeMoney,transfert,OUT,1000.0,FCFA,1503.16,"Transfert de [USER_7_phone] [USER_7] vers [PHONE_2459] [CONTACT_5A5D] reussi. ID transaction: PP250228.1626.B61405, Montant Transaction: 1000 FCFA, Frais: 54 FCFA, Commission: 0 FCFA, Montant Net: 1054 FCFA, Nouveau Solde: 1503.16 FCFA."
USER_7,2025-02-28,17:55:22,OrangeMoney,rechargement,OUT,500.0,FCFA,1003.16,"Rechargement reussi. Montant de la transaction: 500 FCFA, ID transaction: RC250228.1755.C17443, Frais: 0 FCFA, Commission: 0 FCFA, Nouveau solde: 1003.16 FCFA"
USER_7,2025-02-28,19:03:01,OrangeMoney,rechargement,OUT,500.0,FCFA,503.16,"Rechargement reussi. Montant de la transaction: 500 FCFA, ID transaction: RC250228.1902.D30154, Frais: 0 FCFA, Commission: 0 FCFA, Nouveau solde: 503.16 FCFA"
USER_7,2025-03-01,11:15:35,OrangeMoney,rechargement,OUT,500.0,FCFA,3.16,"Rechargement reussi. Montant de la transaction: 500 FCFA, ID transaction: RC250301.1115.B14044, Frais: 0 FCFA, Commission: 0 FCFA, Nouveau solde: 3.16 FCFA"
USER_7,2025-03-05,14:15:10,OrangeMoney,transfert,IN,650.0,FCFA,653.16,"Vous avez recu avec succes 650 FCFA de [PHONE_4050]. Votre nouveau solde est de 653.16 FCFA, Reference de transaction: CI250305.1414.B05666 Orange Money vous remercie."
USER_7,2025-03-05,14:17:49,OrangeMoney,rechargement,OUT,500.0,FCFA,153.16,"Rechargement reussi. Montant de la transaction: 500 FCFA, ID transaction: RC250305.1417.B89836, Frais: 0 FCFA, Commission: 0 FCFA, Nouveau solde: 153.16 FCFA"
USER_7,2025-03-05,20:02:21,OrangeMoney,depot,IN,5000.0,FCFA,5153.16,"Depot effectue par [PHONE_5226] [CONTACT_7B9E] to [USER_7_phone] [USER_7]. Informations detaillees: Montant de transaction : 5000 FCFA, ID transaction : CI250305.2002.C75904, Frais : 0 FCFA, Commission : 0 FCFA, Montant Net du Credit : 5000 FCFA, Nouveau Solde : 5153.16 FCFA."
USER_7,2025-03-05,21:25:16,OrangeMoney,transfert,OUT,2554.0,FCFA,2545.16,"Transfert de [USER_7_phone] [USER_7] vers [PHONE_1582] [CONTACT_FDD0] reussi. ID transaction: PP250305.2125.A23600, Montant Transaction: 2554 FCFA, Frais: 54 FCFA, Commission: 0 FCFA, Montant Net: 2608 FCFA, Nouveau Solde: 2545.16 FCFA."
USER_7,2025-03-05,21:26:20,OrangeMoney,rechargement,OUT,500.0,FCFA,2045.16,"Rechargement reussi. Montant de la transaction: 500 FCFA, ID transaction: RC250305.2126.D53482, Frais: 0 FCFA, Commission: 0 FCFA, Nouveau solde: 2045.16 FCFA"
USER_7,2025-03-06,07:53:10,OrangeMoney,rechargement,OUT,500.0,FCFA,1545.16,"Rechargement reussi. Montant de la transaction: 500 FCFA, ID transaction: RC250306.0753.D80602, Frais: 0 FCFA, Commission: 0 FCFA, Nouveau solde: 1545.16 FCFA"
USER_7,2025-03-06,08:43:28,OrangeMoney,rechargement,OUT,500.0,FCFA,1045.16,"Rechargement reussi. Montant de la transaction: 500 FCFA, ID transaction: RC250306.0843.D87015, Frais: 0 FCFA, Commission: 0 FCFA, Nouveau solde: 1045.16 FCFA"
USER_7,2025-03-06,18:48:00,OrangeMoney,rechargement,OUT,500.0,FCFA,545.16,"Rechargement reussi. Montant de la transaction: 500 FCFA, ID transaction: RC250306.1847.C66550, Frais: 0 FCFA, Commission: 0 FCFA, Nouveau solde: 545.16 FCFA"
USER_7,2025-03-07,11:22:46,OrangeMoney,depot,IN,5000.0,FCFA,5545.16,"Depot effectue par [PHONE_3297] [CONTACT_3147] to [USER_7_phone] [USER_7]. Informations detaillees: Montant de transaction : 5000 FCFA, ID transaction : CI250307.1122.D38602, Frais : 0 FCFA, Commission : 0 FCFA, Montant Net du Credit : 5000 FCFA, Nouveau Solde : 5545.16 FCFA."
USER_7,2025-03-07,11:37:26,OrangeMoney,transfert,OUT,4064.0,FCFA,1427.16,"Transfert de [USER_7_phone] [USER_7] vers [PHONE_3654] [CONTACT_591C] reussi. ID transaction: PP250307.1137.D14119, Montant Transaction: 4064 FCFA, Frais: 54 FCFA, Commission: 0 FCFA, Montant Net: 4118 FCFA, Nouveau Solde: 1427.16 FCFA."
USER_7,2025-03-07,18:09:41,OrangeMoney,rechargement,OUT,500.0,FCFA,927.16,"Rechargement reussi. Montant de la transaction: 500 FCFA, ID transaction: RC250307.1809.C10921, Frais: 0 FCFA, Commission: 0 FCFA, Nouveau solde: 927.16 FCFA"
USER_7,2025-03-08,08:51:50,OrangeMoney,rechargement,OUT,500.0,FCFA,427.16,"Rechargement reussi. Montant de la transaction: 500 FCFA, ID transaction: RC250308.0851.D86959, Frais: 0 FCFA, Commission: 0 FCFA, Nouveau solde: 427.16 FCFA"
USER_7,2025-03-08,16:31:26,OrangeMoney,rechargement,OUT,400.0,FCFA,27.16,"Rechargement reussi. Montant de la transaction: 400 FCFA, ID transaction: RC250308.1631.C51857, Frais: 0 FCFA, Commission: 0 FCFA, Nouveau solde: 27.16 FCFA"
USER_7,2025-03-10,11:56:54,OrangeMoney,depot,IN,5000.0,FCFA,5027.16,"Depot effectue par [PHONE_7800] [CONTACT_5525] to [USER_7_phone] [USER_7]. Informations detaillees: Montant de transaction : 5000 FCFA, ID transaction : CI250310.1156.B67140, Frais : 0 FCFA, Commission : 0 FCFA, Montant Net du Credit : 5000 FCFA, Nouveau Solde : 5027.16 FCFA."
USER_7,2025-03-10,12:39:29,OrangeMoney,transfert,OUT,1554.0,FCFA,3419.16,"Transfert de [USER_7_phone] [USER_7] vers [PHONE_5048] [CONTACT_4917] reussi. ID transaction: PP250310.1239.C50173, Montant Transaction: 1554 FCFA, Frais: 54 FCFA, Commission: 0 FCFA, Montant Net: 1608 FCFA, Nouveau Solde: 3419.16 FCFA."
USER_7,2025-03-10,12:41:22,OrangeMoney,transfert,OUT,1554.0,FCFA,1811.16,"Transfert de [USER_7_phone] [USER_7] vers [PHONE_8589] [CONTACT_EF48] reussi. ID transaction: PP250310.1241.A52368, Montant Transaction: 1554 FCFA, Frais: 54 FCFA, Commission: 0 FCFA, Montant Net: 1608 FCFA, Nouveau Solde: 1811.16 FCFA."
USER_7,2025-03-10,12:42:38,OrangeMoney,rechargement,OUT,1000.0,FCFA,811.16,"Rechargement reussi. Montant de la transaction: 1000 FCFA, ID transaction: RC250310.1242.D27333, Frais: 0 FCFA, Commission: 0 FCFA, Nouveau solde: 811.16 FCFA"
USER_7,2025-03-13,15:23:53,OrangeMoney,transfert,OUT,1000.0,FCFA,1811.16,"Transfert de [PHONE_9456] [CONTACT_5305] vers [USER_7_phone] [USER_7] reussi. Details: ID transaction: PP250313.1523.B67325, Montant Transaction: 1000FCFA, Frais: 0 FCFA, Commission: 0 FCFA, Montant Net: 1000 FCFA, Nouveau Solde: 1811.16 FCFA."
USER_7,2025-03-13,18:51:03,OrangeMoney,rechargement,OUT,500.0,FCFA,1311.16,"Rechargement reussi. Montant de la transaction: 500 FCFA, ID transaction: RC250313.1846.C04042, Frais: 0 FCFA, Commission: 0 FCFA, Nouveau solde: 1311.16 FCFA"
USER_7,2025-03-14,09:26:02,OrangeMoney,rechargement,OUT,500.0,FCFA,811.16,"Rechargement reussi. Montant de la transaction: 500 FCFA, ID transaction: RC250314.0926.D76286, Frais: 0 FCFA, Commission: 0 FCFA, Nouveau solde: 811.16 FCFA"
USER_7,2025-03-15,18:38:48,OrangeMoney,transfert,OUT,2054.0,FCFA,2865.16,"Transfert de [PHONE_8526] [CONTACT_0044] vers [USER_7_phone] [USER_7] reussi. Details: ID transaction: PP250315.1838.A23840, Montant Transaction: 2054FCFA, Frais: 0 FCFA, Commission: 0 FCFA, Montant Net: 2054 FCFA, Nouveau Solde: 2865.16 FCFA."
USER_7,2025-03-16,09:56:44,OrangeMoney,rechargement,OUT,500.0,FCFA,2365.16,"Rechargement reussi. Montant de la transaction: 500 FCFA, ID transaction: RC250316.0956.A70324, Frais: 0 FCFA, Commission: 0 FCFA, Nouveau solde: 2365.16 FCFA"
USER_7,2025-03-16,11:33:37,OrangeMoney,rechargement,OUT,500.0,FCFA,1865.16,"Rechargement reussi. Montant de la transaction: 500 FCFA, ID transaction: RC250316.1133.D80972, Frais: 0 FCFA, Commission: 0 FCFA, Nouveau solde: 1865.16 FCFA"
USER_7,2025-03-16,19:47:02,OrangeMoney,rechargement,OUT,500.0,FCFA,1365.16,"Rechargement reussi. Montant de la transaction: 500 FCFA, ID transaction: RC250316.1946.B50644, Frais: 0 FCFA, Commission: 0 FCFA, Nouveau solde: 1365.16 FCFA"
USER_7,2025-03-17,01:10:27,OrangeMoney,rechargement,OUT,300.0,FCFA,1065.16,"Rechargement reussi. Montant de la transaction: 300 FCFA, ID transaction: RC250317.0110.B82434, Frais: 0 FCFA, Commission: 0 FCFA, Nouveau solde: 1065.16 FCFA"
USER_7,2025-03-17,10:06:45,OrangeMoney,rechargement,OUT,500.0,FCFA,565.16,"Rechargement reussi. Montant de la transaction: 500 FCFA, ID transaction: RC250317.1006.B14546, Frais: 0 FCFA, Commission: 0 FCFA, Nouveau solde: 565.16 FCFA"
USER_7,2025-03-17,12:54:00,OrangeMoney,rechargement,OUT,500.0,FCFA,65.16,"Rechargement reussi. Montant de la transaction: 500 FCFA, ID transaction: RC250317.1253.D35467, Frais: 0 FCFA, Commission: 0 FCFA, Nouveau solde: 65.16 FCFA"
USER_7,2025-03-25,18:05:06,OrangeMoney,transfert,OUT,5000.0,FCFA,5065.16,"Transfert de [PHONE_6700] [CONTACT_787E] vers [USER_7_phone] [USER_7] reussi. Details: ID transaction: PP250325.1805.D07404, Montant Transaction: 5000FCFA, Frais: 0 FCFA, Commission: 0 FCFA, Montant Net: 5000 FCFA, Nouveau Solde: 5065.16 FCFA."
USER_7,2025-03-26,20:27:48,OrangeMoney,depot,IN,7000.0,FCFA,7385.16,"Depot effectue par [PHONE_3420] [CONTACT_1BCD] to [USER_7_phone] [USER_7]. Informations detaillees: Montant de transaction : 7000 FCFA, ID transaction : CI250326.2027.A00413, Frais : 0 FCFA, Commission : 0 FCFA, Montant Net du Credit : 7000 FCFA, Nouveau Solde : 7385.16 FCFA."
USER_7,2025-03-26,21:10:20,OrangeMoney,transfert,OUT,5180.5,FCFA,2150.66,"Transfert de [USER_7_phone] [USER_7] vers [PHONE_3537] [CONTACT_20A7] reussi. ID transaction: PP250326.2110.B76100, Montant Transaction: 5180.5 FCFA, Frais: 54 FCFA, Commission: 0 FCFA, Montant Net: 5234.5 FCFA, Nouveau Solde: 2150.66 FCFA."
USER_7,2025-03-26,21:11:26,OrangeMoney,rechargement,OUT,500.0,FCFA,1650.66,"Rechargement reussi. Montant de la transaction: 500 FCFA, ID transaction: RC250326.2111.A77393, Frais: 0 FCFA, Commission: 0 FCFA, Nouveau solde: 1650.66 FCFA"
USER_7,2025-03-27,00:15:50,OrangeMoney,rechargement,OUT,300.0,FCFA,1350.66,"Rechargement reussi. Montant de la transaction: 300 FCFA, ID transaction: RC250327.0015.C91916, Frais: 0 FCFA, Commission: 0 FCFA, Nouveau solde: 1350.66 FCFA"
USER_7,2025-03-27,00:17:09,OrangeMoney,transfert,OUT,300.0,FCFA,996.66,"Transfert de [USER_7_phone] [USER_7] vers [PHONE_2459] [CONTACT_5A5D] reussi. ID transaction: PP250327.0017.B24132, Montant Transaction: 300 FCFA, Frais: 54 FCFA, Commission: 0 FCFA, Montant Net: 354 FCFA, Nouveau Solde: 996.66 FCFA."
USER_7,2025-03-27,00:42:53,OrangeMoney,rechargement,OUT,200.0,FCFA,796.66,"Rechargement reussi. Montant de la transaction: 200 FCFA, ID transaction: RC250327.0042.A93079, Frais: 0 FCFA, Commission: 0 FCFA, Nouveau solde: 796.66 FCFA"
USER_7,2025-03-27,08:01:41,OrangeMoney,rechargement,OUT,500.0,FCFA,296.66,"Rechargement reussi. Montant de la transaction: 500 FCFA, ID transaction: RC250327.0801.B10245, Frais: 0 FCFA, Commission: 0 FCFA, Nouveau solde: 296.66 FCFA"
USER_7,2025-03-29,13:41:28,OrangeMoney,rechargement,OUT,100.0,FCFA,196.66,"Rechargement reussi. Montant de la transaction: 100 FCFA, ID transaction: RC250329.1341.B46647, Frais: 0 FCFA, Commission: 0 FCFA, Nouveau solde: 196.66 FCFA"
USER_7,2025-03-29,20:18:14,OrangeMoney,depot,IN,2000.0,FCFA,2196.66,"Depot effectue par [PHONE_7954] Charlie judith djapou to [USER_7_phone] [USER_7]. Informations detaillees: Montant de transaction : 2000 FCFA, ID transaction : CI250329.2018.B86740, Frais : 0 FCFA, Commission : 0 FCFA, Montant Net du Credit : 2000 FCFA, Nouveau Solde : 2196.66 FCFA."
USER_7,2025-03-29,23:33:06,OrangeMoney,rechargement,OUT,500.0,FCFA,1696.66,"Rechargement reussi. Montant de la transaction: 500 FCFA, ID transaction: RC250329.2333.C28253, Frais: 0 FCFA, Commission: 0 FCFA, Nouveau solde: 1696.66 FCFA"
USER_7,2025-03-30,10:05:05,OrangeMoney,rechargement,OUT,500.0,FCFA,1196.66,"Rechargement reussi. Montant de la transaction: 500 FCFA, ID transaction: RC250330.1005.B64987, Frais: 0 FCFA, Commission: 0 FCFA, Nouveau solde: 1196.66 FCFA"
USER_7,2025-03-30,12:08:05,OrangeMoney,depot,IN,10150.0,FCFA,10831.66,"Depot effectue par [PHONE_7947] [CONTACT_0829] to [USER_7_phone] [USER_7]. Informations detaillees: Montant de transaction : 10150 FCFA, ID transaction : CI250330.1208.C51947, Frais : 0 FCFA, Commission : 0 FCFA, Montant Net du Credit : 10150 FCFA, Nouveau Solde : 10831.66 FCFA."
USER_7,2025-03-30,22:38:16,OrangeMoney,rechargement,OUT,500.0,FCFA,4174.66,"Rechargement reussi. Montant de la transaction: 500 FCFA, ID transaction: RC250330.2238.C72543, Frais: 0 FCFA, Commission: 0 FCFA, Nouveau solde: 4174.66 FCFA"
USER_7,2025-03-30,22:47:12,OrangeMoney,transfert,OUT,1000.0,FCFA,3120.66,"Transfert de [USER_7_phone] [USER_7] vers [PHONE_8589] [CONTACT_EF48] reussi. ID transaction: PP250330.2247.D68026, Montant Transaction: 1000 FCFA, Frais: 54 FCFA, Commission: 0 FCFA, Montant Net: 1054 FCFA, Nouveau Solde: 3120.66 FCFA."
USER_7,2025-03-31,08:38:41,OrangeMoney,transfert,OUT,2000.0,FCFA,1066.66,"Transfert de [USER_7_phone] [USER_7] vers [PHONE_6562] Kelly selle reussi. ID transaction: PP250331.0838.C46520, Montant Transaction: 2000 FCFA, Frais: 54 FCFA, Commission: 0 FCFA, Montant Net: 2054 FCFA, Nouveau Solde: 1066.66 FCFA."
USER_7,2025-03-31,09:34:14,OrangeMoney,rechargement,OUT,500.0,FCFA,566.66,"Rechargement reussi. Montant de la transaction: 500 FCFA, ID transaction: RC250331.0934.C10595, Frais: 0 FCFA, Commission: 0 FCFA, Nouveau solde: 566.66 FCFA"
USER_7,2025-03-31,12:01:58,OrangeMoney,transfert,OUT,10100.0,FCFA,10666.66,"Transfert de [PHONE_2459] [CONTACT_5A5D] vers [USER_7_phone] [USER_7] reussi. Details: ID transaction: PP250331.1201.B60769, Montant Transaction: 10100FCFA, Frais: 0 FCFA, Commission: 0 FCFA, Montant Net: 10100 FCFA, Nouveau Solde: 10666.66 FCFA."
USER_7,2025-03-31,12:20:39,OrangeMoney,depot,IN,10150.0,FCFA,20816.66,"Depot effectue par [PHONE_9959] [CONTACT_D3F6] to [USER_7_phone] [USER_7]. Informations detaillees: Montant de transaction : 10150 FCFA, ID transaction : CI250331.1220.D21579, Frais : 0 FCFA, Commission : 0 FCFA, Montant Net du Credit : 10150 FCFA, Nouveau Solde : 20816.66 FCFA."
USER_7,2025-04-01,03:22:23,OrangeMoney,rechargement,OUT,500.0,FCFA,20316.66,"Rechargement reussi. Montant de la transaction: 500 FCFA, ID transaction: RC250401.0322.B42987, Frais: 0 FCFA, Commission: 0 FCFA, Nouveau solde: 20316.66 FCFA"
USER_7,2025-04-01,10:49:27,OrangeMoney,transfert,OUT,10154.0,FCFA,10107.89,"Transfert de [USER_7_phone] [USER_7] vers [PHONE_3754] [CONTACT_317F] reussi. ID transaction: PP250401.1049.C13161, Montant Transaction: 10154 FCFA, Frais: 54.77 FCFA, Commission: 0 FCFA, Montant Net: 10208.77 FCFA, Nouveau Solde: 10107.89 FCFA."
USER_7,2025-04-02,10:21:50,OrangeMoney,retrait,OUT,9950.0,FCFA,4.64,"Retrait d'argent reussi par le [PHONE_3297] avec le Code : 872355. Informations detaillees : Montant: 9950 FCFA, Frais: 153.25 FCFA, No de transaction CO250402.1020.A07325, montant net debite 10103.25 FCFA, Nouveau solde: 4.64 FCFA."
USER_7,2025-04-05,15:53:34,OrangeMoney,transfert,OUT,5000.0,FCFA,5004.64,"Transfert de [PHONE_9343] [CONTACT_4D53] vers [USER_7_phone] [USER_7] reussi. Details: ID transaction: PP250405.1553.C99788, Montant Transaction: 5000FCFA, Frais: 0 FCFA, Commission: 0 FCFA, Montant Net: 5000 FCFA, Nouveau Solde: 5004.64 FCFA."
USER_7,2025-04-05,16:04:27,OrangeMoney,transfert,OUT,2054.0,FCFA,2896.64,"Transfert de [USER_7_phone] [USER_7] vers [PHONE_9343] [CONTACT_4D53] reussi. ID transaction: PP250405.1604.A14102, Montant Transaction: 2054 FCFA, Frais: 54 FCFA, Commission: 0 FCFA, Montant Net: 2108 FCFA, Nouveau Solde: 2896.64 FCFA."
USER_7,2025-04-06,16:00:43,OrangeMoney,rechargement,OUT,500.0,FCFA,1132.64,"Rechargement reussi. Montant de la transaction: 500 FCFA, ID transaction: RC250406.1600.D12706, Frais: 0 FCFA, Commission: 0 FCFA, Nouveau solde: 1132.64 FCFA"
USER_7,2025-04-06,21:22:17,OrangeMoney,rechargement,OUT,500.0,FCFA,1892.64,"Rechargement reussi. Montant de la transaction: 500 FCFA, ID transaction: RC250406.2122.C65958, Frais: 0 FCFA, Commission: 0 FCFA, Nouveau solde: 1892.64 FCFA"
USER_7,2025-04-07,13:01:57,OrangeMoney,transfert,OUT,7500.0,FCFA,9392.64,"Transfert de [PHONE_2671] [CONTACT_D10E] vers [USER_7_phone] [USER_7] reussi. Details: ID transaction: PP250407.1301.A00291, Montant Transaction: 7500FCFA, Frais: 0 FCFA, Commission: 0 FCFA, Montant Net: 7500 FCFA, Nouveau Solde: 9392.64 FCFA."
USER_7,2025-04-08,08:41:00,OrangeMoney,transfert,OUT,10154.0,FCFA,19332.64,"Transfert de [PHONE_3754] [CONTACT_317F] vers [USER_7_phone] [USER_7] reussi. Details: ID transaction: PP250408.0840.C88356, Montant Transaction: 10154FCFA, Frais: 0 FCFA, Commission: 0 FCFA, Montant Net: 10154 FCFA, Nouveau Solde: 19332.64 FCFA."
USER_7,2025-04-08,10:34:25,OrangeMoney,rechargement,OUT,500.0,FCFA,18832.64,"Rechargement reussi. Montant de la transaction: 500 FCFA, ID transaction: RC250408.1034.C60160, Frais: 0 FCFA, Commission: 0 FCFA, Nouveau solde: 18832.64 FCFA"
USER_7,2025-04-09,11:37:32,OrangeMoney,transfert,OUT,14214.0,FCFA,33046.64,"Transfert de [PHONE_6518] [CONTACT_2A64] vers [USER_7_phone] [USER_7] reussi. Details: ID transaction: PP250409.1137.A34304, Montant Transaction: 14214FCFA, Frais: 0 FCFA, Commission: 0 FCFA, Montant Net: 14214 FCFA, Nouveau Solde: 33046.64 FCFA."
USER_7,2025-04-09,14:30:06,OrangeMoney,transfert,OUT,1054.0,FCFA,31938.64,"Transfert de [USER_7_phone] [USER_7] vers [PHONE_6562] Kelly selle reussi. ID transaction: PP250409.1430.B33421, Montant Transaction: 1054 FCFA, Frais: 54 FCFA, Commission: 0 FCFA, Montant Net: 1108 FCFA, Nouveau Solde: 31938.64 FCFA."
USER_7,2025-04-10,10:42:10,OrangeMoney,transfert,OUT,8000.0,FCFA,37938.64,"Transfert de [PHONE_6518] [CONTACT_2A64] vers [USER_7_phone] [USER_7] reussi. Details: ID transaction: PP250410.1042.A39050, Montant Transaction: 8000FCFA, Frais: 0 FCFA, Commission: 0 FCFA, Montant Net: 8000 FCFA, Nouveau Solde: 37938.64 FCFA."
USER_7,2025-04-10,12:32:55,OrangeMoney,transfert,OUT,4064.0,FCFA,42002.64,"Transfert de [PHONE_9151] [CONTACT_C994] vers [USER_7_phone] [USER_7] reussi. Details: ID transaction: PP250410.1232.C94655, Montant Transaction: 4064FCFA, Frais: 0 FCFA, Commission: 0 FCFA, Montant Net: 4064 FCFA, Nouveau Solde: 42002.64 FCFA."
USER_7,2025-04-11,06:08:23,OrangeMoney,transfert,OUT,11169.0,FCFA,30773.8,"Transfert de [USER_7_phone] [USER_7] vers [PHONE_7845] [CONTACT_8117] reussi. ID transaction: PP250411.0608.B59744, Montant Transaction: 11169 FCFA, Frais: 59.84 FCFA, Commission: 0 FCFA, Montant Net: 11228.84 FCFA, Nouveau Solde: 30773.8 FCFA."
USER_7,2025-04-11,13:14:02,OrangeMoney,transfert,OUT,5079.0,FCFA,25640.8,"Transfert de [USER_7_phone] [USER_7] vers [PHONE_5430] [CONTACT_F4A9] reussi. ID transaction: PP250411.1314.D70792, Montant Transaction: 5079 FCFA, Frais: 54 FCFA, Commission: 0 FCFA, Montant Net: 5133 FCFA, Nouveau Solde: 25640.8 FCFA."
USER_7,2025-04-11,14:18:24,OrangeMoney,transfert,OUT,4064.0,FCFA,29704.8,"Transfert de [PHONE_9151] [CONTACT_C994] vers [USER_7_phone] [USER_7] reussi. Details: ID transaction: PP250411.1417.B12364, Montant Transaction: 4064FCFA, Frais: 0 FCFA, Commission: 0 FCFA, Montant Net: 4064 FCFA, Nouveau Solde: 29704.8 FCFA."
USER_7,2025-04-11,16:01:15,OrangeMoney,transfert,OUT,4000.0,FCFA,33704.8,"Transfert de [PHONE_8178] [CONTACT_33B0] vers [USER_7_phone] [USER_7] reussi. Details: ID transaction: PP250411.1601.A83224, Montant Transaction: 4000FCFA, Frais: 0 FCFA, Commission: 0 FCFA, Montant Net: 4000 FCFA, Nouveau Solde: 33704.8 FCFA."
USER_7,2025-04-11,16:55:26,OrangeMoney,transfert,OUT,4100.0,FCFA,37804.8,"Transfert de [PHONE_0532] [CONTACT_4551] vers [USER_7_phone] [USER_7] reussi. Details: ID transaction: PP250411.1655.B16790, Montant Transaction: 4100FCFA, Frais: 0 FCFA, Commission: 0 FCFA, Montant Net: 4100 FCFA, Nouveau Solde: 37804.8 FCFA."
USER_7,2025-04-11,18:47:19,OrangeMoney,transfert,OUT,1054.0,FCFA,36696.8,"Transfert de [USER_7_phone] [USER_7] vers [PHONE_3816] [CONTACT_4433] reussi. ID transaction: PP250411.1817.C65549, Montant Transaction: 1054 FCFA, Frais: 54 FCFA, Commission: 0 FCFA, Montant Net: 1108 FCFA, Nouveau Solde: 36696.8 FCFA."
USER_7,2025-04-11,19:15:39,OrangeMoney,transfert,OUT,5079.0,FCFA,31563.8,"Transfert de [USER_7_phone] [USER_7] vers [PHONE_2198] [CONTACT_DFEC] reussi. ID transaction: PP250411.1915.D05679, Montant Transaction: 5079 FCFA, Frais: 54 FCFA, Commission: 0 FCFA, Montant Net: 5133 FCFA, Nouveau Solde: 31563.8 FCFA."
USER_7,2025-04-11,21:04:35,OrangeMoney,transfert,OUT,1600.0,FCFA,33163.8,"Transfert de [PHONE_8359] [CONTACT_7350] vers [USER_7_phone] [USER_7] reussi. Details: ID transaction: PP250411.2104.B71463, Montant Transaction: 1600FCFA, Frais: 0 FCFA, Commission: 0 FCFA, Montant Net: 1600 FCFA, Nouveau Solde: 33163.8 FCFA."
USER_7,2025-04-11,22:42:17,OrangeMoney,transfert,OUT,4064.0,FCFA,37227.8,"Transfert de [PHONE_1186] [CONTACT_F03A] vers [USER_7_phone] [USER_7] reussi. Details: ID transaction: PP250411.2242.B05297, Montant Transaction: 4064FCFA, Frais: 0 FCFA, Commission: 0 FCFA, Montant Net: 4064 FCFA, Nouveau Solde: 37227.8 FCFA."
USER_7,2025-04-12,06:24:39,OrangeMoney,transfert,OUT,2050.0,FCFA,39277.8,"Transfert de [PHONE_4158] [CONTACT_915B] vers [USER_7_phone] [USER_7] reussi. Details: ID transaction: PP250412.0624.C32509, Montant Transaction: 2050FCFA, Frais: 0 FCFA, Commission: 0 FCFA, Montant Net: 2050 FCFA, Nouveau Solde: 39277.8 FCFA."
USER_7,2025-04-12,09:12:22,OrangeMoney,transfert,OUT,4064.0,FCFA,43341.8,"Transfert de [PHONE_5018] [CONTACT_0F67] vers [USER_7_phone] [USER_7] reussi. Details: ID transaction: PP250412.0912.C96112, Montant Transaction: 4064FCFA, Frais: 0 FCFA, Commission: 0 FCFA, Montant Net: 4064 FCFA, Nouveau Solde: 43341.8 FCFA."
USER_7,2025-04-12,09:51:05,OrangeMoney,transfert,OUT,2050.0,FCFA,45391.8,"Transfert de [PHONE_7883] Dang vers [USER_7_phone] [USER_7] reussi. Details: ID transaction: PP250412.0951.D19248, Montant Transaction: 2050FCFA, Frais: 0 FCFA, Commission: 0 FCFA, Montant Net: 2050 FCFA, Nouveau Solde: 45391.8 FCFA."
USER_7,2025-04-12,10:20:43,OrangeMoney,retrait,OUT,35000.0,FCFA,9862.8,"Retrait d'argent reussi par le [PHONE_7004] avec le Code : 117831. Informations detaillees : Montant: 35000 FCFA, Frais: 529 FCFA, No de transaction CO250412.1020.A13562, montant net debite 35529 FCFA, Nouveau solde: 9862.8 FCFA."
USER_7,2025-04-12,11:59:54,OrangeMoney,transfert,OUT,8000.0,FCFA,17862.8,"Transfert de [PHONE_8324] [CONTACT_BB58] vers [USER_7_phone] [USER_7] reussi. Details: ID transaction: PP250412.1159.A02682, Montant Transaction: 8000FCFA, Frais: 0 FCFA, Commission: 0 FCFA, Montant Net: 8000 FCFA, Nouveau Solde: 17862.8 FCFA."
USER_7,2025-04-12,12:27:59,OrangeMoney,rechargement,OUT,1000.0,FCFA,16862.8,"Rechargement reussi. Montant de la transaction: 1000 FCFA, ID transaction: RC250412.1227.C42555, Frais: 0 FCFA, Commission: 0 FCFA, Nouveau solde: 16862.8 FCFA"
USER_7,2025-04-12,12:30:54,OrangeMoney,transfert,OUT,6094.0,FCFA,10714.8,"Transfert de [USER_7_phone] [USER_7] vers [PHONE_7845] [CONTACT_8117] reussi. ID transaction: PP250412.1230.C12375, Montant Transaction: 6094 FCFA, Frais: 54 FCFA, Commission: 0 FCFA, Montant Net: 6148 FCFA, Nouveau Solde: 10714.8 FCFA."
USER_7,2025-04-12,16:03:31,OrangeMoney,retrait,OUT,7750.0,FCFA,2844.55,"Retrait d'argent reussi par le [PHONE_7975] avec le Code : 337486. Informations detaillees : Montant: 7750 FCFA, Frais: 120.25 FCFA, No de transaction CO250412.1603.D11500, montant net debite 7870.25 FCFA, Nouveau solde: 2844.55 FCFA."
USER_7,2025-04-12,17:29:26,OrangeMoney,depot,IN,5000.0,FCFA,7844.55,"Depot effectue par [PHONE_6107] [CONTACT_4F50] to [USER_7_phone] [USER_7]. Informations detaillees: Montant de transaction : 5000 FCFA, ID transaction : CI250412.1729.D84898, Frais : 0 FCFA, Commission : 0 FCFA, Montant Net du Credit : 5000 FCFA, Nouveau Solde : 7844.55 FCFA."
USER_7,2025-04-12,17:37:24,OrangeMoney,transfert,OUT,5180.5,FCFA,2610.05,"Transfert de [USER_7_phone] [USER_7] vers [PHONE_4541] [CONTACT_8116] reussi. ID transaction: PP250412.1737.C98909, Montant Transaction: 5180.5 FCFA, Frais: 54 FCFA, Commission: 0 FCFA, Montant Net: 5234.5 FCFA, Nouveau Solde: 2610.05 FCFA."
USER_7,2025-04-12,20:45:25,OrangeMoney,transfert,OUT,2554.0,FCFA,2.05,"Transfert de [USER_7_phone] [USER_7] vers [PHONE_6518] [CONTACT_2A64] reussi. ID transaction: PP250412.2045.C09035, Montant Transaction: 2554 FCFA, Frais: 54 FCFA, Commission: 0 FCFA, Montant Net: 2608 FCFA, Nouveau Solde: 2.05 FCFA."
USER_7,2025-04-12,23:30:48,OrangeMoney,transfert,OUT,2500.0,FCFA,2502.05,"Transfert de [PHONE_6518] [CONTACT_2A64] vers [USER_7_phone] [USER_7] reussi. Details: ID transaction: PP250412.2330.D66656, Montant Transaction: 2500FCFA, Frais: 0 FCFA, Commission: 0 FCFA, Montant Net: 2500 FCFA, Nouveau Solde: 2502.05 FCFA."
USER_7,2025-04-13,08:13:08,OrangeMoney,rechargement,OUT,500.0,FCFA,2002.05,"Rechargement reussi. Montant de la transaction: 500 FCFA, ID transaction: RC250413.0813.A50750, Frais: 0 FCFA, Commission: 0 FCFA, Nouveau solde: 2002.05 FCFA"
USER_7,2025-04-13,21:13:53,OrangeMoney,transfert,OUT,1000.0,FCFA,948.05,"Transfert de [USER_7_phone] [USER_7] vers [PHONE_8194] [CONTACT_FF9C] reussi. ID transaction: PP250413.2113.A61367, Montant Transaction: 1000 FCFA, Frais: 54 FCFA, Commission: 0 FCFA, Montant Net: 1054 FCFA, Nouveau Solde: 948.05 FCFA."
USER_7,2025-04-14,03:17:01,OrangeMoney,rechargement,OUT,500.0,FCFA,448.05,"Rechargement reussi. Montant de la transaction: 500 FCFA, ID transaction: RC250414.0316.B79460, Frais: 0 FCFA, Commission: 0 FCFA, Nouveau solde: 448.05 FCFA"
USER_7,2025-04-19,06:06:13,OrangeMoney,rechargement,OUT,300.0,FCFA,148.05,"Rechargement reussi. Montant de la transaction: 300 FCFA, ID transaction: RC250419.0606.A72756, Frais: 0 FCFA, Commission: 0 FCFA, Nouveau solde: 148.05 FCFA"
USER_7,2025-04-20,15:59:13,OrangeMoney,depot,IN,20500.0,FCFA,20648.05,"Depot effectue par [PHONE_1454] [CONTACT_9FFB] FOKA to [USER_7_phone] [USER_7]. Informations detaillees: Montant de transaction : 20500 FCFA, ID transaction : CI250420.1559.D96203, Frais : 0 FCFA, Commission : 0 FCFA, Montant Net du Credit : 20500 FCFA, Nouveau Solde : 20648.05 FCFA."
USER_7,2025-04-20,19:03:22,OrangeMoney,transfert,OUT,20000.0,FCFA,544.05,"Transfert de [USER_7_phone] [USER_7] vers [PHONE_1116] [CONTACT_A176] reussi. ID transaction: PP250420.1903.D43242, Montant Transaction: 20000 FCFA, Frais: 104 FCFA, Commission: 0 FCFA, Montant Net: 20104 FCFA, Nouveau Solde: 544.05 FCFA."
USER_7,2025-04-21,14:32:30,OrangeMoney,depot,IN,3000.0,FCFA,3544.05,"Depot effectue par [PHONE_1919] [CONTACT_B958] to [USER_7_phone] [USER_7]. Informations detaillees: Montant de transaction : 3000 FCFA, ID transaction : CI250421.1432.A04789, Frais : 0 FCFA, Commission : 0 FCFA, Montant Net du Credit : 3000 FCFA, Nouveau Solde : 3544.05 FCFA."
USER_7,2025-04-21,14:34:14,OrangeMoney,transfert,OUT,1054.0,FCFA,2436.05,"Transfert de [USER_7_phone] [USER_7] vers [PHONE_2320] [CONTACT_1EAC] reussi. ID transaction: PP250421.1434.A02452, Montant Transaction: 1054 FCFA, Frais: 54 FCFA, Commission: 0 FCFA, Montant Net: 1108 FCFA, Nouveau Solde: 2436.05 FCFA."
USER_7,2025-04-21,15:04:29,OrangeMoney,transfert,OUT,1600.0,FCFA,782.05,"Transfert de [USER_7_phone] [USER_7] vers [PHONE_5048] [CONTACT_4917] reussi. ID transaction: PP250421.1504.B14402, Montant Transaction: 1600 FCFA, Frais: 54 FCFA, Commission: 0 FCFA, Montant Net: 1654 FCFA, Nouveau Solde: 782.05 FCFA."
USER_7,2025-04-22,08:51:29,OrangeMoney,rechargement,OUT,300.0,FCFA,482.05,"Rechargement reussi. Montant de la transaction: 300 FCFA, ID transaction: RC250422.0851.B05697, Frais: 0 FCFA, Commission: 0 FCFA, Nouveau solde: 482.05 FCFA"
USER_7,2025-04-25,16:58:46,OrangeMoney,rechargement,OUT,400.0,FCFA,82.05,"Rechargement reussi. Montant de la transaction: 400 FCFA, ID transaction: RC250425.1658.B71486, Frais: 0 FCFA, Commission: 0 FCFA, Nouveau solde: 82.05 FCFA"
USER_7,2025-04-25,19:12:44,OrangeMoney,depot,IN,31000.0,FCFA,31082.05,"Depot effectue par [PHONE_7800] [CONTACT_5525] to [USER_7_phone] [USER_7]. Informations detaillees: Montant de transaction : 31000 FCFA, ID transaction : CI250425.1912.A76185, Frais : 0 FCFA, Commission : 0 FCFA, Montant Net du Credit : 31000 FCFA, Nouveau Solde : 31082.05 FCFA."
USER_7,2025-04-25,20:10:16,OrangeMoney,transfert,OUT,10154.0,FCFA,20873.28,"Transfert de [USER_7_phone] [USER_7] vers [PHONE_4541] [CONTACT_8116] reussi. ID transaction: PP250425.2010.C50590, Montant Transaction: 10154 FCFA, Frais: 54.77 FCFA, Commission: 0 FCFA, Montant Net: 10208.77 FCFA, Nouveau Solde: 20873.28 FCFA."
USER_7,2025-04-25,22:48:01,OrangeMoney,rechargement,OUT,500.0,FCFA,20373.28,"Rechargement reussi. Montant de la transaction: 500 FCFA, ID transaction: RC250425.2247.A20095, Frais: 0 FCFA, Commission: 0 FCFA, Nouveau solde: 20373.28 FCFA"
USER_7,2025-04-26,18:13:35,OrangeMoney,transfert,OUT,10154.0,FCFA,10164.51,"Transfert de [USER_7_phone] [USER_7] vers [PHONE_0484] [CONTACT_257E] reussi. ID transaction: PP250426.1813.B64823, Montant Transaction: 10154 FCFA, Frais: 54.77 FCFA, Commission: 0 FCFA, Montant Net: 10208.77 FCFA, Nouveau Solde: 10164.51 FCFA."
USER_7,2025-04-26,21:21:23,OrangeMoney,transfert,OUT,1054.0,FCFA,11218.51,"Transfert de [PHONE_2320] [CONTACT_1EAC] vers [USER_7_phone] [USER_7] reussi. Details: ID transaction: PP250426.2121.D79141, Montant Transaction: 1054FCFA, Frais: 0 FCFA, Commission: 0 FCFA, Montant Net: 1054 FCFA, Nouveau Solde: 11218.51 FCFA."
USER_7,2025-04-27,13:38:59,OrangeMoney,rechargement,OUT,500.0,FCFA,10718.51,"Rechargement reussi. Montant de la transaction: 500 FCFA, ID transaction: RC250427.1338.D12380, Frais: 0 FCFA, Commission: 0 FCFA, Nouveau solde: 10718.51 FCFA"
USER_7,2025-04-28,11:12:12,OrangeMoney,transfert,OUT,2554.0,FCFA,5110.51,"Transfert de [USER_7_phone] [USER_7] vers [PHONE_3553] [CONTACT_971F] reussi. ID transaction: PP250428.1112.A15741, Montant Transaction: 2554 FCFA, Frais: 54 FCFA, Commission: 0 FCFA, Montant Net: 2608 FCFA, Nouveau Solde: 5110.51 FCFA."
USER_7,2025-04-28,15:58:18,OrangeMoney,transfert,OUT,600.0,FCFA,4456.51,"Transfert de [USER_7_phone] [USER_7] vers [PHONE_2459] [CONTACT_5A5D] reussi. ID transaction: PP250428.1558.B81997, Montant Transaction: 600 FCFA, Frais: 54 FCFA, Commission: 0 FCFA, Montant Net: 654 FCFA, Nouveau Solde: 4456.51 FCFA."
USER_7,2025-04-29,11:52:14,OrangeMoney,rechargement,OUT,1000.0,FCFA,3456.51,"Rechargement reussi. Montant de la transaction: 1000 FCFA, ID transaction: RC250429.1152.D69215, Frais: 0 FCFA, Commission: 0 FCFA, Nouveau solde: 3456.51 FCFA"
USER_7,2025-04-29,21:05:48,OrangeMoney,retrait,OUT,2000.0,FCFA,1402.51,"Retrait d'argent reussi par le [PHONE_2763] avec le Code : 291202. Informations detaillees : Montant: 2000 FCFA, Frais: 54 FCFA, No de transaction CO250429.2105.C94229, montant net debite 2054 FCFA, Nouveau solde: 1402.51 FCFA."
USER_7,2025-04-29,21:48:18,OrangeMoney,rechargement,OUT,500.0,FCFA,902.51,"Rechargement reussi. Montant de la transaction: 500 FCFA, ID transaction: RC250429.2148.C54513, Frais: 0 FCFA, Commission: 0 FCFA, Nouveau solde: 902.51 FCFA"
USER_7,2025-04-30,08:13:19,OrangeMoney,rechargement,OUT,500.0,FCFA,402.51,"Rechargement reussi. Montant de la transaction: 500 FCFA, ID transaction: RC250430.0813.C80527, Frais: 0 FCFA, Commission: 0 FCFA, Nouveau solde: 402.51 FCFA"
USER_7,2025-05-02,16:41:14,OrangeMoney,transfert,OUT,2800.0,FCFA,3202.51,"Transfert de [PHONE_9343] [CONTACT_4D53] vers [USER_7_phone] [USER_7] reussi. Details: ID transaction: PP250502.1641.C56577, Montant Transaction: 2800FCFA, Frais: 0 FCFA, Commission: 0 FCFA, Montant Net: 2800 FCFA, Nouveau Solde: 3202.51 FCFA."
USER_7,2025-05-02,17:03:13,OrangeMoney,rechargement,OUT,500.0,FCFA,2702.51,"Rechargement reussi. Montant de la transaction: 500 FCFA, ID transaction: RC250502.1703.B14681, Frais: 0 FCFA, Commission: 0 FCFA, Nouveau solde: 2702.51 FCFA"
USER_7,2025-05-03,01:32:21,OrangeMoney,rechargement,OUT,500.0,FCFA,2202.51,"Rechargement reussi. Montant de la transaction: 500 FCFA, ID transaction: RC250503.0132.A55544, Frais: 0 FCFA, Commission: 0 FCFA, Nouveau solde: 2202.51 FCFA"
USER_7,2025-05-03,07:58:35,OrangeMoney,rechargement,OUT,200.0,FCFA,2002.51,"Rechargement reussi. Montant de la transaction: 200 FCFA, ID transaction: RC250503.0758.D66233, Frais: 0 FCFA, Commission: 0 FCFA, Nouveau solde: 2002.51 FCFA"
USER_7,2025-05-03,08:22:19,OrangeMoney,transfert,OUT,1900.0,FCFA,48.51,"Transfert de [USER_7_phone] [USER_7] vers [PHONE_2459] [CONTACT_5A5D] reussi. ID transaction: PP250503.0822.D22947, Montant Transaction: 1900 FCFA, Frais: 54 FCFA, Commission: 0 FCFA, Montant Net: 1954 FCFA, Nouveau Solde: 48.51 FCFA."
USER_7,2025-05-03,13:41:15,OrangeMoney,depot,IN,15500.0,FCFA,15548.51,"Depot effectue par [PHONE_7004] [CONTACT_F322] to [USER_7_phone] [USER_7]. Informations detaillees: Montant de transaction : 15500 FCFA, ID transaction : CI250503.1341.A56409, Frais : 0 FCFA, Commission : 0 FCFA, Montant Net du Credit : 15500 FCFA, Nouveau Solde : 15548.51 FCFA."
USER_7,2025-05-03,14:20:12,OrangeMoney,transfert,OUT,5000.0,FCFA,10494.51,"Transfert de [USER_7_phone] [USER_7] vers [PHONE_3553] [CONTACT_971F] reussi. ID transaction: PP250503.1420.A39888, Montant Transaction: 5000 FCFA, Frais: 54 FCFA, Commission: 0 FCFA, Montant Net: 5054 FCFA, Nouveau Solde: 10494.51 FCFA."
USER_7,2025-05-03,14:39:00,OrangeMoney,transfert,OUT,10154.0,FCFA,285.74,"Transfert de [USER_7_phone] [USER_7] vers [PHONE_8589] [CONTACT_EF48] reussi. ID transaction: PP250503.1438.A51644, Montant Transaction: 10154 FCFA, Frais: 54.77 FCFA, Commission: 0 FCFA, Montant Net: 10208.77 FCFA, Nouveau Solde: 285.74 FCFA."
USER_7,2025-05-05,17:11:24,OrangeMoney,depot,IN,2500.0,FCFA,2785.74,"Depot effectue par [PHONE_4035] [CONTACT_F112] to [USER_7_phone] [USER_7]. Informations detaillees: Montant de transaction : 2500 FCFA, ID transaction : CI250505.1711.D81300, Frais : 0 FCFA, Commission : 0 FCFA, Montant Net du Credit : 2500 FCFA, Nouveau Solde : 2785.74 FCFA."
USER_7,2025-05-05,21:31:00,OrangeMoney,depot,IN,10000.0,FCFA,12785.74,"Depot effectue par [PHONE_2763] [CONTACT_B90E] to [USER_7_phone] [USER_7]. Informations detaillees: Montant de transaction : 10000 FCFA, ID transaction : CI250505.2130.C58244, Frais : 0 FCFA, Commission : 0 FCFA, Montant Net du Credit : 10000 FCFA, Nouveau Solde : 12785.74 FCFA."
USER_7,2025-05-05,22:54:32,OrangeMoney,rechargement,OUT,500.0,FCFA,12285.74,"Rechargement reussi. Montant de la transaction: 500 FCFA, ID transaction: RC250505.2254.A42691, Frais: 0 FCFA, Commission: 0 FCFA, Nouveau solde: 12285.74 FCFA"
USER_7,2025-05-06,00:08:44,OrangeMoney,rechargement,OUT,100.0,FCFA,12185.74,"Rechargement reussi. Montant de la transaction: 100 FCFA, ID transaction: RC250506.0008.D42449, Frais: 0 FCFA, Commission: 0 FCFA, Nouveau solde: 12185.74 FCFA"
USER_7,2025-05-06,10:30:16,OrangeMoney,transfert,OUT,1600.0,FCFA,10531.74,"Transfert de [USER_7_phone] [USER_7] vers [PHONE_3412] [CONTACT_F51E] reussi. ID transaction: PP250506.1030.B53985, Montant Transaction: 1600 FCFA, Frais: 54 FCFA, Commission: 0 FCFA, Montant Net: 1654 FCFA, Nouveau Solde: 10531.74 FCFA."
USER_7,2025-05-06,20:37:11,OrangeMoney,transfert,OUT,10154.0,FCFA,322.97,"Transfert de [USER_7_phone] [USER_7] vers [PHONE_9138] [CONTACT_2AE5] reussi. ID transaction: PP250506.2037.B26898, Montant Transaction: 10154 FCFA, Frais: 54.77 FCFA, Commission: 0 FCFA, Montant Net: 10208.77 FCFA, Nouveau Solde: 322.97 FCFA."
USER_7,2025-05-07,02:44:24,OrangeMoney,rechargement,OUT,300.0,FCFA,22.97,"Rechargement reussi. Montant de la transaction: 300 FCFA, ID transaction: RC250507.0244.B85810, Frais: 0 FCFA, Commission: 0 FCFA, Nouveau solde: 22.97 FCFA"
USER_7,2025-05-07,12:57:39,OrangeMoney,transfert,OUT,10154.0,FCFA,10176.97,"Transfert de [PHONE_9456] [CONTACT_5305] vers [USER_7_phone] [USER_7] reussi. Details: ID transaction: PP250507.1257.B98802, Montant Transaction: 10154FCFA, Frais: 0 FCFA, Commission: 0 FCFA, Montant Net: 10154 FCFA, Nouveau Solde: 10176.97 FCFA."
USER_7,2025-05-07,14:45:08,OrangeMoney,rechargement,OUT,1000.0,FCFA,9176.97,"Rechargement reussi. Montant de la transaction: 1000 FCFA, ID transaction: RC250507.1444.A42243, Frais: 0 FCFA, Commission: 0 FCFA, Nouveau solde: 9176.97 FCFA"
USER_7,2025-05-07,17:57:53,OrangeMoney,transfert,OUT,3054.0,FCFA,6068.97,"Transfert de [USER_7_phone] [USER_7] vers [PHONE_9343] [CONTACT_4D53] reussi. ID transaction: PP250507.1757.B81602, Montant Transaction: 3054 FCFA, Frais: 54 FCFA, Commission: 0 FCFA, Montant Net: 3108 FCFA, Nouveau Solde: 6068.97 FCFA."
USER_7,2025-05-08,16:52:39,OrangeMoney,rechargement,OUT,1000.0,FCFA,5068.97,"Rechargement reussi. Montant de la transaction: 1000 FCFA, ID transaction: RC250508.1652.D87283, Frais: 0 FCFA, Commission: 0 FCFA, Nouveau solde: 5068.97 FCFA"
USER_7,2025-05-08,23:01:23,OrangeMoney,rechargement,OUT,500.0,FCFA,4568.97,"Rechargement reussi. Montant de la transaction: 500 FCFA, ID transaction: RC250508.2301.B47746, Frais: 0 FCFA, Commission: 0 FCFA, Nouveau solde: 4568.97 FCFA"
USER_7,2025-05-09,07:28:03,OrangeMoney,rechargement,OUT,500.0,FCFA,4068.97,"Rechargement reussi. Montant de la transaction: 500 FCFA, ID transaction: RC250509.0727.D52887, Frais: 0 FCFA, Commission: 0 FCFA, Nouveau solde: 4068.97 FCFA"
USER_7,2025-05-09,10:59:03,OrangeMoney,transfert,OUT,2500.0,FCFA,1514.97,"Transfert de [USER_7_phone] [USER_7] vers [PHONE_5086] Ngo nolla reussi. ID transaction: PP250509.1059.B25025, Montant Transaction: 2500 FCFA, Frais: 54 FCFA, Commission: 0 FCFA, Montant Net: 2554 FCFA, Nouveau Solde: 1514.97 FCFA."
USER_7,2025-05-09,22:46:09,OrangeMoney,rechargement,OUT,500.0,FCFA,1014.97,"Rechargement reussi. Montant de la transaction: 500 FCFA, ID transaction: RC250509.2246.D70741, Frais: 0 FCFA, Commission: 0 FCFA, Nouveau solde: 1014.97 FCFA"
USER_7,2025-05-10,09:55:23,OrangeMoney,rechargement,OUT,500.0,FCFA,514.97,"Rechargement reussi. Montant de la transaction: 500 FCFA, ID transaction: RC250510.0955.A07005, Frais: 0 FCFA, Commission: 0 FCFA, Nouveau solde: 514.97 FCFA"
USER_7,2025-05-11,07:48:50,OrangeMoney,rechargement,OUT,500.0,FCFA,14.97,"Rechargement reussi. Montant de la transaction: 500 FCFA, ID transaction: RC250511.0748.C23449, Frais: 0 FCFA, Commission: 0 FCFA, Nouveau solde: 14.97 FCFA"
USER_7,2025-05-19,17:28:30,OrangeMoney,transfert,OUT,1554.0,FCFA,1406.97,"Transfert de [USER_7_phone] [USER_7] vers [PHONE_5048] [CONTACT_4917] reussi. ID transaction: PP250519.1728.A78156, Montant Transaction: 1554 FCFA, Frais: 54 FCFA, Commission: 0 FCFA, Montant Net: 1608 FCFA, Nouveau Solde: 1406.97 FCFA."
USER_7,2025-05-19,17:29:31,OrangeMoney,rechargement,OUT,1000.0,FCFA,406.97,"Rechargement reussi. Montant de la transaction: 1000 FCFA, ID transaction: RC250519.1729.C50393, Frais: 0 FCFA, Commission: 0 FCFA, Nouveau solde: 406.97 FCFA"
USER_7,2025-05-20,14:36:33,OrangeMoney,rechargement,OUT,400.0,FCFA,6.97,"Rechargement reussi. Montant de la transaction: 400 FCFA, ID transaction: RC250520.1436.D47956, Frais: 0 FCFA, Commission: 0 FCFA, Nouveau solde: 6.97 FCFA"
USER_7,2025-05-27,17:10:08,OrangeMoney,depot,IN,120000.0,FCFA,120006.97,"Depot effectue par [PHONE_7004] [CONTACT_F322] to [USER_7_phone] [USER_7]. Informations detaillees: Montant de transaction : 120000 FCFA, ID transaction : CI250527.1710.A20190, Frais : 0 FCFA, Commission : 0 FCFA, Montant Net du Credit : 120000 FCFA, Nouveau Solde : 120006.97 FCFA."
USER_7,2025-05-28,15:00:18,OrangeMoney,transfert,OUT,500.0,FCFA,9452.97,"Transfert de [USER_7_phone] [USER_7] vers [PHONE_7256] [CONTACT_4B8C] reussi. ID transaction: PP250528.1500.C29245, Montant Transaction: 500 FCFA, Frais: 54 FCFA, Commission: 0 FCFA, Montant Net: 554 FCFA, Nouveau Solde: 9452.97 FCFA."
USER_7,2025-05-28,18:06:44,OrangeMoney,transfert,OUT,5100.0,FCFA,14552.97,"Transfert de [PHONE_4682] [CONTACT_FB37] vers [USER_7_phone] [USER_7] reussi. Details: ID transaction: PP250528.1806.D57279, Montant Transaction: 5100FCFA, Frais: 0 FCFA, Commission: 0 FCFA, Montant Net: 5100 FCFA, Nouveau Solde: 14552.97 FCFA."
USER_7,2025-05-28,22:39:26,OrangeMoney,transfert,OUT,5079.0,FCFA,9419.97,"Transfert de [USER_7_phone] [USER_7] vers [PHONE_3930] [CONTACT_F181] reussi. ID transaction: PP250528.2239.A08341, Montant Transaction: 5079 FCFA, Frais: 54 FCFA, Commission: 0 FCFA, Montant Net: 5133 FCFA, Nouveau Solde: 9419.97 FCFA."
USER_7,2025-05-29,00:26:40,OrangeMoney,rechargement,OUT,1000.0,FCFA,8419.97,"Rechargement reussi. Montant de la transaction: 1000 FCFA, ID transaction: RC250529.0026.C81856, Frais: 0 FCFA, Commission: 0 FCFA, Nouveau solde: 8419.97 FCFA"
USER_7,2025-05-29,12:58:45,OrangeMoney,rechargement,OUT,300.0,FCFA,8119.97,"Rechargement reussi. Montant de la transaction: 300 FCFA, ID transaction: RC250529.1258.B38116, Frais: 0 FCFA, Commission: 0 FCFA, Nouveau solde: 8119.97 FCFA"
USER_7,2025-05-30,04:55:05,OrangeMoney,rechargement,OUT,1000.0,FCFA,7119.97,"Rechargement reussi. Montant de la transaction: 1000 FCFA, ID transaction: RC250530.0455.A11983, Frais: 0 FCFA, Commission: 0 FCFA, Nouveau solde: 7119.97 FCFA"
USER_7,2025-05-31,00:42:55,OrangeMoney,rechargement,OUT,1000.0,FCFA,6119.97,"Rechargement reussi. Montant de la transaction: 1000 FCFA, ID transaction: RC250531.0042.A43355, Frais: 0 FCFA, Commission: 0 FCFA, Nouveau solde: 6119.97 FCFA"
USER_7,2025-05-31,15:37:13,OrangeMoney,transfert,OUT,2054.0,FCFA,4011.97,"Transfert de [USER_7_phone] [USER_7] vers [PHONE_2054] [CONTACT_4A3C] reussi. ID transaction: PP250531.1537.A88967, Montant Transaction: 2054 FCFA, Frais: 54 FCFA, Commission: 0 FCFA, Montant Net: 2108 FCFA, Nouveau Solde: 4011.97 FCFA."
USER_7,2025-05-31,16:42:23,OrangeMoney,rechargement,OUT,500.0,FCFA,3511.97,"Rechargement reussi. Montant de la transaction: 500 FCFA, ID transaction: RC250531.1642.B27519, Frais: 0 FCFA, Commission: 0 FCFA, Nouveau solde: 3511.97 FCFA"
USER_7,2025-05-31,22:29:52,OrangeMoney,rechargement,OUT,1000.0,FCFA,2511.97,"Rechargement reussi. Montant de la transaction: 1000 FCFA, ID transaction: RC250531.2229.C75146, Frais: 0 FCFA, Commission: 0 FCFA, Nouveau solde: 2511.97 FCFA"
USER_7,2025-06-01,11:37:43,OrangeMoney,rechargement,OUT,500.0,FCFA,2011.97,"Rechargement reussi. Montant de la transaction: 500 FCFA, ID transaction: RC250601.1137.A15150, Frais: 0 FCFA, Commission: 0 FCFA, Nouveau solde: 2011.97 FCFA"
USER_7,2025-06-01,23:26:55,OrangeMoney,rechargement,OUT,500.0,FCFA,1511.97,"Rechargement reussi. Montant de la transaction: 500 FCFA, ID transaction: RC250601.2326.C07897, Frais: 0 FCFA, Commission: 0 FCFA, Nouveau solde: 1511.97 FCFA"
USER_7,2025-06-02,14:20:27,OrangeMoney,rechargement,OUT,500.0,FCFA,1011.97,"Rechargement reussi. Montant de la transaction: 500 FCFA, ID transaction: RC250602.1420.B72227, Frais: 0 FCFA, Commission: 0 FCFA, Nouveau solde: 1011.97 FCFA"
USER_7,2025-06-03,08:35:07,OrangeMoney,rechargement,OUT,500.0,FCFA,11.97,"Rechargement reussi. Montant de la transaction: 500 FCFA, ID transaction: RC250603.0834.B57401, Frais: 0 FCFA, Commission: 0 FCFA, Nouveau solde: 11.97 FCFA"
USER_7,2025-06-04,12:07:09,OrangeMoney,transfert,OUT,20304.0,FCFA,20315.97,"Transfert de [PHONE_3754] [CONTACT_317F] vers [USER_7_phone] [USER_7] reussi. Details: ID transaction: PP250604.1207.A70511, Montant Transaction: 20304FCFA, Frais: 0 FCFA, Commission: 0 FCFA, Montant Net: 20304 FCFA, Nouveau Solde: 20315.97 FCFA."
USER_7,2025-06-04,12:10:23,OrangeMoney,rechargement,OUT,1000.0,FCFA,19315.97,"Rechargement reussi. Montant de la transaction: 1000 FCFA, ID transaction: RC250604.1209.B13688, Frais: 0 FCFA, Commission: 0 FCFA, Nouveau solde: 19315.97 FCFA"
USER_7,2025-06-05,00:46:16,OrangeMoney,rechargement,OUT,1000.0,FCFA,18315.97,"Rechargement reussi. Montant de la transaction: 1000 FCFA, ID transaction: RC250605.0046.C98005, Frais: 0 FCFA, Commission: 0 FCFA, Nouveau solde: 18315.97 FCFA"
USER_7,2025-06-05,19:18:36,OrangeMoney,retrait,OUT,15000.0,FCFA,3086.97,"Retrait d'argent reussi par le [PHONE_2813] avec le Code : 150429. Informations detaillees : Montant: 15000 FCFA, Frais: 229 FCFA, No de transaction CO250605.1918.A12734, montant net debite 15229 FCFA, Nouveau solde: 3086.97 FCFA."
USER_7,2025-06-06,09:42:16,OrangeMoney,rechargement,OUT,500.0,FCFA,2586.97,"Rechargement reussi. Montant de la transaction: 500 FCFA, ID transaction: RC250606.0942.D51914, Frais: 0 FCFA, Commission: 0 FCFA, Nouveau solde: 2586.97 FCFA"
USER_7,2025-06-06,12:57:38,OrangeMoney,rechargement,OUT,500.0,FCFA,2086.97,"Rechargement reussi. Montant de la transaction: 500 FCFA, ID transaction: RC250606.1257.B83995, Frais: 0 FCFA, Commission: 0 FCFA, Nouveau solde: 2086.97 FCFA"
USER_7,2025-06-06,22:35:01,OrangeMoney,rechargement,OUT,500.0,FCFA,1586.97,"Rechargement reussi. Montant de la transaction: 500 FCFA, ID transaction: RC250606.2234.C61898, Frais: 0 FCFA, Commission: 0 FCFA, Nouveau solde: 1586.97 FCFA"
USER_7,2025-06-07,11:43:31,OrangeMoney,rechargement,OUT,500.0,FCFA,1086.97,"Rechargement reussi. Montant de la transaction: 500 FCFA, ID transaction: RC250607.1143.B09136, Frais: 0 FCFA, Commission: 0 FCFA, Nouveau solde: 1086.97 FCFA"
USER_7,2025-06-09,04:21:23,OrangeMoney,rechargement,OUT,500.0,FCFA,586.97,"Rechargement reussi. Montant de la transaction: 500 FCFA, ID transaction: RC250609.0421.A20921, Frais: 0 FCFA, Commission: 0 FCFA, Nouveau solde: 586.97 FCFA"
USER_7,2025-06-09,06:29:10,OrangeMoney,rechargement,OUT,500.0,FCFA,86.97,"Rechargement reussi. Montant de la transaction: 500 FCFA, ID transaction: RC250609.0629.D21421, Frais: 0 FCFA, Commission: 0 FCFA, Nouveau solde: 86.97 FCFA"
USER_7,2025-06-11,18:02:46,OrangeMoney,depot,IN,2000.0,FCFA,2086.97,"Depot effectue par [PHONE_4537] [CONTACT_75B7] to [USER_7_phone] [USER_7]. Informations detaillees: Montant de transaction : 2000 FCFA, ID transaction : CI250611.1802.C56525, Frais : 0 FCFA, Commission : 0 FCFA, Montant Net du Credit : 2000 FCFA, Nouveau Solde : 2086.97 FCFA."
USER_7,2025-06-11,18:07:53,OrangeMoney,transfert,OUT,1500.0,FCFA,532.97,"Transfert de [USER_7_phone] [USER_7] vers [PHONE_2459] [CONTACT_5A5D] reussi. ID transaction: PP250611.1807.C08019, Montant Transaction: 1500 FCFA, Frais: 54 FCFA, Commission: 0 FCFA, Montant Net: 1554 FCFA, Nouveau Solde: 532.97 FCFA."
USER_7,2025-06-14,18:54:01,OrangeMoney,depot,IN,2500.0,FCFA,2532.97,"Depot effectue par [PHONE_3297] [CONTACT_3147] to [USER_7_phone] [USER_7]. Informations detaillees: Montant de transaction : 2500 FCFA, ID transaction : CI250614.1853.A07103, Frais : 0 FCFA, Commission : 0 FCFA, Montant Net du Credit : 2500 FCFA, Nouveau Solde : 2532.97 FCFA."
USER_7,2025-06-14,18:54:55,OrangeMoney,transfert,OUT,1200.0,FCFA,1278.97,"Transfert de [USER_7_phone] [USER_7] vers [PHONE_5086] Ngo nolla reussi. ID transaction: PP250614.1854.C89135, Montant Transaction: 1200 FCFA, Frais: 54 FCFA, Commission: 0 FCFA, Montant Net: 1254 FCFA, Nouveau Solde: 1278.97 FCFA."
USER_7,2025-06-14,18:55:12,OrangeMoney,rechargement,OUT,500.0,FCFA,778.97,"Rechargement reussi. Montant de la transaction: 500 FCFA, ID transaction: RC250614.1855.B47994, Frais: 0 FCFA, Commission: 0 FCFA, Nouveau solde: 778.97 FCFA"
USER_7,2025-06-15,00:16:49,OrangeMoney,rechargement,OUT,200.0,FCFA,578.97,"Rechargement reussi. Montant de la transaction: 200 FCFA, ID transaction: RC250615.0016.A76681, Frais: 0 FCFA, Commission: 0 FCFA, Nouveau solde: 578.97 FCFA"
USER_7,2025-06-20,02:47:26,OrangeMoney,rechargement,OUT,400.0,FCFA,75.97,"Rechargement reussi. Montant de la transaction: 400 FCFA, ID transaction: RC250620.0247.C39055, Frais: 0 FCFA, Commission: 0 FCFA, Nouveau solde: 75.97 FCFA"
USER_7,2025-06-29,18:27:52,OrangeMoney,depot,IN,11500.0,FCFA,11575.97,"Depot effectue par [PHONE_7800] [CONTACT_5525] to [USER_7_phone] [USER_7]. Informations detaillees: Montant de transaction : 11500 FCFA, ID transaction : CI250629.1827.B41221, Frais : 0 FCFA, Commission : 0 FCFA, Montant Net du Credit : 11500 FCFA, Nouveau Solde : 11575.97 FCFA."
USER_7,2025-06-29,18:31:04,OrangeMoney,rechargement,OUT,500.0,FCFA,11075.97,"Rechargement reussi. Montant de la transaction: 500 FCFA, ID transaction: RC250629.1831.B38949, Frais: 0 FCFA, Commission: 0 FCFA, Nouveau solde: 11075.97 FCFA"
USER_7,2025-06-29,22:38:43,OrangeMoney,rechargement,OUT,500.0,FCFA,10575.97,"Rechargement reussi. Montant de la transaction: 500 FCFA, ID transaction: RC250629.2238.A64690, Frais: 0 FCFA, Commission: 0 FCFA, Nouveau solde: 10575.97 FCFA"
USER_7,2025-06-30,00:27:07,OrangeMoney,rechargement,OUT,200.0,FCFA,10375.97,"Rechargement reussi. Montant de la transaction: 200 FCFA, ID transaction: RC250630.0027.D65272, Frais: 0 FCFA, Commission: 0 FCFA, Nouveau solde: 10375.97 FCFA"
USER_7,2025-06-30,10:37:22,OrangeMoney,transfert,OUT,10154.0,FCFA,167.2,"Transfert de [USER_7_phone] [USER_7] vers [PHONE_6518] [CONTACT_2A64] reussi. ID transaction: PP250630.1037.A88807, Montant Transaction: 10154 FCFA, Frais: 54.77 FCFA, Commission: 0 FCFA, Montant Net: 10208.77 FCFA, Nouveau Solde: 167.2 FCFA."
USER_7,2025-06-30,13:36:08,OrangeMoney,rechargement,OUT,150.0,FCFA,17.2,"Rechargement reussi. Montant de la transaction: 150 FCFA, ID transaction: RC250630.1336.B26665, Frais: 0 FCFA, Commission: 0 FCFA, Nouveau solde: 17.2 FCFA"
USER_7,2025-07-01,16:03:56,OrangeMoney,depot,IN,1500.0,FCFA,1517.2,"Depot effectue par [PHONE_3297] [CONTACT_3147] to [USER_7_phone] [USER_7]. Informations detaillees: Montant de transaction : 1500 FCFA, ID transaction : CI250701.1603.D85688, Frais : 0 FCFA, Commission : 0 FCFA, Montant Net du Credit : 1500 FCFA, Nouveau Solde : 1517.2 FCFA."
USER_7,2025-07-01,16:22:16,OrangeMoney,rechargement,OUT,500.0,FCFA,1017.2,"Rechargement reussi. Montant de la transaction: 500 FCFA, ID transaction: RC250701.1622.B65254, Frais: 0 FCFA, Commission: 0 FCFA, Nouveau solde: 1017.2 FCFA"
USER_7,2025-07-02,00:12:45,OrangeMoney,rechargement,OUT,700.0,FCFA,317.2,"Rechargement reussi. Montant de la transaction: 700 FCFA, ID transaction: RC250702.0012.D06594, Frais: 0 FCFA, Commission: 0 FCFA, Nouveau solde: 317.2 FCFA"
USER_7,2025-07-03,00:11:39,OrangeMoney,rechargement,OUT,200.0,FCFA,117.2,"Rechargement reussi. Montant de la transaction: 200 FCFA, ID transaction: RC250703.0011.B35051, Frais: 0 FCFA, Commission: 0 FCFA, Nouveau solde: 117.2 FCFA"
USER_7,2025-07-03,11:53:01,OrangeMoney,transfert,OUT,20304.0,FCFA,20421.2,"Transfert de [PHONE_3754] [CONTACT_317F] vers [USER_7_phone] [USER_7] reussi. Details: ID transaction: PP250703.1152.D34738, Montant Transaction: 20304FCFA, Frais: 0 FCFA, Commission: 0 FCFA, Montant Net: 20304 FCFA, Nouveau Solde: 20421.2 FCFA."
USER_7,2025-07-03,13:41:19,OrangeMoney,rechargement,OUT,1000.0,FCFA,19421.2,"Rechargement reussi. Montant de la transaction: 1000 FCFA, ID transaction: RC250703.1341.B84888, Frais: 0 FCFA, Commission: 0 FCFA, Nouveau solde: 19421.2 FCFA"
USER_7,2025-07-04,06:01:45,OrangeMoney,rechargement,OUT,1000.0,FCFA,13421.2,"Rechargement reussi. Montant de la transaction: 1000 FCFA, ID transaction: RC250704.0601.B57149, Frais: 0 FCFA, Commission: 0 FCFA, Nouveau solde: 13421.2 FCFA"
USER_7,2025-07-05,12:59:48,OrangeMoney,retrait,OUT,10000.0,FCFA,3267.2,"Retrait d'argent reussi par le [PHONE_7800] avec le Code : 293328. Informations detaillees : Montant: 10000 FCFA, Frais: 154 FCFA, No de transaction CO250705.1259.D39983, montant net debite 10154 FCFA, Nouveau solde: 3267.2 FCFA."
USER_7,2025-07-05,13:11:54,OrangeMoney,transfert,OUT,1154.0,FCFA,2059.2,"Transfert de [USER_7_phone] [USER_7] vers [PHONE_4959] [CONTACT_F251] reussi. ID transaction: PP250705.1311.C09898, Montant Transaction: 1154 FCFA, Frais: 54 FCFA, Commission: 0 FCFA, Montant Net: 1208 FCFA, Nouveau Solde: 2059.2 FCFA."
USER_7,2025-07-05,19:22:35,OrangeMoney,transfert,OUT,1500.0,FCFA,505.2,"Transfert de [USER_7_phone] [USER_7] vers [PHONE_9973] [CONTACT_4967] reussi. ID transaction: PP250705.1922.B59505, Montant Transaction: 1500 FCFA, Frais: 54 FCFA, Commission: 0 FCFA, Montant Net: 1554 FCFA, Nouveau Solde: 505.2 FCFA."
USER_7,2025-07-05,21:13:59,OrangeMoney,rechargement,OUT,500.0,FCFA,5.2,"Rechargement reussi. Montant de la transaction: 500 FCFA, ID transaction: RC250705.2113.C72693, Frais: 0 FCFA, Commission: 0 FCFA, Nouveau solde: 5.2 FCFA"
USER_7,2025-07-11,11:15:02,OrangeMoney,transfert,OUT,5000.0,FCFA,5005.2,"Transfert de [PHONE_7207] [CONTACT_2F37] vers [USER_7_phone] [USER_7] reussi. Details: ID transaction: PP250711.1115.D54256, Montant Transaction: 5000FCFA, Frais: 0 FCFA, Commission: 0 FCFA, Montant Net: 5000 FCFA, Nouveau Solde: 5005.2 FCFA."
USER_7,2025-07-11,16:00:17,OrangeMoney,transfert,OUT,1900.0,FCFA,3051.2,"Transfert de [USER_7_phone] [USER_7] vers [PHONE_8899] [CONTACT_E9EE] reussi. ID transaction: PP250711.1600.A51084, Montant Transaction: 1900 FCFA, Frais: 54 FCFA, Commission: 0 FCFA, Montant Net: 1954 FCFA, Nouveau Solde: 3051.2 FCFA."
USER_7,2025-07-11,16:39:06,OrangeMoney,transfert,OUT,1200.0,FCFA,1797.2,"Transfert de [USER_7_phone] [USER_7] vers [PHONE_6555] [CONTACT_1731] reussi. ID transaction: PP250711.1639.B70642, Montant Transaction: 1200 FCFA, Frais: 54 FCFA, Commission: 0 FCFA, Montant Net: 1254 FCFA, Nouveau Solde: 1797.2 FCFA."
USER_7,2025-07-11,18:35:09,OrangeMoney,rechargement,OUT,500.0,FCFA,1297.2,"Rechargement reussi. Montant de la transaction: 500 FCFA, ID transaction: RC250711.1835.A67295, Frais: 0 FCFA, Commission: 0 FCFA, Nouveau solde: 1297.2 FCFA"
USER_7,2025-07-12,10:41:19,OrangeMoney,rechargement,OUT,500.0,FCFA,797.2,"Rechargement reussi. Montant de la transaction: 500 FCFA, ID transaction: RC250712.1041.C39983, Frais: 0 FCFA, Commission: 0 FCFA, Nouveau solde: 797.2 FCFA"
USER_7,2025-07-12,20:24:07,OrangeMoney,rechargement,OUT,500.0,FCFA,297.2,"Rechargement reussi. Montant de la transaction: 500 FCFA, ID transaction: RC250712.2024.B07203, Frais: 0 FCFA, Commission: 0 FCFA, Nouveau solde: 297.2 FCFA"
USER_7,2025-07-13,13:06:54,OrangeMoney,rechargement,OUT,200.0,FCFA,97.2,"Rechargement reussi. Montant de la transaction: 200 FCFA, ID transaction: RC250713.1306.D65494, Frais: 0 FCFA, Commission: 0 FCFA, Nouveau solde: 97.2 FCFA"
USER_7,2025-07-13,15:16:42,OrangeMoney,depot,IN,5000.0,FCFA,5097.2,"Depot effectue par [PHONE_1232] [CONTACT_B402] to [USER_7_phone] [USER_7]. Informations detaillees: Montant de transaction : 5000 FCFA, ID transaction : CI250713.1516.D97762, Frais : 0 FCFA, Commission : 0 FCFA, Montant Net du Credit : 5000 FCFA, Nouveau Solde : 5097.2 FCFA."
USER_7,2025-07-15,17:15:52,OrangeMoney,transfert,OUT,1000.0,FCFA,6097.2,"Transfert de [PHONE_6518] [CONTACT_2A64] vers [USER_7_phone] [USER_7] reussi. Details: ID transaction: PP250715.1715.D68826, Montant Transaction: 1000FCFA, Frais: 0 FCFA, Commission: 0 FCFA, Montant Net: 1000 FCFA, Nouveau Solde: 6097.2 FCFA."
USER_7,2025-07-16,00:18:26,OrangeMoney,rechargement,OUT,500.0,FCFA,5597.2,"Rechargement reussi. Montant de la transaction: 500 FCFA, ID transaction: RC250716.0018.B78669, Frais: 0 FCFA, Commission: 0 FCFA, Nouveau solde: 5597.2 FCFA"
USER_7,2025-07-16,14:04:00,OrangeMoney,depot,IN,5150.0,FCFA,10247.2,"Depot effectue par [PHONE_0701] [CONTACT_BB63] to [USER_7_phone] [USER_7]. Informations detaillees: Montant de transaction : 5150 FCFA, ID transaction : CI250716.1403.B52145, Frais : 0 FCFA, Commission : 0 FCFA, Montant Net du Credit : 5150 FCFA, Nouveau Solde : 10247.2 FCFA."
USER_7,2025-07-17,20:27:51,OrangeMoney,retrait,OUT,5000.0,FCFA,5168.2,"Retrait d'argent reussi par le [PHONE_3297] avec le Code : 872355. Informations detaillees : Montant: 5000 FCFA, Frais: 79 FCFA, No de transaction CO250717.2027.D98369, montant net debite 5079 FCFA, Nouveau solde: 5168.2 FCFA."
USER_7,2025-07-19,14:30:21,OrangeMoney,rechargement,OUT,500.0,FCFA,718.2,"Rechargement reussi. Montant de la transaction: 500 FCFA, ID transaction: RC250719.1430.A16088, Frais: 0 FCFA, Commission: 0 FCFA, Nouveau solde: 718.2 FCFA"
USER_7,2025-07-19,18:46:29,OrangeMoney,transfert,OUT,1054.0,FCFA,1772.2,"Transfert de [PHONE_4433] Onana onguene vers [USER_7_phone] [USER_7] reussi. Details: ID transaction: PP250719.1846.B32959, Montant Transaction: 1054FCFA, Frais: 0 FCFA, Commission: 0 FCFA, Montant Net: 1054 FCFA, Nouveau Solde: 1772.2 FCFA."
USER_7,2025-07-19,22:06:07,OrangeMoney,rechargement,OUT,500.0,FCFA,1272.2,"Rechargement reussi. Montant de la transaction: 500 FCFA, ID transaction: RC250719.2206.B75789, Frais: 0 FCFA, Commission: 0 FCFA, Nouveau solde: 1272.2 FCFA"
USER_7,2025-07-20,08:11:34,OrangeMoney,rechargement,OUT,500.0,FCFA,572.2,"Rechargement reussi. Montant de la transaction: 500 FCFA, ID transaction: RC250720.0811.C96833, Frais: 0 FCFA, Commission: 0 FCFA, Nouveau solde: 572.2 FCFA"
USER_7,2025-07-20,12:55:38,OrangeMoney,rechargement,OUT,500.0,FCFA,72.2,"Rechargement reussi. Montant de la transaction: 500 FCFA, ID transaction: RC250720.1255.B24446, Frais: 0 FCFA, Commission: 0 FCFA, Nouveau solde: 72.2 FCFA"
USER_7,2025-07-20,21:07:26,OrangeMoney,transfert,OUT,1100.0,FCFA,1172.2,"Transfert de [PHONE_5086] Ngo nolla vers [USER_7_phone] [USER_7] reussi. Details: ID transaction: PP250720.2107.D17265, Montant Transaction: 1100FCFA, Frais: 0 FCFA, Commission: 0 FCFA, Montant Net: 1100 FCFA, Nouveau Solde: 1172.2 FCFA."
USER_7,2025-07-20,22:16:06,OrangeMoney,rechargement,OUT,500.0,FCFA,672.2,"Rechargement reussi. Montant de la transaction: 500 FCFA, ID transaction: RC250720.2215.A88729, Frais: 0 FCFA, Commission: 0 FCFA, Nouveau solde: 672.2 FCFA"
USER_7,2025-07-21,00:14:00,OrangeMoney,rechargement,OUT,200.0,FCFA,472.2,"Rechargement reussi. Montant de la transaction: 200 FCFA, ID transaction: RC250721.0013.A93734, Frais: 0 FCFA, Commission: 0 FCFA, Nouveau solde: 472.2 FCFA"
USER_7,2025-07-21,02:23:51,OrangeMoney,rechargement,OUT,200.0,FCFA,272.2,"Rechargement reussi. Montant de la transaction: 200 FCFA, ID transaction: RC250721.0223.D93373, Frais: 0 FCFA, Commission: 0 FCFA, Nouveau solde: 272.2 FCFA"
USER_7,2025-07-23,23:11:19,OrangeMoney,transfert,OUT,2054.0,FCFA,2326.2,"Transfert de [PHONE_0484] [CONTACT_257E] vers [USER_7_phone] [USER_7] reussi. Details: ID transaction: PP250723.2311.A99395, Montant Transaction: 2054FCFA, Frais: 0 FCFA, Commission: 0 FCFA, Montant Net: 2054 FCFA, Nouveau Solde: 2326.2 FCFA."
USER_7,2025-07-24,04:11:22,OrangeMoney,transfert,OUT,1054.0,FCFA,1218.2,"Transfert de [USER_7_phone] [USER_7] vers [PHONE_5055] [CONTACT_2522] reussi. ID transaction: PP250724.0411.D16551, Montant Transaction: 1054 FCFA, Frais: 54 FCFA, Commission: 0 FCFA, Montant Net: 1108 FCFA, Nouveau Solde: 1218.2 FCFA."
USER_7,2025-07-24,11:43:38,OrangeMoney,rechargement,OUT,500.0,FCFA,718.2,"Rechargement reussi. Montant de la transaction: 500 FCFA, ID transaction: RC250724.1143.B81178, Frais: 0 FCFA, Commission: 0 FCFA, Nouveau solde: 718.2 FCFA"
USER_7,2025-07-26,18:40:27,OrangeMoney,depot,IN,2000.0,FCFA,2718.2,"Depot effectue par [PHONE_3297] [CONTACT_3147] to [USER_7_phone] [USER_7]. Informations detaillees: Montant de transaction : 2000 FCFA, ID transaction : CI250726.1840.B70852, Frais : 0 FCFA, Commission : 0 FCFA, Montant Net du Credit : 2000 FCFA, Nouveau Solde : 2718.2 FCFA."
USER_7,2025-07-26,18:42:26,OrangeMoney,transfert,OUT,1054.0,FCFA,1610.2,"Transfert de [USER_7_phone] [USER_7] vers [PHONE_6518] [CONTACT_2A64] reussi. ID transaction: PP250726.1842.A46017, Montant Transaction: 1054 FCFA, Frais: 54 FCFA, Commission: 0 FCFA, Montant Net: 1108 FCFA, Nouveau Solde: 1610.2 FCFA."
USER_7,2025-07-30,05:54:57,OrangeMoney,rechargement,OUT,500.0,FCFA,1110.2,"Rechargement reussi. Montant de la transaction: 500 FCFA, ID transaction: RC250730.0554.A46604, Frais: 0 FCFA, Commission: 0 FCFA, Nouveau solde: 1110.2 FCFA"
USER_7,2025-07-30,07:25:48,OrangeMoney,rechargement,OUT,500.0,FCFA,610.2,"Rechargement reussi. Montant de la transaction: 500 FCFA, ID transaction: RC250730.0725.D50945, Frais: 0 FCFA, Commission: 0 FCFA, Nouveau solde: 610.2 FCFA"
USER_7,2025-07-30,17:37:07,OrangeMoney,depot,IN,15000.0,FCFA,15610.2,"Depot effectue par [PHONE_3422] [CONTACT_2FB5] to [USER_7_phone] [USER_7]. Informations detaillees: Montant de transaction : 15000 FCFA, ID transaction : CI250730.1737.A43536, Frais : 0 FCFA, Commission : 0 FCFA, Montant Net du Credit : 15000 FCFA, Nouveau Solde : 15610.2 FCFA."
USER_7,2025-07-30,17:43:13,OrangeMoney,transfert,OUT,1554.0,FCFA,14002.2,"Transfert de [USER_7_phone] [USER_7] vers [PHONE_7883] Dang reussi. ID transaction: PP250730.1743.B47691, Montant Transaction: 1554 FCFA, Frais: 54 FCFA, Commission: 0 FCFA, Montant Net: 1608 FCFA, Nouveau Solde: 14002.2 FCFA."
USER_7,2025-07-30,17:58:00,OrangeMoney,transfert,OUT,10154.0,FCFA,3793.43,"Transfert de [USER_7_phone] [USER_7] vers [PHONE_3930] [CONTACT_F181] reussi. ID transaction: PP250730.1757.A64001, Montant Transaction: 10154 FCFA, Frais: 54.77 FCFA, Commission: 0 FCFA, Montant Net: 10208.77 FCFA, Nouveau Solde: 3793.43 FCFA."
USER_7,2025-07-30,18:00:02,OrangeMoney,rechargement,OUT,500.0,FCFA,3293.43,"Rechargement reussi. Montant de la transaction: 500 FCFA, ID transaction: RC250730.1759.B28614, Frais: 0 FCFA, Commission: 0 FCFA, Nouveau solde: 3293.43 FCFA"
USER_7,2025-07-31,00:05:55,OrangeMoney,transfert,OUT,1054.0,FCFA,2185.43,"Transfert de [USER_7_phone] [USER_7] vers [PHONE_3537] [CONTACT_20A7] reussi. ID transaction: PP250731.0005.D22113, Montant Transaction: 1054 FCFA, Frais: 54 FCFA, Commission: 0 FCFA, Montant Net: 1108 FCFA, Nouveau Solde: 2185.43 FCFA."
USER_7,2025-07-31,13:15:26,OrangeMoney,rechargement,OUT,500.0,FCFA,1685.43,"Rechargement reussi. Montant de la transaction: 500 FCFA, ID transaction: RC250731.1315.D13803, Frais: 0 FCFA, Commission: 0 FCFA, Nouveau solde: 1685.43 FCFA"
USER_7,2025-07-31,21:55:20,OrangeMoney,rechargement,OUT,500.0,FCFA,1185.43,"Rechargement reussi. Montant de la transaction: 500 FCFA, ID transaction: RC250731.2155.B90277, Frais: 0 FCFA, Commission: 0 FCFA, Nouveau solde: 1185.43 FCFA"
USER_7,2025-08-01,00:16:10,OrangeMoney,rechargement,OUT,200.0,FCFA,985.43,"Rechargement reussi. Montant de la transaction: 200 FCFA, ID transaction: RC250801.0015.C99301, Frais: 0 FCFA, Commission: 0 FCFA, Nouveau solde: 985.43 FCFA"
USER_7,2025-08-01,07:21:14,OrangeMoney,rechargement,OUT,500.0,FCFA,485.43,"Rechargement reussi. Montant de la transaction: 500 FCFA, ID transaction: RC250801.0721.B06731, Frais: 0 FCFA, Commission: 0 FCFA, Nouveau solde: 485.43 FCFA"
USER_7,2025-08-02,04:32:42,OrangeMoney,rechargement,OUT,200.0,FCFA,285.43,"Rechargement reussi. Montant de la transaction: 200 FCFA, ID transaction: RC250802.0432.B15171, Frais: 0 FCFA, Commission: 0 FCFA, Nouveau solde: 285.43 FCFA"
USER_7,2025-08-02,09:26:55,OrangeMoney,rechargement,OUT,150.0,FCFA,135.43,"Rechargement reussi. Montant de la transaction: 150 FCFA, ID transaction: RC250802.0926.D31128, Frais: 0 FCFA, Commission: 0 FCFA, Nouveau solde: 135.43 FCFA"
USER_7,2025-08-02,18:37:44,OrangeMoney,transfert,OUT,1500.0,FCFA,1535.43,"Transfert de [PHONE_6518] [CONTACT_2A64] vers [USER_7_phone] [USER_7] reussi. Details: ID transaction: PP250802.1837.A70117, Montant Transaction: 1500FCFA, Frais: 0 FCFA, Commission: 0 FCFA, Montant Net: 1500 FCFA, Nouveau Solde: 1535.43 FCFA."
USER_7,2025-08-03,07:00:25,OrangeMoney,rechargement,OUT,500.0,FCFA,1035.43,"Rechargement reussi. Montant de la transaction: 500 FCFA, ID transaction: RC250803.0700.D26288, Frais: 0 FCFA, Commission: 0 FCFA, Nouveau solde: 1035.43 FCFA"
USER_7,2025-08-03,18:56:44,OrangeMoney,rechargement,OUT,500.0,FCFA,535.43,"Rechargement reussi. Montant de la transaction: 500 FCFA, ID transaction: RC250803.1856.D99035, Frais: 0 FCFA, Commission: 0 FCFA, Nouveau solde: 535.43 FCFA"
USER_7,2025-08-04,12:10:05,OrangeMoney,rechargement,OUT,500.0,FCFA,35.43,"Rechargement reussi. Montant de la transaction: 500 FCFA, ID transaction: RC250804.1210.C74771, Frais: 0 FCFA, Commission: 0 FCFA, Nouveau solde: 35.43 FCFA"
USER_7,2025-08-05,09:29:09,OrangeMoney,depot,IN,26000.0,FCFA,26035.43,"Depot effectue par [PHONE_8342] [CONTACT_F416] to [USER_7_phone] [USER_7]. Informations detaillees: Montant de transaction : 26000 FCFA, ID transaction : CI250805.0929.C25934, Frais : 0 FCFA, Commission : 0 FCFA, Montant Net du Credit : 26000 FCFA, Nouveau Solde : 26035.43 FCFA."
USER_7,2025-08-05,14:13:48,OrangeMoney,transfert,OUT,10154.0,FCFA,36189.43,"Transfert de [PHONE_3754] [CONTACT_317F] vers [USER_7_phone] [USER_7] reussi. Details: ID transaction: PP250805.1413.D80599, Montant Transaction: 10154FCFA, Frais: 0 FCFA, Commission: 0 FCFA, Montant Net: 10154 FCFA, Nouveau Solde: 36189.43 FCFA."
USER_7,2025-08-06,10:59:25,OrangeMoney,transfert,OUT,15229.0,FCFA,20880.29,"Transfert de [USER_7_phone] [USER_7] vers [PHONE_6518] [CONTACT_2A64] reussi. ID transaction: PP250806.1059.C87457, Montant Transaction: 15229 FCFA, Frais: 80.14 FCFA, Commission: 0 FCFA, Montant Net: 15309.14 FCFA, Nouveau Solde: 20880.29 FCFA."
USER_7,2025-08-07,10:56:41,OrangeMoney,rechargement,OUT,500.0,FCFA,20380.29,"Rechargement reussi. Montant de la transaction: 500 FCFA, ID transaction: RC250807.1056.B06476, Frais: 0 FCFA, Commission: 0 FCFA, Nouveau solde: 20380.29 FCFA"
USER_7,2025-08-07,21:36:01,OrangeMoney,transfert,OUT,2100.0,FCFA,18226.29,"Transfert de [USER_7_phone] [USER_7] vers [PHONE_8890] [CONTACT_235C] A ITCHIRI reussi. ID transaction: PP250807.2135.D27332, Montant Transaction: 2100 FCFA, Frais: 54 FCFA, Commission: 0 FCFA, Montant Net: 2154 FCFA, Nouveau Solde: 18226.29 FCFA."
USER_7,2025-08-07,21:43:08,OrangeMoney,transfert,OUT,1054.0,FCFA,17118.29,"Transfert de [USER_7_phone] [USER_7] vers [PHONE_3930] [CONTACT_F181] reussi. ID transaction: PP250807.2143.A28948, Montant Transaction: 1054 FCFA, Frais: 54 FCFA, Commission: 0 FCFA, Montant Net: 1108 FCFA, Nouveau Solde: 17118.29 FCFA."
USER_7,2025-08-08,11:02:12,OrangeMoney,rechargement,OUT,500.0,FCFA,16618.29,"Rechargement reussi. Montant de la transaction: 500 FCFA, ID transaction: RC250808.1102.B20246, Frais: 0 FCFA, Commission: 0 FCFA, Nouveau solde: 16618.29 FCFA"
USER_7,2025-08-08,20:43:55,OrangeMoney,rechargement,OUT,500.0,FCFA,16118.29,"Rechargement reussi. Montant de la transaction: 500 FCFA, ID transaction: RC250808.2043.C88663, Frais: 0 FCFA, Commission: 0 FCFA, Nouveau solde: 16118.29 FCFA"
USER_7,2025-08-09,08:02:52,OrangeMoney,rechargement,OUT,500.0,FCFA,15618.29,"Rechargement reussi. Montant de la transaction: 500 FCFA, ID transaction: RC250809.0802.B13901, Frais: 0 FCFA, Commission: 0 FCFA, Nouveau solde: 15618.29 FCFA"
USER_7,2025-08-10,12:40:09,OrangeMoney,rechargement,OUT,500.0,FCFA,15118.29,"Rechargement reussi. Montant de la transaction: 500 FCFA, ID transaction: RC250810.1240.D54507, Frais: 0 FCFA, Commission: 0 FCFA, Nouveau solde: 15118.29 FCFA"
USER_7,2025-08-10,19:05:30,OrangeMoney,rechargement,OUT,100.0,FCFA,15018.29,"Rechargement reussi. Montant de la transaction: 100 FCFA, ID transaction: RC250810.1905.A99075, Frais: 0 FCFA, Commission: 0 FCFA, Nouveau solde: 15018.29 FCFA"
USER_7,2025-08-10,19:24:33,OrangeMoney,rechargement,OUT,1000.0,FCFA,14018.29,"Rechargement reussi. Montant de la transaction: 1000 FCFA, ID transaction: RC250810.1924.A01977, Frais: 0 FCFA, Commission: 0 FCFA, Nouveau solde: 14018.29 FCFA"
USER_7,2025-08-11,19:13:01,OrangeMoney,transfert,OUT,2000.0,FCFA,11964.29,"Transfert de [USER_7_phone] [USER_7] vers [PHONE_4164] [CONTACT_4DE5] reussi. ID transaction: PP250811.1912.B08384, Montant Transaction: 2000 FCFA, Frais: 54 FCFA, Commission: 0 FCFA, Montant Net: 2054 FCFA, Nouveau Solde: 11964.29 FCFA."
USER_7,2025-08-11,19:37:59,OrangeMoney,rechargement,OUT,700.0,FCFA,11264.29,"Rechargement reussi. Montant de la transaction: 700 FCFA, ID transaction: RC250811.1937.B27037, Frais: 0 FCFA, Commission: 0 FCFA, Nouveau solde: 11264.29 FCFA"
USER_7,2025-08-12,10:32:08,OrangeMoney,rechargement,OUT,500.0,FCFA,10764.29,"Rechargement reussi. Montant de la transaction: 500 FCFA, ID transaction: RC250812.1032.B84074, Frais: 0 FCFA, Commission: 0 FCFA, Nouveau solde: 10764.29 FCFA"
USER_7,2025-08-13,11:35:19,OrangeMoney,rechargement,OUT,500.0,FCFA,10264.29,"Rechargement reussi. Montant de la transaction: 500 FCFA, ID transaction: RC250813.1135.D03758, Frais: 0 FCFA, Commission: 0 FCFA, Nouveau solde: 10264.29 FCFA"
USER_7,2025-08-13,20:01:32,OrangeMoney,transfert,OUT,2554.0,FCFA,7656.29,"Transfert de [USER_7_phone] [USER_7] vers [PHONE_0559] [CONTACT_7D5D] reussi. ID transaction: PP250813.2001.C67559, Montant Transaction: 2554 FCFA, Frais: 54 FCFA, Commission: 0 FCFA, Montant Net: 2608 FCFA, Nouveau Solde: 7656.29 FCFA."
USER_7,2025-08-14,10:21:11,OrangeMoney,transfert,OUT,2554.0,FCFA,9710.29,"Transfert de [PHONE_0559] [CONTACT_7D5D] vers [USER_7_phone] [USER_7] reussi. Details: ID transaction: PP250814.1021.B47986, Montant Transaction: 2554FCFA, Frais: 0 FCFA, Commission: 0 FCFA, Montant Net: 2554 FCFA, Nouveau Solde: 9710.29 FCFA."
USER_7,2025-08-15,13:17:52,OrangeMoney,transfert,OUT,15229.0,FCFA,22839.29,"Transfert de [PHONE_6518] [CONTACT_2A64] vers [USER_7_phone] [USER_7] reussi. Details: ID transaction: PP250815.1317.B04746, Montant Transaction: 15229FCFA, Frais: 0 FCFA, Commission: 0 FCFA, Montant Net: 15229 FCFA, Nouveau Solde: 22839.29 FCFA."
USER_7,2025-08-15,13:47:17,OrangeMoney,rechargement,OUT,1000.0,FCFA,21839.29,"Rechargement reussi. Montant de la transaction: 1000 FCFA, ID transaction: RC250815.1347.B57051, Frais: 0 FCFA, Commission: 0 FCFA, Nouveau solde: 21839.29 FCFA"
USER_7,2025-08-15,22:59:19,OrangeMoney,paiement,OUT,1700.0,FCFA,20089.29,"Vous venez d'effectuer un paiement chez [CONTACT_AF12] d'un montant de 1700 FCFA.  Reference de la transaction: SM250815.2259.C64056, Frais: 50 FCFA, Montant net debite: 1750 FCFA. Nouveau Solde: 20089.29 FCFA. Orange Money vous remercie."
USER_7,2025-08-16,00:13:40,OrangeMoney,rechargement,OUT,200.0,FCFA,19889.29,"Rechargement reussi. Montant de la transaction: 200 FCFA, ID transaction: RC250816.0013.B24009, Frais: 0 FCFA, Commission: 0 FCFA, Nouveau solde: 19889.29 FCFA"
USER_7,2025-08-16,06:26:17,OrangeMoney,rechargement,OUT,500.0,FCFA,19389.29,"Rechargement reussi. Montant de la transaction: 500 FCFA, ID transaction: RC250816.0626.D24685, Frais: 0 FCFA, Commission: 0 FCFA, Nouveau solde: 19389.29 FCFA"
USER_7,2025-08-16,14:31:34,OrangeMoney,rechargement,OUT,500.0,FCFA,18889.29,"Rechargement reussi. Montant de la transaction: 500 FCFA, ID transaction: RC250816.1431.B78288, Frais: 0 FCFA, Commission: 0 FCFA, Nouveau solde: 18889.29 FCFA"
USER_7,2025-08-17,00:04:35,OrangeMoney,rechargement,OUT,1000.0,FCFA,17889.29,"Rechargement reussi. Montant de la transaction: 1000 FCFA, ID transaction: RC250817.0004.D31949, Frais: 0 FCFA, Commission: 0 FCFA, Nouveau solde: 17889.29 FCFA"
USER_7,2025-08-17,09:35:51,OrangeMoney,rechargement,OUT,500.0,FCFA,17389.29,"Rechargement reussi. Montant de la transaction: 500 FCFA, ID transaction: RC250817.0935.C59086, Frais: 0 FCFA, Commission: 0 FCFA, Nouveau solde: 17389.29 FCFA"
USER_7,2025-08-17,12:08:57,OrangeMoney,transfert,OUT,10154.0,FCFA,7180.52,"Transfert de [USER_7_phone] [USER_7] vers [PHONE_4407] Awoa Evina reussi. ID transaction: PP250817.1208.B93470, Montant Transaction: 10154 FCFA, Frais: 54.77 FCFA, Commission: 0 FCFA, Montant Net: 10208.77 FCFA, Nouveau Solde: 7180.52 FCFA."
USER_7,2025-08-17,14:00:19,OrangeMoney,retrait,OUT,5500.0,FCFA,1594.02,"Retrait d'argent reussi par le [PHONE_7800] avec le Code : 293328. Informations detaillees : Montant: 5500 FCFA, Frais: 86.5 FCFA, No de transaction CO250817.1400.A21783, montant net debite 5586.5 FCFA, Nouveau solde: 1594.02 FCFA."
USER_7,2025-08-18,16:44:18,OrangeMoney,rechargement,OUT,500.0,FCFA,894.02,"Rechargement reussi. Montant de la transaction: 500 FCFA, ID transaction: RC250818.1644.B19063, Frais: 0 FCFA, Commission: 0 FCFA, Nouveau solde: 894.02 FCFA"
USER_7,2025-08-19,08:18:47,OrangeMoney,depot,IN,10200.0,FCFA,11094.02,"Depot effectue par [PHONE_5459] [CONTACT_7C0C] to [USER_7_phone] [USER_7]. Informations detaillees: Montant de transaction : 10200 FCFA, ID transaction : CI250819.0818.C65062, Frais : 0 FCFA, Commission : 0 FCFA, Montant Net du Credit : 10200 FCFA, Nouveau Solde : 11094.02 FCFA."
USER_7,2025-08-19,08:36:07,OrangeMoney,rechargement,OUT,500.0,FCFA,10594.02,"Rechargement reussi. Montant de la transaction: 500 FCFA, ID transaction: RC250819.0836.A81499, Frais: 0 FCFA, Commission: 0 FCFA, Nouveau solde: 10594.02 FCFA"
USER_7,2025-08-19,12:37:13,OrangeMoney,transfert,OUT,10154.0,FCFA,20748.02,"Transfert de [PHONE_4407] Awoa Evina vers [USER_7_phone] [USER_7] reussi. Details: ID transaction: PP250819.1237.C28510, Montant Transaction: 10154FCFA, Frais: 0 FCFA, Commission: 0 FCFA, Montant Net: 10154 FCFA, Nouveau Solde: 20748.02 FCFA."
USER_7,2025-08-19,13:39:24,OrangeMoney,transfert,OUT,5079.0,FCFA,15615.02,"Transfert de [USER_7_phone] [USER_7] vers [PHONE_9343] [CONTACT_4D53] reussi. ID transaction: PP250819.1339.B67874, Montant Transaction: 5079 FCFA, Frais: 54 FCFA, Commission: 0 FCFA, Montant Net: 5133 FCFA, Nouveau Solde: 15615.02 FCFA."
USER_7,2025-08-19,13:41:29,OrangeMoney,transfert,OUT,5079.0,FCFA,10482.02,"Transfert de [USER_7_phone] [USER_7] vers [PHONE_8589] [CONTACT_EF48] reussi. ID transaction: PP250819.1341.A77780, Montant Transaction: 5079 FCFA, Frais: 54 FCFA, Commission: 0 FCFA, Montant Net: 5133 FCFA, Nouveau Solde: 10482.02 FCFA."
USER_7,2025-08-19,19:41:51,OrangeMoney,rechargement,OUT,1000.0,FCFA,9482.02,"Rechargement reussi. Montant de la transaction: 1000 FCFA, ID transaction: RC250819.1941.D52990, Frais: 0 FCFA, Commission: 0 FCFA, Nouveau solde: 9482.02 FCFA"
USER_7,2025-08-20,08:58:30,OrangeMoney,rechargement,OUT,500.0,FCFA,8982.02,"Rechargement reussi. Montant de la transaction: 500 FCFA, ID transaction: RC250820.0858.C98814, Frais: 0 FCFA, Commission: 0 FCFA, Nouveau solde: 8982.02 FCFA"
USER_7,2025-08-20,20:04:07,OrangeMoney,rechargement,OUT,1000.0,FCFA,7982.02,"Rechargement reussi. Montant de la transaction: 1000 FCFA, ID transaction: RC250820.2004.C74992, Frais: 0 FCFA, Commission: 0 FCFA, Nouveau solde: 7982.02 FCFA"
USER_7,2025-08-21,13:00:31,OrangeMoney,rechargement,OUT,1000.0,FCFA,6982.02,"Rechargement reussi. Montant de la transaction: 1000 FCFA, ID transaction: RC250821.1300.D35124, Frais: 0 FCFA, Commission: 0 FCFA, Nouveau solde: 6982.02 FCFA"
USER_7,2025-08-22,08:30:18,OrangeMoney,rechargement,OUT,500.0,FCFA,6482.02,"Rechargement reussi. Montant de la transaction: 500 FCFA, ID transaction: RC250822.0830.B24724, Frais: 0 FCFA, Commission: 0 FCFA, Nouveau solde: 6482.02 FCFA"
USER_7,2025-08-22,15:23:13,OrangeMoney,rechargement,OUT,500.0,FCFA,5982.02,"Rechargement reussi. Montant de la transaction: 500 FCFA, ID transaction: RC250822.1523.C67761, Frais: 0 FCFA, Commission: 0 FCFA, Nouveau solde: 5982.02 FCFA"
USER_7,2025-08-22,18:43:56,OrangeMoney,transfert,OUT,800.0,FCFA,5128.02,"Transfert de [USER_7_phone] [USER_7] vers [PHONE_0514] [CONTACT_B88F] reussi. ID transaction: PP250822.1843.A95335, Montant Transaction: 800 FCFA, Frais: 54 FCFA, Commission: 0 FCFA, Montant Net: 854 FCFA, Nouveau Solde: 5128.02 FCFA."
USER_7,2025-08-23,04:06:00,OrangeMoney,transfert,OUT,1854.0,FCFA,3220.02,"Transfert de [USER_7_phone] [USER_7] vers [PHONE_2050] [CONTACT_47B2] reussi. ID transaction: PP250823.0405.A29364, Montant Transaction: 1854 FCFA, Frais: 54 FCFA, Commission: 0 FCFA, Montant Net: 1908 FCFA, Nouveau Solde: 3220.02 FCFA."
USER_7,2025-08-23,15:27:29,OrangeMoney,transfert,OUT,1854.0,FCFA,1312.02,"Transfert de [USER_7_phone] [USER_7] vers [PHONE_2624] [CONTACT_78E6] reussi. ID transaction: PP250823.1527.C84015, Montant Transaction: 1854 FCFA, Frais: 54 FCFA, Commission: 0 FCFA, Montant Net: 1908 FCFA, Nouveau Solde: 1312.02 FCFA."
USER_7,2025-08-24,09:59:01,OrangeMoney,rechargement,OUT,500.0,FCFA,112.02,"Rechargement reussi. Montant de la transaction: 500 FCFA, ID transaction: RC250824.0958.B58789, Frais: 0 FCFA, Commission: 0 FCFA, Nouveau solde: 112.02 FCFA"
USER_7,2025-08-27,03:29:57,OrangeMoney,rechargement,OUT,200.0,FCFA,212.02,"Rechargement reussi. Montant de la transaction: 200 FCFA, ID transaction: RC250827.0329.B80468, Frais: 0 FCFA, Commission: 0 FCFA, Nouveau solde: 212.02 FCFA"
USER_7,2025-08-30,01:38:45,OrangeMoney,transfert,OUT,1054.0,FCFA,1266.02,"Transfert de [PHONE_1028] [CONTACT_B75F] vers [USER_7_phone] [USER_7] reussi. Details: ID transaction: PP250830.0138.A72271, Montant Transaction: 1054FCFA, Frais: 0 FCFA, Commission: 0 FCFA, Montant Net: 1054 FCFA, Nouveau Solde: 1266.02 FCFA."
USER_7,2025-08-30,02:33:05,OrangeMoney,rechargement,OUT,500.0,FCFA,766.02,"Rechargement reussi. Montant de la transaction: 500 FCFA, ID transaction: RC250830.0232.B34266, Frais: 0 FCFA, Commission: 0 FCFA, Nouveau solde: 766.02 FCFA"
USER_7,2025-08-30,10:01:22,OrangeMoney,rechargement,OUT,500.0,FCFA,266.02,"Rechargement reussi. Montant de la transaction: 500 FCFA, ID transaction: RC250830.1001.B58892, Frais: 0 FCFA, Commission: 0 FCFA, Nouveau solde: 266.02 FCFA"
USER_7,2025-09-01,08:59:19,OrangeMoney,transfert,OUT,30454.0,FCFA,30720.02,"Transfert de [PHONE_3754] [CONTACT_317F] vers [USER_7_phone] [USER_7] reussi. Details: ID transaction: PP250901.0859.B22480, Montant Transaction: 30454FCFA, Frais: 0 FCFA, Commission: 0 FCFA, Montant Net: 30454 FCFA, Nouveau Solde: 30720.02 FCFA."
USER_7,2025-09-01,14:34:27,OrangeMoney,retrait,OUT,5000.0,FCFA,25641.02,"Retrait d'argent reussi par le [PHONE_3297] avec le Code : 872355. Informations detaillees : Montant: 5000 FCFA, Frais: 79 FCFA, No de transaction CO250901.1432.D22261, montant net debite 5079 FCFA, Nouveau solde: 25641.02 FCFA."
USER_7,2025-09-01,14:51:24,OrangeMoney,rechargement,OUT,500.0,FCFA,25141.02,"Rechargement reussi. Montant de la transaction: 500 FCFA, ID transaction: RC250901.1451.C23853, Frais: 0 FCFA, Commission: 0 FCFA, Nouveau solde: 25141.02 FCFA"
USER_7,2025-09-01,16:32:32,OrangeMoney,rechargement,OUT,500.0,FCFA,24641.02,"Rechargement reussi. Montant de la transaction: 500 FCFA, ID transaction: RC250901.1632.B38007, Frais: 0 FCFA, Commission: 0 FCFA, Nouveau solde: 24641.02 FCFA"
USER_7,2025-09-01,22:36:00,OrangeMoney,rechargement,OUT,1500.0,FCFA,23141.02,"Rechargement reussi. Montant de la transaction: 1500 FCFA, ID transaction: RC250901.2235.A75804, Frais: 0 FCFA, Commission: 0 FCFA, Nouveau solde: 23141.02 FCFA"
USER_7,2025-09-02,12:16:31,OrangeMoney,transfert,OUT,200.0,FCFA,22887.02,"Transfert de [USER_7_phone] [USER_7] vers [PHONE_6518] [CONTACT_2A64] reussi. ID transaction: PP250902.1216.D48698, Montant Transaction: 200 FCFA, Frais: 54 FCFA, Commission: 0 FCFA, Montant Net: 254 FCFA, Nouveau Solde: 22887.02 FCFA."
USER_7,2025-09-03,00:45:12,OrangeMoney,rechargement,OUT,1000.0,FCFA,21887.02,"Rechargement reussi. Montant de la transaction: 1000 FCFA, ID transaction: RC250903.0045.D89185, Frais: 0 FCFA, Commission: 0 FCFA, Nouveau solde: 21887.02 FCFA"
USER_7,2025-09-03,15:18:49,OrangeMoney,rechargement,OUT,1500.0,FCFA,20387.02,"Rechargement reussi. Montant de la transaction: 1500 FCFA, ID transaction: RC250903.1518.C53732, Frais: 0 FCFA, Commission: 0 FCFA, Nouveau solde: 20387.02 FCFA"
USER_7,2025-09-03,18:18:16,OrangeMoney,rechargement,OUT,500.0,FCFA,19887.02,"Rechargement reussi. Montant de la transaction: 500 FCFA, ID transaction: RC250903.1818.D67631, Frais: 0 FCFA, Commission: 0 FCFA, Nouveau solde: 19887.02 FCFA"
USER_7,2025-09-03,22:30:23,OrangeMoney,rechargement,OUT,1000.0,FCFA,18887.02,"Rechargement reussi. Montant de la transaction: 1000 FCFA, ID transaction: RC250903.2230.A02549, Frais: 0 FCFA, Commission: 0 FCFA, Nouveau solde: 18887.02 FCFA"
USER_7,2025-09-04,12:43:38,OrangeMoney,rechargement,OUT,500.0,FCFA,18387.02,"Rechargement reussi. Montant de la transaction: 500 FCFA, ID transaction: RC250904.1242.C52584, Frais: 0 FCFA, Commission: 0 FCFA, Nouveau solde: 18387.02 FCFA"
USER_7,2025-09-04,14:44:34,OrangeMoney,transfert,OUT,5079.0,FCFA,13254.02,"Transfert de [USER_7_phone] [USER_7] vers [PHONE_8147] [CONTACT_6C59] reussi. ID transaction: PP250904.1444.B75652, Montant Transaction: 5079 FCFA, Frais: 54 FCFA, Commission: 0 FCFA, Montant Net: 5133 FCFA, Nouveau Solde: 13254.02 FCFA."
USER_7,2025-09-05,00:01:30,OrangeMoney,rechargement,OUT,1000.0,FCFA,12254.02,"Rechargement reussi. Montant de la transaction: 1000 FCFA, ID transaction: RC250905.0001.A21552, Frais: 0 FCFA, Commission: 0 FCFA, Nouveau solde: 12254.02 FCFA"
USER_7,2025-09-05,15:54:23,OrangeMoney,rechargement,OUT,1000.0,FCFA,11254.02,"Rechargement reussi. Montant de la transaction: 1000 FCFA, ID transaction: RC250905.1553.B90448, Frais: 0 FCFA, Commission: 0 FCFA, Nouveau solde: 11254.02 FCFA"
USER_7,2025-09-06,09:55:31,OrangeMoney,retrait,OUT,5000.0,FCFA,6175.02,"Retrait d'argent reussi par le [PHONE_7800] avec le Code : 293328. Informations detaillees : Montant: 5000 FCFA, Frais: 79 FCFA, No de transaction CO250906.0955.C91351, montant net debite 5079 FCFA, Nouveau solde: 6175.02 FCFA."
USER_7,2025-09-06,21:14:55,OrangeMoney,retrait,OUT,5000.0,FCFA,1096.02,"Retrait d'argent reussi par le [PHONE_2763] avec le Code : 291202. Informations detaillees : Montant: 5000 FCFA, Frais: 79 FCFA, No de transaction CO250906.2114.C23742, montant net debite 5079 FCFA, Nouveau solde: 1096.02 FCFA."
USER_7,2025-09-07,11:25:28,OrangeMoney,rechargement,OUT,500.0,FCFA,596.02,"Rechargement reussi. Montant de la transaction: 500 FCFA, ID transaction: RC250907.1125.B98403, Frais: 0 FCFA, Commission: 0 FCFA, Nouveau solde: 596.02 FCFA"
USER_7,2025-09-07,15:09:37,OrangeMoney,rechargement,OUT,500.0,FCFA,96.02,"Rechargement reussi. Montant de la transaction: 500 FCFA, ID transaction: RC250907.1509.B23021, Frais: 0 FCFA, Commission: 0 FCFA, Nouveau solde: 96.02 FCFA"
USER_7,2025-09-08,00:15:26,OrangeMoney,depot,IN,2000.0,FCFA,2096.02,"Depot effectue par [PHONE_3420] [CONTACT_1BCD] to [USER_7_phone] [USER_7]. Informations detaillees: Montant de transaction : 2000 FCFA, ID transaction : CI250908.0015.B41129, Frais : 0 FCFA, Commission : 0 FCFA, Montant Net du Credit : 2000 FCFA, Nouveau Solde : 2096.02 FCFA."
USER_7,2025-09-08,00:18:34,OrangeMoney,transfert,OUT,1000.0,FCFA,1042.02,"Transfert de [USER_7_phone] [USER_7] vers [PHONE_6558] [CONTACT_7B4F] reussi. ID transaction: PP250908.0018.D41236, Montant Transaction: 1000 FCFA, Frais: 54 FCFA, Commission: 0 FCFA, Montant Net: 1054 FCFA, Nouveau Solde: 1042.02 FCFA."
USER_7,2025-09-08,00:19:42,OrangeMoney,rechargement,OUT,500.0,FCFA,542.02,"Rechargement reussi. Montant de la transaction: 500 FCFA, ID transaction: RC250908.0019.B81226, Frais: 0 FCFA, Commission: 0 FCFA, Nouveau solde: 542.02 FCFA"
USER_7,2025-09-14,12:21:28,OrangeMoney,rechargement,OUT,500.0,FCFA,42.02,"Rechargement reussi. Montant de la transaction: 500 FCFA, ID transaction: RC250914.1221.C16798, Frais: 0 FCFA, Commission: 0 FCFA, Nouveau solde: 42.02 FCFA"
USER_7,2025-09-15,11:05:25,OrangeMoney,depot,IN,15000.0,FCFA,15042.02,"Depot effectue par [PHONE_5255] [CONTACT_BA46] to [USER_7_phone] [USER_7]. Informations detaillees: Montant de transaction : 15000 FCFA, ID transaction : CI250915.1105.B73990, Frais : 0 FCFA, Commission : 0 FCFA, Montant Net du Credit : 15000 FCFA, Nouveau Solde : 15042.02 FCFA."
USER_7,2025-09-16,12:56:55,OrangeMoney,transfert,OUT,1054.0,FCFA,16096.02,"Transfert de [PHONE_9300] [CONTACT_A344] vers [USER_7_phone] [USER_7] reussi. Details: ID transaction: PP250916.1256.B61322, Montant Transaction: 1054FCFA, Frais: 0 FCFA, Commission: 0 FCFA, Montant Net: 1054 FCFA, Nouveau Solde: 16096.02 FCFA."
USER_7,2025-09-16,19:03:37,OrangeMoney,transfert,OUT,600.0,FCFA,15442.02,"Transfert de [USER_7_phone] [USER_7] vers [PHONE_2459] [CONTACT_5A5D] reussi. ID transaction: PP250916.1903.B81762, Montant Transaction: 600 FCFA, Frais: 54 FCFA, Commission: 0 FCFA, Montant Net: 654 FCFA, Nouveau Solde: 15442.02 FCFA."
USER_7,2025-09-16,19:24:34,OrangeMoney,rechargement,OUT,1000.0,FCFA,14442.02,"Rechargement reussi. Montant de la transaction: 1000 FCFA, ID transaction: RC250916.1924.C92652, Frais: 0 FCFA, Commission: 0 FCFA, Nouveau solde: 14442.02 FCFA"
USER_7,2025-09-17,15:33:12,OrangeMoney,transfert,OUT,3556.5,FCFA,10831.52,"Transfert de [USER_7_phone] [USER_7] vers [PHONE_3537] [CONTACT_20A7] reussi. ID transaction: PP250917.1533.B75302, Montant Transaction: 3556.5 FCFA, Frais: 54 FCFA, Commission: 0 FCFA, Montant Net: 3610.5 FCFA, Nouveau Solde: 10831.52 FCFA."
USER_7,2025-09-17,16:50:40,OrangeMoney,rechargement,OUT,1000.0,FCFA,9831.52,"Rechargement reussi. Montant de la transaction: 1000 FCFA, ID transaction: RC250917.1650.D80568, Frais: 0 FCFA, Commission: 0 FCFA, Nouveau solde: 9831.52 FCFA"
USER_7,2025-09-18,12:18:35,OrangeMoney,rechargement,OUT,500.0,FCFA,8831.52,"Rechargement reussi. Montant de la transaction: 500 FCFA, ID transaction: RC250918.1218.B67097, Frais: 0 FCFA, Commission: 0 FCFA, Nouveau solde: 8831.52 FCFA"
USER_7,2025-09-18,18:27:51,OrangeMoney,retrait,OUT,5000.0,FCFA,3752.52,"Retrait d'argent reussi par le [PHONE_2763] avec le Code : 291202. Informations detaillees : Montant: 5000 FCFA, Frais: 79 FCFA, No de transaction CO250918.1827.B62725, montant net debite 5079 FCFA, Nouveau solde: 3752.52 FCFA."
USER_7,2025-09-18,19:53:59,OrangeMoney,rechargement,OUT,500.0,FCFA,3252.52,"Rechargement reussi. Montant de la transaction: 500 FCFA, ID transaction: RC250918.1953.B18848, Frais: 0 FCFA, Commission: 0 FCFA, Nouveau solde: 3252.52 FCFA"
USER_7,2025-09-19,10:14:51,OrangeMoney,transfert,OUT,20304.0,FCFA,23056.52,"Transfert de [PHONE_8589] [CONTACT_EF48] vers [USER_7_phone] [USER_7] reussi. Details: ID transaction: PP250919.1014.A34175, Montant Transaction: 20304FCFA, Frais: 0 FCFA, Commission: 0 FCFA, Montant Net: 20304 FCFA, Nouveau Solde: 23056.52 FCFA."
USER_7,2025-09-19,11:31:44,OrangeMoney,transfert,OUT,5000.0,FCFA,28056.52,"Transfert de [PHONE_8589] [CONTACT_EF48] vers [USER_7_phone] [USER_7] reussi. Details: ID transaction: PP250919.1131.D90894, Montant Transaction: 5000FCFA, Frais: 0 FCFA, Commission: 0 FCFA, Montant Net: 5000 FCFA, Nouveau Solde: 28056.52 FCFA."
USER_7,2025-09-19,13:46:04,OrangeMoney,retrait,OUT,25000.0,FCFA,2677.52,"Retrait d'argent reussi par le [PHONE_9240] avec le Code : 350168. Informations detaillees : Montant: 25000 FCFA, Frais: 379 FCFA, No de transaction CO250919.1345.C69386, montant net debite 25379 FCFA, Nouveau solde: 2677.52 FCFA."
USER_7,2025-09-19,17:46:33,OrangeMoney,rechargement,OUT,500.0,FCFA,2177.52,"Rechargement reussi. Montant de la transaction: 500 FCFA, ID transaction: RC250919.1746.D18080, Frais: 0 FCFA, Commission: 0 FCFA, Nouveau solde: 2177.52 FCFA"
USER_7,2025-09-20,10:13:40,OrangeMoney,transfert,OUT,1554.0,FCFA,3531.52,"Transfert de [PHONE_7530] [CONTACT_3E41] vers [USER_7_phone] [USER_7] reussi. Details: ID transaction: PP250920.1013.C71560, Montant Transaction: 1554FCFA, Frais: 0 FCFA, Commission: 0 FCFA, Montant Net: 1554 FCFA, Nouveau Solde: 3531.52 FCFA."
USER_7,2025-09-20,11:02:12,OrangeMoney,rechargement,OUT,600.0,FCFA,2931.52,"Rechargement reussi. Montant de la transaction: 600 FCFA, ID transaction: RC250920.1101.D89653, Frais: 0 FCFA, Commission: 0 FCFA, Nouveau solde: 2931.52 FCFA"
USER_7,2025-09-20,16:32:14,OrangeMoney,rechargement,OUT,500.0,FCFA,2431.52,"Rechargement reussi. Montant de la transaction: 500 FCFA, ID transaction: RC250920.1632.A25933, Frais: 0 FCFA, Commission: 0 FCFA, Nouveau solde: 2431.52 FCFA"
USER_7,2025-09-21,09:03:00,OrangeMoney,rechargement,OUT,500.0,FCFA,1231.52,"Rechargement reussi. Montant de la transaction: 500 FCFA, ID transaction: RC250921.0902.B92825, Frais: 0 FCFA, Commission: 0 FCFA, Nouveau solde: 1231.52 FCFA"
USER_7,2025-09-21,14:19:30,OrangeMoney,rechargement,OUT,500.0,FCFA,731.52,"Rechargement reussi. Montant de la transaction: 500 FCFA, ID transaction: RC250921.1419.C23638, Frais: 0 FCFA, Commission: 0 FCFA, Nouveau solde: 731.52 FCFA"
USER_7,2025-09-21,14:31:20,OrangeMoney,depot,IN,5000.0,FCFA,5731.52,"Depot effectue par [PHONE_1839] [CONTACT_3C14] to [USER_7_phone] [USER_7]. Informations detaillees: Montant de transaction : 5000 FCFA, ID transaction : CI250921.1431.D43064, Frais : 0 FCFA, Commission : 0 FCFA, Montant Net du Credit : 5000 FCFA, Nouveau Solde : 5731.52 FCFA."
USER_7,2025-09-21,17:53:29,OrangeMoney,rechargement,OUT,500.0,FCFA,5231.52,"Rechargement reussi. Montant de la transaction: 500 FCFA, ID transaction: RC250921.1753.D42227, Frais: 0 FCFA, Commission: 0 FCFA, Nouveau solde: 5231.52 FCFA"
USER_7,2025-09-21,22:51:18,OrangeMoney,retrait,OUT,5000.0,FCFA,152.52,"Retrait d'argent reussi par le [PHONE_2763] avec le Code : 291202. Informations detaillees : Montant: 5000 FCFA, Frais: 79 FCFA, No de transaction CO250921.2251.C29089, montant net debite 5079 FCFA, Nouveau solde: 152.52 FCFA."
USER_7,2025-09-24,12:49:19,OrangeMoney,transfert,OUT,1000.0,FCFA,1152.52,"Transfert de [PHONE_3930] [CONTACT_F181] vers [USER_7_phone] [USER_7] reussi. Details: ID transaction: PP250924.1248.D55287, Montant Transaction: 1000FCFA, Frais: 0 FCFA, Commission: 0 FCFA, Montant Net: 1000 FCFA, Nouveau Solde: 1152.52 FCFA."
USER_7,2025-09-24,23:01:18,OrangeMoney,autre,unknown,32798.0,FCFA,,"Transfert d'argent de 32798 FCFA reçu de Gisèle MIMVANG provenant du pays FR le 24/09/2025 à 22:01:06. Nouveau solde OM : 33450.52 FCFA, Frais : 0 FCFA, CI250924.2301.B84980 Orange Money vous remercie"
USER_7,2025-09-24,23:33:06,OrangeMoney,transfert,OUT,1000.0,FCFA,32444.52,"Transfert de [USER_7_phone] [USER_7] vers [PHONE_3145] [CONTACT_3C81] reussi. ID transaction: PP250924.2333.C72342, Montant Transaction: 1000 FCFA, Frais: 6 FCFA, Commission: 0 FCFA, Montant Net: 1006 FCFA, Nouveau Solde: 32444.52 FCFA."
USER_7,2025-09-25,07:38:05,OrangeMoney,rechargement,OUT,500.0,FCFA,31744.52,"Rechargement reussi. Montant de la transaction: 500 FCFA, ID transaction: RC250925.0737.C08400, Frais: 0 FCFA, Commission: 0 FCFA, Nouveau solde: 31744.52 FCFA"
USER_7,2025-09-25,10:13:31,OrangeMoney,rechargement,OUT,1000.0,FCFA,30744.52,"Rechargement reussi. Montant de la transaction: 1000 FCFA, ID transaction: RC250925.1013.A24426, Frais: 0 FCFA, Commission: 0 FCFA, Nouveau solde: 30744.52 FCFA"
USER_7,2025-09-25,11:24:55,OrangeMoney,retrait,OUT,10000.0,FCFA,20590.52,"Retrait d'argent reussi par le [PHONE_5971] avec le Code : 930946. Informations detaillees : Montant: 10000 FCFA, Frais: 154 FCFA, No de transaction CO250925.1124.B32176, montant net debite 10154 FCFA, Nouveau solde: 20590.52 FCFA."
USER_7,2025-09-25,14:30:13,OrangeMoney,transfert,OUT,3000.0,FCFA,17580.52,"Transfert de [USER_7_phone] [USER_7] vers [PHONE_6324] [CONTACT_3D25] A ZANG reussi. ID transaction: PP250925.1430.D36293, Montant Transaction: 3000 FCFA, Frais: 10 FCFA, Commission: 0 FCFA, Montant Net: 3010 FCFA, Nouveau Solde: 17580.52 FCFA."
USER_7,2025-09-26,10:23:12,OrangeMoney,transfert,OUT,2154.0,FCFA,15172.52,"Transfert de [USER_7_phone] [USER_7] vers [PHONE_0514] [CONTACT_B88F] reussi. ID transaction: PP250926.1023.C39633, Montant Transaction: 2154 FCFA, Frais: 54 FCFA, Commission: 0 FCFA, Montant Net: 2208 FCFA, Nouveau Solde: 15172.52 FCFA."
USER_7,2025-09-26,15:13:53,OrangeMoney,transfert,OUT,5079.0,FCFA,10039.52,"Transfert de [USER_7_phone] [USER_7] vers [PHONE_6664] [CONTACT_3E4F] reussi. ID transaction: PP250926.1513.D20093, Montant Transaction: 5079 FCFA, Frais: 54 FCFA, Commission: 0 FCFA, Montant Net: 5133 FCFA, Nouveau Solde: 10039.52 FCFA."
USER_7,2025-09-26,16:07:53,OrangeMoney,retrait,OUT,9500.0,FCFA,393.02,"Retrait d'argent reussi par le [PHONE_1967] avec le Code : 160554. Informations detaillees : Montant: 9500 FCFA, Frais: 146.5 FCFA, No de transaction CO250926.1607.B31192, montant net debite 9646.5 FCFA, Nouveau solde: 393.02 FCFA."
USER_7,2025-09-28,11:52:17,OrangeMoney,transfert,OUT,10154.0,FCFA,10547.02,"Transfert de [PHONE_2459] [CONTACT_5A5D] vers [USER_7_phone] [USER_7] reussi. Details: ID transaction: PP250928.1152.D77505, Montant Transaction: 10154FCFA, Frais: 0 FCFA, Commission: 0 FCFA, Montant Net: 10154 FCFA, Nouveau Solde: 10547.02 FCFA."
USER_7,2025-09-28,14:18:19,OrangeMoney,rechargement,OUT,200.0,FCFA,10347.02,"Rechargement reussi. Montant de la transaction: 200 FCFA, ID transaction: RC250928.1416.D85377, Frais: 0 FCFA, Commission: 0 FCFA, Nouveau solde: 10347.02 FCFA"
USER_7,2025-09-28,14:32:41,OrangeMoney,depot,IN,10150.0,FCFA,20497.02,"Depot effectue par [PHONE_0891] [CONTACT_1F5D] to [USER_7_phone] [USER_7]. Informations detaillees: Montant de transaction : 10150 FCFA, ID transaction : CI250928.1432.A04201, Frais : 0 FCFA, Commission : 0 FCFA, Montant Net du Credit : 10150 FCFA, Nouveau Solde : 20497.02 FCFA."
USER_7,2025-09-28,19:44:48,OrangeMoney,transfert,OUT,5079.0,FCFA,15403.87,"Transfert de [USER_7_phone] [USER_7] vers [PHONE_3484] [CONTACT_488D] FOUDA I reussi. ID transaction: PP250928.1944.D10319, Montant Transaction: 5079 FCFA, Frais: 14.15 FCFA, Commission: 0 FCFA, Montant Net: 5093.15 FCFA, Nouveau Solde: 15403.87 FCFA."
USER_7,2025-09-29,17:21:55,OrangeMoney,depot,IN,10200.0,FCFA,25603.87,"Depot effectue par [PHONE_4905] [CONTACT_1777] to [USER_7_phone] [USER_7]. Informations detaillees: Montant de transaction : 10200 FCFA, ID transaction : CI250929.1721.C20709, Frais : 0 FCFA, Commission : 0 FCFA, Montant Net du Credit : 10200 FCFA, Nouveau Solde : 25603.87 FCFA."
USER_7,2025-10-01,08:59:35,OrangeMoney,rechargement,OUT,1000.0,FCFA,24603.87,"Rechargement reussi. Montant de la transaction: 1000 FCFA, ID transaction: RC251001.0859.D80224, Frais: 0 FCFA, Commission: 0 FCFA, Nouveau solde: 24603.87 FCFA"
USER_7,2025-10-01,21:28:44,OrangeMoney,rechargement,OUT,1000.0,FCFA,23603.87,"Rechargement reussi. Montant de la transaction: 1000 FCFA, ID transaction: RC251001.2128.B75545, Frais: 0 FCFA, Commission: 0 FCFA, Nouveau solde: 23603.87 FCFA"
USER_7,2025-10-02,21:15:27,OrangeMoney,rechargement,OUT,500.0,FCFA,22603.87,"Rechargement reussi. Montant de la transaction: 500 FCFA, ID transaction: RC251002.2115.B90038, Frais: 0 FCFA, Commission: 0 FCFA, Nouveau solde: 22603.87 FCFA"
USER_7,2025-10-05,01:14:58,OrangeMoney,transfert,OUT,1600.0,FCFA,11249.87,"Transfert de [USER_7_phone] [USER_7] vers [PHONE_6951] [CONTACT_EF87] reussi. ID transaction: PP251005.0114.A73395, Montant Transaction: 1600 FCFA, Frais: 54 FCFA, Commission: 0 FCFA, Montant Net: 1654 FCFA, Nouveau Solde: 11249.87 FCFA."
USER_7,2025-10-05,04:33:56,OrangeMoney,transfert,OUT,2400.0,FCFA,8795.87,"Transfert de [USER_7_phone] [USER_7] vers [PHONE_5871] [CONTACT_3C09] reussi. ID transaction: PP251005.0433.D00130, Montant Transaction: 2400 FCFA, Frais: 54 FCFA, Commission: 0 FCFA, Montant Net: 2454 FCFA, Nouveau Solde: 8795.87 FCFA."
USER_7,2025-10-06,18:41:40,OrangeMoney,transfert,OUT,2054.0,FCFA,4233.77,"Transfert de [USER_7_phone] [USER_7] vers [PHONE_9285] [CONTACT_7EA6] reussi. ID transaction: PP251006.1841.B00898, Montant Transaction: 2054 FCFA, Frais: 8.1 FCFA, Commission: 0 FCFA, Montant Net: 2062.1 FCFA, Nouveau Solde: 4233.77 FCFA."
USER_7,2025-10-09,14:17:24,OrangeMoney,rechargement,OUT,300.0,FCFA,1033.77,"Rechargement reussi. Montant de la transaction: 300 FCFA, ID transaction: RC251009.1417.B02987, Frais: 0 FCFA, Commission: 0 FCFA, Nouveau solde: 1033.77 FCFA"
USER_7,2025-10-11,23:21:51,OrangeMoney,depot,IN,5000.0,FCFA,5033.77,"Depot effectue par [PHONE_7954] Charlie judith djapou to [USER_7_phone] [USER_7]. Informations detaillees: Montant de transaction : 5000 FCFA, ID transaction : CI251011.2321.A62572, Frais : 0 FCFA, Commission : 0 FCFA, Montant Net du Credit : 5000 FCFA, Nouveau Solde : 5033.77 FCFA."
USER_7,2025-10-11,23:30:09,OrangeMoney,transfert,OUT,1000.0,FCFA,4027.77,"Transfert de [USER_7_phone] [USER_7] vers [PHONE_5018] [CONTACT_0F67] reussi. ID transaction: PP251011.2330.C29646, Montant Transaction: 1000 FCFA, Frais: 6 FCFA, Commission: 0 FCFA, Montant Net: 1006 FCFA, Nouveau Solde: 4027.77 FCFA."
USER_7,2025-10-13,11:51:11,OrangeMoney,rechargement,OUT,500.0,FCFA,1127.77,"Rechargement reussi. Montant de la transaction: 500 FCFA, ID transaction: RC251013.1150.C36791, Frais: 0 FCFA, Commission: 0 FCFA, Nouveau solde: 1127.77 FCFA"
USER_7,2025-10-15,12:44:10,OrangeMoney,rechargement,OUT,200.0,FCFA,227.77,"Rechargement reussi. Montant de la transaction: 200 FCFA, ID transaction: RC251015.1244.B50260, Frais: 0 FCFA, Commission: 0 FCFA, Nouveau solde: 227.77 FCFA"
USER_7,2025-10-16,11:59:42,OrangeMoney,depot,IN,5000.0,FCFA,5227.77,"Depot effectue par [PHONE_5971] [CONTACT_9B3E] to [USER_7_phone] [USER_7]. Informations detaillees: Montant de transaction : 5000 FCFA, ID transaction : CI251016.1159.A17155, Frais : 0 FCFA, Commission : 0 FCFA, Montant Net du Credit : 5000 FCFA, Nouveau Solde : 5227.77 FCFA."
USER_7,2025-10-16,12:07:30,OrangeMoney,transfert,OUT,2054.0,FCFA,3165.67,"Transfert de [USER_7_phone] [USER_7] vers [PHONE_2459] [CONTACT_5A5D] reussi. ID transaction: PP251016.1207.A47516, Montant Transaction: 2054 FCFA, Frais: 8.1 FCFA, Commission: 0 FCFA, Montant Net: 2062.1 FCFA, Nouveau Solde: 3165.67 FCFA."
USER_7,2025-10-17,02:52:29,OrangeMoney,transfert,OUT,1050.0,FCFA,2061.67,"Transfert de [USER_7_phone] [USER_7] vers [PHONE_5018] [CONTACT_0F67] reussi. ID transaction: PP251017.0252.C11452, Montant Transaction: 1050 FCFA, Frais: 54 FCFA, Commission: 0 FCFA, Montant Net: 1104 FCFA, Nouveau Solde: 2061.67 FCFA."
USER_7,2025-10-17,11:03:08,OrangeMoney,rechargement,OUT,500.0,FCFA,1361.67,"Rechargement reussi. Montant de la transaction: 500 FCFA, ID transaction: RC251017.1102.B50259, Frais: 0 FCFA, Commission: 0 FCFA, Nouveau solde: 1361.67 FCFA"
USER_7,2025-10-23,22:24:09,OrangeMoney,transfert,OUT,2500.0,FCFA,2861.67,"Transfert de [PHONE_5018] [CONTACT_0F67] vers [USER_7_phone] [USER_7] reussi. Details: ID transaction: PP251023.2224.D20187, Montant Transaction: 2500FCFA, Frais: 0 FCFA, Commission: 0 FCFA, Montant Net: 2500 FCFA, Nouveau Solde: 2861.67 FCFA."
USER_7,2025-10-24,06:22:13,OrangeMoney,rechargement,OUT,500.0,FCFA,2361.67,"Rechargement reussi. Montant de la transaction: 500 FCFA, ID transaction: RC251024.0622.C10195, Frais: 0 FCFA, Commission: 0 FCFA, Nouveau solde: 2361.67 FCFA"
USER_7,2025-10-25,22:54:21,OrangeMoney,rechargement,OUT,600.0,FCFA,1261.67,"Rechargement reussi. Montant de la transaction: 600 FCFA, ID transaction: RC251025.2254.D28076, Frais: 0 FCFA, Commission: 0 FCFA, Nouveau solde: 1261.67 FCFA"
USER_7,2025-10-27,14:03:15,OrangeMoney,rechargement,OUT,500.0,FCFA,659.67,"Rechargement reussi. Montant de la transaction: 500 FCFA, ID transaction: RC251027.1402.C05848, Frais: 0 FCFA, Commission: 0 FCFA, Nouveau solde: 659.67 FCFA"
USER_7,2025-10-29,00:16:58,OrangeMoney,rechargement,OUT,150.0,FCFA,9.67,"Rechargement reussi. Montant de la transaction: 150 FCFA, ID transaction: RC251029.0016.C88092, Frais: 0 FCFA, Commission: 0 FCFA, Nouveau solde: 9.67 FCFA"
USER_7,2025-11-03,15:11:04,OrangeMoney,transfert,OUT,5000.0,FCFA,5009.67,"Transfert de [PHONE_2950] [CONTACT_C96E] vers [USER_7_phone] [USER_7] reussi. Details: ID transaction: PP251103.1511.A02725, Montant Transaction: 5000FCFA, Frais: 0 FCFA, Commission: 0 FCFA, Montant Net: 5000 FCFA, Nouveau Solde: 5009.67 FCFA."
USER_7,2025-11-03,16:40:04,OrangeMoney,transfert,OUT,2554.0,FCFA,2401.67,"Transfert de [USER_7_phone] [USER_7] vers [PHONE_2893] [CONTACT_2DDD] reussi. ID transaction: PP251103.1639.A53854, Montant Transaction: 2554 FCFA, Frais: 54 FCFA, Commission: 0 FCFA, Montant Net: 2608 FCFA, Nouveau Solde: 2401.67 FCFA."
USER_7,2025-11-03,17:32:28,OrangeMoney,rechargement,OUT,500.0,FCFA,1901.67,"Rechargement reussi. Montant de la transaction: 500 FCFA, ID transaction: RC251103.1732.D02677, Frais: 0 FCFA, Commission: 0 FCFA, Nouveau solde: 1901.67 FCFA"
USER_7,2025-11-04,00:57:30,OrangeMoney,rechargement,OUT,500.0,FCFA,1401.67,"Rechargement reussi. Montant de la transaction: 500 FCFA, ID transaction: RC251104.0057.B40322, Frais: 0 FCFA, Commission: 0 FCFA, Nouveau solde: 1401.67 FCFA"
USER_7,2025-11-04,10:12:43,OrangeMoney,rechargement,OUT,300.0,FCFA,1101.67,"Rechargement reussi. Montant de la transaction: 300 FCFA, ID transaction: RC251104.1012.B64835, Frais: 0 FCFA, Commission: 0 FCFA, Nouveau solde: 1101.67 FCFA"
USER_7,2025-11-09,17:30:49,OrangeMoney,rechargement,OUT,500.0,FCFA,601.67,"Rechargement reussi. Montant de la transaction: 500 FCFA, ID transaction: RC251109.1730.D48723, Frais: 0 FCFA, Commission: 0 FCFA, Nouveau solde: 601.67 FCFA"
USER_7,2025-11-09,20:11:40,OrangeMoney,rechargement,OUT,500.0,FCFA,101.67,"Rechargement reussi. Montant de la transaction: 500 FCFA, ID transaction: RC251109.2011.C21749, Frais: 0 FCFA, Commission: 0 FCFA, Nouveau solde: 101.67 FCFA"
USER_7,2025-11-21,22:41:37,OrangeMoney,transfert,OUT,2054.0,FCFA,2155.67,"Transfert de [PHONE_6558] [CONTACT_7B4F] vers [USER_7_phone] [USER_7] reussi. Details: ID transaction: PP251121.2241.C97850, Montant Transaction: 2054FCFA, Frais: 0 FCFA, Commission: 0 FCFA, Montant Net: 2054 FCFA, Nouveau Solde: 2155.67 FCFA."
USER_7,2025-11-22,13:53:18,OrangeMoney,transfert,OUT,5079.0,FCFA,7234.67,"Transfert de [PHONE_9343] [CONTACT_4D53] vers [USER_7_phone] [USER_7] reussi. Details: ID transaction: PP251122.1353.B45815, Montant Transaction: 5079FCFA, Frais: 0 FCFA, Commission: 0 FCFA, Montant Net: 5079 FCFA, Nouveau Solde: 7234.67 FCFA."
USER_7,2025-11-23,01:30:37,OrangeMoney,transfert,OUT,2054.0,FCFA,5126.67,"Transfert de [USER_7_phone] [USER_7] vers [PHONE_5018] [CONTACT_0F67] reussi. ID transaction: PP251123.0130.C45788, Montant Transaction: 2054 FCFA, Frais: 54 FCFA, Commission: 0 FCFA, Montant Net: 2108 FCFA, Nouveau Solde: 5126.67 FCFA."
USER_7,2025-11-23,14:46:46,OrangeMoney,retrait,OUT,5000.0,FCFA,47.67,"Retrait d'argent reussi par le [PHONE_6452] avec le Code : 895873. Informations detaillees : Montant: 5000 FCFA, Frais: 79 FCFA, No de transaction CO251123.1446.B48570, montant net debite 5079 FCFA, Nouveau solde: 47.67 FCFA."
USER_7,2025-11-26,13:53:28,OrangeMoney,depot,IN,20000.0,FCFA,20047.67,"Depot effectue par [PHONE_0740] [CONTACT_EEFC] Agence Yde Mfoundi to [USER_7_phone] [USER_7]. Informations detaillees: Montant de transaction : 20000 FCFA, ID transaction : CI251126.1353.D09619, Frais : 0 FCFA, Commission : 0 FCFA, Montant Net du Credit : 20000 FCFA, Nouveau Solde : 20047.67 FCFA."
USER_7,2025-11-26,14:57:17,OrangeMoney,transfert,OUT,3054.0,FCFA,16939.67,"Transfert de [USER_7_phone] [USER_7] vers [PHONE_5895] [CONTACT_C350] reussi. ID transaction: PP251126.1457.C70269, Montant Transaction: 3054 FCFA, Frais: 54 FCFA, Commission: 0 FCFA, Montant Net: 3108 FCFA, Nouveau Solde: 16939.67 FCFA."
USER_7,2025-11-26,21:18:12,OrangeMoney,rechargement,OUT,500.0,FCFA,16439.67,"Rechargement reussi. Montant de la transaction: 500 FCFA, ID transaction: RC251126.2118.B55565, Frais: 0 FCFA, Commission: 0 FCFA, Nouveau solde: 16439.67 FCFA"
USER_7,2025-11-26,21:26:13,OrangeMoney,transfert,OUT,10154.0,FCFA,6261.37,"Transfert de [USER_7_phone] [USER_7] vers [PHONE_5997] [CONTACT_EB0F] reussi. ID transaction: PP251126.2126.C12914, Montant Transaction: 10154 FCFA, Frais: 24.3 FCFA, Commission: 0 FCFA, Montant Net: 10178.3 FCFA, Nouveau Solde: 6261.37 FCFA."
USER_7,2025-11-27,00:58:35,OrangeMoney,transfert,OUT,3556.5,FCFA,2693.76,"Transfert de [USER_7_phone] [USER_7] vers [PHONE_3537] [CONTACT_20A7] reussi. ID transaction: PP251127.0058.D53408, Montant Transaction: 3556.5 FCFA, Frais: 11.11 FCFA, Commission: 0 FCFA, Montant Net: 3567.61 FCFA, Nouveau Solde: 2693.76 FCFA."
USER_7,2025-11-28,07:55:30,OrangeMoney,rechargement,OUT,500.0,FCFA,2193.76,"Rechargement reussi. Montant de la transaction: 500 FCFA, ID transaction: RC251128.0755.A86225, Frais: 0 FCFA, Commission: 0 FCFA, Nouveau solde: 2193.76 FCFA"
USER_7,2025-11-28,08:42:21,OrangeMoney,rechargement,OUT,500.0,FCFA,1693.76,"Rechargement reussi. Montant de la transaction: 500 FCFA, ID transaction: RC251128.0842.A90905, Frais: 0 FCFA, Commission: 0 FCFA, Nouveau solde: 1693.76 FCFA"
USER_7,2025-11-28,20:05:09,OrangeMoney,rechargement,OUT,500.0,FCFA,1193.76,"Rechargement reussi. Montant de la transaction: 500 FCFA, ID transaction: RC251128.2004.A65959, Frais: 0 FCFA, Commission: 0 FCFA, Nouveau solde: 1193.76 FCFA"
USER_7,2025-11-29,14:00:55,OrangeMoney,rechargement,OUT,500.0,FCFA,693.76,"Rechargement reussi. Montant de la transaction: 500 FCFA, ID transaction: RC251129.1400.A35099, Frais: 0 FCFA, Commission: 0 FCFA, Nouveau solde: 693.76 FCFA"
USER_7,2025-11-29,22:47:20,OrangeMoney,rechargement,OUT,500.0,FCFA,193.76,"Rechargement reussi. Montant de la transaction: 500 FCFA, ID transaction: RC251129.2247.C94416, Frais: 0 FCFA, Commission: 0 FCFA, Nouveau solde: 193.76 FCFA"
USER_7,2025-11-30,03:30:56,OrangeMoney,rechargement,OUT,105.0,FCFA,88.76,"Rechargement reussi. Montant de la transaction: 105 FCFA, ID transaction: RC251130.0330.A98163, Frais: 0 FCFA, Commission: 0 FCFA, Nouveau solde: 88.76 FCFA"
USER_7,2025-12-02,20:14:21,OrangeMoney,depot,IN,2300.0,FCFA,2388.76,"Depot effectue par [PHONE_5971] [CONTACT_9B3E] to [USER_7_phone] [USER_7]. Informations detaillees: Montant de transaction : 2300 FCFA, ID transaction : CI251202.2014.A40171, Frais : 0 FCFA, Commission : 0 FCFA, Montant Net du Credit : 2300 FCFA, Nouveau Solde : 2388.76 FCFA."
USER_7,2025-12-02,20:19:29,OrangeMoney,transfert,OUT,2050.0,FCFA,284.76,"Transfert de [USER_7_phone] [USER_7] vers [PHONE_3537] [CONTACT_20A7] reussi. ID transaction: PP251202.2019.A64702, Montant Transaction: 2050 FCFA, Frais: 54 FCFA, Commission: 0 FCFA, Montant Net: 2104 FCFA, Nouveau Solde: 284.76 FCFA."
USER_7,2025-12-05,16:59:32,OrangeMoney,transfert,OUT,2554.0,FCFA,2838.76,"Transfert de [PHONE_8589] [CONTACT_EF48] vers [USER_7_phone] [USER_7] reussi. Details: ID transaction: PP251205.1659.A41902, Montant Transaction: 2554FCFA, Frais: 0 FCFA, Commission: 0 FCFA, Montant Net: 2554 FCFA, Nouveau Solde: 2838.76 FCFA."
USER_7,2025-12-06,09:48:52,OrangeMoney,transfert,OUT,2054.0,FCFA,730.76,"Transfert de [USER_7_phone] [USER_7] vers [PHONE_5054] [CONTACT_978E] reussi. ID transaction: PP251206.0948.C61608, Montant Transaction: 2054 FCFA, Frais: 54 FCFA, Commission: 0 FCFA, Montant Net: 2108 FCFA, Nouveau Solde: 730.76 FCFA."
USER_7,2025-12-08,18:42:31,OrangeMoney,transfert,OUT,2000.0,FCFA,2730.76,"Transfert de [PHONE_9907] [CONTACT_923B] vers [USER_7_phone] [USER_7] reussi. Details: ID transaction: PP251208.1842.C31750, Montant Transaction: 2000FCFA, Frais: 0 FCFA, Commission: 0 FCFA, Montant Net: 2000 FCFA, Nouveau Solde: 2730.76 FCFA."
USER_7,2025-12-08,20:40:34,OrangeMoney,transfert,OUT,5050.0,FCFA,7780.76,"Transfert de [PHONE_8004] [CONTACT_D107] vers [USER_7_phone] [USER_7] reussi. Details: ID transaction: PP251208.2040.A07743, Montant Transaction: 5050FCFA, Frais: 0 FCFA, Commission: 0 FCFA, Montant Net: 5050 FCFA, Nouveau Solde: 7780.76 FCFA."
USER_7,2025-12-08,23:12:24,OrangeMoney,rechargement,OUT,500.0,FCFA,7280.76,"Rechargement reussi. Montant de la transaction: 500 FCFA, ID transaction: RC251208.2312.A52728, Frais: 0 FCFA, Commission: 0 FCFA, Nouveau solde: 7280.76 FCFA"
USER_7,2025-12-09,01:44:59,OrangeMoney,rechargement,OUT,1000.0,FCFA,6280.76,"Rechargement reussi. Montant de la transaction: 1000 FCFA, ID transaction: RC251209.0144.C55579, Frais: 0 FCFA, Commission: 0 FCFA, Nouveau solde: 6280.76 FCFA"
USER_7,2025-12-09,15:05:22,OrangeMoney,rechargement,OUT,500.0,FCFA,5780.76,"Rechargement reussi. Montant de la transaction: 500 FCFA, ID transaction: RC251209.1505.C09077, Frais: 0 FCFA, Commission: 0 FCFA, Nouveau solde: 5780.76 FCFA"
USER_7,2025-12-10,13:10:50,OrangeMoney,rechargement,OUT,500.0,FCFA,5280.76,"Rechargement reussi. Montant de la transaction: 500 FCFA, ID transaction: RC251210.1310.B08812, Frais: 0 FCFA, Commission: 0 FCFA, Nouveau solde: 5280.76 FCFA"
USER_7,2025-12-11,14:50:34,OrangeMoney,transfert,OUT,3154.0,FCFA,2116.46,"Transfert de [USER_7_phone] [USER_7] vers [PHONE_8589] [CONTACT_EF48] reussi. ID transaction: PP251211.1450.B80231, Montant Transaction: 3154 FCFA, Frais: 10.3 FCFA, Commission: 0 FCFA, Montant Net: 3164.3 FCFA, Nouveau Solde: 2116.46 FCFA."
USER_7,2025-12-12,04:50:51,OrangeMoney,rechargement,OUT,500.0,FCFA,1616.46,"Rechargement reussi. Montant de la transaction: 500 FCFA, ID transaction: RC251212.0450.D54039, Frais: 0 FCFA, Commission: 0 FCFA, Nouveau solde: 1616.46 FCFA"
USER_7,2025-12-12,11:12:57,OrangeMoney,rechargement,OUT,500.0,FCFA,1116.46,"Rechargement reussi. Montant de la transaction: 500 FCFA, ID transaction: RC251212.1112.C84200, Frais: 0 FCFA, Commission: 0 FCFA, Nouveau solde: 1116.46 FCFA"
USER_7,2025-12-15,19:24:07,OrangeMoney,transfert,OUT,5000.0,FCFA,6116.46,"Transfert de [PHONE_6558] [CONTACT_7B4F] vers [USER_7_phone] [USER_7] reussi. Details: ID transaction: PP251215.1924.C22654, Montant Transaction: 5000FCFA, Frais: 0 FCFA, Commission: 0 FCFA, Montant Net: 5000 FCFA, Nouveau Solde: 6116.46 FCFA."
USER_7,2025-12-15,20:35:53,OrangeMoney,transfert,OUT,1554.0,FCFA,4508.46,"Transfert de [USER_7_phone] [USER_7] vers [PHONE_7723] [CONTACT_2F69] reussi. ID transaction: PP251215.2035.C68617, Montant Transaction: 1554 FCFA, Frais: 54 FCFA, Commission: 0 FCFA, Montant Net: 1608 FCFA, Nouveau Solde: 4508.46 FCFA."
USER_7,2025-12-15,21:35:57,OrangeMoney,retrait,OUT,2000.0,FCFA,2454.46,"Retrait d'argent reussi par le [PHONE_9651] avec le Code : 286562. Informations detaillees : Montant: 2000 FCFA, Frais: 54 FCFA, No de transaction CO251215.2134.D36479, montant net debite 2054 FCFA, Nouveau solde: 2454.46 FCFA."
USER_7,2025-12-15,23:07:15,OrangeMoney,rechargement,OUT,500.0,FCFA,1954.46,"Rechargement reussi. Montant de la transaction: 500 FCFA, ID transaction: RC251215.2306.B93090, Frais: 0 FCFA, Commission: 0 FCFA, Nouveau solde: 1954.46 FCFA"
USER_7,2025-12-16,00:34:59,OrangeMoney,rechargement,OUT,500.0,FCFA,1454.46,"Rechargement reussi. Montant de la transaction: 500 FCFA, ID transaction: RC251216.0034.A94417, Frais: 0 FCFA, Commission: 0 FCFA, Nouveau solde: 1454.46 FCFA"
USER_7,2025-12-16,19:48:31,OrangeMoney,rechargement,OUT,500.0,FCFA,954.46,"Rechargement reussi. Montant de la transaction: 500 FCFA, ID transaction: RC251216.1947.D86310, Frais: 0 FCFA, Commission: 0 FCFA, Nouveau solde: 954.46 FCFA"
USER_7,2025-12-17,00:10:40,OrangeMoney,rechargement,OUT,500.0,FCFA,454.46,"Rechargement reussi. Montant de la transaction: 500 FCFA, ID transaction: RC251217.0010.A04803, Frais: 0 FCFA, Commission: 0 FCFA, Nouveau solde: 454.46 FCFA"
USER_7,2025-12-17,06:50:56,OrangeMoney,rechargement,OUT,300.0,FCFA,154.46,"Rechargement reussi. Montant de la transaction: 300 FCFA, ID transaction: RC251217.0650.C12260, Frais: 0 FCFA, Commission: 0 FCFA, Nouveau solde: 154.46 FCFA"
USER_7,2025-12-17,09:00:00,OrangeMoney,transfert,OUT,20304.0,FCFA,20458.46,"Transfert de [PHONE_9343] [CONTACT_4D53] vers [USER_7_phone] [USER_7] reussi. Details: ID transaction: PP251217.0859.C13660, Montant Transaction: 20304FCFA, Frais: 0 FCFA, Commission: 0 FCFA, Montant Net: 20304 FCFA, Nouveau Solde: 20458.46 FCFA."
USER_7,2025-12-17,15:24:50,OrangeMoney,transfert,OUT,3000.0,FCFA,23458.46,"Transfert de [PHONE_5086] Ngo nolla vers [USER_7_phone] [USER_7] reussi. Details: ID transaction: PP251217.1524.C33599, Montant Transaction: 3000FCFA, Frais: 0 FCFA, Commission: 0 FCFA, Montant Net: 3000 FCFA, Nouveau Solde: 23458.46 FCFA."
USER_7,2025-12-17,18:39:05,OrangeMoney,rechargement,OUT,300.0,FCFA,23158.46,"Rechargement reussi. Montant de la transaction: 300 FCFA, ID transaction: RC251217.1838.D87658, Frais: 0 FCFA, Commission: 0 FCFA, Nouveau solde: 23158.46 FCFA"
USER_7,2025-12-17,19:14:31,OrangeMoney,transfert,OUT,23000.0,FCFA,108.46,"Transfert de [USER_7_phone] [USER_7] vers [PHONE_3758] [CONTACT_2670] reussi. ID transaction: PP251217.1914.B72014, Montant Transaction: 23000 FCFA, Frais: 50 FCFA, Commission: 0 FCFA, Montant Net: 23050 FCFA, Nouveau Solde: 108.46 FCFA."
USER_7,2025-12-18,01:20:06,OrangeMoney,transfert,OUT,500.0,FCFA,608.46,"Transfert de [PHONE_4418] [CONTACT_6FD1] vers [USER_7_phone] [USER_7] reussi. Details: ID transaction: PP251218.0120.C02963, Montant Transaction: 500FCFA, Frais: 0 FCFA, Commission: 0 FCFA, Montant Net: 500 FCFA, Nouveau Solde: 608.46 FCFA."
USER_7,2025-12-18,01:37:45,OrangeMoney,rechargement,OUT,500.0,FCFA,108.46,"Rechargement reussi. Montant de la transaction: 500 FCFA, ID transaction: RC251218.0137.C17345, Frais: 0 FCFA, Commission: 0 FCFA, Nouveau solde: 108.46 FCFA"
USER_7,2025-12-20,03:13:54,OrangeMoney,transfert,OUT,500.0,FCFA,608.46,"Transfert de [PHONE_6558] [CONTACT_7B4F] vers [USER_7_phone] [USER_7] reussi. Details: ID transaction: PP251220.0313.C17089, Montant Transaction: 500FCFA, Frais: 0 FCFA, Commission: 0 FCFA, Montant Net: 500 FCFA, Nouveau Solde: 608.46 FCFA."
USER_7,2025-12-20,10:08:27,OrangeMoney,rechargement,OUT,500.0,FCFA,108.46,"Rechargement reussi. Montant de la transaction: 500 FCFA, ID transaction: RC251220.1008.B26879, Frais: 0 FCFA, Commission: 0 FCFA, Nouveau solde: 108.46 FCFA"
USER_7,2025-12-20,17:31:56,OrangeMoney,depot,IN,5000.0,FCFA,5108.46,"Depot effectue par [PHONE_6575] [CONTACT_1888] to [USER_7_phone] [USER_7]. Informations detaillees: Montant de transaction : 5000 FCFA, ID transaction : CI251220.1731.D31155, Frais : 0 FCFA, Commission : 0 FCFA, Montant Net du Credit : 5000 FCFA, Nouveau Solde : 5108.46 FCFA."
USER_7,2025-12-21,01:16:36,OrangeMoney,rechargement,OUT,1000.0,FCFA,2128.46,"Rechargement reussi. Montant de la transaction: 1000 FCFA, ID transaction: RC251221.0116.D19627, Frais: 0 FCFA, Commission: 0 FCFA, Nouveau solde: 2128.46 FCFA"
USER_7,2025-12-21,01:19:45,OrangeMoney,rechargement,OUT,500.0,FCFA,1628.46,"Rechargement reussi. Montant de la transaction: 500 FCFA, ID transaction: RC251221.0119.C18202, Frais: 0 FCFA, Commission: 0 FCFA, Nouveau solde: 1628.46 FCFA"
USER_7,2025-12-21,11:18:06,OrangeMoney,rechargement,OUT,200.0,FCFA,1428.46,"Rechargement reussi. Montant de la transaction: 200 FCFA, ID transaction: RC251221.1117.D52370, Frais: 0 FCFA, Commission: 0 FCFA, Nouveau solde: 1428.46 FCFA"
USER_7,2025-12-21,12:56:49,OrangeMoney,rechargement,OUT,500.0,FCFA,928.46,"Rechargement reussi. Montant de la transaction: 500 FCFA, ID transaction: RC251221.1256.A59444, Frais: 0 FCFA, Commission: 0 FCFA, Nouveau solde: 928.46 FCFA"
USER_7,2025-12-21,20:36:10,OrangeMoney,rechargement,OUT,500.0,FCFA,428.46,"Rechargement reussi. Montant de la transaction: 500 FCFA, ID transaction: RC251221.2036.B16197, Frais: 0 FCFA, Commission: 0 FCFA, Nouveau solde: 428.46 FCFA"
USER_7,2025-12-25,13:23:25,OrangeMoney,autre,unknown,26238.0,FCFA,,"Transfert d argent de 26238 FCFA recu du +[PHONE_0667] (France) le 2025-12-25 13:23:22. Nouveau solde OM : 26666.46 FCFA, Frais : 0 FCFA"
USER_7,2025-12-25,13:34:08,OrangeMoney,transfert,OUT,26394.0,FCFA,215.68,"Transfert de [USER_7_phone] [USER_7] vers [PHONE_7764] [CONTACT_8176] reussi. ID transaction: PP251225.1334.B95392, Montant Transaction: 26394 FCFA, Frais: 56.78 FCFA, Commission: 0 FCFA, Montant Net: 26450.78 FCFA, Nouveau Solde: 215.68 FCFA."
USER_7,2025-12-29,17:38:04,OrangeMoney,depot,IN,5000.0,FCFA,5015.68,"Depot effectue par [PHONE_5971] [CONTACT_9B3E] to [USER_7_phone] [USER_7]. Informations detaillees: Montant de transaction : 5000 FCFA, ID transaction : CI251229.1738.D09922, Frais : 0 FCFA, Commission : 0 FCFA, Montant Net du Credit : 5000 FCFA, Nouveau Solde : 5015.68 FCFA."
USER_7,2025-12-29,17:39:29,OrangeMoney,transfert,OUT,2054.0,FCFA,2953.58,"Transfert de [USER_7_phone] [USER_7] vers [PHONE_8004] [CONTACT_D107] reussi. ID transaction: PP251229.1739.D06676, Montant Transaction: 2054 FCFA, Frais: 8.1 FCFA, Commission: 0 FCFA, Montant Net: 2062.1 FCFA, Nouveau Solde: 2953.58 FCFA."
USER_7,2025-12-29,21:42:57,OrangeMoney,rechargement,OUT,500.0,FCFA,2453.58,"Rechargement reussi. Montant de la transaction: 500 FCFA, ID transaction: RC251229.2142.B58303, Frais: 0 FCFA, Commission: 0 FCFA, Nouveau solde: 2453.58 FCFA"
USER_7,2026-01-01,11:58:15,OrangeMoney,transfert,OUT,1800.0,FCFA,145.98,"Transfert de [USER_7_phone] [USER_7] vers [PHONE_9343] [CONTACT_4D53] reussi. ID transaction: PP260101.1158.B85083, Montant Transaction: 1800 FCFA, Frais: 7.6 FCFA, Commission: 0 FCFA, Montant Net: 1807.6 FCFA, Nouveau Solde: 145.98 FCFA."
USER_7,2026-01-01,14:10:16,OrangeMoney,transfert,OUT,10154.0,FCFA,10299.98,"Transfert de [PHONE_9343] [CONTACT_4D53] vers [USER_7_phone] [USER_7] reussi. Details: ID transaction: PP260101.1410.C65796, Montant Transaction: 10154FCFA, Frais: 0 FCFA, Commission: 0 FCFA, Montant Net: 10154 FCFA, Nouveau Solde: 10299.98 FCFA."
USER_7,2026-01-01,15:12:45,OrangeMoney,retrait,OUT,10000.0,FCFA,145.98,"Retrait d'argent reussi par le [PHONE_2823] avec le Code : 237609. Informations detaillees : Montant: 10000 FCFA, Frais: 154 FCFA, No de transaction CO260101.1512.B65712, montant net debite 10154 FCFA, Nouveau solde: 145.98 FCFA."
USER_7,2026-01-04,19:43:38,OrangeMoney,transfert,OUT,1000.0,FCFA,1045.98,"Transfert de [PHONE_3086] [CONTACT_3F3D] vers [USER_7_phone] [USER_7] reussi. Details: ID transaction: PP260104.1943.C66645, Montant Transaction: 1000FCFA, Frais: 0 FCFA, Commission: 0 FCFA, Montant Net: 1000 FCFA, Nouveau Solde: 1045.98 FCFA."
USER_7,2026-01-07,04:58:19,OrangeMoney,transfert,OUT,500.0,FCFA,545.98,"Transfert de [PHONE_0484] [CONTACT_257E] vers [USER_7_phone] [USER_7] reussi. Details: ID transaction: PP260107.0458.D60966, Montant Transaction: 500FCFA, Frais: 0 FCFA, Commission: 0 FCFA, Montant Net: 500 FCFA, Nouveau Solde: 545.98 FCFA."
USER_7,2026-01-07,17:28:19,OrangeMoney,depot,IN,2000.0,FCFA,2045.98,"Depot effectue par [PHONE_1145] [CONTACT_54C3] to [USER_7_phone] [USER_7]. Informations detaillees: Montant de transaction : 2000 FCFA, ID transaction : CI260107.1728.A23879, Frais : 0 FCFA, Commission : 0 FCFA, Montant Net du Credit : 2000 FCFA, Nouveau Solde : 2045.98 FCFA."
USER_7,2026-01-07,17:38:11,OrangeMoney,transfert,OUT,1050.0,FCFA,989.88,"Transfert de [USER_7_phone] [USER_7] vers [PHONE_2930] [CONTACT_2AAD] reussi. ID transaction: PP260107.1738.B30708, Montant Transaction: 1050 FCFA, Frais: 6.1 FCFA, Commission: 0 FCFA, Montant Net: 1056.1 FCFA, Nouveau Solde: 989.88 FCFA."
USER_7,2026-01-11,00:31:45,OrangeMoney,transfert,OUT,1754.0,FCFA,2043.88,"Transfert de [PHONE_6558] [CONTACT_7B4F] vers [USER_7_phone] [USER_7] reussi. Details: ID transaction: PP260111.0031.C34155, Montant Transaction: 1754FCFA, Frais: 0 FCFA, Commission: 0 FCFA, Montant Net: 1754 FCFA, Nouveau Solde: 2043.88 FCFA."
USER_7,2026-01-11,00:39:25,OrangeMoney,retrait,OUT,1950.0,FCFA,39.88,"Retrait d'argent reussi par le [PHONE_3420] avec le Code : 292783. Informations detaillees : Montant: 1950 FCFA, Frais: 54 FCFA, No de transaction CO260111.0039.D65149, montant net debite 2004 FCFA, Nouveau solde: 39.88 FCFA."
USER_7,2026-01-19,14:44:17,OrangeMoney,transfert,OUT,5079.0,FCFA,5118.88,"Transfert de [PHONE_6558] [CONTACT_7B4F] vers [USER_7_phone] [USER_7] reussi. Details: ID transaction: PP260119.1444.D25324, Montant Transaction: 5079FCFA, Frais: 0 FCFA, Commission: 0 FCFA, Montant Net: 5079 FCFA, Nouveau Solde: 5118.88 FCFA."
USER_7,2026-01-20,14:50:02,OrangeMoney,rechargement,OUT,1000.0,FCFA,4118.88,"Rechargement reussi. Montant de la transaction: 1000 FCFA, ID transaction: RC260120.1449.B37100, Frais: 0 FCFA, Commission: 0 FCFA, Nouveau solde: 4118.88 FCFA"
USER_7,2026-01-21,00:50:53,OrangeMoney,rechargement,OUT,500.0,FCFA,3618.88,"Rechargement reussi. Montant de la transaction: 500 FCFA, ID transaction: RC260121.0050.B98337, Frais: 0 FCFA, Commission: 0 FCFA, Nouveau solde: 3618.88 FCFA"
USER_7,2026-01-21,08:52:30,OrangeMoney,transfert,OUT,1300.0,FCFA,2264.88,"Transfert de [USER_7_phone] [USER_7] vers [PHONE_3957] [CONTACT_6046] reussi. ID transaction: PP260121.0852.D08707, Montant Transaction: 1300 FCFA, Frais: 54 FCFA, Commission: 0 FCFA, Montant Net: 1354 FCFA, Nouveau Solde: 2264.88 FCFA."
USER_7,2026-01-21,21:45:37,OrangeMoney,transfert,OUT,2054.0,FCFA,156.88,"Transfert de [USER_7_phone] [USER_7] vers [PHONE_9343] [CONTACT_4D53] reussi. ID transaction: PP260121.2145.B57912, Montant Transaction: 2054 FCFA, Frais: 54 FCFA, Commission: 0 FCFA, Montant Net: 2108 FCFA, Nouveau Solde: 156.88 FCFA."
USER_7,2026-01-23,01:18:16,OrangeMoney,transfert,OUT,3000.0,FCFA,3156.88,"Transfert de [PHONE_5018] [CONTACT_0F67] vers [USER_7_phone] [USER_7] reussi. Details: ID transaction: PP260123.0118.C95511, Montant Transaction: 3000FCFA, Frais: 0 FCFA, Commission: 0 FCFA, Montant Net: 3000 FCFA, Nouveau Solde: 3156.88 FCFA."
USER_7,2026-01-23,02:45:38,OrangeMoney,retrait,OUT,3000.0,FCFA,102.88,"Retrait d'argent reussi par le [PHONE_6595] avec le Code : 962636. Informations detaillees : Montant: 3000 FCFA, Frais: 54 FCFA, No de transaction CO260123.0245.A20634, montant net debite 3054 FCFA, Nouveau solde: 102.88 FCFA."
USER_7,2026-01-25,01:12:15,OrangeMoney,transfert,OUT,10154.0,FCFA,10256.88,"Transfert de [PHONE_6558] [CONTACT_7B4F] vers [USER_7_phone] [USER_7] reussi. Details: ID transaction: PP260125.0112.D27062, Montant Transaction: 10154FCFA, Frais: 0 FCFA, Commission: 0 FCFA, Montant Net: 10154 FCFA, Nouveau Solde: 10256.88 FCFA."
USER_7,2026-01-25,02:38:28,OrangeMoney,retrait,OUT,10000.0,FCFA,102.88,"Retrait d'argent reussi par le [PHONE_6595] avec le Code : 962636. Informations detaillees : Montant: 10000 FCFA, Frais: 154 FCFA, No de transaction CO260125.0238.C99493, montant net debite 10154 FCFA, Nouveau solde: 102.88 FCFA."
USER_7,2026-01-25,12:06:14,OrangeMoney,transfert,OUT,554.0,FCFA,656.88,"Transfert de [PHONE_5018] [CONTACT_0F67] vers [USER_7_phone] [USER_7] reussi. Details: ID transaction: PP260125.1206.B91148, Montant Transaction: 554FCFA, Frais: 0 FCFA, Commission: 0 FCFA, Montant Net: 554 FCFA, Nouveau Solde: 656.88 FCFA."
USER_7,2026-01-25,12:20:25,OrangeMoney,rechargement,OUT,500.0,FCFA,156.88,"Rechargement reussi. Montant de la transaction: 500 FCFA, ID transaction: RC260125.1220.D16611, Frais: 0 FCFA, Commission: 0 FCFA, Nouveau solde: 156.88 FCFA"
USER_7,2026-01-25,18:56:37,OrangeMoney,transfert,OUT,3500.0,FCFA,3656.88,"Transfert de [PHONE_5018] [CONTACT_0F67] vers [USER_7_phone] [USER_7] reussi. Details: ID transaction: PP260125.1856.A54437, Montant Transaction: 3500FCFA, Frais: 0 FCFA, Commission: 0 FCFA, Montant Net: 3500 FCFA, Nouveau Solde: 3656.88 FCFA."
USER_7,2026-01-25,20:00:53,OrangeMoney,rechargement,OUT,500.0,FCFA,3156.88,"Rechargement reussi. Montant de la transaction: 500 FCFA, ID transaction: RC260125.2000.B74922, Frais: 0 FCFA, Commission: 0 FCFA, Nouveau solde: 3156.88 FCFA"
USER_7,2026-01-26,00:16:08,OrangeMoney,transfert,OUT,2054.0,FCFA,1094.78,"Transfert de [USER_7_phone] [USER_7] vers [PHONE_5018] [CONTACT_0F67] reussi. ID transaction: PP260126.0015.C95438, Montant Transaction: 2054 FCFA, Frais: 8.1 FCFA, Commission: 0 FCFA, Montant Net: 2062.1 FCFA, Nouveau Solde: 1094.78 FCFA."
USER_7,2026-01-26,01:19:52,OrangeMoney,rechargement,OUT,300.0,FCFA,794.78,"Rechargement reussi. Montant de la transaction: 300 FCFA, ID transaction: RC260126.0119.C94544, Frais: 0 FCFA, Commission: 0 FCFA, Nouveau solde: 794.78 FCFA"
USER_7,2026-01-26,10:35:47,OrangeMoney,rechargement,OUT,500.0,FCFA,294.78,"Rechargement reussi. Montant de la transaction: 500 FCFA, ID transaction: RC260126.1035.B28536, Frais: 0 FCFA, Commission: 0 FCFA, Nouveau solde: 294.78 FCFA"
USER_7,2026-01-28,01:02:27,OrangeMoney,transfert,OUT,500.0,FCFA,794.78,"Transfert de [PHONE_5018] [CONTACT_0F67] vers [USER_7_phone] [USER_7] reussi. Details: ID transaction: PP260128.0102.A71498, Montant Transaction: 500FCFA, Frais: 0 FCFA, Commission: 0 FCFA, Montant Net: 500 FCFA, Nouveau Solde: 794.78 FCFA."
USER_7,2026-01-28,07:15:15,OrangeMoney,rechargement,OUT,500.0,FCFA,294.78,"Rechargement reussi. Montant de la transaction: 500 FCFA, ID transaction: RC260128.0715.B44780, Frais: 0 FCFA, Commission: 0 FCFA, Nouveau solde: 294.78 FCFA"
USER_7,2026-01-28,16:17:47,OrangeMoney,transfert,OUT,3054.0,FCFA,3348.78,"Transfert de [PHONE_6558] [CONTACT_7B4F] vers [USER_7_phone] [USER_7] reussi. Details: ID transaction: PP260128.1617.B24606, Montant Transaction: 3054FCFA, Frais: 0 FCFA, Commission: 0 FCFA, Montant Net: 3054 FCFA, Nouveau Solde: 3348.78 FCFA."
USER_7,2026-01-28,20:24:31,OrangeMoney,rechargement,OUT,500.0,FCFA,2848.78,"Rechargement reussi. Montant de la transaction: 500 FCFA, ID transaction: RC260128.2024.A29048, Frais: 0 FCFA, Commission: 0 FCFA, Nouveau solde: 2848.78 FCFA"
USER_7,2026-01-29,00:59:33,OrangeMoney,rechargement,OUT,200.0,FCFA,2648.78,"Rechargement reussi. Montant de la transaction: 200 FCFA, ID transaction: RC260129.0059.C53221, Frais: 0 FCFA, Commission: 0 FCFA, Nouveau solde: 2648.78 FCFA"
USER_7,2026-01-29,13:22:42,OrangeMoney,transfert,OUT,754.0,FCFA,1840.78,"Transfert de [USER_7_phone] [USER_7] vers [PHONE_3918] [CONTACT_7899] reussi. ID transaction: PP260129.1322.A09109, Montant Transaction: 754 FCFA, Frais: 54 FCFA, Commission: 0 FCFA, Montant Net: 808 FCFA, Nouveau Solde: 1840.78 FCFA."
USER_7,2026-01-30,18:14:37,OrangeMoney,rechargement,OUT,500.0,FCFA,340.78,"Rechargement reussi. Montant de la transaction: 500 FCFA, ID transaction: RC260130.1814.A47410, Frais: 0 FCFA, Commission: 0 FCFA, Nouveau solde: 340.78 FCFA"
USER_7,2026-01-31,15:43:21,OrangeMoney,depot,IN,5000.0,FCFA,5340.78,"Depot effectue par [PHONE_8354] [CONTACT_1F35] to [USER_7_phone] [USER_7]. Informations detaillees: Montant de transaction : 5000 FCFA, ID transaction : CI260131.1543.B59964, Frais : 0 FCFA, Commission : 0 FCFA, Montant Net du Credit : 5000 FCFA, Nouveau Solde : 5340.78 FCFA."
USER_7,2026-02-01,02:15:54,OrangeMoney,transfert,OUT,2054.0,FCFA,7394.78,"Transfert de [PHONE_6518] [CONTACT_2A64] vers [USER_7_phone] [USER_7] reussi. Details: ID transaction: PP260201.0215.C49645, Montant Transaction: 2054FCFA, Frais: 0 FCFA, Commission: 0 FCFA, Montant Net: 2054 FCFA, Nouveau Solde: 7394.78 FCFA."
USER_7,2026-02-01,05:12:57,OrangeMoney,transfert,OUT,10000.0,FCFA,17394.78,"Transfert de [PHONE_1025] [CONTACT_2558] vers [USER_7_phone] [USER_7] reussi. Details: ID transaction: PP260201.0512.A53231, Montant Transaction: 10000FCFA, Frais: 0 FCFA, Commission: 0 FCFA, Montant Net: 10000 FCFA, Nouveau Solde: 17394.78 FCFA."
USER_7,2026-02-01,09:25:13,OrangeMoney,transfert,OUT,10000.0,FCFA,7370.78,"Transfert de [USER_7_phone] [USER_7] vers [PHONE_1025] [CONTACT_2558] reussi. ID transaction: PP260201.0925.B16358, Montant Transaction: 10000 FCFA, Frais: 24 FCFA, Commission: 0 FCFA, Montant Net: 10024 FCFA, Nouveau Solde: 7370.78 FCFA."
USER_7,2026-02-01,22:11:03,OrangeMoney,rechargement,OUT,1000.0,FCFA,6370.78,"Rechargement reussi. Montant de la transaction: 1000 FCFA, ID transaction: RC260201.2211.D32641, Frais: 0 FCFA, Commission: 0 FCFA, Nouveau solde: 6370.78 FCFA"
USER_7,2026-02-02,15:55:26,OrangeMoney,rechargement,OUT,1000.0,FCFA,5370.78,"Rechargement reussi. Montant de la transaction: 1000 FCFA, ID transaction: RC260202.1555.B08570, Frais: 0 FCFA, Commission: 0 FCFA, Nouveau solde: 5370.78 FCFA"
USER_7,2026-02-02,20:54:16,OrangeMoney,retrait,OUT,5000.0,FCFA,291.78,"Retrait d'argent reussi par le [PHONE_5971] avec le Code : 930946. Informations detaillees : Montant: 5000 FCFA, Frais: 79 FCFA, No de transaction CO260202.2053.C97524, montant net debite 5079 FCFA, Nouveau solde: 291.78 FCFA."
USER_7,2026-02-05,18:58:38,OrangeMoney,transfert,OUT,500.0,FCFA,791.78,"Transfert de [PHONE_5018] [CONTACT_0F67] vers [USER_7_phone] [USER_7] reussi. Details: ID transaction: PP260205.1858.D24030, Montant Transaction: 500FCFA, Frais: 0 FCFA, Commission: 0 FCFA, Montant Net: 500 FCFA, Nouveau Solde: 791.78 FCFA."
USER_7,2026-02-05,21:17:32,OrangeMoney,rechargement,OUT,200.0,FCFA,91.78,"Rechargement reussi. Montant de la transaction: 200 FCFA, ID transaction: RC260205.2116.B00003, Frais: 0 FCFA, Commission: 0 FCFA, Nouveau solde: 91.78 FCFA"
USER_7,2026-02-07,09:17:28,OrangeMoney,depot,IN,25500.0,FCFA,25591.78,"Depot effectue par [PHONE_2687] [CONTACT_2D8A] to [USER_7_phone] [USER_7]. Informations detaillees: Montant de transaction : 25500 FCFA, ID transaction : CI260207.0917.C88342, Frais : 0 FCFA, Commission : 0 FCFA, Montant Net du Credit : 25500 FCFA, Nouveau Solde : 25591.78 FCFA."
USER_7,2026-02-07,09:47:30,OrangeMoney,depot,IN,5100.0,FCFA,30691.78,"Depot effectue par [PHONE_1425] [CONTACT_E1BF] to [USER_7_phone] [USER_7]. Informations detaillees: Montant de transaction : 5100 FCFA, ID transaction : CI260207.0947.B90938, Frais : 0 FCFA, Commission : 0 FCFA, Montant Net du Credit : 5100 FCFA, Nouveau Solde : 30691.78 FCFA."
USER_7,2026-02-07,13:02:23,OrangeMoney,transfert,OUT,10154.0,FCFA,20513.48,"Transfert de [USER_7_phone] [USER_7] vers [PHONE_5018] [CONTACT_0F67] reussi. ID transaction: PP260207.1302.C62887, Montant Transaction: 10154 FCFA, Frais: 24.3 FCFA, Commission: 0 FCFA, Montant Net: 10178.3 FCFA, Nouveau Solde: 20513.48 FCFA."
USER_7,2026-02-07,13:33:57,OrangeMoney,transfert,OUT,10154.0,FCFA,10304.71,"Transfert de [USER_7_phone] [USER_7] vers [PHONE_9375] [CONTACT_D4D5] reussi. ID transaction: PP260207.1333.B76853, Montant Transaction: 10154 FCFA, Frais: 54.77 FCFA, Commission: 0 FCFA, Montant Net: 10208.77 FCFA, Nouveau Solde: 10304.71 FCFA."
USER_7,2026-02-07,14:35:11,OrangeMoney,transfert,OUT,5079.0,FCFA,5211.56,"Transfert de [USER_7_phone] [USER_7] vers [PHONE_5018] [CONTACT_0F67] reussi. ID transaction: PP260207.1435.A20678, Montant Transaction: 5079 FCFA, Frais: 14.15 FCFA, Commission: 0 FCFA, Montant Net: 5093.15 FCFA, Nouveau Solde: 5211.56 FCFA."
USER_7,2026-02-08,17:28:37,OrangeMoney,transfert,OUT,7000.0,FCFA,13265.56,"Transfert de [PHONE_2952] [CONTACT_3B9E] vers [USER_7_phone] [USER_7] reussi. Details: ID transaction: PP260208.1728.C46936, Montant Transaction: 7000FCFA, Frais: 0 FCFA, Commission: 0 FCFA, Montant Net: 7000 FCFA, Nouveau Solde: 13265.56 FCFA."
USER_7,2026-02-08,18:49:29,OrangeMoney,rechargement,OUT,1000.0,FCFA,12265.56,"Rechargement reussi. Montant de la transaction: 1000 FCFA, ID transaction: RC260208.1848.D31876, Frais: 0 FCFA, Commission: 0 FCFA, Nouveau solde: 12265.56 FCFA"
USER_7,2026-02-09,00:04:36,OrangeMoney,rechargement,OUT,200.0,FCFA,12065.56,"Rechargement reussi. Montant de la transaction: 200 FCFA, ID transaction: RC260209.0004.A57926, Frais: 0 FCFA, Commission: 0 FCFA, Nouveau solde: 12065.56 FCFA"
USER_7,2026-02-09,16:26:43,OrangeMoney,retrait,OUT,10000.0,FCFA,1911.56,"Retrait d'argent reussi par le [PHONE_6796] avec le Code : 293397. Informations detaillees : Montant: 10000 FCFA, Frais: 154 FCFA, No de transaction CO260209.1626.D11140, montant net debite 10154 FCFA, Nouveau solde: 1911.56 FCFA."
USER_7,2026-02-10,09:49:38,OrangeMoney,rechargement,OUT,500.0,FCFA,1411.56,"Rechargement reussi. Montant de la transaction: 500 FCFA, ID transaction: RC260210.0949.C13068, Frais: 0 FCFA, Commission: 0 FCFA, Nouveau solde: 1411.56 FCFA"
USER_7,2026-02-10,20:10:50,OrangeMoney,rechargement,OUT,500.0,FCFA,911.56,"Rechargement reussi. Montant de la transaction: 500 FCFA, ID transaction: RC260210.2010.A83381, Frais: 0 FCFA, Commission: 0 FCFA, Nouveau solde: 911.56 FCFA"
USER_7,2026-02-12,11:47:12,OrangeMoney,rechargement,OUT,500.0,FCFA,411.56,"Rechargement reussi. Montant de la transaction: 500 FCFA, ID transaction: RC260212.1146.D79577, Frais: 0 FCFA, Commission: 0 FCFA, Nouveau solde: 411.56 FCFA"
USER_7,2026-02-14,23:45:36,OrangeMoney,transfert,OUT,2054.0,FCFA,2465.56,"Transfert de [PHONE_6558] [CONTACT_7B4F] vers [USER_7_phone] [USER_7] reussi. Details: ID transaction: PP260214.2345.A10458, Montant Transaction: 2054FCFA, Frais: 0 FCFA, Commission: 0 FCFA, Montant Net: 2054 FCFA, Nouveau Solde: 2465.56 FCFA."
USER_7,2026-02-15,08:19:35,OrangeMoney,rechargement,OUT,500.0,FCFA,1965.56,"Rechargement reussi. Montant de la transaction: 500 FCFA, ID transaction: RC260215.0819.A14994, Frais: 0 FCFA, Commission: 0 FCFA, Nouveau solde: 1965.56 FCFA"
USER_7,2026-02-15,12:35:39,OrangeMoney,rechargement,OUT,500.0,FCFA,1465.56,"Rechargement reussi. Montant de la transaction: 500 FCFA, ID transaction: RC260215.1235.A43685, Frais: 0 FCFA, Commission: 0 FCFA, Nouveau solde: 1465.56 FCFA"
USER_7,2026-02-15,18:36:44,OrangeMoney,rechargement,OUT,500.0,FCFA,965.56,"Rechargement reussi. Montant de la transaction: 500 FCFA, ID transaction: RC260215.1836.C88780, Frais: 0 FCFA, Commission: 0 FCFA, Nouveau solde: 965.56 FCFA"
USER_7,2026-02-16,04:56:29,OrangeMoney,rechargement,OUT,500.0,FCFA,465.56,"Rechargement reussi. Montant de la transaction: 500 FCFA, ID transaction: RC260216.0456.D34095, Frais: 0 FCFA, Commission: 0 FCFA, Nouveau solde: 465.56 FCFA"
USER_7,2026-02-18,07:33:12,OrangeMoney,rechargement,OUT,100.0,FCFA,165.56,"Rechargement reussi. Montant de la transaction: 100 FCFA, ID transaction: RC260218.0733.B75666, Frais: 0 FCFA, Commission: 0 FCFA, Nouveau solde: 165.56 FCFA"
USER_7,2026-02-22,09:29:20,OrangeMoney,rechargement,OUT,100.0,FCFA,65.56,"Rechargement reussi. Montant de la transaction: 100 FCFA, ID transaction: RC260222.0929.D67207, Frais: 0 FCFA, Commission: 0 FCFA, Nouveau solde: 65.56 FCFA"
USER_7,2026-02-22,23:00:14,OrangeMoney,transfert,OUT,1054.0,FCFA,1119.56,"Transfert de [PHONE_6558] [CONTACT_7B4F] vers [USER_7_phone] [USER_7] reussi. Details: ID transaction: PP260222.2300.A22462, Montant Transaction: 1054FCFA, Frais: 0 FCFA, Commission: 0 FCFA, Montant Net: 1054 FCFA, Nouveau Solde: 1119.56 FCFA."
USER_7,2026-02-23,12:09:10,OrangeMoney,rechargement,OUT,500.0,FCFA,619.56,"Rechargement reussi. Montant de la transaction: 500 FCFA, ID transaction: RC260223.1209.D08260, Frais: 0 FCFA, Commission: 0 FCFA, Nouveau solde: 619.56 FCFA"
USER_7,2026-02-23,23:56:49,OrangeMoney,rechargement,OUT,500.0,FCFA,119.56,"Rechargement reussi. Montant de la transaction: 500 FCFA, ID transaction: RC260223.2356.D86974, Frais: 0 FCFA, Commission: 0 FCFA, Nouveau solde: 119.56 FCFA"
USER_7,2026-02-27,22:03:26,OrangeMoney,transfert,OUT,23349.0,FCFA,23468.56,"Transfert de [PHONE_6558] [CONTACT_7B4F] vers [USER_7_phone] [USER_7] reussi. Details: ID transaction: PP260227.2203.C17380, Montant Transaction: 23349FCFA, Frais: 0 FCFA, Commission: 0 FCFA, Montant Net: 23349 FCFA, Nouveau Solde: 23468.56 FCFA."
USER_7,2026-02-27,23:01:00,OrangeMoney,transfert,OUT,21319.0,FCFA,2102.93,"Transfert de [USER_7_phone] [USER_7] vers [PHONE_6558] [CONTACT_7B4F] reussi. ID transaction: PP260227.2300.B39341, Montant Transaction: 21319 FCFA, Frais: 46.63 FCFA, Commission: 0 FCFA, Montant Net: 21365.63 FCFA, Nouveau Solde: 2102.93 FCFA."
USER_7,2026-02-28,06:47:29,OrangeMoney,rechargement,OUT,500.0,FCFA,1602.93,"Rechargement reussi. Montant de la transaction: 500 FCFA, ID transaction: RC260228.0647.A63139, Frais: 0 FCFA, Commission: 0 FCFA, Nouveau solde: 1602.93 FCFA"
USER_7,2026-02-28,21:20:41,OrangeMoney,rechargement,OUT,500.0,FCFA,1102.93,"Rechargement reussi. Montant de la transaction: 500 FCFA, ID transaction: RC260228.2120.B65768, Frais: 0 FCFA, Commission: 0 FCFA, Nouveau solde: 1102.93 FCFA"
USER_7,2026-03-01,12:52:18,OrangeMoney,rechargement,OUT,500.0,FCFA,602.93,"Rechargement reussi. Montant de la transaction: 500 FCFA, ID transaction: RC260301.1252.A24923, Frais: 0 FCFA, Commission: 0 FCFA, Nouveau solde: 602.93 FCFA"
USER_7,2026-03-02,21:46:58,OrangeMoney,transfert,OUT,5100.0,FCFA,5702.93,"Transfert de [PHONE_9907] [CONTACT_923B] vers [USER_7_phone] [USER_7] reussi. Details: ID transaction: PP260302.2146.C84501, Montant Transaction: 5100FCFA, Frais: 0 FCFA, Commission: 0 FCFA, Montant Net: 5100 FCFA, Nouveau Solde: 5702.93 FCFA."
USER_7,2026-03-02,21:54:19,OrangeMoney,transfert,OUT,3054.0,FCFA,2638.83,"Transfert de [USER_7_phone] [USER_7] vers [PHONE_8589] [CONTACT_EF48] reussi. ID transaction: PP260302.2154.B93284, Montant Transaction: 3054 FCFA, Frais: 10.1 FCFA, Commission: 0 FCFA, Montant Net: 3064.1 FCFA, Nouveau Solde: 2638.83 FCFA."
USER_7,2026-03-04,13:07:15,OrangeMoney,depot,IN,10000.0,FCFA,12638.83,"Depot effectue par [PHONE_5971] [CONTACT_9B3E] to [USER_7_phone] [USER_7]. Informations detaillees: Montant de transaction : 10000 FCFA, ID transaction : CI260304.1307.B78056, Frais : 0 FCFA, Commission : 0 FCFA, Montant Net du Credit : 10000 FCFA, Nouveau Solde : 12638.83 FCFA."
USER_7,2026-03-04,13:12:31,OrangeMoney,transfert,OUT,4064.0,FCFA,8520.83,"Transfert de [USER_7_phone] [USER_7] vers [PHONE_4750] [CONTACT_AC81] reussi. ID transaction: PP260304.1312.A80194, Montant Transaction: 4064 FCFA, Frais: 54 FCFA, Commission: 0 FCFA, Montant Net: 4118 FCFA, Nouveau Solde: 8520.83 FCFA."
USER_7,2026-03-04,13:22:03,OrangeMoney,transfert,OUT,3500.0,FCFA,4966.83,"Transfert de [USER_7_phone] [USER_7] vers [PHONE_0559] [CONTACT_7D5D] reussi. ID transaction: PP260304.1321.A86816, Montant Transaction: 3500 FCFA, Frais: 54 FCFA, Commission: 0 FCFA, Montant Net: 3554 FCFA, Nouveau Solde: 4966.83 FCFA."
USER_7,2026-03-05,07:48:31,OrangeMoney,rechargement,OUT,500.0,FCFA,4466.83,"Rechargement reussi. Montant de la transaction: 500 FCFA, ID transaction: RC260305.0748.D59745, Frais: 0 FCFA, Commission: 0 FCFA, Nouveau solde: 4466.83 FCFA"
USER_7,2026-03-06,13:40:05,OrangeMoney,rechargement,OUT,200.0,FCFA,4266.83,"Rechargement reussi. Montant de la transaction: 200 FCFA, ID transaction: RC260306.1340.B15463, Frais: 0 FCFA, Commission: 0 FCFA, Nouveau solde: 4266.83 FCFA"
USER_7,2026-03-07,08:14:55,OrangeMoney,rechargement,OUT,500.0,FCFA,3766.83,"Rechargement reussi. Montant de la transaction: 500 FCFA, ID transaction: RC260307.0814.C99456, Frais: 0 FCFA, Commission: 0 FCFA, Nouveau solde: 3766.83 FCFA"
USER_7,2026-03-07,17:20:13,OrangeMoney,rechargement,OUT,500.0,FCFA,3266.83,"Rechargement reussi. Montant de la transaction: 500 FCFA, ID transaction: RC260307.1720.B58977, Frais: 0 FCFA, Commission: 0 FCFA, Nouveau solde: 3266.83 FCFA"
USER_7,2026-03-08,09:11:31,OrangeMoney,rechargement,OUT,500.0,FCFA,2766.83,"Rechargement reussi. Montant de la transaction: 500 FCFA, ID transaction: RC260308.0911.C25751, Frais: 0 FCFA, Commission: 0 FCFA, Nouveau solde: 2766.83 FCFA"
USER_7,2026-03-08,13:12:12,OrangeMoney,rechargement,OUT,500.0,FCFA,2266.83,"Rechargement reussi. Montant de la transaction: 500 FCFA, ID transaction: RC260308.1312.A57432, Frais: 0 FCFA, Commission: 0 FCFA, Nouveau solde: 2266.83 FCFA"
USER_7,2026-03-08,17:46:59,OrangeMoney,rechargement,OUT,500.0,FCFA,1766.83,"Rechargement reussi. Montant de la transaction: 500 FCFA, ID transaction: RC260308.1746.B87391, Frais: 0 FCFA, Commission: 0 FCFA, Nouveau solde: 1766.83 FCFA"
USER_7,2026-03-08,22:56:05,OrangeMoney,rechargement,OUT,500.0,FCFA,1266.83,"Rechargement reussi. Montant de la transaction: 500 FCFA, ID transaction: RC260308.2256.D26386, Frais: 0 FCFA, Commission: 0 FCFA, Nouveau solde: 1266.83 FCFA"
USER_7,2026-03-09,06:57:36,OrangeMoney,rechargement,OUT,500.0,FCFA,766.83,"Rechargement reussi. Montant de la transaction: 500 FCFA, ID transaction: RC260309.0657.D38187, Frais: 0 FCFA, Commission: 0 FCFA, Nouveau solde: 766.83 FCFA"
USER_7,2026-03-11,12:07:17,OrangeMoney,rechargement,OUT,200.0,FCFA,66.83,"Rechargement reussi. Montant de la transaction: 200 FCFA, ID transaction: RC260311.1207.C02313, Frais: 0 FCFA, Commission: 0 FCFA, Nouveau solde: 66.83 FCFA"
USER_7,2026-03-12,16:01:22,OrangeMoney,depot,IN,3100.0,FCFA,3166.83,"Depot effectue par [PHONE_0642] [CONTACT_B3B3] to [USER_7_phone] [USER_7]. Informations detaillees: Montant de transaction : 3100 FCFA, ID transaction : CI260312.1601.B47637, Frais : 0 FCFA, Commission : 0 FCFA, Montant Net du Credit : 3100 FCFA, Nouveau Solde : 3166.83 FCFA."
USER_7,2026-03-12,16:16:16,OrangeMoney,transfert,OUT,300.0,FCFA,2862.23,"Transfert de [USER_7_phone] [USER_7] vers [PHONE_5018] [CONTACT_0F67] reussi. ID transaction: PP260312.1616.C24874, Montant Transaction: 300 FCFA, Frais: 4.6 FCFA, Commission: 0 FCFA, Montant Net: 304.6 FCFA, Nouveau Solde: 2862.23 FCFA."
USER_7,2026-03-12,22:45:38,OrangeMoney,rechargement,OUT,500.0,FCFA,2362.23,"Rechargement reussi. Montant de la transaction: 500 FCFA, ID transaction: RC260312.2245.C94170, Frais: 0 FCFA, Commission: 0 FCFA, Nouveau solde: 2362.23 FCFA"
USER_7,2026-03-13,20:43:18,OrangeMoney,rechargement,OUT,500.0,FCFA,1362.23,"Rechargement reussi. Montant de la transaction: 500 FCFA, ID transaction: RC260313.2043.C88184, Frais: 0 FCFA, Commission: 0 FCFA, Nouveau solde: 1362.23 FCFA"
USER_7,2026-03-14,05:38:17,OrangeMoney,rechargement,OUT,500.0,FCFA,862.23,"Rechargement reussi. Montant de la transaction: 500 FCFA, ID transaction: RC260314.0538.A09955, Frais: 0 FCFA, Commission: 0 FCFA, Nouveau solde: 862.23 FCFA"
USER_7,2026-03-14,14:15:41,OrangeMoney,rechargement,OUT,500.0,FCFA,362.23,"Rechargement reussi. Montant de la transaction: 500 FCFA, ID transaction: RC260314.1414.B60026, Frais: 0 FCFA, Commission: 0 FCFA, Nouveau solde: 362.23 FCFA"
USER_7,2026-03-15,07:40:47,OrangeMoney,depot,IN,5000.0,FCFA,5162.23,"Depot effectue par [PHONE_7386] [CONTACT_6C86] to [USER_7_phone] [USER_7]. Informations detaillees: Montant de transaction : 5000 FCFA, ID transaction : CI260315.0740.A97103, Frais : 0 FCFA, Commission : 0 FCFA, Montant Net du Credit : 5000 FCFA, Nouveau Solde : 5162.23 FCFA."
USER_7,2026-03-15,07:42:18,OrangeMoney,rechargement,OUT,1000.0,FCFA,4162.23,"Rechargement reussi. Montant de la transaction: 1000 FCFA, ID transaction: RC260315.0742.D31351, Frais: 0 FCFA, Commission: 0 FCFA, Nouveau solde: 4162.23 FCFA"
USER_7,2026-03-16,13:15:11,OrangeMoney,rechargement,OUT,500.0,FCFA,2962.23,"Rechargement reussi. Montant de la transaction: 500 FCFA, ID transaction: RC260316.1315.C86306, Frais: 0 FCFA, Commission: 0 FCFA, Nouveau solde: 2962.23 FCFA"
USER_7,2026-03-16,23:34:42,OrangeMoney,transfert,OUT,1100.0,FCFA,1856.03,"Transfert de [USER_7_phone] [USER_7] vers [PHONE_6558] [CONTACT_7B4F] reussi. ID transaction: PP260316.2334.D74403, Montant Transaction: 1100 FCFA, Frais: 6.2 FCFA, Commission: 0 FCFA, Montant Net: 1106.2 FCFA, Nouveau Solde: 1856.03 FCFA."
USER_7,2026-03-17,15:30:15,OrangeMoney,rechargement,OUT,400.0,FCFA,1456.03,"Rechargement reussi. Montant de la transaction: 400 FCFA, ID transaction: RC260317.1530.C14158, Frais: 0 FCFA, Commission: 0 FCFA, Nouveau solde: 1456.03 FCFA"
USER_7,2026-03-18,01:49:14,OrangeMoney,rechargement,OUT,500.0,FCFA,956.03,"Rechargement reussi. Montant de la transaction: 500 FCFA, ID transaction: RC260318.0149.B70807, Frais: 0 FCFA, Commission: 0 FCFA, Nouveau solde: 956.03 FCFA"
USER_7,2026-03-18,14:22:41,OrangeMoney,transfert,OUT,854.0,FCFA,96.33,"Transfert de [USER_7_phone] [USER_7] vers [PHONE_4156] [CONTACT_8BE0] reussi. ID transaction: PP260318.1415.A15972, Montant Transaction: 854 FCFA, Frais: 5.7 FCFA, Commission: 0 FCFA, Montant Net: 859.7 FCFA, Nouveau Solde: 96.33 FCFA."
USER_7,2026-03-20,04:10:26,OrangeMoney,transfert,OUT,1000.0,FCFA,1096.33,"Transfert de [PHONE_6558] [CONTACT_7B4F] vers [USER_7_phone] [USER_7] reussi. Details: ID transaction: PP260320.0410.D15695, Montant Transaction: 1000FCFA, Frais: 0 FCFA, Commission: 0 FCFA, Montant Net: 1000 FCFA, Nouveau Solde: 1096.33 FCFA."
USER_7,2026-03-20,09:03:03,OrangeMoney,transfert,OUT,5064.0,FCFA,6160.33,"Transfert de [PHONE_2695] [CONTACT_FE98] vers [USER_7_phone] [USER_7] reussi. Details: ID transaction: PP260320.0903.B92427, Montant Transaction: 5064FCFA, Frais: 0 FCFA, Commission: 0 FCFA, Montant Net: 5064 FCFA, Nouveau Solde: 6160.33 FCFA."
USER_7,2026-03-20,12:51:34,OrangeMoney,rechargement,OUT,500.0,FCFA,5660.33,"Rechargement reussi. Montant de la transaction: 500 FCFA, ID transaction: RC260320.1251.A60830, Frais: 0 FCFA, Commission: 0 FCFA, Nouveau solde: 5660.33 FCFA"
USER_7,2026-03-21,21:52:52,OrangeMoney,retrait,OUT,5000.0,FCFA,596.33,"Retrait d'argent reussi par le [PHONE_9651] avec le Code : 286562. Informations detaillees : Montant: 5000 FCFA, Frais: 64 FCFA, No de transaction CO260321.2152.C07693, montant net debite 5064 FCFA, Nouveau solde: 596.33 FCFA."
