UserId,Date,Time,Operator,Transaction_type,Direction,Amount,Currency,New_balance,Anonymized_Content
USER_3,23/10/2023,16:34:17,OrangeMoney,rechargement,OUT,1000.0,FCFA,557.5,"Rechargement reussi. Montant de la transaction: 1000 FCFA, ID transaction: RC231023.1634.B10593, Frais: 0 FCFA, Commission: 0 FCFA, Nouveau solde: 557.5 FCFA"
USER_3,23/10/2023,19:43:37,OrangeMoney,depot,IN,30000.0,FCFA,30557.5,"Depot effectue par [PHONE_8627] [CONTACT_98AF] to [USER_3_phone] [USER_3]. Informations detaillees: Montant de transaction : 30000 FCFA, ID transaction : CI231023.1943.A84630, Frais : 0 FCFA, Commission : 0 FCFA, Montant Net du Credit : 30000 FCFA, Nouveau Solde : 30557.5 FCFA."
USER_3,24/10/2023,17:30:56,OrangeMoney,retrait,OUT,30000.0,FCFA,107.5,"Retrait d'argent reussi par le [PHONE_4205] avec le Code : 160547. Informations detaillees : Montant: 30000 FCFA, Frais: 450 FCFA, No de transaction CO231024.1730.A14331, montant net debite 30450 FCFA, Nouveau solde: 107.5 FCFA."
USER_3,26/10/2023,11:08:08,OrangeMoney,transfert,OUT,5100.0,FCFA,5207.5,"Transfert de [PHONE_4681] [CONTACT_2DFD] vers [USER_3_phone] [USER_3] reussi. Details: ID transaction: PP231026.1108.C82047, Montant Transaction: 5100FCFA, Frais: 0 FCFA, Commission: 0 FCFA, Montant Net: 5100 FCFA, Nouveau Solde: 5207.5 FCFA."
USER_3,26/10/2023,19:19:23,OrangeMoney,depot,IN,5000.0,FCFA,10207.5,"Depot effectue par [PHONE_8652] [CONTACT_7B9E] to [USER_3_phone] [USER_3]. Informations detaillees: Montant de transaction : 5000 FCFA, ID transaction : CI231026.1919.B85011, Frais : 0 FCFA, Commission : 0 FCFA, Montant Net du Credit : 5000 FCFA, Nouveau Solde : 10207.5 FCFA."
USER_3,26/10/2023,20:24:18,OrangeMoney,transfert,OUT,5100.0,FCFA,5082.0,"Transfert de [USER_3_phone] [USER_3] vers [PHONE_0789] [CONTACT_E9B4] reussi. ID transaction: PP231026.2024.B75377, Montant Transaction: 5100 FCFA, Frais: 25.5 FCFA, Commission: 0 FCFA, Montant Net: 5125.5 FCFA, Nouveau Solde: 5082 FCFA."
USER_3,27/10/2023,08:25:13,OrangeMoney,transfert,OUT,3100.0,FCFA,8182.0,"Transfert de [PHONE_5161] [CONTACT_08D2] vers [USER_3_phone] [USER_3] reussi. Details: ID transaction: PP231027.0825.C01985, Montant Transaction: 3100FCFA, Frais: 0 FCFA, Commission: 0 FCFA, Montant Net: 3100 FCFA, Nouveau Solde: 8182 FCFA."
USER_3,27/10/2023,09:38:59,OrangeMoney,transfert,OUT,5200.0,FCFA,13382.0,"Transfert de [PHONE_2542] [CONTACT_D27E] vers [USER_3_phone] [USER_3] reussi. Details: ID transaction: PP231027.0938.C47320, Montant Transaction: 5200FCFA, Frais: 0 FCFA, Commission: 0 FCFA, Montant Net: 5200 FCFA, Nouveau Solde: 13382 FCFA."
USER_3,27/10/2023,21:12:05,OrangeMoney,rechargement,OUT,1000.0,FCFA,12382.0,"Rechargement reussi. Montant de la transaction: 1000 FCFA, ID transaction: RC231027.2111.B92906, Frais: 0 FCFA, Commission: 0 FCFA, Nouveau solde: 12382 FCFA"
USER_3,28/10/2023,10:56:28,OrangeMoney,transfert,OUT,10200.0,FCFA,22582.0,"Transfert de [PHONE_5972] [CONTACT_2AC8] vers [USER_3_phone] [USER_3] reussi. Details: ID transaction: PP231028.1056.A55710, Montant Transaction: 10200FCFA, Frais: 0 FCFA, Commission: 0 FCFA, Montant Net: 10200 FCFA, Nouveau Solde: 22582 FCFA."
USER_3,28/10/2023,17:32:51,OrangeMoney,depot,IN,1000.0,FCFA,23582.0,"Depot effectue par [PHONE_8058] [CONTACT_9EEF] to [USER_3_phone] [USER_3]. Informations detaillees: Montant de transaction : 1000 FCFA, ID transaction : CI231028.1732.C40403, Frais : 0 FCFA, Commission : 0 FCFA, Montant Net du Credit : 1000 FCFA, Nouveau Solde : 23582 FCFA."
USER_3,28/10/2023,17:52:44,OrangeMoney,retrait,OUT,20000.0,FCFA,3282.0,"Retrait d'argent reussi par le [PHONE_4205] avec le Code : 160547. Informations detaillees : Montant: 20000 FCFA, Frais: 300 FCFA, No de transaction CO231028.1752.B53674, montant net debite 20300 FCFA, Nouveau solde: 3282 FCFA."
USER_3,29/10/2023,14:47:24,OrangeMoney,rechargement,OUT,1000.0,FCFA,2282.0,"Rechargement reussi. Montant de la transaction: 1000 FCFA, ID transaction: RC231029.1447.B30640, Frais: 0 FCFA, Commission: 0 FCFA, Nouveau solde: 2282 FCFA"
USER_3,30/10/2023,05:58:15,OrangeMoney,depot,IN,15300.0,FCFA,17582.0,"Depot effectue par [PHONE_5227] [CONTACT_DA0D] to [USER_3_phone] [USER_3]. Informations detaillees: Montant de transaction : 15300 FCFA, ID transaction : CI231030.0558.A87472, Frais : 0 FCFA, Commission : 0 FCFA, Montant Net du Credit : 15300 FCFA, Nouveau Solde : 17582 FCFA."
USER_3,30/10/2023,16:42:08,OrangeMoney,transfert,OUT,15300.0,FCFA,2205.5,"Transfert de [USER_3_phone] [USER_3] vers [PHONE_5778] [CONTACT_5167] reussi. ID transaction: PP231030.1642.B01092, Montant Transaction: 15300 FCFA, Frais: 76.5 FCFA, Commission: 0 FCFA, Montant Net: 15376.5 FCFA, Nouveau Solde: 2205.5 FCFA."
USER_3,01/11/2023,12:08:51,OrangeMoney,transfert,OUT,173000.0,FCFA,175205.5,"Transfert de [PHONE_7790] [CONTACT_28EC] vers [USER_3_phone] [USER_3] reussi. Details: ID transaction: PP231101.1208.C14093, Montant Transaction: 173000FCFA, Frais: 0 FCFA, Commission: 0 FCFA, Montant Net: 173000 FCFA, Nouveau Solde: 175205.5 FCFA."
USER_3,02/11/2023,17:00:10,OrangeMoney,retrait,OUT,170000.0,FCFA,2655.5,"Retrait d'argent reussi par le [PHONE_8015] avec le Code : 226822. Informations detaillees : Montant: 170000 FCFA, Frais: 2550 FCFA, No de transaction CO231102.1700.C54417, montant net debite 172550 FCFA, Nouveau solde: 2655.5 FCFA."
USER_3,06/11/2023,08:19:58,OrangeMoney,transfert,OUT,50000.0,FCFA,52655.5,"Transfert de [PHONE_8982] [CONTACT_7A32] vers [USER_3_phone] [USER_3] reussi. Details: ID transaction: PP231106.0819.C00242, Montant Transaction: 50000FCFA, Frais: 0 FCFA, Commission: 0 FCFA, Montant Net: 50000 FCFA, Nouveau Solde: 52655.5 FCFA."
USER_3,06/11/2023,09:03:44,OrangeMoney,rechargement,OUT,1000.0,FCFA,51655.5,"Rechargement reussi. Montant de la transaction: 1000 FCFA, ID transaction: RC231106.0903.A77198, Frais: 0 FCFA, Commission: 0 FCFA, Nouveau solde: 51655.5 FCFA"
USER_3,06/11/2023,16:56:14,OrangeMoney,transfert,OUT,50750.0,FCFA,651.75,"Transfert de [USER_3_phone] [USER_3] vers [PHONE_5778] [CONTACT_5167] reussi. ID transaction: PP231106.1656.A46627, Montant Transaction: 50750 FCFA, Frais: 253.75 FCFA, Commission: 0 FCFA, Montant Net: 51003.75 FCFA, Nouveau Solde: 651.75 FCFA."
USER_3,06/11/2023,19:19:31,OrangeMoney,depot,IN,20000.0,FCFA,20651.75,"Depot effectue par [PHONE_8248] [CONTACT_F0D9] to [USER_3_phone] [USER_3]. Informations detaillees: Montant de transaction : 20000 FCFA, ID transaction : CI231106.1919.C95671, Frais : 0 FCFA, Commission : 0 FCFA, Montant Net du Credit : 20000 FCFA, Nouveau Solde : 20651.75 FCFA."
USER_3,07/11/2023,18:58:21,OrangeMoney,retrait,OUT,20000.0,FCFA,351.75,"Retrait d'argent reussi par le [PHONE_4205] avec le Code : 160547. Informations detaillees : Montant: 20000 FCFA, Frais: 300 FCFA, No de transaction CO231107.1858.C89038, montant net debite 20300 FCFA, Nouveau solde: 351.75 FCFA."
USER_3,12/11/2023,17:47:54,OrangeMoney,depot,IN,50000.0,FCFA,50351.75,"Depot effectue par [PHONE_9096] [CONTACT_CE75] to [USER_3_phone] [USER_3]. Informations detaillees: Montant de transaction : 50000 FCFA, ID transaction : CI231112.1747.A79485, Frais : 0 FCFA, Commission : 0 FCFA, Montant Net du Credit : 50000 FCFA, Nouveau Solde : 50351.75 FCFA."
USER_3,13/11/2023,09:37:25,OrangeMoney,rechargement,OUT,1000.0,FCFA,49351.75,"Rechargement reussi. Montant de la transaction: 1000 FCFA, ID transaction: RC231113.0937.C13771, Frais: 0 FCFA, Commission: 0 FCFA, Nouveau solde: 49351.75 FCFA"
USER_3,13/11/2023,11:48:28,OrangeMoney,rechargement,OUT,200.0,FCFA,49151.75,"Rechargement reussi. Montant de la transaction: 200 FCFA, ID transaction: RC231113.1148.B40325, Frais: 0 FCFA, Commission: 0 FCFA, Nouveau solde: 49151.75 FCFA"
USER_3,13/11/2023,16:15:47,OrangeMoney,retrait,OUT,40000.0,FCFA,8551.75,"Retrait d'argent reussi par le [PHONE_5664] avec le Code : 265687. Informations detaillees : Montant: 40000 FCFA, Frais: 600 FCFA, No de transaction CO231113.1615.C68754, montant net debite 40600 FCFA, Nouveau solde: 8551.75 FCFA."
USER_3,16/11/2023,19:00:18,OrangeMoney,rechargement,OUT,1000.0,FCFA,7551.75,"Rechargement reussi. Montant de la transaction: 1000 FCFA, ID transaction: RC231116.1900.C45695, Frais: 0 FCFA, Commission: 0 FCFA, Nouveau solde: 7551.75 FCFA"
USER_3,20/11/2023,07:59:46,OrangeMoney,transfert,OUT,15000.0,FCFA,22551.75,"Transfert de [PHONE_3071] [CONTACT_55E4] vers [USER_3_phone] [USER_3] reussi. Details: ID transaction: PP231120.0759.B06510, Montant Transaction: 15000FCFA, Frais: 0 FCFA, Commission: 0 FCFA, Montant Net: 15000 FCFA, Nouveau Solde: 22551.75 FCFA."
USER_3,20/11/2023,18:00:02,OrangeMoney,retrait,OUT,15000.0,FCFA,7326.75,"Retrait d'argent reussi par le [PHONE_4205] avec le Code : 160547. Informations detaillees : Montant: 15000 FCFA, Frais: 225 FCFA, No de transaction CO231120.1800.A83997, montant net debite 15225 FCFA, Nouveau solde: 7326.75 FCFA."
USER_3,20/11/2023,21:30:59,OrangeMoney,depot,IN,20000.0,FCFA,27326.75,"Depot effectue par [PHONE_1541] [CONTACT_85B9] to [USER_3_phone] [USER_3]. Informations detaillees: Montant de transaction : 20000 FCFA, ID transaction : CI231120.2130.C94904, Frais : 0 FCFA, Commission : 0 FCFA, Montant Net du Credit : 20000 FCFA, Nouveau Solde : 27326.75 FCFA."
USER_3,21/11/2023,08:03:37,OrangeMoney,transfert,OUT,2000.0,FCFA,25316.75,"Transfert de [USER_3_phone] [USER_3] vers [PHONE_7810] [CONTACT_48B1] reussi. ID transaction: PP231121.0803.A00833, Montant Transaction: 2000 FCFA, Frais: 10 FCFA, Commission: 0 FCFA, Montant Net: 2010 FCFA, Nouveau Solde: 25316.75 FCFA."
USER_3,21/11/2023,16:10:30,OrangeMoney,retrait,OUT,20000.0,FCFA,5016.75,"Retrait d'argent reussi par le [PHONE_4205] avec le Code : 160547. Informations detaillees : Montant: 20000 FCFA, Frais: 300 FCFA, No de transaction CO231121.1610.C68997, montant net debite 20300 FCFA, Nouveau solde: 5016.75 FCFA."
USER_3,21/11/2023,20:30:34,OrangeMoney,depot,IN,30000.0,FCFA,35016.75,"Depot effectue par [PHONE_8248] [CONTACT_F0D9] to [USER_3_phone] [USER_3]. Informations detaillees: Montant de transaction : 30000 FCFA, ID transaction : CI231121.2030.C04973, Frais : 0 FCFA, Commission : 0 FCFA, Montant Net du Credit : 30000 FCFA, Nouveau Solde : 35016.75 FCFA."
USER_3,23/11/2023,16:12:37,OrangeMoney,rechargement,OUT,1000.0,FCFA,34016.75,"Rechargement reussi. Montant de la transaction: 1000 FCFA, ID transaction: RC231123.1612.A17783, Frais: 0 FCFA, Commission: 0 FCFA, Nouveau solde: 34016.75 FCFA"
USER_3,23/11/2023,17:35:57,OrangeMoney,retrait,OUT,30000.0,FCFA,3566.75,"Retrait d'argent reussi par le [PHONE_4205] avec le Code : 160547. Informations detaillees : Montant: 30000 FCFA, Frais: 450 FCFA, No de transaction CO231123.1735.A90769, montant net debite 30450 FCFA, Nouveau solde: 3566.75 FCFA."
USER_3,30/11/2023,10:32:55,OrangeMoney,transfert,OUT,10200.0,FCFA,13766.75,"Transfert de [PHONE_4681] [CONTACT_2DFD] vers [USER_3_phone] [USER_3] reussi. Details: ID transaction: PP231130.1032.B50024, Montant Transaction: 10200FCFA, Frais: 0 FCFA, Commission: 0 FCFA, Montant Net: 10200 FCFA, Nouveau Solde: 13766.75 FCFA."
USER_3,30/11/2023,16:16:49,OrangeMoney,rechargement,OUT,1000.0,FCFA,12766.75,"Rechargement reussi. Montant de la transaction: 1000 FCFA, ID transaction: RC231130.1616.B71081, Frais: 0 FCFA, Commission: 0 FCFA, Nouveau solde: 12766.75 FCFA"
USER_3,02/12/2023,19:09:06,OrangeMoney,transfert,OUT,10500.0,FCFA,2214.25,"Transfert de [USER_3_phone] [USER_3] vers [PHONE_6079] [CONTACT_C15F] reussi. ID transaction: PP231202.1909.A78686, Montant Transaction: 10500 FCFA, Frais: 52.5 FCFA, Commission: 0 FCFA, Montant Net: 10552.5 FCFA, Nouveau Solde: 2214.25 FCFA."
USER_3,03/12/2023,02:32:43,OrangeMoney,rechargement,OUT,1000.0,FCFA,1214.25,"Rechargement reussi. Montant de la transaction: 1000 FCFA, ID transaction: RC231203.0232.C70489, Frais: 0 FCFA, Commission: 0 FCFA, Nouveau solde: 1214.25 FCFA"
USER_3,07/12/2023,17:12:12,OrangeMoney,rechargement,OUT,1000.0,FCFA,214.25,"Rechargement reussi. Montant de la transaction: 1000 FCFA, ID transaction: RC231207.1712.B13078, Frais: 0 FCFA, Commission: 0 FCFA, Nouveau solde: 214.25 FCFA"
USER_3,08/12/2023,15:14:53,OrangeMoney,transfert,OUT,35500.0,FCFA,35714.25,"Transfert de [PHONE_8982] [CONTACT_7A32] vers [USER_3_phone] [USER_3] reussi. Details: ID transaction: PP231208.1514.B46122, Montant Transaction: 35500FCFA, Frais: 0 FCFA, Commission: 0 FCFA, Montant Net: 35500 FCFA, Nouveau Solde: 35714.25 FCFA."
USER_3,08/12/2023,16:55:25,OrangeMoney,depot,IN,7000.0,FCFA,42714.25,"Depot effectue par [PHONE_3633] [CONTACT_8C98] to [USER_3_phone] [USER_3]. Informations detaillees: Montant de transaction : 7000 FCFA, ID transaction : CI231208.1627.B60590, Frais : 0 FCFA, Commission : 0 FCFA, Montant Net du Credit : 7000 FCFA, Nouveau Solde : 42714.25 FCFA."
USER_3,09/12/2023,21:43:13,OrangeMoney,depot,IN,5000.0,FCFA,47714.25,"Depot effectue par [PHONE_8652] [CONTACT_7B9E] to [USER_3_phone] [USER_3]. Informations detaillees: Montant de transaction : 5000 FCFA, ID transaction : CI231209.2143.C82424, Frais : 0 FCFA, Commission : 0 FCFA, Montant Net du Credit : 5000 FCFA, Nouveau Solde : 47714.25 FCFA."
USER_3,10/12/2023,13:38:23,OrangeMoney,transfert,OUT,2500.0,FCFA,50214.25,"Transfert de [PHONE_8982] [CONTACT_7A32] vers [USER_3_phone] [USER_3] reussi. Details: ID transaction: PP231210.1338.C68649, Montant Transaction: 2500FCFA, Frais: 0 FCFA, Commission: 0 FCFA, Montant Net: 2500 FCFA, Nouveau Solde: 50214.25 FCFA."
USER_3,11/12/2023,17:16:25,OrangeMoney,retrait,OUT,42000.0,FCFA,7584.25,"Retrait d'argent reussi par le [PHONE_5664] avec le Code : 265687. Informations detaillees : Montant: 42000 FCFA, Frais: 630 FCFA, No de transaction CO231211.1716.C12683, montant net debite 42630 FCFA, Nouveau solde: 7584.25 FCFA."
USER_3,12/12/2023,11:30:58,OrangeMoney,transfert,OUT,6700.0,FCFA,850.75,"Transfert de [USER_3_phone] [USER_3] vers [PHONE_2964] [CONTACT_70EA] reussi. ID transaction: PP231212.1130.C37240, Montant Transaction: 6700 FCFA, Frais: 33.5 FCFA, Commission: 0 FCFA, Montant Net: 6733.5 FCFA, Nouveau Solde: 850.75 FCFA."
USER_3,15/12/2023,11:34:44,OrangeMoney,transfert,OUT,1000.0,FCFA,1850.75,"Transfert de [PHONE_2964] [CONTACT_70EA] vers [USER_3_phone] [USER_3] reussi. Details: ID transaction: PP231215.1134.A82711, Montant Transaction: 1000FCFA, Frais: 0 FCFA, Commission: 0 FCFA, Montant Net: 1000 FCFA, Nouveau Solde: 1850.75 FCFA."
USER_3,15/12/2023,11:38:11,OrangeMoney,rechargement,OUT,1000.0,FCFA,850.75,"Rechargement reussi. Montant de la transaction: 1000 FCFA, ID transaction: RC231215.1138.C38096, Frais: 0 FCFA, Commission: 0 FCFA, Nouveau solde: 850.75 FCFA"
USER_3,16/12/2023,11:34:44,OrangeMoney,transfert,OUT,1000.0,FCFA,1850.75,"Transfert de [PHONE_3354] hiket vers [USER_3_phone] [USER_3] reussi. Details: ID transaction: PP231216.1134.C71896, Montant Transaction: 1000FCFA, Frais: 0 FCFA, Commission: 0 FCFA, Montant Net: 1000 FCFA, Nouveau Solde: 1850.75 FCFA."
USER_3,17/12/2023,17:32:42,OrangeMoney,depot,IN,25000.0,FCFA,26850.75,"Depot effectue par [PHONE_8160] [CONTACT_C742] to [USER_3_phone] [USER_3]. Informations detaillees: Montant de transaction : 25000 FCFA, ID transaction : CI231217.1732.B92690, Frais : 0 FCFA, Commission : 0 FCFA, Montant Net du Credit : 25000 FCFA, Nouveau Solde : 26850.75 FCFA."
USER_3,18/12/2023,20:20:36,OrangeMoney,retrait,OUT,25000.0,FCFA,1475.75,"Retrait d'argent reussi par le [PHONE_0088] avec le Code : 118602. Informations detaillees : Montant: 25000 FCFA, Frais: 375 FCFA, No de transaction CO231218.2020.C79529, montant net debite 25375 FCFA, Nouveau solde: 1475.75 FCFA."
USER_3,20/12/2023,10:41:35,OrangeMoney,transfert,OUT,102000.0,FCFA,103475.75,"Transfert de [PHONE_6978] [CONTACT_AF28] vers [USER_3_phone] [USER_3] reussi. Details: ID transaction: PP231220.1041.C75098, Montant Transaction: 102000FCFA, Frais: 0 FCFA, Commission: 0 FCFA, Montant Net: 102000 FCFA, Nouveau Solde: 103475.75 FCFA."
USER_3,20/12/2023,11:10:16,OrangeMoney,retrait,OUT,100000.0,FCFA,1975.75,"Retrait d'argent reussi par le [PHONE_5664] avec le Code : 265687. Informations detaillees : Montant: 100000 FCFA, Frais: 1500 FCFA, No de transaction CO231220.1110.A21320, montant net debite 101500 FCFA, Nouveau solde: 1975.75 FCFA."
USER_3,20/12/2023,22:31:20,OrangeMoney,depot,IN,80000.0,FCFA,81975.75,"Depot effectue par [PHONE_4491] [CONTACT_D584] to [USER_3_phone] [USER_3]. Informations detaillees: Montant de transaction : 80000 FCFA, ID transaction : CI231220.2231.A91899, Frais : 0 FCFA, Commission : 0 FCFA, Montant Net du Credit : 80000 FCFA, Nouveau Solde : 81975.75 FCFA."
USER_3,21/12/2023,16:58:06,OrangeMoney,retrait,OUT,80000.0,FCFA,775.75,"Retrait d'argent reussi par le [PHONE_5664] avec le Code : 265687. Informations detaillees : Montant: 80000 FCFA, Frais: 1200 FCFA, No de transaction CO231221.1658.B34139, montant net debite 81200 FCFA, Nouveau solde: 775.75 FCFA."
USER_3,22/12/2023,09:06:31,OrangeMoney,depot,IN,102500.0,FCFA,103275.75,"Depot effectue par [PHONE_9069] [CONTACT_E1B3] to [USER_3_phone] [USER_3]. Informations detaillees: Montant de transaction : 102500 FCFA, ID transaction : CI231222.0906.B18053, Frais : 0 FCFA, Commission : 0 FCFA, Montant Net du Credit : 102500 FCFA, Nouveau Solde : 103275.75 FCFA."
USER_3,23/12/2023,09:08:12,OrangeMoney,depot,IN,50800.0,FCFA,154075.75,"Depot effectue par [PHONE_2080] [CONTACT_7B9E] to [USER_3_phone] [USER_3]. Informations detaillees: Montant de transaction : 50800 FCFA, ID transaction : CI231223.0908.A23724, Frais : 0 FCFA, Commission : 0 FCFA, Montant Net du Credit : 50800 FCFA, Nouveau Solde : 154075.75 FCFA."
USER_3,23/12/2023,17:09:29,OrangeMoney,transfert,OUT,20200.0,FCFA,174275.75,"Transfert de [PHONE_0777] [CONTACT_9419] vers [USER_3_phone] [USER_3] reussi. Details: ID transaction: PP231223.1709.C41894, Montant Transaction: 20200FCFA, Frais: 0 FCFA, Commission: 0 FCFA, Montant Net: 20200 FCFA, Nouveau Solde: 174275.75 FCFA."
USER_3,23/12/2023,19:51:50,OrangeMoney,transfert,OUT,50700.0,FCFA,224975.75,"Transfert de [PHONE_7524] [CONTACT_5575] vers [USER_3_phone] [USER_3] reussi. Details: ID transaction: PP231223.1951.C86224, Montant Transaction: 50700FCFA, Frais: 0 FCFA, Commission: 0 FCFA, Montant Net: 50700 FCFA, Nouveau Solde: 224975.75 FCFA."
USER_3,24/12/2023,16:55:22,OrangeMoney,transfert,OUT,15300.0,FCFA,207539.0,"Transfert de [USER_3_phone] [USER_3] vers [PHONE_2260] [CONTACT_5803] reussi. ID transaction: PP231224.1655.B36887, Montant Transaction: 15300 FCFA, Frais: 76.5 FCFA, Commission: 0 FCFA, Montant Net: 15376.5 FCFA, Nouveau Solde: 207539 FCFA."
USER_3,24/12/2023,17:32:15,OrangeMoney,transfert,OUT,3200.0,FCFA,204323.0,"Transfert de [USER_3_phone] [USER_3] vers [PHONE_3526] [CONTACT_3594] reussi. ID transaction: PP231224.1732.B69810, Montant Transaction: 3200 FCFA, Frais: 16 FCFA, Commission: 0 FCFA, Montant Net: 3216 FCFA, Nouveau Solde: 204323 FCFA."
USER_3,24/12/2023,17:43:32,OrangeMoney,transfert,OUT,3100.0,FCFA,201207.5,"Transfert de [USER_3_phone] [USER_3] vers [PHONE_1441] [CONTACT_436F] reussi. ID transaction: PP231224.1743.C78873, Montant Transaction: 3100 FCFA, Frais: 15.5 FCFA, Commission: 0 FCFA, Montant Net: 3115.5 FCFA, Nouveau Solde: 201207.5 FCFA."
USER_3,24/12/2023,19:05:05,OrangeMoney,rechargement,OUT,1000.0,FCFA,200207.5,"Rechargement reussi. Montant de la transaction: 1000 FCFA, ID transaction: RC231224.1905.C45585, Frais: 0 FCFA, Commission: 0 FCFA, Nouveau solde: 200207.5 FCFA"
USER_3,27/12/2023,15:53:47,OrangeMoney,retrait,OUT,197000.0,FCFA,252.5,"Retrait d'argent reussi par le [PHONE_5664] avec le Code : 265687. Informations detaillees : Montant: 197000 FCFA, Frais: 2955 FCFA, No de transaction CO231227.1553.B49799, montant net debite 199955 FCFA, Nouveau solde: 252.5 FCFA."
USER_3,27/12/2023,17:53:13,OrangeMoney,transfert,OUT,10200.0,FCFA,10452.5,"Transfert de [PHONE_8074] [CONTACT_6431] vers [USER_3_phone] [USER_3] reussi. Details: ID transaction: PP231227.1753.C37729, Montant Transaction: 10200FCFA, Frais: 0 FCFA, Commission: 0 FCFA, Montant Net: 10200 FCFA, Nouveau Solde: 10452.5 FCFA."
USER_3,28/12/2023,18:36:11,OrangeMoney,depot,IN,10200.0,FCFA,20652.5,"Depot effectue par [PHONE_5227] [CONTACT_DA0D] to [USER_3_phone] [USER_3]. Informations detaillees: Montant de transaction : 10200 FCFA, ID transaction : CI231228.1836.C77139, Frais : 0 FCFA, Commission : 0 FCFA, Montant Net du Credit : 10200 FCFA, Nouveau Solde : 20652.5 FCFA."
USER_3,29/12/2023,06:18:47,OrangeMoney,transfert,OUT,10200.0,FCFA,30852.5,"Transfert de [PHONE_5972] [CONTACT_2AC8] vers [USER_3_phone] [USER_3] reussi. Details: ID transaction: PP231229.0618.B96801, Montant Transaction: 10200FCFA, Frais: 0 FCFA, Commission: 0 FCFA, Montant Net: 10200 FCFA, Nouveau Solde: 30852.5 FCFA."
USER_3,29/12/2023,10:35:37,OrangeMoney,retrait,OUT,20000.0,FCFA,10552.5,"Retrait d'argent reussi par le [PHONE_5664] avec le Code : 265687. Informations detaillees : Montant: 20000 FCFA, Frais: 300 FCFA, No de transaction CO231229.1035.A03729, montant net debite 20300 FCFA, Nouveau solde: 10552.5 FCFA."
USER_3,29/12/2023,16:53:02,OrangeMoney,transfert,OUT,10150.0,FCFA,20702.5,"Transfert de [PHONE_4681] [CONTACT_2DFD] vers [USER_3_phone] [USER_3] reussi. Details: ID transaction: PP231229.1653.B39841, Montant Transaction: 10150FCFA, Frais: 0 FCFA, Commission: 0 FCFA, Montant Net: 10150 FCFA, Nouveau Solde: 20702.5 FCFA."
USER_3,30/12/2023,10:28:01,OrangeMoney,depot,IN,10150.0,FCFA,30852.5,"Depot effectue par [PHONE_2460] [CONTACT_FFE2] to [USER_3_phone] [USER_3]. Informations detaillees: Montant de transaction : 10150 FCFA, ID transaction : CI231230.1027.A54867, Frais : 0 FCFA, Commission : 0 FCFA, Montant Net du Credit : 10150 FCFA, Nouveau Solde : 30852.5 FCFA."
USER_3,02/01/2024,12:49:30,OrangeMoney,transfert,OUT,1000.0,FCFA,1200.0,"Transfert de [PHONE_2964] [CONTACT_70EA] vers [USER_3_phone] [USER_3] reussi. Details: ID transaction: PP240102.1249.C46217, Montant Transaction: 1000FCFA, Frais: 0 FCFA, Commission: 0 FCFA, Montant Net: 1000 FCFA, Nouveau Solde: 1200 FCFA."
USER_3,02/01/2024,12:55:26,OrangeMoney,rechargement,OUT,1000.0,FCFA,200.0,"Rechargement reussi. Montant de la transaction: 1000 FCFA, ID transaction: RC240102.1255.B64470, Frais: 0 FCFA, Commission: 0 FCFA, Nouveau solde: 200 FCFA"
USER_3,04/01/2024,14:13:18,OrangeMoney,depot,IN,60000.0,FCFA,60200.0,"Depot effectue par [PHONE_0879] [CONTACT_7B9E] to [USER_3_phone] [USER_3]. Informations detaillees: Montant de transaction : 60000 FCFA, ID transaction : CI240104.1413.B68671, Frais : 0 FCFA, Commission : 0 FCFA, Montant Net du Credit : 60000 FCFA, Nouveau Solde : 60200 FCFA."
USER_3,04/01/2024,18:17:40,OrangeMoney,retrait,OUT,59000.0,FCFA,315.0,"Retrait d'argent reussi par le [PHONE_4205] avec le Code : 160547. Informations detaillees : Montant: 59000 FCFA, Frais: 885 FCFA, No de transaction CO240104.1817.A28804, montant net debite 59885 FCFA, Nouveau solde: 315 FCFA."
USER_3,04/01/2024,21:20:01,OrangeMoney,transfert,OUT,18400.0,FCFA,18715.0,"Transfert de [PHONE_7790] [CONTACT_28EC] vers [USER_3_phone] [USER_3] reussi. Details: ID transaction: PP240104.2119.A14203, Montant Transaction: 18400FCFA, Frais: 0 FCFA, Commission: 0 FCFA, Montant Net: 18400 FCFA, Nouveau Solde: 18715 FCFA."
USER_3,06/01/2024,09:23:47,OrangeMoney,transfert,OUT,13200.0,FCFA,5449.0,"Transfert de [USER_3_phone] [USER_3] vers [PHONE_1545] [CONTACT_39F8] reussi. ID transaction: PP240106.0923.C00340, Montant Transaction: 13200 FCFA, Frais: 66 FCFA, Commission: 0 FCFA, Montant Net: 13266 FCFA, Nouveau Solde: 5449 FCFA."
USER_3,06/01/2024,11:20:30,OrangeMoney,transfert,OUT,50000.0,FCFA,55449.0,"Transfert de [PHONE_8982] [CONTACT_7A32] vers [USER_3_phone] [USER_3] reussi. Details: ID transaction: PP240106.1120.A91266, Montant Transaction: 50000FCFA, Frais: 0 FCFA, Commission: 0 FCFA, Montant Net: 50000 FCFA, Nouveau Solde: 55449 FCFA."
USER_3,08/01/2024,09:35:23,OrangeMoney,retrait,OUT,50000.0,FCFA,4699.0,"Retrait d'argent reussi par le [PHONE_5664] avec le Code : 265687. Informations detaillees : Montant: 50000 FCFA, Frais: 750 FCFA, No de transaction CO240108.0935.C79724, montant net debite 50750 FCFA, Nouveau solde: 4699 FCFA."
USER_3,10/01/2024,10:29:02,OrangeMoney,rechargement,OUT,1000.0,FCFA,3699.0,"Rechargement reussi. Montant de la transaction: 1000 FCFA, ID transaction: RC240110.1028.C49794, Frais: 0 FCFA, Commission: 0 FCFA, Nouveau solde: 3699 FCFA"
USER_3,12/01/2024,08:59:02,OrangeMoney,transfert,OUT,3100.0,FCFA,583.5,"Transfert de [USER_3_phone] [USER_3] vers [PHONE_6331] [CONTACT_373D] reussi. ID transaction: PP240112.0858.C59213, Montant Transaction: 3100 FCFA, Frais: 15.5 FCFA, Commission: 0 FCFA, Montant Net: 3115.5 FCFA, Nouveau Solde: 583.5 FCFA."
USER_3,13/01/2024,20:26:40,OrangeMoney,depot,IN,5000.0,FCFA,5583.5,"Depot effectue par [PHONE_9096] [CONTACT_CE75] to [USER_3_phone] [USER_3]. Informations detaillees: Montant de transaction : 5000 FCFA, ID transaction : CI240113.2026.A39194, Frais : 0 FCFA, Commission : 0 FCFA, Montant Net du Credit : 5000 FCFA, Nouveau Solde : 5583.5 FCFA."
USER_3,14/01/2024,16:57:16,OrangeMoney,rechargement,OUT,500.0,FCFA,5083.5,"Rechargement reussi. Montant de la transaction: 500 FCFA, ID transaction: RC240114.1657.B66643, Frais: 0 FCFA, Commission: 0 FCFA, Nouveau solde: 5083.5 FCFA"
USER_3,16/01/2024,10:28:46,OrangeMoney,transfert,OUT,25000.0,FCFA,30083.5,"Transfert de [PHONE_4262] [CONTACT_0692] vers [USER_3_phone] [USER_3] reussi. Details: ID transaction: PP240116.1028.A11032, Montant Transaction: 25000FCFA, Frais: 0 FCFA, Commission: 0 FCFA, Montant Net: 25000 FCFA, Nouveau Solde: 30083.5 FCFA."
USER_3,16/01/2024,16:30:03,OrangeMoney,depot,IN,28000.0,FCFA,58083.5,"Depot effectue par [PHONE_7970] ETSMEKEM3 to [USER_3_phone] [USER_3]. Informations detaillees: Montant de transaction : 28000 FCFA, ID transaction : CI240116.1630.C41197, Frais : 0 FCFA, Commission : 0 FCFA, Montant Net du Credit : 28000 FCFA, Nouveau Solde : 58083.5 FCFA."
USER_3,16/01/2024,17:02:12,OrangeMoney,retrait,OUT,52000.0,FCFA,5303.5,"Retrait d'argent reussi par le [PHONE_5664] avec le Code : 265687. Informations detaillees : Montant: 52000 FCFA, Frais: 780 FCFA, No de transaction CO240116.1702.C37368, montant net debite 52780 FCFA, Nouveau solde: 5303.5 FCFA."
USER_3,17/01/2024,13:09:05,OrangeMoney,rechargement,OUT,1000.0,FCFA,4303.5,"Rechargement reussi. Montant de la transaction: 1000 FCFA, ID transaction: RC240117.1309.B35697, Frais: 0 FCFA, Commission: 0 FCFA, Nouveau solde: 4303.5 FCFA"
USER_3,18/01/2024,15:48:40,OrangeMoney,transfert,OUT,20300.0,FCFA,24603.5,"Transfert de [PHONE_3071] [CONTACT_55E4] vers [USER_3_phone] [USER_3] reussi. Details: ID transaction: PP240118.1548.C68829, Montant Transaction: 20300FCFA, Frais: 0 FCFA, Commission: 0 FCFA, Montant Net: 20300 FCFA, Nouveau Solde: 24603.5 FCFA."
USER_3,18/01/2024,18:19:12,OrangeMoney,retrait,OUT,15000.0,FCFA,9378.5,"Retrait d'argent reussi par le [PHONE_4205] avec le Code : 160547. Informations detaillees : Montant: 15000 FCFA, Frais: 225 FCFA, No de transaction CO240118.1819.A01336, montant net debite 15225 FCFA, Nouveau solde: 9378.5 FCFA."
USER_3,22/01/2024,12:27:58,OrangeMoney,transfert,OUT,5075.0,FCFA,14453.5,"Transfert de [PHONE_1428] [CONTACT_6A60] vers [USER_3_phone] [USER_3] reussi. Details: ID transaction: PP240122.1227.B67738, Montant Transaction: 5075FCFA, Frais: 0 FCFA, Commission: 0 FCFA, Montant Net: 5075 FCFA, Nouveau Solde: 14453.5 FCFA."
USER_3,23/01/2024,09:47:56,OrangeMoney,transfert,OUT,10150.0,FCFA,24603.5,"Transfert de [PHONE_1428] [CONTACT_6A60] vers [USER_3_phone] [USER_3] reussi. Details: ID transaction: PP240123.0947.A88769, Montant Transaction: 10150FCFA, Frais: 0 FCFA, Commission: 0 FCFA, Montant Net: 10150 FCFA, Nouveau Solde: 24603.5 FCFA."
USER_3,23/01/2024,11:13:25,OrangeMoney,transfert,OUT,5000.0,FCFA,29603.5,"Transfert de [PHONE_5890] [CONTACT_77FB] vers [USER_3_phone] [USER_3] reussi. Details: ID transaction: PP240123.1113.A45702, Montant Transaction: 5000FCFA, Frais: 0 FCFA, Commission: 0 FCFA, Montant Net: 5000 FCFA, Nouveau Solde: 29603.5 FCFA."
USER_3,23/01/2024,12:38:19,OrangeMoney,transfert,OUT,15300.0,FCFA,14227.0,"Transfert de [USER_3_phone] [USER_3] vers [PHONE_4968] [CONTACT_B32B] reussi. ID transaction: PP240123.1238.A03742, Montant Transaction: 15300 FCFA, Frais: 76.5 FCFA, Commission: 0 FCFA, Montant Net: 15376.5 FCFA, Nouveau Solde: 14227 FCFA."
USER_3,24/01/2024,15:09:06,OrangeMoney,rechargement,OUT,1000.0,FCFA,13227.0,"Rechargement reussi. Montant de la transaction: 1000 FCFA, ID transaction: RC240124.1509.B06867, Frais: 0 FCFA, Commission: 0 FCFA, Nouveau solde: 13227 FCFA"
USER_3,25/01/2024,14:44:50,OrangeMoney,depot,IN,500000.0,FCFA,513227.0,"Depot effectue par [PHONE_3385] [CONTACT_81EB] to [USER_3_phone] [USER_3]. Informations detaillees: Montant de transaction : 500000 FCFA, ID transaction : CI240125.1444.B63300, Frais : 0 FCFA, Commission : 0 FCFA, Montant Net du Credit : 500000 FCFA, Nouveau Solde : 513227 FCFA."
USER_3,25/01/2024,17:05:20,OrangeMoney,transfert,OUT,5100.0,FCFA,508101.5,"Transfert de [USER_3_phone] [USER_3] vers [PHONE_0789] [CONTACT_E9B4] reussi. ID transaction: PP240125.1705.A39612, Montant Transaction: 5100 FCFA, Frais: 25.5 FCFA, Commission: 0 FCFA, Montant Net: 5125.5 FCFA, Nouveau Solde: 508101.5 FCFA."
USER_3,25/01/2024,17:08:47,OrangeMoney,depot,IN,350000.0,FCFA,858101.5,"Depot effectue par [PHONE_3385] [CONTACT_81EB] to [USER_3_phone] [USER_3]. Informations detaillees: Montant de transaction : 350000 FCFA, ID transaction : CI240125.1708.B10492, Frais : 0 FCFA, Commission : 0 FCFA, Montant Net du Credit : 350000 FCFA, Nouveau Solde : 858101.5 FCFA."
USER_3,25/01/2024,17:12:40,OrangeMoney,depot,IN,150000.0,FCFA,1008101.5,"Depot effectue par [PHONE_5617] [CONTACT_DF8A] to [USER_3_phone] [USER_3]. Informations detaillees: Montant de transaction : 150000 FCFA, ID transaction : CI240125.1712.C15130, Frais : 0 FCFA, Commission : 0 FCFA, Montant Net du Credit : 150000 FCFA, Nouveau Solde : 1008101.5 FCFA."
USER_3,26/01/2024,15:19:43,OrangeMoney,depot,IN,240000.0,FCFA,1248101.5,"Depot effectue par [PHONE_3385] [CONTACT_81EB] to [USER_3_phone] [USER_3]. Informations detaillees: Montant de transaction : 240000 FCFA, ID transaction : CI240126.1519.B42431, Frais : 0 FCFA, Commission : 0 FCFA, Montant Net du Credit : 240000 FCFA, Nouveau Solde : 1248101.5 FCFA."
USER_3,26/01/2024,15:22:41,OrangeMoney,transfert,OUT,20000.0,FCFA,1268101.5,"Transfert de [PHONE_8240] [CONTACT_CCF3] vers [USER_3_phone] [USER_3] reussi. Details: ID transaction: PP240126.1522.A52107, Montant Transaction: 20000FCFA, Frais: 0 FCFA, Commission: 0 FCFA, Montant Net: 20000 FCFA, Nouveau Solde: 1268101.5 FCFA."
USER_3,26/01/2024,16:50:26,OrangeMoney,transfert,OUT,10150.0,FCFA,1278251.5,"Transfert de [PHONE_7703] [CONTACT_DCE7] vers [USER_3_phone] [USER_3] reussi. Details: ID transaction: PP240126.1650.A24433, Montant Transaction: 10150FCFA, Frais: 0 FCFA, Commission: 0 FCFA, Montant Net: 10150 FCFA, Nouveau Solde: 1278251.5 FCFA."
USER_3,28/01/2024,17:43:01,OrangeMoney,depot,IN,6000.0,FCFA,1284251.5,"Depot effectue par [PHONE_4798] [CONTACT_CE85] to [USER_3_phone] [USER_3]. Informations detaillees: Montant de transaction : 6000 FCFA, ID transaction : CI240128.1743.C70856, Frais : 0 FCFA, Commission : 0 FCFA, Montant Net du Credit : 6000 FCFA, Nouveau Solde : 1284251.5 FCFA."
USER_3,29/01/2024,06:23:22,OrangeMoney,depot,IN,10150.0,FCFA,1294401.5,"Depot effectue par [PHONE_5227] [CONTACT_DA0D] to [USER_3_phone] [USER_3]. Informations detaillees: Montant de transaction : 10150 FCFA, ID transaction : CI240129.0623.B31056, Frais : 0 FCFA, Commission : 0 FCFA, Montant Net du Credit : 10150 FCFA, Nouveau Solde : 1294401.5 FCFA."
USER_3,29/01/2024,18:26:13,OrangeMoney,retrait,OUT,500000.0,FCFA,790901.5,"Retrait d'argent reussi par le [PHONE_5664] avec le Code : 265687. Informations detaillees : Montant: 500000 FCFA, Frais: 3500 FCFA, No de transaction CO240129.1826.C05823, montant net debite 503500 FCFA, Nouveau solde: 790901.5 FCFA."
USER_3,29/01/2024,18:28:53,OrangeMoney,retrait,OUT,500000.0,FCFA,287401.5,"Retrait d'argent reussi par le [PHONE_5664] avec le Code : 265687. Informations detaillees : Montant: 500000 FCFA, Frais: 3500 FCFA, No de transaction CO240129.1828.B05911, montant net debite 503500 FCFA, Nouveau solde: 287401.5 FCFA."
USER_3,29/01/2024,18:32:26,OrangeMoney,retrait,OUT,280000.0,FCFA,3901.5,"Retrait d'argent reussi par le [PHONE_5664] avec le Code : 265687. Informations detaillees : Montant: 280000 FCFA, Frais: 3500 FCFA, No de transaction CO240129.1832.A22994, montant net debite 283500 FCFA, Nouveau solde: 3901.5 FCFA."
USER_3,01/02/2024,07:48:46,OrangeMoney,rechargement,OUT,1000.0,FCFA,2901.5,"Rechargement reussi. Montant de la transaction: 1000 FCFA, ID transaction: RC240201.0748.C30301, Frais: 0 FCFA, Commission: 0 FCFA, Nouveau solde: 2901.5 FCFA"
USER_3,02/02/2024,10:10:26,OrangeMoney,transfert,OUT,50000.0,FCFA,52901.5,"Transfert de [PHONE_8982] [CONTACT_7A32] vers [USER_3_phone] [USER_3] reussi. Details: ID transaction: PP240202.1010.B44017, Montant Transaction: 50000FCFA, Frais: 0 FCFA, Commission: 0 FCFA, Montant Net: 50000 FCFA, Nouveau Solde: 52901.5 FCFA."
USER_3,02/02/2024,21:02:27,OrangeMoney,rechargement,OUT,1000.0,FCFA,51901.5,"Rechargement reussi. Montant de la transaction: 1000 FCFA, ID transaction: RC240202.2102.A97413, Frais: 0 FCFA, Commission: 0 FCFA, Nouveau solde: 51901.5 FCFA"
USER_3,04/02/2024,16:43:33,OrangeMoney,depot,IN,5000.0,FCFA,56901.5,"Depot effectue par [PHONE_8248] [CONTACT_F0D9] to [USER_3_phone] [USER_3]. Informations detaillees: Montant de transaction : 5000 FCFA, ID transaction : CI240204.1643.A62021, Frais : 0 FCFA, Commission : 0 FCFA, Montant Net du Credit : 5000 FCFA, Nouveau Solde : 56901.5 FCFA."
USER_3,05/02/2024,12:30:10,OrangeMoney,transfert,OUT,3100.0,FCFA,53786.0,"Transfert de [USER_3_phone] [USER_3] vers [PHONE_5956] [CONTACT_E046] reussi. ID transaction: PP240205.1230.C97887, Montant Transaction: 3100 FCFA, Frais: 15.5 FCFA, Commission: 0 FCFA, Montant Net: 3115.5 FCFA, Nouveau Solde: 53786 FCFA."
USER_3,05/02/2024,16:58:02,OrangeMoney,retrait,OUT,50000.0,FCFA,3036.0,"Retrait d'argent reussi par le [PHONE_3519] avec le Code : 108566. Informations detaillees : Montant: 50000 FCFA, Frais: 750 FCFA, No de transaction CO240205.1658.C17614, montant net debite 50750 FCFA, Nouveau solde: 3036 FCFA."
USER_3,08/02/2024,07:54:27,OrangeMoney,transfert,OUT,3100.0,FCFA,6136.0,"Transfert de [PHONE_1006] [CONTACT_4148] vers [USER_3_phone] [USER_3] reussi. Details: ID transaction: PP240208.0754.B06525, Montant Transaction: 3100FCFA, Frais: 0 FCFA, Commission: 0 FCFA, Montant Net: 3100 FCFA, Nouveau Solde: 6136 FCFA."
USER_3,08/02/2024,09:59:07,OrangeMoney,rechargement,OUT,1000.0,FCFA,5136.0,"Rechargement reussi. Montant de la transaction: 1000 FCFA, ID transaction: RC240208.0958.C90292, Frais: 0 FCFA, Commission: 0 FCFA, Nouveau solde: 5136 FCFA"
USER_3,08/02/2024,19:07:45,OrangeMoney,transfert,OUT,1650.0,FCFA,6786.0,"Transfert de [PHONE_2542] [CONTACT_D27E] vers [USER_3_phone] [USER_3] reussi. Details: ID transaction: PP240208.1907.B14010, Montant Transaction: 1650FCFA, Frais: 0 FCFA, Commission: 0 FCFA, Montant Net: 1650 FCFA, Nouveau Solde: 6786 FCFA."
USER_3,14/02/2024,17:11:09,OrangeMoney,depot,IN,106500.0,FCFA,113286.0,"Depot effectue par [PHONE_6331] [CONTACT_88E9] to [USER_3_phone] [USER_3]. Informations detaillees: Montant de transaction : 106500 FCFA, ID transaction : CI240214.1711.A48225, Frais : 0 FCFA, Commission : 0 FCFA, Montant Net du Credit : 106500 FCFA, Nouveau Solde : 113286 FCFA."
USER_3,15/02/2024,10:25:16,OrangeMoney,rechargement,OUT,1000.0,FCFA,112286.0,"Rechargement reussi. Montant de la transaction: 1000 FCFA, ID transaction: RC240215.1025.C33941, Frais: 0 FCFA, Commission: 0 FCFA, Nouveau solde: 112286 FCFA"
USER_3,15/02/2024,16:16:02,OrangeMoney,transfert,OUT,20300.0,FCFA,132586.0,"Transfert de [PHONE_0777] [CONTACT_9419] vers [USER_3_phone] [USER_3] reussi. Details: ID transaction: PP240215.1616.C41955, Montant Transaction: 20300FCFA, Frais: 0 FCFA, Commission: 0 FCFA, Montant Net: 20300 FCFA, Nouveau Solde: 132586 FCFA."
USER_3,16/02/2024,14:06:08,OrangeMoney,transfert,OUT,25000.0,FCFA,157586.0,"Transfert de [PHONE_3071] [CONTACT_55E4] vers [USER_3_phone] [USER_3] reussi. Details: ID transaction: PP240216.1406.C27128, Montant Transaction: 25000FCFA, Frais: 0 FCFA, Commission: 0 FCFA, Montant Net: 25000 FCFA, Nouveau Solde: 157586 FCFA."
USER_3,17/02/2024,10:39:41,OrangeMoney,retrait,OUT,25000.0,FCFA,132211.0,"Retrait d'argent reussi par le [PHONE_5664] avec le Code : 265687. Informations detaillees : Montant: 25000 FCFA, Frais: 375 FCFA, No de transaction CO240217.1039.B95409, montant net debite 25375 FCFA, Nouveau solde: 132211 FCFA."
USER_3,19/02/2024,09:03:59,OrangeMoney,transfert,OUT,5100.0,FCFA,137311.0,"Transfert de [PHONE_5834] [CONTACT_344B] N vers [USER_3_phone] [USER_3] reussi. Details: ID transaction: PP240219.0903.B19531, Montant Transaction: 5100FCFA, Frais: 0 FCFA, Commission: 0 FCFA, Montant Net: 5100 FCFA, Nouveau Solde: 137311 FCFA."
USER_3,19/02/2024,17:31:42,OrangeMoney,transfert,OUT,5100.0,FCFA,142411.0,"Transfert de [PHONE_6930] [CONTACT_085D] vers [USER_3_phone] [USER_3] reussi. Details: ID transaction: PP240219.1731.C74808, Montant Transaction: 5100FCFA, Frais: 0 FCFA, Commission: 0 FCFA, Montant Net: 5100 FCFA, Nouveau Solde: 142411 FCFA."
USER_3,19/02/2024,19:33:57,OrangeMoney,depot,IN,4100.0,FCFA,146511.0,"Depot effectue par [PHONE_2211] [CONTACT_EAEA] to [USER_3_phone] [USER_3]. Informations detaillees: Montant de transaction : 4100 FCFA, ID transaction : CI240219.1933.A44185, Frais : 0 FCFA, Commission : 0 FCFA, Montant Net du Credit : 4100 FCFA, Nouveau Solde : 146511 FCFA."
USER_3,20/02/2024,12:56:03,OrangeMoney,transfert,OUT,5075.0,FCFA,151586.0,"Transfert de [PHONE_2012] Denis vers [USER_3_phone] [USER_3] reussi. Details: ID transaction: PP240220.1256.A27233, Montant Transaction: 5075FCFA, Frais: 0 FCFA, Commission: 0 FCFA, Montant Net: 5075 FCFA, Nouveau Solde: 151586 FCFA."
USER_3,20/02/2024,13:01:17,OrangeMoney,transfert,OUT,10200.0,FCFA,161786.0,"Transfert de [PHONE_8138] [CONTACT_9CD9] vers [USER_3_phone] [USER_3] reussi. Details: ID transaction: PP240220.1301.B33744, Montant Transaction: 10200FCFA, Frais: 0 FCFA, Commission: 0 FCFA, Montant Net: 10200 FCFA, Nouveau Solde: 161786 FCFA."
USER_3,20/02/2024,15:11:29,OrangeMoney,retrait,OUT,15000.0,FCFA,146561.0,"Retrait d'argent reussi par le [PHONE_4205] avec le Code : 160547. Informations detaillees : Montant: 15000 FCFA, Frais: 225 FCFA, No de transaction CO240220.1511.C26511, montant net debite 15225 FCFA, Nouveau solde: 146561 FCFA."
USER_3,20/02/2024,22:00:13,OrangeMoney,transfert,OUT,4000.0,FCFA,150561.0,"Transfert de [PHONE_4941] gajoug vers [USER_3_phone] [USER_3] reussi. Details: ID transaction: PP240220.2200.A10982, Montant Transaction: 4000FCFA, Frais: 0 FCFA, Commission: 0 FCFA, Montant Net: 4000 FCFA, Nouveau Solde: 150561 FCFA."
USER_3,20/02/2024,22:23:11,OrangeMoney,transfert,OUT,150.0,FCFA,150711.0,"Transfert de [PHONE_4941] gajoug vers [USER_3_phone] [USER_3] reussi. Details: ID transaction: PP240220.2223.C17166, Montant Transaction: 150FCFA, Frais: 0 FCFA, Commission: 0 FCFA, Montant Net: 150 FCFA, Nouveau Solde: 150711 FCFA."
USER_3,21/02/2024,14:04:48,OrangeMoney,depot,IN,3100.0,FCFA,153811.0,"Depot effectue par [PHONE_1971] [CONTACT_CFC0] to [USER_3_phone] [USER_3]. Informations detaillees: Montant de transaction : 3100 FCFA, ID transaction : CI240221.1404.B21147, Frais : 0 FCFA, Commission : 0 FCFA, Montant Net du Credit : 3100 FCFA, Nouveau Solde : 153811 FCFA."
USER_3,22/02/2024,13:21:35,OrangeMoney,rechargement,OUT,1000.0,FCFA,152811.0,"Rechargement reussi. Montant de la transaction: 1000 FCFA, ID transaction: RC240222.1321.B60938, Frais: 0 FCFA, Commission: 0 FCFA, Nouveau solde: 152811 FCFA"
USER_3,23/02/2024,17:05:10,OrangeMoney,retrait,OUT,120000.0,FCFA,31011.0,"Retrait d'argent reussi par le [PHONE_3519] avec le Code : 108566. Informations detaillees : Montant: 120000 FCFA, Frais: 1800 FCFA, No de transaction CO240223.1705.C72693, montant net debite 121800 FCFA, Nouveau solde: 31011 FCFA."
USER_3,23/02/2024,17:51:50,OrangeMoney,retrait,OUT,26000.0,FCFA,4621.0,"Retrait d'argent reussi par le [PHONE_9012] avec le Code : 129308. Informations detaillees : Montant: 26000 FCFA, Frais: 390 FCFA, No de transaction CO240223.1751.C02878, montant net debite 26390 FCFA, Nouveau solde: 4621 FCFA."
USER_3,23/02/2024,18:39:46,OrangeMoney,transfert,OUT,25000.0,FCFA,29621.0,"Transfert de [PHONE_3071] [CONTACT_55E4] vers [USER_3_phone] [USER_3] reussi. Details: ID transaction: PP240223.1839.C23870, Montant Transaction: 25000FCFA, Frais: 0 FCFA, Commission: 0 FCFA, Montant Net: 25000 FCFA, Nouveau Solde: 29621 FCFA."
USER_3,23/02/2024,20:26:19,OrangeMoney,transfert,OUT,15225.0,FCFA,44846.0,"Transfert de [PHONE_3071] [CONTACT_55E4] vers [USER_3_phone] [USER_3] reussi. Details: ID transaction: PP240223.2026.B10761, Montant Transaction: 15225FCFA, Frais: 0 FCFA, Commission: 0 FCFA, Montant Net: 15225 FCFA, Nouveau Solde: 44846 FCFA."
USER_3,24/02/2024,12:13:06,OrangeMoney,retrait,OUT,40000.0,FCFA,4246.0,"Retrait d'argent reussi par le [PHONE_5664] avec le Code : 265687. Informations detaillees : Montant: 40000 FCFA, Frais: 600 FCFA, No de transaction CO240224.1213.C84613, montant net debite 40600 FCFA, Nouveau solde: 4246 FCFA."
USER_3,28/02/2024,19:53:42,OrangeMoney,depot,IN,5000.0,FCFA,9246.0,"Depot effectue par [PHONE_8248] [CONTACT_F0D9] to [USER_3_phone] [USER_3]. Informations detaillees: Montant de transaction : 5000 FCFA, ID transaction : CI240228.1953.B06253, Frais : 0 FCFA, Commission : 0 FCFA, Montant Net du Credit : 5000 FCFA, Nouveau Solde : 9246 FCFA."
USER_3,29/02/2024,16:38:55,OrangeMoney,rechargement,OUT,1000.0,FCFA,8246.0,"Rechargement reussi. Montant de la transaction: 1000 FCFA, ID transaction: RC240229.1638.B26449, Frais: 0 FCFA, Commission: 0 FCFA, Nouveau solde: 8246 FCFA"
USER_3,29/02/2024,19:48:08,OrangeMoney,transfert,OUT,10150.0,FCFA,18396.0,"Transfert de [PHONE_7703] [CONTACT_DCE7] vers [USER_3_phone] [USER_3] reussi. Details: ID transaction: PP240229.1948.A44299, Montant Transaction: 10150FCFA, Frais: 0 FCFA, Commission: 0 FCFA, Montant Net: 10150 FCFA, Nouveau Solde: 18396 FCFA."
USER_3,01/03/2024,19:12:32,OrangeMoney,retrait,OUT,10000.0,FCFA,8246.0,"Retrait d'argent reussi par le [PHONE_4205] avec le Code : 160547. Informations detaillees : Montant: 10000 FCFA, Frais: 150 FCFA, No de transaction CO240301.1912.C25646, montant net debite 10150 FCFA, Nouveau solde: 8246 FCFA."
USER_3,02/03/2024,19:40:14,OrangeMoney,depot,IN,30000.0,FCFA,38246.0,"Depot effectue par [PHONE_8160] [CONTACT_C742] to [USER_3_phone] [USER_3]. Informations detaillees: Montant de transaction : 30000 FCFA, ID transaction : CI240302.1940.C89755, Frais : 0 FCFA, Commission : 0 FCFA, Montant Net du Credit : 30000 FCFA, Nouveau Solde : 38246 FCFA."
USER_3,03/03/2024,16:49:47,OrangeMoney,transfert,OUT,50000.0,FCFA,88246.0,"Transfert de [PHONE_8982] [CONTACT_7A32] vers [USER_3_phone] [USER_3] reussi. Details: ID transaction: PP240303.1649.C24254, Montant Transaction: 50000FCFA, Frais: 0 FCFA, Commission: 0 FCFA, Montant Net: 50000 FCFA, Nouveau Solde: 88246 FCFA."
USER_3,04/03/2024,09:26:27,OrangeMoney,transfert,OUT,8200.0,FCFA,96446.0,"Transfert de [PHONE_8714] [CONTACT_BDBD] vers [USER_3_phone] [USER_3] reussi. Details: ID transaction: PP240304.0926.C77164, Montant Transaction: 8200FCFA, Frais: 0 FCFA, Commission: 0 FCFA, Montant Net: 8200 FCFA, Nouveau Solde: 96446 FCFA."
USER_3,04/03/2024,16:14:34,OrangeMoney,transfert,OUT,89950.0,FCFA,6046.25,"Transfert de [USER_3_phone] [USER_3] vers [PHONE_5778] [CONTACT_5167] reussi. ID transaction: PP240304.1614.B89195, Montant Transaction: 89950 FCFA, Frais: 449.75 FCFA, Commission: 0 FCFA, Montant Net: 90399.75 FCFA, Nouveau Solde: 6046.25 FCFA."
USER_3,06/03/2024,16:15:11,OrangeMoney,transfert,OUT,16500.0,FCFA,22546.25,"Transfert de [PHONE_5451] [CONTACT_6391] vers [USER_3_phone] [USER_3] reussi. Details: ID transaction: PP240306.1615.A15342, Montant Transaction: 16500FCFA, Frais: 0 FCFA, Commission: 0 FCFA, Montant Net: 16500 FCFA, Nouveau Solde: 22546.25 FCFA."
USER_3,08/03/2024,12:43:16,OrangeMoney,rechargement,OUT,1000.0,FCFA,21546.25,"Rechargement reussi. Montant de la transaction: 1000 FCFA, ID transaction: RC240308.1243.B23553, Frais: 0 FCFA, Commission: 0 FCFA, Nouveau solde: 21546.25 FCFA"
USER_3,08/03/2024,14:13:03,OrangeMoney,retrait,OUT,15000.0,FCFA,6321.25,"Retrait d'argent reussi par le [PHONE_4205] avec le Code : 160547. Informations detaillees : Montant: 15000 FCFA, Frais: 225 FCFA, No de transaction CO240308.1413.B27025, montant net debite 15225 FCFA, Nouveau solde: 6321.25 FCFA."
USER_3,10/03/2024,18:37:41,OrangeMoney,transfert,OUT,25000.0,FCFA,31321.25,"Transfert de [PHONE_3071] [CONTACT_55E4] vers [USER_3_phone] [USER_3] reussi. Details: ID transaction: PP240310.1837.C39625, Montant Transaction: 25000FCFA, Frais: 0 FCFA, Commission: 0 FCFA, Montant Net: 25000 FCFA, Nouveau Solde: 31321.25 FCFA."
USER_3,12/03/2024,12:19:19,OrangeMoney,retrait,OUT,25000.0,FCFA,5946.25,"Retrait d'argent reussi par le [PHONE_5664] avec le Code : 265687. Informations detaillees : Montant: 25000 FCFA, Frais: 375 FCFA, No de transaction CO240312.1219.C04758, montant net debite 25375 FCFA, Nouveau solde: 5946.25 FCFA."
USER_3,12/03/2024,16:12:16,OrangeMoney,depot,IN,25400.0,FCFA,31346.25,"Depot effectue par [PHONE_0778] [CONTACT_5B24] to [USER_3_phone] [USER_3]. Informations detaillees: Montant de transaction : 25400 FCFA, ID transaction : CI240312.1612.B88988, Frais : 0 FCFA, Commission : 0 FCFA, Montant Net du Credit : 25400 FCFA, Nouveau Solde : 31346.25 FCFA."
USER_3,12/03/2024,18:21:36,OrangeMoney,retrait,OUT,10000.0,FCFA,21196.25,"Retrait d'argent reussi par le [PHONE_5664] avec le Code : 265687. Informations detaillees : Montant: 10000 FCFA, Frais: 150 FCFA, No de transaction CO240312.1821.A14101, montant net debite 10150 FCFA, Nouveau solde: 21196.25 FCFA."
USER_3,12/03/2024,19:11:45,OrangeMoney,transfert,OUT,14500.0,FCFA,6623.75,"Transfert de [USER_3_phone] [USER_3] vers [PHONE_1545] [CONTACT_39F8] reussi. ID transaction: PP240312.1911.A12564, Montant Transaction: 14500 FCFA, Frais: 72.5 FCFA, Commission: 0 FCFA, Montant Net: 14572.5 FCFA, Nouveau Solde: 6623.75 FCFA."
USER_3,15/03/2024,09:31:53,OrangeMoney,transfert,OUT,3150.0,FCFA,9773.75,"Transfert de [PHONE_2542] [CONTACT_D27E] vers [USER_3_phone] [USER_3] reussi. Details: ID transaction: PP240315.0931.A48782, Montant Transaction: 3150FCFA, Frais: 0 FCFA, Commission: 0 FCFA, Montant Net: 3150 FCFA, Nouveau Solde: 9773.75 FCFA."
USER_3,15/03/2024,14:31:34,OrangeMoney,rechargement,OUT,1000.0,FCFA,8773.75,"Rechargement reussi. Montant de la transaction: 1000 FCFA, ID transaction: RC240315.1431.B75976, Frais: 0 FCFA, Commission: 0 FCFA, Nouveau solde: 8773.75 FCFA"
USER_3,20/03/2024,18:37:05,OrangeMoney,transfert,OUT,50800.0,FCFA,59573.75,"Transfert de [PHONE_5186] [CONTACT_BF79] vers [USER_3_phone] [USER_3] reussi. Details: ID transaction: PP240320.1837.C12696, Montant Transaction: 50800FCFA, Frais: 0 FCFA, Commission: 0 FCFA, Montant Net: 50800 FCFA, Nouveau Solde: 59573.75 FCFA."
USER_3,20/03/2024,18:56:49,OrangeMoney,transfert,OUT,50000.0,FCFA,9323.75,"Transfert de [USER_3_phone] [USER_3] vers [PHONE_7524] [CONTACT_5575] reussi. ID transaction: PP240320.1856.B22444, Montant Transaction: 50000 FCFA, Frais: 250 FCFA, Commission: 0 FCFA, Montant Net: 50250 FCFA, Nouveau Solde: 9323.75 FCFA."
USER_3,22/03/2024,10:14,OrangeMoney,transfert,OUT,9150.0,FCFA,128.0,"Transfert de [USER_3_phone] [USER_3] vers [PHONE_8702] [CONTACT_3876] reussi. ID transaction: PP240322.1013.A36215, Montant Transaction: 9150 FCFA, Frais: 45.75 FCFA, Commission: 0 FCFA, Montant Net: 9195.75 FCFA, Nouveau Solde: 128 FCFA."
USER_3,22/03/2024,17:17:19,OrangeMoney,transfert,OUT,1000.0,FCFA,1128.0,"Transfert de [PHONE_3071] [CONTACT_55E4] vers [USER_3_phone] [USER_3] reussi. Details: ID transaction: PP240322.1717.B53827, Montant Transaction: 1000FCFA, Frais: 0 FCFA, Commission: 0 FCFA, Montant Net: 1000 FCFA, Nouveau Solde: 1128 FCFA."
USER_3,22/03/2024,17:18:57,OrangeMoney,rechargement,OUT,1000.0,FCFA,128.0,"Rechargement reussi. Montant de la transaction: 1000 FCFA, ID transaction: RC240322.1718.C93155, Frais: 0 FCFA, Commission: 0 FCFA, Nouveau solde: 128 FCFA"
USER_3,25/03/2024,13:59:14,OrangeMoney,transfert,OUT,3050.0,FCFA,3178.0,"Transfert de [PHONE_5972] [CONTACT_A0D0] vers [USER_3_phone] [USER_3] reussi. Details: ID transaction: PP240325.1359.B26075, Montant Transaction: 3050FCFA, Frais: 0 FCFA, Commission: 0 FCFA, Montant Net: 3050 FCFA, Nouveau Solde: 3178 FCFA."
USER_3,28/03/2024,17:42:45,OrangeMoney,depot,IN,11750.0,FCFA,14928.0,"Depot effectue par [PHONE_1855] [CONTACT_E657] ESSE4 to [USER_3_phone] [USER_3]. Informations detaillees: Montant de transaction : 11750 FCFA, ID transaction : CI240328.1742.C55594, Frais : 0 FCFA, Commission : 0 FCFA, Montant Net du Credit : 11750 FCFA, Nouveau Solde : 14928 FCFA."
USER_3,28/03/2024,21:30:54,OrangeMoney,transfert,OUT,13300.0,FCFA,28228.0,"Transfert de [PHONE_7790] [CONTACT_28EC] vers [USER_3_phone] [USER_3] reussi. Details: ID transaction: PP240328.2130.A94028, Montant Transaction: 13300FCFA, Frais: 0 FCFA, Commission: 0 FCFA, Montant Net: 13300 FCFA, Nouveau Solde: 28228 FCFA."
USER_3,29/03/2024,17:22:11,OrangeMoney,depot,IN,10150.0,FCFA,38378.0,"Depot effectue par [PHONE_2460] [CONTACT_FFE2] to [USER_3_phone] [USER_3]. Informations detaillees: Montant de transaction : 10150 FCFA, ID transaction : CI240329.1722.C00661, Frais : 0 FCFA, Commission : 0 FCFA, Montant Net du Credit : 10150 FCFA, Nouveau Solde : 38378 FCFA."
USER_3,29/03/2024,19:31:50,OrangeMoney,depot,IN,10100.0,FCFA,48478.0,"Depot effectue par [PHONE_8443] [CONTACT_CFC1] to [USER_3_phone] [USER_3]. Informations detaillees: Montant de transaction : 10100 FCFA, ID transaction : CI240329.1931.A31784, Frais : 0 FCFA, Commission : 0 FCFA, Montant Net du Credit : 10100 FCFA, Nouveau Solde : 48478 FCFA."
USER_3,30/03/2024,09:31:53,OrangeMoney,rechargement,OUT,1000.0,FCFA,47478.0,"Rechargement reussi. Montant de la transaction: 1000 FCFA, ID transaction: RC240330.0931.B50057, Frais: 0 FCFA, Commission: 0 FCFA, Nouveau solde: 47478 FCFA"
USER_3,30/03/2024,10:43:57,OrangeMoney,depot,IN,60000.0,FCFA,107478.0,"Depot effectue par [PHONE_5664] [CONTACT_7B9E] to [USER_3_phone] [USER_3]. Informations detaillees: Montant de transaction : 60000 FCFA, ID transaction : CI240330.1043.C35800, Frais : 0 FCFA, Commission : 0 FCFA, Montant Net du Credit : 60000 FCFA, Nouveau Solde : 107478 FCFA."
USER_3,30/03/2024,11:36:18,OrangeMoney,transfert,OUT,90500.0,FCFA,16525.5,"Transfert de [USER_3_phone] [USER_3] vers [PHONE_5972] [CONTACT_A0D0] reussi. ID transaction: PP240330.1136.C88677, Montant Transaction: 90500 FCFA, Frais: 452.5 FCFA, Commission: 0 FCFA, Montant Net: 90952.5 FCFA, Nouveau Solde: 16525.5 FCFA."
USER_3,30/03/2024,15:44:33,OrangeMoney,transfert,OUT,10000.0,FCFA,26525.5,"Transfert de [PHONE_3071] [CONTACT_55E4] vers [USER_3_phone] [USER_3] reussi. Details: ID transaction: PP240330.1544.A92837, Montant Transaction: 10000FCFA, Frais: 0 FCFA, Commission: 0 FCFA, Montant Net: 10000 FCFA, Nouveau Solde: 26525.5 FCFA."
USER_3,01/04/2024,07:37:48,OrangeMoney,depot,IN,30000.0,FCFA,56525.5,"Depot effectue par [PHONE_9698] [CONTACT_21C1] to [USER_3_phone] [USER_3]. Informations detaillees: Montant de transaction : 30000 FCFA, ID transaction : CI240401.0737.A53790, Frais : 0 FCFA, Commission : 0 FCFA, Montant Net du Credit : 30000 FCFA, Nouveau Solde : 56525.5 FCFA."
USER_3,02/04/2024,08:05:06,OrangeMoney,transfert,OUT,5100.0,FCFA,51400.0,"Transfert de [USER_3_phone] [USER_3] vers [PHONE_0789] [CONTACT_E9B4] reussi. ID transaction: PP240402.0805.C32501, Montant Transaction: 5100 FCFA, Frais: 25.5 FCFA, Commission: 0 FCFA, Montant Net: 5125.5 FCFA, Nouveau Solde: 51400 FCFA."
USER_3,03/04/2024,17:23:29,OrangeMoney,retrait,OUT,31000.0,FCFA,19935.0,"Retrait d'argent reussi par le [PHONE_4205] avec le Code : 160547. Informations detaillees : Montant: 31000 FCFA, Frais: 465 FCFA, No de transaction CO240403.1723.C06358, montant net debite 31465 FCFA, Nouveau solde: 19935 FCFA."
USER_3,03/04/2024,20:26:13,OrangeMoney,transfert,OUT,1000.0,FCFA,18930.0,"Transfert de [USER_3_phone] [USER_3] vers [PHONE_4467] ondoa ndongo reussi. ID transaction: PP240403.2026.B78391, Montant Transaction: 1000 FCFA, Frais: 5 FCFA, Commission: 0 FCFA, Montant Net: 1005 FCFA, Nouveau Solde: 18930 FCFA."
USER_3,04/04/2024,09:01:05,OrangeMoney,retrait,OUT,10000.0,FCFA,8780.0,"Retrait d'argent reussi par le [PHONE_5664] avec le Code : 265687. Informations detaillees : Montant: 10000 FCFA, Frais: 150 FCFA, No de transaction CO240404.0901.B64807, montant net debite 10150 FCFA, Nouveau solde: 8780 FCFA."
USER_3,06/04/2024,09:23:19,OrangeMoney,depot,IN,14000.0,FCFA,22780.0,"Depot effectue par [PHONE_9516] [CONTACT_6E4B] to [USER_3_phone] [USER_3]. Informations detaillees: Montant de transaction : 14000 FCFA, ID transaction : CI240406.0923.A36002, Frais : 0 FCFA, Commission : 0 FCFA, Montant Net du Credit : 14000 FCFA, Nouveau Solde : 22780 FCFA."
USER_3,06/04/2024,10:39:36,OrangeMoney,transfert,OUT,50000.0,FCFA,72780.0,"Transfert de [PHONE_8982] [CONTACT_7A32] vers [USER_3_phone] [USER_3] reussi. Details: ID transaction: PP240406.1039.C92746, Montant Transaction: 50000FCFA, Frais: 0 FCFA, Commission: 0 FCFA, Montant Net: 50000 FCFA, Nouveau Solde: 72780 FCFA."
USER_3,06/04/2024,12:02:17,OrangeMoney,rechargement,OUT,1000.0,FCFA,71780.0,"Rechargement reussi. Montant de la transaction: 1000 FCFA, ID transaction: RC240406.1202.A66878, Frais: 0 FCFA, Commission: 0 FCFA, Nouveau solde: 71780 FCFA"
USER_3,08/04/2024,06:49:57,OrangeMoney,transfert,OUT,50700.0,FCFA,20826.5,"Transfert de [USER_3_phone] [USER_3] vers [PHONE_5169] [CONTACT_1ACA] reussi. ID transaction: PP240408.0649.B78926, Montant Transaction: 50700 FCFA, Frais: 253.5 FCFA, Commission: 0 FCFA, Montant Net: 50953.5 FCFA, Nouveau Solde: 20826.5 FCFA."
USER_3,09/04/2024,11:27:15,OrangeMoney,transfert,OUT,5100.0,FCFA,15701.0,"Transfert de [USER_3_phone] [USER_3] vers [PHONE_6331] [CONTACT_373D] reussi. ID transaction: PP240409.1127.B13108, Montant Transaction: 5100 FCFA, Frais: 25.5 FCFA, Commission: 0 FCFA, Montant Net: 5125.5 FCFA, Nouveau Solde: 15701 FCFA."
USER_3,10/04/2024,07:46:33,OrangeMoney,depot,IN,5000.0,FCFA,20701.0,"Depot effectue par [PHONE_9698] [CONTACT_21C1] to [USER_3_phone] [USER_3]. Informations detaillees: Montant de transaction : 5000 FCFA, ID transaction : CI240410.0746.A20811, Frais : 0 FCFA, Commission : 0 FCFA, Montant Net du Credit : 5000 FCFA, Nouveau Solde : 20701 FCFA."
USER_3,10/04/2024,09:00:10,OrangeMoney,depot,IN,5000.0,FCFA,25701.0,"Depot effectue par [PHONE_9012] [CONTACT_1675] to [USER_3_phone] [USER_3]. Informations detaillees: Montant de transaction : 5000 FCFA, ID transaction : CI240410.0900.C38866, Frais : 0 FCFA, Commission : 0 FCFA, Montant Net du Credit : 5000 FCFA, Nouveau Solde : 25701 FCFA."
USER_3,10/04/2024,11:49:35,OrangeMoney,transfert,OUT,26000.0,FCFA,51701.0,"Transfert de [PHONE_5169] [CONTACT_1ACA] vers [USER_3_phone] [USER_3] reussi. Details: ID transaction: PP240410.1149.B30927, Montant Transaction: 26000FCFA, Frais: 0 FCFA, Commission: 0 FCFA, Montant Net: 26000 FCFA, Nouveau Solde: 51701 FCFA."
USER_3,10/04/2024,11:51:42,OrangeMoney,transfert,OUT,31500.0,FCFA,20043.5,"Transfert de [USER_3_phone] [USER_3] vers [PHONE_1660] [CONTACT_E1D8] reussi. ID transaction: PP240410.1151.B32429, Montant Transaction: 31500 FCFA, Frais: 157.5 FCFA, Commission: 0 FCFA, Montant Net: 31657.5 FCFA, Nouveau Solde: 20043.5 FCFA."
USER_3,11/04/2024,06:49:41,OrangeMoney,depot,IN,2000.0,FCFA,22043.5,"Depot effectue par [PHONE_6157] [CONTACT_BB9A] to [USER_3_phone] [USER_3]. Informations detaillees: Montant de transaction : 2000 FCFA, ID transaction : CI240411.0649.B29444, Frais : 0 FCFA, Commission : 0 FCFA, Montant Net du Credit : 2000 FCFA, Nouveau Solde : 22043.5 FCFA."
USER_3,11/04/2024,08:42:17,OrangeMoney,transfert,OUT,2050.0,FCFA,19983.25,"Transfert de [USER_3_phone] [USER_3] vers [PHONE_1660] [CONTACT_E1D8] reussi. ID transaction: PP240411.0842.A38354, Montant Transaction: 2050 FCFA, Frais: 10.25 FCFA, Commission: 0 FCFA, Montant Net: 2060.25 FCFA, Nouveau Solde: 19983.25 FCFA."
USER_3,13/04/2024,22:54:30,OrangeMoney,rechargement,OUT,1000.0,FCFA,18983.25,"Rechargement reussi. Montant de la transaction: 1000 FCFA, ID transaction: RC240413.2254.C74762, Frais: 0 FCFA, Commission: 0 FCFA, Nouveau solde: 18983.25 FCFA"
USER_3,16/04/2024,22:57:54,OrangeMoney,transfert,OUT,5100.0,FCFA,13857.75,"Transfert de [USER_3_phone] [USER_3] vers [PHONE_5711] ndjock yana reussi. ID transaction: PP240416.2257.C46244, Montant Transaction: 5100 FCFA, Frais: 25.5 FCFA, Commission: 0 FCFA, Montant Net: 5125.5 FCFA, Nouveau Solde: 13857.75 FCFA."
USER_3,18/04/2024,15:26:27,OrangeMoney,transfert,OUT,10150.0,FCFA,3657.0,"Transfert de [USER_3_phone] [USER_3] vers [PHONE_5711] ndjock yana reussi. ID transaction: PP240418.1526.B55789, Montant Transaction: 10150 FCFA, Frais: 50.75 FCFA, Commission: 0 FCFA, Montant Net: 10200.75 FCFA, Nouveau Solde: 3657 FCFA."
USER_3,21/04/2024,08:56:19,OrangeMoney,transfert,OUT,40600.0,FCFA,44257.0,"Transfert de [PHONE_3071] [CONTACT_55E4] vers [USER_3_phone] [USER_3] reussi. Details: ID transaction: PP240421.0856.C83288, Montant Transaction: 40600FCFA, Frais: 0 FCFA, Commission: 0 FCFA, Montant Net: 40600 FCFA, Nouveau Solde: 44257 FCFA."
USER_3,21/04/2024,17:14:04,OrangeMoney,rechargement,OUT,1000.0,FCFA,43257.0,"Rechargement reussi. Montant de la transaction: 1000 FCFA, ID transaction: RC240421.1713.A93667, Frais: 0 FCFA, Commission: 0 FCFA, Nouveau solde: 43257 FCFA"
USER_3,21/04/2024,17:47:31,OrangeMoney,retrait,OUT,40000.0,FCFA,2657.0,"Retrait d'argent reussi par le [PHONE_5664] avec le Code : 265687. Informations detaillees : Montant: 40000 FCFA, Frais: 600 FCFA, No de transaction CO240421.1747.B90488, montant net debite 40600 FCFA, Nouveau solde: 2657 FCFA."
USER_3,22/04/2024,06:21:41,OrangeMoney,transfert,OUT,8120.0,FCFA,10777.0,"Transfert de [PHONE_3071] [CONTACT_55E4] vers [USER_3_phone] [USER_3] reussi. Details: ID transaction: PP240422.0621.C61716, Montant Transaction: 8120FCFA, Frais: 0 FCFA, Commission: 0 FCFA, Montant Net: 8120 FCFA, Nouveau Solde: 10777 FCFA."
USER_3,22/04/2024,10:31:24,OrangeMoney,transfert,OUT,5500.0,FCFA,16277.0,"Transfert de [PHONE_5451] [CONTACT_6391] vers [USER_3_phone] [USER_3] reussi. Details: ID transaction: PP240422.1031.A98471, Montant Transaction: 5500FCFA, Frais: 0 FCFA, Commission: 0 FCFA, Montant Net: 5500 FCFA, Nouveau Solde: 16277 FCFA."
USER_3,24/04/2024,12:11:53,OrangeMoney,transfert,OUT,10150.0,FCFA,26427.0,"Transfert de [PHONE_2012] Denis vers [USER_3_phone] [USER_3] reussi. Details: ID transaction: PP240424.1211.B63847, Montant Transaction: 10150FCFA, Frais: 0 FCFA, Commission: 0 FCFA, Montant Net: 10150 FCFA, Nouveau Solde: 26427 FCFA."
USER_3,24/04/2024,18:23:42,OrangeMoney,retrait,OUT,10000.0,FCFA,16277.0,"Retrait d'argent reussi par le [PHONE_4205] avec le Code : 160547. Informations detaillees : Montant: 10000 FCFA, Frais: 150 FCFA, No de transaction CO240424.1823.A07382, montant net debite 10150 FCFA, Nouveau solde: 16277 FCFA."
USER_3,26/04/2024,17:08:36,OrangeMoney,transfert,OUT,10150.0,FCFA,26427.0,"Transfert de [PHONE_7703] [CONTACT_DCE7] vers [USER_3_phone] [USER_3] reussi. Details: ID transaction: PP240426.1708.C20446, Montant Transaction: 10150FCFA, Frais: 0 FCFA, Commission: 0 FCFA, Montant Net: 10150 FCFA, Nouveau Solde: 26427 FCFA."
USER_3,26/04/2024,18:22:45,OrangeMoney,retrait,OUT,10000.0,FCFA,16277.0,"Retrait d'argent reussi par le [PHONE_4205] avec le Code : 160547. Informations detaillees : Montant: 10000 FCFA, Frais: 150 FCFA, No de transaction CO240426.1822.B09307, montant net debite 10150 FCFA, Nouveau solde: 16277 FCFA."
USER_3,27/04/2024,09:45:57,OrangeMoney,depot,IN,10000.0,FCFA,26277.0,"Depot effectue par [PHONE_9199] [CONTACT_B964] to [USER_3_phone] [USER_3]. Informations detaillees: Montant de transaction : 10000 FCFA, ID transaction : CI240427.0945.A11035, Frais : 0 FCFA, Commission : 0 FCFA, Montant Net du Credit : 10000 FCFA, Nouveau Solde : 26277 FCFA."
USER_3,27/04/2024,12:37:41,OrangeMoney,retrait,OUT,10000.0,FCFA,16127.0,"Retrait d'argent reussi par le [PHONE_5664] avec le Code : 265687. Informations detaillees : Montant: 10000 FCFA, Frais: 150 FCFA, No de transaction CO240427.1237.A05469, montant net debite 10150 FCFA, Nouveau solde: 16127 FCFA."
USER_3,28/04/2024,22:05:30,OrangeMoney,transfert,OUT,50.0,FCFA,16076.75,"Transfert de [USER_3_phone] [USER_3] vers [PHONE_8116] [CONTACT_A076] reussi. ID transaction: PP240428.2205.B24723, Montant Transaction: 50 FCFA, Frais: 0.25 FCFA, Commission: 0 FCFA, Montant Net: 50.25 FCFA, Nouveau Solde: 16076.75 FCFA."
USER_3,29/04/2024,08:46:44,OrangeMoney,rechargement,OUT,1000.0,FCFA,15076.75,"Rechargement reussi. Montant de la transaction: 1000 FCFA, ID transaction: RC240429.0846.C26324, Frais: 0 FCFA, Commission: 0 FCFA, Nouveau solde: 15076.75 FCFA"
USER_3,29/04/2024,21:00:11,OrangeMoney,transfert,OUT,10150.0,FCFA,25226.75,"Transfert de [PHONE_4681] [CONTACT_2DFD] vers [USER_3_phone] [USER_3] reussi. Details: ID transaction: PP240429.2100.B27540, Montant Transaction: 10150FCFA, Frais: 0 FCFA, Commission: 0 FCFA, Montant Net: 10150 FCFA, Nouveau Solde: 25226.75 FCFA."
USER_3,30/04/2024,06:55:10,OrangeMoney,transfert,OUT,10150.0,FCFA,35376.75,"Transfert de [PHONE_5972] [CONTACT_A0D0] vers [USER_3_phone] [USER_3] reussi. Details: ID transaction: PP240430.0655.A06437, Montant Transaction: 10150FCFA, Frais: 0 FCFA, Commission: 0 FCFA, Montant Net: 10150 FCFA, Nouveau Solde: 35376.75 FCFA."
USER_3,30/04/2024,09:38:42,OrangeMoney,transfert,OUT,17400.0,FCFA,52776.75,"Transfert de [PHONE_7790] [CONTACT_28EC] vers [USER_3_phone] [USER_3] reussi. Details: ID transaction: PP240430.0938.C99041, Montant Transaction: 17400FCFA, Frais: 0 FCFA, Commission: 0 FCFA, Montant Net: 17400 FCFA, Nouveau Solde: 52776.75 FCFA."
USER_3,01/05/2024,14:18:42,OrangeMoney,retrait,OUT,30000.0,FCFA,22326.75,"Retrait d'argent reussi par le [PHONE_5664] avec le Code : 265687. Informations detaillees : Montant: 30000 FCFA, Frais: 450 FCFA, No de transaction CO240501.1418.C60761, montant net debite 30450 FCFA, Nouveau solde: 22326.75 FCFA."
USER_3,01/05/2024,15:34:39,OrangeMoney,transfert,OUT,4100.0,FCFA,18206.25,"Transfert de [USER_3_phone] [USER_3] vers [PHONE_2796] [CONTACT_B9A4] reussi. ID transaction: PP240501.1534.A24335, Montant Transaction: 4100 FCFA, Frais: 20.5 FCFA, Commission: 0 FCFA, Montant Net: 4120.5 FCFA, Nouveau Solde: 18206.25 FCFA."
USER_3,02/05/2024,12:39:51,OrangeMoney,transfert,OUT,5100.0,FCFA,13080.75,"Transfert de [USER_3_phone] [USER_3] vers [PHONE_2046] [CONTACT_2C7F] reussi. ID transaction: PP240502.1239.A70514, Montant Transaction: 5100 FCFA, Frais: 25.5 FCFA, Commission: 0 FCFA, Montant Net: 5125.5 FCFA, Nouveau Solde: 13080.75 FCFA."
USER_3,04/05/2024,19:02:51,OrangeMoney,depot,IN,20000.0,FCFA,33080.75,"Depot effectue par [PHONE_8160] [CONTACT_C742] to [USER_3_phone] [USER_3]. Informations detaillees: Montant de transaction : 20000 FCFA, ID transaction : CI240504.1902.B70692, Frais : 0 FCFA, Commission : 0 FCFA, Montant Net du Credit : 20000 FCFA, Nouveau Solde : 33080.75 FCFA."
USER_3,06/05/2024,07:36:21,OrangeMoney,transfert,OUT,25375.0,FCFA,58455.75,"Transfert de [PHONE_3071] [CONTACT_55E4] vers [USER_3_phone] [USER_3] reussi. Details: ID transaction: PP240506.0657.C84031, Montant Transaction: 25375FCFA, Frais: 0 FCFA, Commission: 0 FCFA, Montant Net: 25375 FCFA, Nouveau Solde: 58455.75 FCFA."
USER_3,06/05/2024,09:34:18,OrangeMoney,transfert,OUT,30500.0,FCFA,27803.25,"Transfert de [USER_3_phone] [USER_3] vers [PHONE_1689] [CONTACT_E753] reussi. ID transaction: PP240506.0934.B82258, Montant Transaction: 30500 FCFA, Frais: 152.5 FCFA, Commission: 0 FCFA, Montant Net: 30652.5 FCFA, Nouveau Solde: 27803.25 FCFA."
USER_3,06/05/2024,09:38:31,OrangeMoney,rechargement,OUT,1000.0,FCFA,26803.25,"Rechargement reussi. Montant de la transaction: 1000 FCFA, ID transaction: RC240506.0938.A36606, Frais: 0 FCFA, Commission: 0 FCFA, Nouveau solde: 26803.25 FCFA"
USER_3,07/05/2024,11:51:49,OrangeMoney,retrait,OUT,10000.0,FCFA,16653.25,"Retrait d'argent reussi par le [PHONE_5664] avec le Code : 265687. Informations detaillees : Montant: 10000 FCFA, Frais: 150 FCFA, No de transaction CO240507.1151.B86196, montant net debite 10150 FCFA, Nouveau solde: 16653.25 FCFA."
USER_3,09/05/2024,10:18:41,OrangeMoney,retrait,OUT,6000.0,FCFA,10563.25,"Retrait d'argent reussi par le [PHONE_6369] avec le Code : 165944. Informations detaillees : Montant: 6000 FCFA, Frais: 90 FCFA, No de transaction CO240509.1018.C88700, montant net debite 6090 FCFA, Nouveau solde: 10563.25 FCFA."
USER_3,12/05/2024,18:09:20,OrangeMoney,rechargement,OUT,1000.0,FCFA,9563.25,"Rechargement reussi. Montant de la transaction: 1000 FCFA, ID transaction: RC240512.1809.A75146, Frais: 0 FCFA, Commission: 0 FCFA, Nouveau solde: 9563.25 FCFA"
USER_3,13/05/2024,18:10:39,OrangeMoney,transfert,OUT,6100.0,FCFA,15663.25,"Transfert de [PHONE_2661] [CONTACT_CBAB] vers [USER_3_phone] [USER_3] reussi. Details: ID transaction: PP240513.1810.B74426, Montant Transaction: 6100FCFA, Frais: 0 FCFA, Commission: 0 FCFA, Montant Net: 6100 FCFA, Nouveau Solde: 15663.25 FCFA."
USER_3,13/05/2024,18:46:52,OrangeMoney,retrait,OUT,6000.0,FCFA,9573.25,"Retrait d'argent reussi par le [PHONE_5664] avec le Code : 265687. Informations detaillees : Montant: 6000 FCFA, Frais: 90 FCFA, No de transaction CO240513.1846.B32663, montant net debite 6090 FCFA, Nouveau solde: 9573.25 FCFA."
USER_3,14/05/2024,10:36:47,OrangeMoney,transfert,OUT,1050.0,FCFA,8518.0,"Transfert de [USER_3_phone] [USER_3] vers [PHONE_1687] [CONTACT_68BD] reussi. ID transaction: PP240514.1036.A12027, Montant Transaction: 1050 FCFA, Frais: 5.25 FCFA, Commission: 0 FCFA, Montant Net: 1055.25 FCFA, Nouveau Solde: 8518 FCFA."
USER_3,17/05/2024,09:27:48,OrangeMoney,transfert,OUT,25375.0,FCFA,33893.0,"Transfert de [PHONE_3071] [CONTACT_55E4] vers [USER_3_phone] [USER_3] reussi. Details: ID transaction: PP240517.0927.A78528, Montant Transaction: 25375FCFA, Frais: 0 FCFA, Commission: 0 FCFA, Montant Net: 25375 FCFA, Nouveau Solde: 33893 FCFA."
USER_3,17/05/2024,17:29:30,OrangeMoney,retrait,OUT,25000.0,FCFA,8518.0,"Retrait d'argent reussi par le [PHONE_4205] avec le Code : 160547. Informations detaillees : Montant: 25000 FCFA, Frais: 375 FCFA, No de transaction CO240517.1729.C71711, montant net debite 25375 FCFA, Nouveau solde: 8518 FCFA."
USER_3,20/05/2024,20:39:07,OrangeMoney,rechargement,OUT,1000.0,FCFA,7416.0,"Rechargement reussi. Montant de la transaction: 1000 FCFA, ID transaction: RC240520.2039.A41839, Frais: 0 FCFA, Commission: 0 FCFA, Nouveau solde: 7416 FCFA"
USER_3,22/05/2024,06:53:16,OrangeMoney,depot,IN,5000.0,FCFA,12416.0,"Depot effectue par [PHONE_7443] [CONTACT_3BFE] to [USER_3_phone] [USER_3]. Informations detaillees: Montant de transaction : 5000 FCFA, ID transaction : CI240522.0653.C20140, Frais : 0 FCFA, Commission : 0 FCFA, Montant Net du Credit : 5000 FCFA, Nouveau Solde : 12416 FCFA."
USER_3,23/05/2024,18:04:07,OrangeMoney,transfert,OUT,9300.0,FCFA,21716.0,"Transfert de [PHONE_2184] [CONTACT_1763] vers [USER_3_phone] [USER_3] reussi. Details: ID transaction: PP240523.1804.B19628, Montant Transaction: 9300FCFA, Frais: 0 FCFA, Commission: 0 FCFA, Montant Net: 9300 FCFA, Nouveau Solde: 21716 FCFA."
USER_3,24/05/2024,13:20:16,OrangeMoney,retrait,OUT,10000.0,FCFA,11566.0,"Retrait d'argent reussi par le [PHONE_4205] avec le Code : 160547. Informations detaillees : Montant: 10000 FCFA, Frais: 150 FCFA, No de transaction CO240524.1320.C49138, montant net debite 10150 FCFA, Nouveau solde: 11566 FCFA."
USER_3,26/05/2024,13:22:26,OrangeMoney,transfert,OUT,3050.0,FCFA,14616.0,"Transfert de [PHONE_1125] [CONTACT_FD79] vers [USER_3_phone] [USER_3] reussi. Details: ID transaction: PP240526.1322.B36710, Montant Transaction: 3050FCFA, Frais: 0 FCFA, Commission: 0 FCFA, Montant Net: 3050 FCFA, Nouveau Solde: 14616 FCFA."
USER_3,27/05/2024,10:04:04,OrangeMoney,depot,IN,104000.0,FCFA,118616.0,"Depot effectue par [PHONE_9069] [CONTACT_E1B3] to [USER_3_phone] [USER_3]. Informations detaillees: Montant de transaction : 104000 FCFA, ID transaction : CI240527.1004.C36456, Frais : 0 FCFA, Commission : 0 FCFA, Montant Net du Credit : 104000 FCFA, Nouveau Solde : 118616 FCFA."
USER_3,27/05/2024,12:27:47,OrangeMoney,retrait,OUT,110000.0,FCFA,6966.0,"Retrait d'argent reussi par le [PHONE_4897] avec le Code : 204350. Informations detaillees : Montant: 110000 FCFA, Frais: 1650 FCFA, No de transaction CO240527.1227.A99960, montant net debite 111650 FCFA, Nouveau solde: 6966 FCFA."
USER_3,28/05/2024,14:03:48,OrangeMoney,transfert,OUT,3100.0,FCFA,10066.0,"Transfert de [PHONE_3618] Mbebi tyock vers [USER_3_phone] [USER_3] reussi. Details: ID transaction: PP240528.1403.A66210, Montant Transaction: 3100FCFA, Frais: 0 FCFA, Commission: 0 FCFA, Montant Net: 3100 FCFA, Nouveau Solde: 10066 FCFA."
USER_3,28/05/2024,17:13:15,OrangeMoney,depot,IN,10150.0,FCFA,20216.0,"Depot effectue par [PHONE_5949] [CONTACT_A2BA] to [USER_3_phone] [USER_3]. Informations detaillees: Montant de transaction : 10150 FCFA, ID transaction : CI240528.1713.C42127, Frais : 0 FCFA, Commission : 0 FCFA, Montant Net du Credit : 10150 FCFA, Nouveau Solde : 20216 FCFA."
USER_3,29/05/2024,07:06:50,OrangeMoney,rechargement,OUT,1000.0,FCFA,19216.0,"Rechargement reussi. Montant de la transaction: 1000 FCFA, ID transaction: RC240529.0706.B84283, Frais: 0 FCFA, Commission: 0 FCFA, Nouveau solde: 19216 FCFA"
USER_3,29/05/2024,07:57:12,OrangeMoney,transfert,OUT,10200.0,FCFA,29416.0,"Transfert de [PHONE_7619] [CONTACT_05F0] vers [USER_3_phone] [USER_3] reussi. Details: ID transaction: PP240529.0757.A07633, Montant Transaction: 10200FCFA, Frais: 0 FCFA, Commission: 0 FCFA, Montant Net: 10200 FCFA, Nouveau Solde: 29416 FCFA."
USER_3,29/05/2024,10:21:09,OrangeMoney,depot,IN,10200.0,FCFA,39616.0,"Depot effectue par [PHONE_0776] [CONTACT_414E] to [USER_3_phone] [USER_3]. Informations detaillees: Montant de transaction : 10200 FCFA, ID transaction : CI240529.1021.A80720, Frais : 0 FCFA, Commission : 0 FCFA, Montant Net du Credit : 10200 FCFA, Nouveau Solde : 39616 FCFA."
USER_3,29/05/2024,10:58,OrangeMoney,depot,IN,10150.0,FCFA,49766.0,"Depot effectue par [PHONE_2460] [CONTACT_FFE2] to [USER_3_phone] [USER_3]. Informations detaillees: Montant de transaction : 10150 FCFA, ID transaction : CI240529.1057.A92428, Frais : 0 FCFA, Commission : 0 FCFA, Montant Net du Credit : 10150 FCFA, Nouveau Solde : 49766 FCFA."
USER_3,29/05/2024,11:39:03,OrangeMoney,transfert,OUT,10300.0,FCFA,60066.0,"Transfert de [PHONE_8074] [CONTACT_4D86] vers [USER_3_phone] [USER_3] reussi. Details: ID transaction: PP240529.1139.A56070, Montant Transaction: 10300FCFA, Frais: 0 FCFA, Commission: 0 FCFA, Montant Net: 10300 FCFA, Nouveau Solde: 60066 FCFA."
USER_3,29/05/2024,22:40:07,OrangeMoney,transfert,OUT,13350.0,FCFA,73416.0,"Transfert de [PHONE_7790] [CONTACT_28EC] vers [USER_3_phone] [USER_3] reussi. Details: ID transaction: PP240529.2240.B39372, Montant Transaction: 13350FCFA, Frais: 0 FCFA, Commission: 0 FCFA, Montant Net: 13350 FCFA, Nouveau Solde: 73416 FCFA."
USER_3,30/05/2024,10:08:50,OrangeMoney,depot,IN,10200.0,FCFA,83616.0,"Depot effectue par [PHONE_0572] [CONTACT_F132] [CONTACT_CB2F] to [USER_3_phone] [USER_3]. Informations detaillees: Montant de transaction : 10200 FCFA, ID transaction : CI240530.1008.B33022, Frais : 0 FCFA, Commission : 0 FCFA, Montant Net du Credit : 10200 FCFA, Nouveau Solde : 83616 FCFA."
USER_3,30/05/2024,11:23:16,OrangeMoney,depot,IN,30000.0,FCFA,113616.0,"Depot effectue par [PHONE_2733] Cecile [CONTACT_F93E] to [USER_3_phone] [USER_3]. Informations detaillees: Montant de transaction : 30000 FCFA, ID transaction : CI240530.1123.C52076, Frais : 0 FCFA, Commission : 0 FCFA, Montant Net du Credit : 30000 FCFA, Nouveau Solde : 113616 FCFA."
USER_3,30/05/2024,16:31:06,OrangeMoney,transfert,OUT,10150.0,FCFA,123766.0,"Transfert de [PHONE_5972] [CONTACT_A0D0] vers [USER_3_phone] [USER_3] reussi. Details: ID transaction: PP240530.1631.A06188, Montant Transaction: 10150FCFA, Frais: 0 FCFA, Commission: 0 FCFA, Montant Net: 10150 FCFA, Nouveau Solde: 123766 FCFA."
USER_3,31/05/2024,08:51:55,OrangeMoney,retrait,OUT,115000.0,FCFA,7041.0,"Retrait d'argent reussi par le [PHONE_5664] avec le Code : 265687. Informations detaillees : Montant: 115000 FCFA, Frais: 1725 FCFA, No de transaction CO240531.0851.B67867, montant net debite 116725 FCFA, Nouveau solde: 7041 FCFA."
USER_3,31/05/2024,16:27:01,OrangeMoney,transfert,OUT,10150.0,FCFA,17191.0,"Transfert de [PHONE_7703] [CONTACT_DCE7] vers [USER_3_phone] [USER_3] reussi. Details: ID transaction: PP240531.1627.B57890, Montant Transaction: 10150FCFA, Frais: 0 FCFA, Commission: 0 FCFA, Montant Net: 10150 FCFA, Nouveau Solde: 17191 FCFA."
USER_3,01/06/2024,17:16:44,OrangeMoney,transfert,OUT,10000.0,FCFA,27191.0,"Transfert de [PHONE_0086] [CONTACT_D263] vers [USER_3_phone] [USER_3] reussi. Details: ID transaction: PP240601.1716.B76164, Montant Transaction: 10000FCFA, Frais: 0 FCFA, Commission: 0 FCFA, Montant Net: 10000 FCFA, Nouveau Solde: 27191 FCFA."
USER_3,01/06/2024,17:45:30,OrangeMoney,retrait,OUT,20000.0,FCFA,6891.0,"Retrait d'argent reussi par le [PHONE_9669] avec le Code : 148159. Informations detaillees : Montant: 20000 FCFA, Frais: 300 FCFA, No de transaction CO240601.1745.A36250, montant net debite 20300 FCFA, Nouveau solde: 6891 FCFA."
USER_3,02/06/2024,07:59:45,OrangeMoney,transfert,OUT,25000.0,FCFA,31891.0,"Transfert de [PHONE_8982] [CONTACT_7A32] vers [USER_3_phone] [USER_3] reussi. Details: ID transaction: PP240602.0759.B63586, Montant Transaction: 25000FCFA, Frais: 0 FCFA, Commission: 0 FCFA, Montant Net: 25000 FCFA, Nouveau Solde: 31891 FCFA."
USER_3,02/06/2024,10:38:02,OrangeMoney,retrait,OUT,25000.0,FCFA,6516.0,"Retrait d'argent reussi par le [PHONE_4897] avec le Code : 204350. Informations detaillees : Montant: 25000 FCFA, Frais: 375 FCFA, No de transaction CO240602.1037.A47350, montant net debite 25375 FCFA, Nouveau solde: 6516 FCFA."
USER_3,03/06/2024,13:38:30,OrangeMoney,transfert,OUT,1050.0,FCFA,5460.75,"Transfert de [USER_3_phone] [USER_3] vers [PHONE_1152] [CONTACT_3DCC] reussi. ID transaction: PP240603.1338.A16329, Montant Transaction: 1050 FCFA, Frais: 5.25 FCFA, Commission: 0 FCFA, Montant Net: 1055.25 FCFA, Nouveau Solde: 5460.75 FCFA."
USER_3,05/06/2024,09:38:48,OrangeMoney,rechargement,OUT,1000.0,FCFA,4460.75,"Rechargement reussi. Montant de la transaction: 1000 FCFA, ID transaction: RC240605.0938.B40682, Frais: 0 FCFA, Commission: 0 FCFA, Nouveau solde: 4460.75 FCFA"
USER_3,06/06/2024,11:55:42,OrangeMoney,depot,IN,25300.0,FCFA,29760.75,"Depot effectue par [PHONE_8160] [CONTACT_C742] to [USER_3_phone] [USER_3]. Informations detaillees: Montant de transaction : 25300 FCFA, ID transaction : CI240606.1155.B49787, Frais : 0 FCFA, Commission : 0 FCFA, Montant Net du Credit : 25300 FCFA, Nouveau Solde : 29760.75 FCFA."
USER_3,06/06/2024,15:37:48,OrangeMoney,retrait,OUT,25000.0,FCFA,4385.75,"Retrait d'argent reussi par le [PHONE_5664] avec le Code : 265687. Informations detaillees : Montant: 25000 FCFA, Frais: 375 FCFA, No de transaction CO240606.1537.B78390, montant net debite 25375 FCFA, Nouveau solde: 4385.75 FCFA."
USER_3,07/06/2024,22:56:37,OrangeMoney,depot,IN,15000.0,FCFA,19385.75,"Depot effectue par [PHONE_7443] [CONTACT_3BFE] to [USER_3_phone] [USER_3]. Informations detaillees: Montant de transaction : 15000 FCFA, ID transaction : CI240607.2256.C98360, Frais : 0 FCFA, Commission : 0 FCFA, Montant Net du Credit : 15000 FCFA, Nouveau Solde : 19385.75 FCFA."
USER_3,09/06/2024,19:31:07,OrangeMoney,depot,IN,40000.0,FCFA,59385.75,"Depot effectue par [PHONE_1541] [CONTACT_85B9] to [USER_3_phone] [USER_3]. Informations detaillees: Montant de transaction : 40000 FCFA, ID transaction : CI240609.1931.A52589, Frais : 0 FCFA, Commission : 0 FCFA, Montant Net du Credit : 40000 FCFA, Nouveau Solde : 59385.75 FCFA."
USER_3,10/06/2024,16:28:03,OrangeMoney,retrait,OUT,55000.0,FCFA,3560.75,"Retrait d'argent reussi par le [PHONE_4897] avec le Code : 204350. Informations detaillees : Montant: 55000 FCFA, Frais: 825 FCFA, No de transaction CO240610.1628.C07291, montant net debite 55825 FCFA, Nouveau solde: 3560.75 FCFA."
USER_3,12/06/2024,15:37:22,OrangeMoney,transfert,OUT,102000.0,FCFA,105560.75,"Transfert de [PHONE_6978] [CONTACT_A076] vers [USER_3_phone] [USER_3] reussi. Details: ID transaction: PP240612.1537.C59818, Montant Transaction: 102000FCFA, Frais: 0 FCFA, Commission: 0 FCFA, Montant Net: 102000 FCFA, Nouveau Solde: 105560.75 FCFA."
USER_3,12/06/2024,15:39:42,OrangeMoney,transfert,OUT,10150.0,FCFA,115710.75,"Transfert de [PHONE_6978] [CONTACT_A076] vers [USER_3_phone] [USER_3] reussi. Details: ID transaction: PP240612.1539.A34392, Montant Transaction: 10150FCFA, Frais: 0 FCFA, Commission: 0 FCFA, Montant Net: 10150 FCFA, Nouveau Solde: 115710.75 FCFA."
USER_3,12/06/2024,16:05:24,OrangeMoney,transfert,OUT,50800.0,FCFA,166510.75,"Transfert de [PHONE_5186] [CONTACT_BF79] vers [USER_3_phone] [USER_3] reussi. Details: ID transaction: PP240612.1605.A54926, Montant Transaction: 50800FCFA, Frais: 0 FCFA, Commission: 0 FCFA, Montant Net: 50800 FCFA, Nouveau Solde: 166510.75 FCFA."
USER_3,12/06/2024,16:08:23,OrangeMoney,transfert,OUT,10150.0,FCFA,156310.0,"Transfert de [USER_3_phone] [USER_3] vers [PHONE_8116] [CONTACT_A076] reussi. ID transaction: PP240612.1608.C85074, Montant Transaction: 10150 FCFA, Frais: 50.75 FCFA, Commission: 0 FCFA, Montant Net: 10200.75 FCFA, Nouveau Solde: 156310 FCFA."
USER_3,12/06/2024,16:10:59,OrangeMoney,transfert,OUT,10150.0,FCFA,146109.25,"Transfert de [USER_3_phone] [USER_3] vers [PHONE_0789] [CONTACT_E9B4] reussi. ID transaction: PP240612.1610.A59596, Montant Transaction: 10150 FCFA, Frais: 50.75 FCFA, Commission: 0 FCFA, Montant Net: 10200.75 FCFA, Nouveau Solde: 146109.25 FCFA."
USER_3,12/06/2024,16:50:25,OrangeMoney,rechargement,OUT,1000.0,FCFA,145109.25,"Rechargement reussi. Montant de la transaction: 1000 FCFA, ID transaction: RC240612.1650.C96768, Frais: 0 FCFA, Commission: 0 FCFA, Nouveau solde: 145109.25 FCFA"
USER_3,12/06/2024,16:58:44,OrangeMoney,retrait,OUT,140000.0,FCFA,3009.25,"Retrait d'argent reussi par le [PHONE_5664] avec le Code : 265687. Informations detaillees : Montant: 140000 FCFA, Frais: 2100 FCFA, No de transaction CO240612.1658.C44021, montant net debite 142100 FCFA, Nouveau solde: 3009.25 FCFA."
USER_3,16/06/2024,16:55:22,OrangeMoney,rechargement,OUT,1000.0,FCFA,2009.25,"Rechargement reussi. Montant de la transaction: 1000 FCFA, ID transaction: RC240616.1655.B93779, Frais: 0 FCFA, Commission: 0 FCFA, Nouveau solde: 2009.25 FCFA"
USER_3,22/06/2024,13:14:42,OrangeMoney,transfert,OUT,20200.0,FCFA,22209.25,"Transfert de [PHONE_0777] [CONTACT_9419] vers [USER_3_phone] [USER_3] reussi. Details: ID transaction: PP240622.1314.C30738, Montant Transaction: 20200FCFA, Frais: 0 FCFA, Commission: 0 FCFA, Montant Net: 20200 FCFA, Nouveau Solde: 22209.25 FCFA."
USER_3,22/06/2024,14:11:55,OrangeMoney,retrait,OUT,20000.0,FCFA,1909.25,"Retrait d'argent reussi par le [PHONE_5664] avec le Code : 265687. Informations detaillees : Montant: 20000 FCFA, Frais: 300 FCFA, No de transaction CO240622.1411.A94679, montant net debite 20300 FCFA, Nouveau solde: 1909.25 FCFA."
USER_3,22/06/2024,21:18:58,OrangeMoney,depot,IN,5000.0,FCFA,6909.25,"Depot effectue par [PHONE_8652] [CONTACT_7B9E] to [USER_3_phone] [USER_3]. Informations detaillees: Montant de transaction : 5000 FCFA, ID transaction : CI240622.2118.B70563, Frais : 0 FCFA, Commission : 0 FCFA, Montant Net du Credit : 5000 FCFA, Nouveau Solde : 6909.25 FCFA."
USER_3,22/06/2024,23:43:53,OrangeMoney,transfert,OUT,3100.0,FCFA,3793.75,"Transfert de [USER_3_phone] [USER_3] vers [PHONE_7785] [CONTACT_92F9] reussi. ID transaction: PP240622.2343.B53186, Montant Transaction: 3100 FCFA, Frais: 15.5 FCFA, Commission: 0 FCFA, Montant Net: 3115.5 FCFA, Nouveau Solde: 3793.75 FCFA."
USER_3,23/06/2024,16:06:03,OrangeMoney,transfert,OUT,25375.0,FCFA,29168.75,"Transfert de [PHONE_3071] [CONTACT_55E4] vers [USER_3_phone] [USER_3] reussi. Details: ID transaction: PP240623.1606.C47417, Montant Transaction: 25375FCFA, Frais: 0 FCFA, Commission: 0 FCFA, Montant Net: 25375 FCFA, Nouveau Solde: 29168.75 FCFA."
USER_3,24/06/2024,09:09:34,OrangeMoney,retrait,OUT,25000.0,FCFA,3793.75,"Retrait d'argent reussi par le [PHONE_8890] avec le Code : 613921. Informations detaillees : Montant: 25000 FCFA, Frais: 375 FCFA, No de transaction CO240624.0909.C39940, montant net debite 25375 FCFA, Nouveau solde: 3793.75 FCFA."
USER_3,24/06/2024,11:26:35,OrangeMoney,rechargement,OUT,1000.0,FCFA,2793.75,"Rechargement reussi. Montant de la transaction: 1000 FCFA, ID transaction: RC240624.1126.B59766, Frais: 0 FCFA, Commission: 0 FCFA, Nouveau solde: 2793.75 FCFA"
USER_3,26/06/2024,10:26:55,OrangeMoney,depot,IN,61000.0,FCFA,63793.75,"Depot effectue par [PHONE_7767] [CONTACT_0833] to [USER_3_phone] [USER_3]. Informations detaillees: Montant de transaction : 61000 FCFA, ID transaction : CI240626.1026.C89836, Frais : 0 FCFA, Commission : 0 FCFA, Montant Net du Credit : 61000 FCFA, Nouveau Solde : 63793.75 FCFA."
USER_3,27/06/2024,12:44:41,OrangeMoney,transfert,OUT,10300.0,FCFA,74093.75,"Transfert de [PHONE_8074] [CONTACT_4D86] vers [USER_3_phone] [USER_3] reussi. Details: ID transaction: PP240627.1244.B75377, Montant Transaction: 10300FCFA, Frais: 0 FCFA, Commission: 0 FCFA, Montant Net: 10300 FCFA, Nouveau Solde: 74093.75 FCFA."
USER_3,27/06/2024,16:01:16,OrangeMoney,depot,IN,10250.0,FCFA,84343.75,"Depot effectue par [PHONE_0360] [CONTACT_1A14] to [USER_3_phone] [USER_3]. Informations detaillees: Montant de transaction : 10250 FCFA, ID transaction : CI240627.1601.A64841, Frais : 0 FCFA, Commission : 0 FCFA, Montant Net du Credit : 10250 FCFA, Nouveau Solde : 84343.75 FCFA."
USER_3,27/06/2024,16:11:21,OrangeMoney,retrait,OUT,60000.0,FCFA,23443.75,"Retrait d'argent reussi par le [PHONE_7683] avec le Code : 609116. Informations detaillees : Montant: 60000 FCFA, Frais: 900 FCFA, No de transaction CO240627.1608.C76934, montant net debite 60900 FCFA, Nouveau solde: 23443.75 FCFA."
USER_3,28/06/2024,13:25,OrangeMoney,depot,IN,10150.0,FCFA,33593.75,"Depot effectue par [PHONE_2460] [CONTACT_FFE2] to [USER_3_phone] [USER_3]. Informations detaillees: Montant de transaction : 10150 FCFA, ID transaction : CI240628.1313.A92114, Frais : 0 FCFA, Commission : 0 FCFA, Montant Net du Credit : 10150 FCFA, Nouveau Solde : 33593.75 FCFA."
USER_3,28/06/2024,14:23:51,OrangeMoney,depot,IN,10150.0,FCFA,43743.75,"Depot effectue par [PHONE_5227] [CONTACT_DA0D] to [USER_3_phone] [USER_3]. Informations detaillees: Montant de transaction : 10150 FCFA, ID transaction : CI240628.1423.B26194, Frais : 0 FCFA, Commission : 0 FCFA, Montant Net du Credit : 10150 FCFA, Nouveau Solde : 43743.75 FCFA."
USER_3,28/06/2024,19:49,OrangeMoney,transfert,OUT,25000.0,FCFA,68743.75,"Transfert de [PHONE_8982] [CONTACT_7A32] vers [USER_3_phone] [USER_3] reussi. Details: ID transaction: PP240628.1948.B36784, Montant Transaction: 25000FCFA, Frais: 0 FCFA, Commission: 0 FCFA, Montant Net: 25000 FCFA, Nouveau Solde: 68743.75 FCFA."
USER_3,30/06/2024,05:49:39,OrangeMoney,transfert,OUT,10150.0,FCFA,78893.75,"Transfert de [PHONE_7703] [CONTACT_DCE7] vers [USER_3_phone] [USER_3] reussi. Details: ID transaction: PP240630.0549.C64881, Montant Transaction: 10150FCFA, Frais: 0 FCFA, Commission: 0 FCFA, Montant Net: 10150 FCFA, Nouveau Solde: 78893.75 FCFA."
USER_3,30/06/2024,10:09:29,OrangeMoney,transfert,OUT,15000.0,FCFA,63818.75,"Transfert de [USER_3_phone] [USER_3] vers [PHONE_3149] [CONTACT_611E] reussi. ID transaction: PP240630.1009.A62343, Montant Transaction: 15000 FCFA, Frais: 75 FCFA, Commission: 0 FCFA, Montant Net: 15075 FCFA, Nouveau Solde: 63818.75 FCFA."
USER_3,30/06/2024,11:44:47,OrangeMoney,depot,IN,10200.0,FCFA,74018.75,"Depot effectue par [PHONE_6268] [CONTACT_10B6] to [USER_3_phone] [USER_3]. Informations detaillees: Montant de transaction : 10200 FCFA, ID transaction : CI240630.1144.B12076, Frais : 0 FCFA, Commission : 0 FCFA, Montant Net du Credit : 10200 FCFA, Nouveau Solde : 74018.75 FCFA."
USER_3,30/06/2024,12:52:21,OrangeMoney,transfert,OUT,10150.0,FCFA,84168.75,"Transfert de [PHONE_5972] [CONTACT_A0D0] vers [USER_3_phone] [USER_3] reussi. Details: ID transaction: PP240630.1252.B10989, Montant Transaction: 10150FCFA, Frais: 0 FCFA, Commission: 0 FCFA, Montant Net: 10150 FCFA, Nouveau Solde: 84168.75 FCFA."
USER_3,30/06/2024,16:47:53,OrangeMoney,transfert,OUT,10150.0,FCFA,94318.75,"Transfert de [PHONE_4681] [CONTACT_2DFD] vers [USER_3_phone] [USER_3] reussi. Details: ID transaction: PP240630.1647.C16934, Montant Transaction: 10150FCFA, Frais: 0 FCFA, Commission: 0 FCFA, Montant Net: 10150 FCFA, Nouveau Solde: 94318.75 FCFA."
USER_3,01/07/2024,17:42:12,OrangeMoney,rechargement,OUT,1000.0,FCFA,93318.75,"Rechargement reussi. Montant de la transaction: 1000 FCFA, ID transaction: RC240701.1742.A03878, Frais: 0 FCFA, Commission: 0 FCFA, Nouveau solde: 93318.75 FCFA"
USER_3,02/07/2024,11:31:31,OrangeMoney,retrait,OUT,85000.0,FCFA,7043.75,"Retrait d'argent reussi par le [PHONE_5664] avec le Code : 265687. Informations detaillees : Montant: 85000 FCFA, Frais: 1275 FCFA, No de transaction CO240702.1131.B61324, montant net debite 86275 FCFA, Nouveau solde: 7043.75 FCFA."
USER_3,02/07/2024,16:56:42,OrangeMoney,depot,IN,10200.0,FCFA,17243.75,"Depot effectue par [PHONE_7632] [CONTACT_9443] to [USER_3_phone] [USER_3]. Informations detaillees: Montant de transaction : 10200 FCFA, ID transaction : CI240702.1656.A29477, Frais : 0 FCFA, Commission : 0 FCFA, Montant Net du Credit : 10200 FCFA, Nouveau Solde : 17243.75 FCFA."
USER_3,03/07/2024,09:04:12,OrangeMoney,depot,IN,25000.0,FCFA,42243.75,"Depot effectue par [PHONE_0843] [CONTACT_B522] to [USER_3_phone] [USER_3]. Informations detaillees: Montant de transaction : 25000 FCFA, ID transaction : CI240703.0904.A53425, Frais : 0 FCFA, Commission : 0 FCFA, Montant Net du Credit : 25000 FCFA, Nouveau Solde : 42243.75 FCFA."
USER_3,03/07/2024,20:58:54,OrangeMoney,depot,IN,15000.0,FCFA,57243.75,"Depot effectue par [PHONE_7443] [CONTACT_3BFE] to [USER_3_phone] [USER_3]. Informations detaillees: Montant de transaction : 15000 FCFA, ID transaction : CI240703.2058.A74933, Frais : 0 FCFA, Commission : 0 FCFA, Montant Net du Credit : 15000 FCFA, Nouveau Solde : 57243.75 FCFA."
USER_3,05/07/2024,12:17:24,OrangeMoney,transfert,OUT,15250.0,FCFA,41917.5,"Transfert de [USER_3_phone] [USER_3] vers [PHONE_2796] [CONTACT_B9A4] reussi. ID transaction: PP240705.1217.A54322, Montant Transaction: 15250 FCFA, Frais: 76.25 FCFA, Commission: 0 FCFA, Montant Net: 15326.25 FCFA, Nouveau Solde: 41917.5 FCFA."
USER_3,05/07/2024,17:00:43,OrangeMoney,transfert,OUT,10000.0,FCFA,31867.5,"Transfert de [USER_3_phone] [USER_3] vers [PHONE_3071] [CONTACT_55E4] reussi. ID transaction: PP240705.1700.A03596, Montant Transaction: 10000 FCFA, Frais: 50 FCFA, Commission: 0 FCFA, Montant Net: 10050 FCFA, Nouveau Solde: 31867.5 FCFA."
USER_3,06/07/2024,17:03:12,OrangeMoney,transfert,OUT,10000.0,FCFA,21817.5,"Transfert de [USER_3_phone] [USER_3] vers [PHONE_5711] ndjock yana reussi. ID transaction: PP240706.1703.B92558, Montant Transaction: 10000 FCFA, Frais: 50 FCFA, Commission: 0 FCFA, Montant Net: 10050 FCFA, Nouveau Solde: 21817.5 FCFA."
USER_3,07/07/2024,18:57:15,OrangeMoney,rechargement,OUT,1000.0,FCFA,20817.5,"Rechargement reussi. Montant de la transaction: 1000 FCFA, ID transaction: RC240707.1857.A92557, Frais: 0 FCFA, Commission: 0 FCFA, Nouveau solde: 20817.5 FCFA"
USER_3,08/07/2024,14:34:53,OrangeMoney,transfert,OUT,2050.0,FCFA,18757.25,"Transfert de [USER_3_phone] [USER_3] vers [PHONE_1839] [CONTACT_9B70] reussi. ID transaction: PP240708.1434.B00570, Montant Transaction: 2050 FCFA, Frais: 10.25 FCFA, Commission: 0 FCFA, Montant Net: 2060.25 FCFA, Nouveau Solde: 18757.25 FCFA."
USER_3,09/07/2024,13:48:42,OrangeMoney,transfert,OUT,30000.0,FCFA,48757.25,"Transfert de [PHONE_0066] [CONTACT_73F8] vers [USER_3_phone] [USER_3] reussi. Details: ID transaction: PP240709.1317.C62789, Montant Transaction: 30000FCFA, Frais: 0 FCFA, Commission: 0 FCFA, Montant Net: 30000 FCFA, Nouveau Solde: 48757.25 FCFA."
USER_3,10/07/2024,09:17:40,OrangeMoney,transfert,OUT,5100.0,FCFA,43631.75,"Transfert de [USER_3_phone] [USER_3] vers [PHONE_8074] [CONTACT_4D86] reussi. ID transaction: PP240710.0917.A67301, Montant Transaction: 5100 FCFA, Frais: 25.5 FCFA, Commission: 0 FCFA, Montant Net: 5125.5 FCFA, Nouveau Solde: 43631.75 FCFA."
USER_3,10/07/2024,21:28:58,OrangeMoney,transfert,OUT,1000.0,FCFA,44631.75,"Transfert de [PHONE_3071] [CONTACT_55E4] vers [USER_3_phone] [USER_3] reussi. Details: ID transaction: PP240710.2128.A50849, Montant Transaction: 1000FCFA, Frais: 0 FCFA, Commission: 0 FCFA, Montant Net: 1000 FCFA, Nouveau Solde: 44631.75 FCFA."
USER_3,12/07/2024,15:50:35,OrangeMoney,retrait,OUT,35000.0,FCFA,8156.75,"Retrait d'argent reussi par le [PHONE_5664] avec le Code : 265687. Informations detaillees : Montant: 35000 FCFA, Frais: 525 FCFA, No de transaction CO240712.1550.C60730, montant net debite 35525 FCFA, Nouveau solde: 8156.75 FCFA."
USER_3,17/07/2024,13:44:23,OrangeMoney,transfert,OUT,8000.0,FCFA,16156.75,"Transfert de [PHONE_8571] [CONTACT_9ECF] vers [USER_3_phone] [USER_3] reussi. Details: ID transaction: PP240717.1344.A49049, Montant Transaction: 8000FCFA, Frais: 0 FCFA, Commission: 0 FCFA, Montant Net: 8000 FCFA, Nouveau Solde: 16156.75 FCFA."
USER_3,17/07/2024,16:07:51,OrangeMoney,transfert,OUT,10000.0,FCFA,26156.75,"Transfert de [PHONE_1664] [CONTACT_CBE1] vers [USER_3_phone] [USER_3] reussi. Details: ID transaction: PP240717.1607.C87062, Montant Transaction: 10000FCFA, Frais: 0 FCFA, Commission: 0 FCFA, Montant Net: 10000 FCFA, Nouveau Solde: 26156.75 FCFA."
USER_3,17/07/2024,18:41:35,OrangeMoney,transfert,OUT,50800.0,FCFA,76956.75,"Transfert de [PHONE_5186] [CONTACT_BF79] vers [USER_3_phone] [USER_3] reussi. Details: ID transaction: PP240717.1841.A93899, Montant Transaction: 50800FCFA, Frais: 0 FCFA, Commission: 0 FCFA, Montant Net: 50800 FCFA, Nouveau Solde: 76956.75 FCFA."
USER_3,17/07/2024,22:04:36,OrangeMoney,transfert,OUT,102000.0,FCFA,178956.75,"Transfert de [PHONE_6978] [CONTACT_A076] vers [USER_3_phone] [USER_3] reussi. Details: ID transaction: PP240717.2204.B40076, Montant Transaction: 102000FCFA, Frais: 0 FCFA, Commission: 0 FCFA, Montant Net: 102000 FCFA, Nouveau Solde: 178956.75 FCFA."
USER_3,18/07/2024,15:37:57,OrangeMoney,retrait,OUT,160000.0,FCFA,16556.75,"Retrait d'argent reussi par le [PHONE_5664] avec le Code : 265687. Informations detaillees : Montant: 160000 FCFA, Frais: 2400 FCFA, No de transaction CO240718.1537.B60439, montant net debite 162400 FCFA, Nouveau solde: 16556.75 FCFA."
USER_3,18/07/2024,18:03:11,OrangeMoney,transfert,OUT,5500.0,FCFA,22056.75,"Transfert de [PHONE_1312] [CONTACT_A1AC] vers [USER_3_phone] [USER_3] reussi. Details: ID transaction: PP240718.1803.A64799, Montant Transaction: 5500FCFA, Frais: 0 FCFA, Commission: 0 FCFA, Montant Net: 5500 FCFA, Nouveau Solde: 22056.75 FCFA."
USER_3,19/07/2024,01:00:53,OrangeMoney,transfert,OUT,5000.0,FCFA,27056.75,"Transfert de [PHONE_7895] [CONTACT_6AE5] vers [USER_3_phone] [USER_3] reussi. Details: ID transaction: PP240719.0100.C86170, Montant Transaction: 5000FCFA, Frais: 0 FCFA, Commission: 0 FCFA, Montant Net: 5000 FCFA, Nouveau Solde: 27056.75 FCFA."
USER_3,19/07/2024,08:08:14,OrangeMoney,depot,IN,10200.0,FCFA,37256.75,"Depot effectue par [PHONE_4327] [CONTACT_378F] to [USER_3_phone] [USER_3]. Informations detaillees: Montant de transaction : 10200 FCFA, ID transaction : CI240719.0732.C55558, Frais : 0 FCFA, Commission : 0 FCFA, Montant Net du Credit : 10200 FCFA, Nouveau Solde : 37256.75 FCFA."
USER_3,19/07/2024,13:16:59,OrangeMoney,depot,IN,10200.0,FCFA,46506.75,"Depot effectue par [PHONE_4468] [CONTACT_E4EA] YSSAPE3 to [USER_3_phone] [USER_3]. Informations detaillees: Montant de transaction : 10200 FCFA, ID transaction : CI240719.1316.A27535, Frais : 0 FCFA, Commission : 0 FCFA, Montant Net du Credit : 10200 FCFA, Nouveau Solde : 46506.75 FCFA."
USER_3,19/07/2024,17:13:10,OrangeMoney,transfert,OUT,5000.0,FCFA,51506.75,"Transfert de [PHONE_6027] [CONTACT_3084] vers [USER_3_phone] [USER_3] reussi. Details: ID transaction: PP240719.1713.A61733, Montant Transaction: 5000FCFA, Frais: 0 FCFA, Commission: 0 FCFA, Montant Net: 5000 FCFA, Nouveau Solde: 51506.75 FCFA."
USER_3,20/07/2024,12:13:49,OrangeMoney,transfert,OUT,3000.0,FCFA,54506.75,"Transfert de [PHONE_9556] [CONTACT_0E8E] vers [USER_3_phone] [USER_3] reussi. Details: ID transaction: PP240720.1213.A49069, Montant Transaction: 3000FCFA, Frais: 0 FCFA, Commission: 0 FCFA, Montant Net: 3000 FCFA, Nouveau Solde: 54506.75 FCFA."
USER_3,20/07/2024,17:25:53,OrangeMoney,transfert,OUT,50800.0,FCFA,452.75,"Transfert de [USER_3_phone] [USER_3] vers [PHONE_6027] [CONTACT_3084] reussi. ID transaction: PP240720.1725.A11537, Montant Transaction: 50800 FCFA, Frais: 254 FCFA, Commission: 0 FCFA, Montant Net: 51054 FCFA, Nouveau Solde: 452.75 FCFA."
USER_3,22/07/2024,21:33:37,OrangeMoney,depot,IN,40000.0,FCFA,40452.75,"Depot effectue par [PHONE_7225] [CONTACT_B688] to [USER_3_phone] [USER_3]. Informations detaillees: Montant de transaction : 40000 FCFA, ID transaction : CI240722.2133.A75030, Frais : 0 FCFA, Commission : 0 FCFA, Montant Net du Credit : 40000 FCFA, Nouveau Solde : 40452.75 FCFA."
USER_3,23/07/2024,13:56:51,OrangeMoney,retrait,OUT,39800.0,FCFA,55.75,"Retrait d'argent reussi par le [PHONE_5664] avec le Code : 265687. Informations detaillees : Montant: 39800 FCFA, Frais: 597 FCFA, No de transaction CO240723.1356.A70059, montant net debite 40397 FCFA, Nouveau solde: 55.75 FCFA."
USER_3,25/07/2024,07:11:26,OrangeMoney,transfert,OUT,5000.0,FCFA,5055.75,"Transfert de [PHONE_1312] [CONTACT_A1AC] vers [USER_3_phone] [USER_3] reussi. Details: ID transaction: PP240725.0711.A84205, Montant Transaction: 5000FCFA, Frais: 0 FCFA, Commission: 0 FCFA, Montant Net: 5000 FCFA, Nouveau Solde: 5055.75 FCFA."
USER_3,25/07/2024,17:06:30,OrangeMoney,transfert,OUT,10000.0,FCFA,15055.75,"Transfert de [PHONE_8571] [CONTACT_9ECF] vers [USER_3_phone] [USER_3] reussi. Details: ID transaction: PP240725.1706.A41606, Montant Transaction: 10000FCFA, Frais: 0 FCFA, Commission: 0 FCFA, Montant Net: 10000 FCFA, Nouveau Solde: 15055.75 FCFA."
USER_3,28/07/2024,11:28:31,OrangeMoney,transfert,OUT,25000.0,FCFA,39455.75,"Transfert de [PHONE_8982] [CONTACT_7A32] vers [USER_3_phone] [USER_3] reussi. Details: ID transaction: PP240728.1128.B11236, Montant Transaction: 25000FCFA, Frais: 0 FCFA, Commission: 0 FCFA, Montant Net: 25000 FCFA, Nouveau Solde: 39455.75 FCFA."
USER_3,29/07/2024,11:30:17,OrangeMoney,transfert,OUT,25500.0,FCFA,13828.25,"Transfert de [USER_3_phone] [USER_3] vers [PHONE_5451] [CONTACT_6391] reussi. ID transaction: PP240729.1130.A63187, Montant Transaction: 25500 FCFA, Frais: 127.5 FCFA, Commission: 0 FCFA, Montant Net: 25627.5 FCFA, Nouveau Solde: 13828.25 FCFA."
USER_3,30/07/2024,07:36:15,OrangeMoney,transfert,OUT,8600.0,FCFA,5185.25,"Transfert de [USER_3_phone] [USER_3] vers [PHONE_7619] [CONTACT_05F0] reussi. ID transaction: PP240730.0736.A19373, Montant Transaction: 8600 FCFA, Frais: 43 FCFA, Commission: 0 FCFA, Montant Net: 8643 FCFA, Nouveau Solde: 5185.25 FCFA."
USER_3,04/08/2024,18:54:46,OrangeMoney,depot,IN,20000.0,FCFA,24685.25,"Depot effectue par [PHONE_8652] [CONTACT_7B9E] to [USER_3_phone] [USER_3]. Informations detaillees: Montant de transaction : 20000 FCFA, ID transaction : CI240804.1854.B59092, Frais : 0 FCFA, Commission : 0 FCFA, Montant Net du Credit : 20000 FCFA, Nouveau Solde : 24685.25 FCFA."
USER_3,05/08/2024,14:47:52,OrangeMoney,retrait,OUT,20000.0,FCFA,4135.25,"Retrait d'argent reussi par le [PHONE_5664] avec le Code : 265687. Informations detaillees : Montant: 20000 FCFA, Frais: 300 FCFA, No de transaction CO240805.1447.B26798, montant net debite 20300 FCFA, Nouveau solde: 4135.25 FCFA."
USER_3,05/08/2024,17:45:52,OrangeMoney,depot,IN,25200.0,FCFA,29335.25,"Depot effectue par [PHONE_8248] [CONTACT_F0D9] to [USER_3_phone] [USER_3]. Informations detaillees: Montant de transaction : 25200 FCFA, ID transaction : CI240805.1745.D42279, Frais : 0 FCFA, Commission : 0 FCFA, Montant Net du Credit : 25200 FCFA, Nouveau Solde : 29335.25 FCFA."
USER_3,06/08/2024,11:49:15,OrangeMoney,depot,IN,30000.0,FCFA,59335.25,"Depot effectue par [PHONE_6239] NGOUCHEME_ASSIATOU to [USER_3_phone] [USER_3]. Informations detaillees: Montant de transaction : 30000 FCFA, ID transaction : CI240806.1149.B57900, Frais : 0 FCFA, Commission : 0 FCFA, Montant Net du Credit : 30000 FCFA, Nouveau Solde : 59335.25 FCFA."
USER_3,06/08/2024,11:55:09,OrangeMoney,retrait,OUT,25000.0,FCFA,33960.25,"Retrait d'argent reussi par le [PHONE_5664] avec le Code : 265687. Informations detaillees : Montant: 25000 FCFA, Frais: 375 FCFA, No de transaction CO240806.1155.A30237, montant net debite 25375 FCFA, Nouveau solde: 33960.25 FCFA."
USER_3,06/08/2024,11:57:20,OrangeMoney,retrait,OUT,30000.0,FCFA,3510.25,"Retrait d'argent reussi par le [PHONE_5664] avec le Code : 265687. Informations detaillees : Montant: 30000 FCFA, Frais: 450 FCFA, No de transaction CO240806.1157.B33073, montant net debite 30450 FCFA, Nouveau solde: 3510.25 FCFA."
USER_3,07/08/2024,16:55:24,OrangeMoney,depot,IN,100000.0,FCFA,103510.25,"Depot effectue par [PHONE_6239] NGOUCHEME_ASSIATOU to [USER_3_phone] [USER_3]. Informations detaillees: Montant de transaction : 100000 FCFA, ID transaction : CI240807.1655.D32971, Frais : 0 FCFA, Commission : 0 FCFA, Montant Net du Credit : 100000 FCFA, Nouveau Solde : 103510.25 FCFA."
USER_3,09/08/2024,15:41:05,OrangeMoney,retrait,OUT,100000.0,FCFA,2010.25,"Retrait d'argent reussi par le [PHONE_1893] avec le Code : 838546. Informations detaillees : Montant: 100000 FCFA, Frais: 1500 FCFA, No de transaction CO240809.1540.B98649, montant net debite 101500 FCFA, Nouveau solde: 2010.25 FCFA."
USER_3,15/08/2024,09:09:24,OrangeMoney,rechargement,OUT,1000.0,FCFA,760.25,"Rechargement reussi. Montant de la transaction: 1000 FCFA, ID transaction: RC240815.0909.D00313, Frais: 0 FCFA, Commission: 0 FCFA, Nouveau solde: 760.25 FCFA"
USER_3,15/08/2024,10:01:08,OrangeMoney,depot,IN,10000.0,FCFA,10760.25,"Depot effectue par [PHONE_5664] [CONTACT_7B9E] to [USER_3_phone] [USER_3]. Informations detaillees: Montant de transaction : 10000 FCFA, ID transaction : CI240815.1000.D77505, Frais : 0 FCFA, Commission : 0 FCFA, Montant Net du Credit : 10000 FCFA, Nouveau Solde : 10760.25 FCFA."
USER_3,15/08/2024,17:17:18,OrangeMoney,transfert,OUT,3000.0,FCFA,13760.25,"Transfert de [PHONE_9556] [CONTACT_0E8E] vers [USER_3_phone] [USER_3] reussi. Details: ID transaction: PP240815.1717.D68850, Montant Transaction: 3000FCFA, Frais: 0 FCFA, Commission: 0 FCFA, Montant Net: 3000 FCFA, Nouveau Solde: 13760.25 FCFA."
USER_3,16/08/2024,07:41:39,OrangeMoney,depot,IN,50000.0,FCFA,63510.25,"Depot effectue par [PHONE_0646] [CONTACT_B0BC] to [USER_3_phone] [USER_3]. Informations detaillees: Montant de transaction : 50000 FCFA, ID transaction : CI240816.0741.C44110, Frais : 0 FCFA, Commission : 0 FCFA, Montant Net du Credit : 50000 FCFA, Nouveau Solde : 63510.25 FCFA."
USER_3,16/08/2024,14:58:22,OrangeMoney,rechargement,OUT,250.0,FCFA,63260.25,"Rechargement reussi. Montant de la transaction: 250 FCFA, ID transaction: RC240816.1458.B03163, Frais: 0 FCFA, Commission: 0 FCFA, Nouveau solde: 63260.25 FCFA"
USER_3,17/08/2024,17:14:20,OrangeMoney,depot,IN,5000.0,FCFA,68260.25,"Depot effectue par [PHONE_1207] [CONTACT_5600] to [USER_3_phone] [USER_3]. Informations detaillees: Montant de transaction : 5000 FCFA, ID transaction : CI240817.1714.D53895, Frais : 0 FCFA, Commission : 0 FCFA, Montant Net du Credit : 5000 FCFA, Nouveau Solde : 68260.25 FCFA."
USER_3,22/08/2024,21:47:25,OrangeMoney,transfert,OUT,10200.0,FCFA,54259.25,"Transfert de [USER_3_phone] [USER_3] vers [PHONE_6331] [CONTACT_373D] reussi. ID transaction: PP240822.2147.B00561, Montant Transaction: 10200 FCFA, Frais: 51 FCFA, Commission: 0 FCFA, Montant Net: 10251 FCFA, Nouveau Solde: 54259.25 FCFA."
USER_3,27/08/2024,09:09:30,OrangeMoney,transfert,OUT,25375.0,FCFA,79634.25,"Transfert de [PHONE_3071] [CONTACT_55E4] vers [USER_3_phone] [USER_3] reussi. Details: ID transaction: PP240827.0909.C96869, Montant Transaction: 25375FCFA, Frais: 0 FCFA, Commission: 0 FCFA, Montant Net: 25375 FCFA, Nouveau Solde: 79634.25 FCFA."
USER_3,28/08/2024,11:52:22,OrangeMoney,transfert,OUT,10200.0,FCFA,69383.25,"Transfert de [USER_3_phone] [USER_3] vers [PHONE_6079] [CONTACT_C15F] reussi. ID transaction: PP240828.1152.C72409, Montant Transaction: 10200 FCFA, Frais: 51 FCFA, Commission: 0 FCFA, Montant Net: 10251 FCFA, Nouveau Solde: 69383.25 FCFA."
USER_3,28/08/2024,18:39:10,OrangeMoney,retrait,OUT,60000.0,FCFA,8483.25,"Retrait d'argent reussi par le [PHONE_5664] avec le Code : 265687. Informations detaillees : Montant: 60000 FCFA, Frais: 900 FCFA, No de transaction CO240828.1839.C30474, montant net debite 60900 FCFA, Nouveau solde: 8483.25 FCFA."
USER_3,28/08/2024,20:08:39,OrangeMoney,transfert,OUT,2000.0,FCFA,6473.25,"Transfert de [USER_3_phone] [USER_3] vers [PHONE_7810] [CONTACT_48B1] reussi. ID transaction: PP240828.2008.B08941, Montant Transaction: 2000 FCFA, Frais: 10 FCFA, Commission: 0 FCFA, Montant Net: 2010 FCFA, Nouveau Solde: 6473.25 FCFA."
USER_3,28/08/2024,21:46:25,OrangeMoney,transfert,OUT,25000.0,FCFA,31473.25,"Transfert de [PHONE_8982] [CONTACT_7A32] vers [USER_3_phone] [USER_3] reussi. Details: ID transaction: PP240828.2146.D58876, Montant Transaction: 25000FCFA, Frais: 0 FCFA, Commission: 0 FCFA, Montant Net: 25000 FCFA, Nouveau Solde: 31473.25 FCFA."
USER_3,30/08/2024,17:09:48,OrangeMoney,transfert,OUT,16300.0,FCFA,14841.75,"Transfert de [USER_3_phone] [USER_3] vers [PHONE_8240] [CONTACT_CCF3] reussi. ID transaction: PP240830.1709.B71280, Montant Transaction: 16300 FCFA, Frais: 81.5 FCFA, Commission: 0 FCFA, Montant Net: 16381.5 FCFA, Nouveau Solde: 14841.75 FCFA."
USER_3,05/09/2024,10:06:44,OrangeMoney,transfert,OUT,1000.0,FCFA,13086.75,"Transfert de [USER_3_phone] [USER_3] vers [PHONE_6331] [CONTACT_373D] reussi. ID transaction: PP240905.1006.C38416, Montant Transaction: 1000 FCFA, Frais: 5 FCFA, Commission: 0 FCFA, Montant Net: 1005 FCFA, Nouveau Solde: 13086.75 FCFA."
USER_3,07/09/2024,21:25:37,OrangeMoney,autre,unknown,0.0,FCFA,116356.75,"Cher(e) client(e) vous venez de recevoir un mandat de +[PHONE_7463] en provenance de address.  ID: CI240907.2125.D44692, Reference: ke3NN8PQ5r5I  Montant transaction 103520 CFA, frais 0 FCFA, commission: 0 FCFA, Montant net: 103520 FCFA. Nouveau solde 116356.75 FCFA. Orange Money vous remercie."
USER_3,08/09/2024,10:02:07,OrangeMoney,depot,IN,30000.0,FCFA,146356.75,"Depot effectue par [PHONE_6239] NGOUCHEME_ASSIATOU to [USER_3_phone] [USER_3]. Informations detaillees: Montant de transaction : 30000 FCFA, ID transaction : CI240908.1002.C86620, Frais : 0 FCFA, Commission : 0 FCFA, Montant Net du Credit : 30000 FCFA, Nouveau Solde : 146356.75 FCFA."
USER_3,10/09/2024,20:44:42,OrangeMoney,transfert,OUT,80000.0,FCFA,226356.75,"Transfert de [PHONE_7790] [CONTACT_28EC] vers [USER_3_phone] [USER_3] reussi. Details: ID transaction: PP240910.2044.C57198, Montant Transaction: 80000FCFA, Frais: 0 FCFA, Commission: 0 FCFA, Montant Net: 80000 FCFA, Nouveau Solde: 226356.75 FCFA."
USER_3,11/09/2024,16:40:05,OrangeMoney,retrait,OUT,220000.0,FCFA,3056.75,"Retrait d'argent reussi par le [PHONE_5664] avec le Code : 265687. Informations detaillees : Montant: 220000 FCFA, Frais: 3300 FCFA, No de transaction CO240911.1640.A21369, montant net debite 223300 FCFA, Nouveau solde: 3056.75 FCFA."
USER_3,12/09/2024,19:49:38,OrangeMoney,transfert,OUT,15000.0,FCFA,18056.75,"Transfert de [PHONE_5169] [CONTACT_1ACA] vers [USER_3_phone] [USER_3] reussi. Details: ID transaction: PP240912.1949.B42043, Montant Transaction: 15000FCFA, Frais: 0 FCFA, Commission: 0 FCFA, Montant Net: 15000 FCFA, Nouveau Solde: 18056.75 FCFA."
USER_3,12/09/2024,19:51:17,OrangeMoney,transfert,OUT,15000.0,FCFA,2981.75,"Transfert de [USER_3_phone] [USER_3] vers [PHONE_1545] [CONTACT_39F8] reussi. ID transaction: PP240912.1951.C46646, Montant Transaction: 15000 FCFA, Frais: 75 FCFA, Commission: 0 FCFA, Montant Net: 15075 FCFA, Nouveau Solde: 2981.75 FCFA."
USER_3,13/09/2024,10:53:55,OrangeMoney,transfert,OUT,25000.0,FCFA,27731.75,"Transfert de [PHONE_8982] [CONTACT_7A32] vers [USER_3_phone] [USER_3] reussi. Details: ID transaction: PP240913.1053.C78029, Montant Transaction: 25000FCFA, Frais: 0 FCFA, Commission: 0 FCFA, Montant Net: 25000 FCFA, Nouveau Solde: 27731.75 FCFA."
USER_3,14/09/2024,08:52:03,OrangeMoney,transfert,OUT,25375.0,FCFA,53106.75,"Transfert de [PHONE_3071] [CONTACT_55E4] vers [USER_3_phone] [USER_3] reussi. Details: ID transaction: PP240914.0852.B95950, Montant Transaction: 25375FCFA, Frais: 0 FCFA, Commission: 0 FCFA, Montant Net: 25375 FCFA, Nouveau Solde: 53106.75 FCFA."
USER_3,14/09/2024,10:16:47,OrangeMoney,retrait,OUT,45000.0,FCFA,7431.75,"Retrait d'argent reussi par le [PHONE_5664] avec le Code : 265687. Informations detaillees : Montant: 45000 FCFA, Frais: 675 FCFA, No de transaction CO240914.1016.C73706, montant net debite 45675 FCFA, Nouveau solde: 7431.75 FCFA."
USER_3,16/09/2024,22:07:31,OrangeMoney,depot,IN,15000.0,FCFA,22181.75,"Depot effectue par [PHONE_4491] [CONTACT_D584] to [USER_3_phone] [USER_3]. Informations detaillees: Montant de transaction : 15000 FCFA, ID transaction : CI240916.2207.A12693, Frais : 0 FCFA, Commission : 0 FCFA, Montant Net du Credit : 15000 FCFA, Nouveau Solde : 22181.75 FCFA."
USER_3,18/09/2024,20:04:13,OrangeMoney,transfert,OUT,5200.0,FCFA,13205.75,"Transfert de [USER_3_phone] [USER_3] vers [PHONE_5463] [CONTACT_0637] reussi. ID transaction: PP240918.2004.B02002, Montant Transaction: 5200 FCFA, Frais: 26 FCFA, Commission: 0 FCFA, Montant Net: 5226 FCFA, Nouveau Solde: 13205.75 FCFA."
USER_3,19/09/2024,19:39:25,OrangeMoney,transfert,OUT,4500.0,FCFA,17705.75,"Transfert de [PHONE_3957] [CONTACT_E082] vers [USER_3_phone] [USER_3] reussi. Details: ID transaction: PP240919.1939.B46919, Montant Transaction: 4500FCFA, Frais: 0 FCFA, Commission: 0 FCFA, Montant Net: 4500 FCFA, Nouveau Solde: 17705.75 FCFA."
USER_3,22/09/2024,11:23:57,OrangeMoney,depot,IN,5000.0,FCFA,22455.75,"Depot effectue par [PHONE_6239] NGOUCHEME_ASSIATOU to [USER_3_phone] [USER_3]. Informations detaillees: Montant de transaction : 5000 FCFA, ID transaction : CI240922.1123.C90923, Frais : 0 FCFA, Commission : 0 FCFA, Montant Net du Credit : 5000 FCFA, Nouveau Solde : 22455.75 FCFA."
USER_3,23/09/2024,09:55:05,OrangeMoney,transfert,OUT,1000.0,FCFA,21450.75,"Transfert de [USER_3_phone] [USER_3] vers [PHONE_2412] [CONTACT_CBE1] reussi. ID transaction: PP240923.0955.D58065, Montant Transaction: 1000 FCFA, Frais: 5 FCFA, Commission: 0 FCFA, Montant Net: 1005 FCFA, Nouveau Solde: 21450.75 FCFA."
USER_3,27/09/2024,11:02:38,OrangeMoney,transfert,OUT,3150.0,FCFA,24100.75,"Transfert de [PHONE_3090] ottou vers [USER_3_phone] [USER_3] reussi. Details: ID transaction: PP240927.1102.A51529, Montant Transaction: 3150FCFA, Frais: 0 FCFA, Commission: 0 FCFA, Montant Net: 3150 FCFA, Nouveau Solde: 24100.75 FCFA."
USER_3,28/09/2024,06:28:19,OrangeMoney,transfert,OUT,5100.0,FCFA,18975.25,"Transfert de [USER_3_phone] [USER_3] vers [PHONE_0043] [CONTACT_9B52] reussi. ID transaction: PP240928.0628.A39174, Montant Transaction: 5100 FCFA, Frais: 25.5 FCFA, Commission: 0 FCFA, Montant Net: 5125.5 FCFA, Nouveau Solde: 18975.25 FCFA."
USER_3,28/09/2024,13:44:44,OrangeMoney,transfert,OUT,5100.0,FCFA,13849.75,"Transfert de [USER_3_phone] [USER_3] vers [PHONE_6331] [CONTACT_373D] reussi. ID transaction: PP240928.1344.D94079, Montant Transaction: 5100 FCFA, Frais: 25.5 FCFA, Commission: 0 FCFA, Montant Net: 5125.5 FCFA, Nouveau Solde: 13849.75 FCFA."
USER_3,28/09/2024,13:55:08,OrangeMoney,transfert,OUT,10300.0,FCFA,24149.75,"Transfert de [PHONE_8074] [CONTACT_4D86] vers [USER_3_phone] [USER_3] reussi. Details: ID transaction: PP240928.1355.C00645, Montant Transaction: 10300FCFA, Frais: 0 FCFA, Commission: 0 FCFA, Montant Net: 10300 FCFA, Nouveau Solde: 24149.75 FCFA."
USER_3,29/09/2024,05:57:41,OrangeMoney,transfert,OUT,10200.0,FCFA,34349.75,"Transfert de [PHONE_7967] [CONTACT_D309] vers [USER_3_phone] [USER_3] reussi. Details: ID transaction: PP240929.0557.D71301, Montant Transaction: 10200FCFA, Frais: 0 FCFA, Commission: 0 FCFA, Montant Net: 10200 FCFA, Nouveau Solde: 34349.75 FCFA."
USER_3,30/09/2024,10:04:10,OrangeMoney,transfert,OUT,10200.0,FCFA,44549.75,"Transfert de [PHONE_7790] [CONTACT_28EC] vers [USER_3_phone] [USER_3] reussi. Details: ID transaction: PP240930.1004.D91437, Montant Transaction: 10200FCFA, Frais: 0 FCFA, Commission: 0 FCFA, Montant Net: 10200 FCFA, Nouveau Solde: 44549.75 FCFA."
USER_3,30/09/2024,16:58:44,OrangeMoney,depot,IN,10150.0,FCFA,54699.75,"Depot effectue par [PHONE_0572] [CONTACT_F132] [CONTACT_CB2F] to [USER_3_phone] [USER_3]. Informations detaillees: Montant de transaction : 10150 FCFA, ID transaction : CI240930.1658.A87801, Frais : 0 FCFA, Commission : 0 FCFA, Montant Net du Credit : 10150 FCFA, Nouveau Solde : 54699.75 FCFA."
USER_3,30/09/2024,17:27:32,OrangeMoney,transfert,OUT,10200.0,FCFA,64899.75,"Transfert de [PHONE_2542] [CONTACT_D27E] vers [USER_3_phone] [USER_3] reussi. Details: ID transaction: PP240930.1727.C98749, Montant Transaction: 10200FCFA, Frais: 0 FCFA, Commission: 0 FCFA, Montant Net: 10200 FCFA, Nouveau Solde: 64899.75 FCFA."
USER_3,01/10/2024,17:24:07,OrangeMoney,retrait,OUT,50000.0,FCFA,14149.75,"Retrait d'argent reussi par le [PHONE_5664] avec le Code : 265687. Informations detaillees : Montant: 50000 FCFA, Frais: 750 FCFA, No de transaction CO241001.1724.B98497, montant net debite 50750 FCFA, Nouveau solde: 14149.75 FCFA."
USER_3,02/10/2024,09:57:34,OrangeMoney,transfert,OUT,1000.0,FCFA,12894.75,"Transfert de [USER_3_phone] [USER_3] vers [PHONE_2412] [CONTACT_CBE1] reussi. ID transaction: PP241002.0957.D19848, Montant Transaction: 1000 FCFA, Frais: 5 FCFA, Commission: 0 FCFA, Montant Net: 1005 FCFA, Nouveau Solde: 12894.75 FCFA."
USER_3,03/10/2024,08:31:25,OrangeMoney,transfert,OUT,15200.0,FCFA,28094.75,"Transfert de [PHONE_6612] [CONTACT_145E]'O [CONTACT_86EF] vers [USER_3_phone] [USER_3] reussi. Details: ID transaction: PP241003.0831.D73560, Montant Transaction: 15200FCFA, Frais: 0 FCFA, Commission: 0 FCFA, Montant Net: 15200 FCFA, Nouveau Solde: 28094.75 FCFA."
USER_3,03/10/2024,10:40:40,OrangeMoney,transfert,OUT,1000.0,FCFA,27089.75,"Transfert de [USER_3_phone] [USER_3] vers [PHONE_2412] [CONTACT_CBE1] reussi. ID transaction: PP241003.1040.B43794, Montant Transaction: 1000 FCFA, Frais: 5 FCFA, Commission: 0 FCFA, Montant Net: 1005 FCFA, Nouveau Solde: 27089.75 FCFA."
USER_3,03/10/2024,14:38:31,OrangeMoney,transfert,OUT,10150.0,FCFA,37239.75,"Transfert de [PHONE_5972] [CONTACT_A0D0] vers [USER_3_phone] [USER_3] reussi. Details: ID transaction: PP241003.1438.A03957, Montant Transaction: 10150FCFA, Frais: 0 FCFA, Commission: 0 FCFA, Montant Net: 10150 FCFA, Nouveau Solde: 37239.75 FCFA."
USER_3,04/10/2024,15:38:12,OrangeMoney,depot,IN,35200.0,FCFA,72439.75,"Depot effectue par [PHONE_8160] [CONTACT_C742] to [USER_3_phone] [USER_3]. Informations detaillees: Montant de transaction : 35200 FCFA, ID transaction : CI241004.1538.A41059, Frais : 0 FCFA, Commission : 0 FCFA, Montant Net du Credit : 35200 FCFA, Nouveau Solde : 72439.75 FCFA."
USER_3,06/10/2024,13:11:43,OrangeMoney,transfert,OUT,10150.0,FCFA,82589.75,"Transfert de [PHONE_3071] [CONTACT_55E4] vers [USER_3_phone] [USER_3] reussi. Details: ID transaction: PP241006.1311.D91550, Montant Transaction: 10150FCFA, Frais: 0 FCFA, Commission: 0 FCFA, Montant Net: 10150 FCFA, Nouveau Solde: 82589.75 FCFA."
USER_3,07/10/2024,17:51:47,OrangeMoney,retrait,OUT,70000.0,FCFA,11289.75,"Retrait d'argent reussi par le [PHONE_5664] avec le Code : 265687. Informations detaillees : Montant: 70000 FCFA, Frais: 1050 FCFA, No de transaction CO241007.1751.A98585, montant net debite 71050 FCFA, Nouveau solde: 11289.75 FCFA."
USER_3,08/10/2024,09:59:24,OrangeMoney,depot,IN,30000.0,FCFA,41289.75,"Depot effectue par [PHONE_6239] NGOUCHEME_ASSIATOU to [USER_3_phone] [USER_3]. Informations detaillees: Montant de transaction : 30000 FCFA, ID transaction : CI241008.0959.C31187, Frais : 0 FCFA, Commission : 0 FCFA, Montant Net du Credit : 30000 FCFA, Nouveau Solde : 41289.75 FCFA."
USER_3,09/10/2024,11:07:52,OrangeMoney,transfert,OUT,15200.0,FCFA,26013.75,"Transfert de [USER_3_phone] [USER_3] vers [PHONE_2168] [CONTACT_80A4] reussi. ID transaction: PP241009.1107.D58822, Montant Transaction: 15200 FCFA, Frais: 76 FCFA, Commission: 0 FCFA, Montant Net: 15276 FCFA, Nouveau Solde: 26013.75 FCFA."
USER_3,09/10/2024,12:31:39,OrangeMoney,depot,IN,40000.0,FCFA,66013.75,"Depot effectue par [PHONE_9187] [CONTACT_1195] Linda Lydie La D to [USER_3_phone] [USER_3]. Informations detaillees: Montant de transaction : 40000 FCFA, ID transaction : CI241009.1231.A49346, Frais : 0 FCFA, Commission : 0 FCFA, Montant Net du Credit : 40000 FCFA, Nouveau Solde : 66013.75 FCFA."
USER_3,10/10/2024,17:54:42,OrangeMoney,depot,IN,15000.0,FCFA,80763.75,"Depot effectue par [PHONE_6191] [CONTACT_7B0D] to [USER_3_phone] [USER_3]. Informations detaillees: Montant de transaction : 15000 FCFA, ID transaction : CI241010.1754.D28098, Frais : 0 FCFA, Commission : 0 FCFA, Montant Net du Credit : 15000 FCFA, Nouveau Solde : 80763.75 FCFA."
USER_3,10/10/2024,17:54:53,OrangeMoney,retrait,OUT,55000.0,FCFA,24938.75,"Retrait d'argent reussi par le [PHONE_5664] avec le Code : 265687. Informations detaillees : Montant: 55000 FCFA, Frais: 825 FCFA, No de transaction CO241010.1754.C68204, montant net debite 55825 FCFA, Nouveau solde: 24938.75 FCFA."
USER_3,12/10/2024,05:02:41,OrangeMoney,transfert,OUT,25375.0,FCFA,50313.75,"Transfert de [PHONE_3071] [CONTACT_55E4] vers [USER_3_phone] [USER_3] reussi. Details: ID transaction: PP241012.0502.D28798, Montant Transaction: 25375FCFA, Frais: 0 FCFA, Commission: 0 FCFA, Montant Net: 25375 FCFA, Nouveau Solde: 50313.75 FCFA."
USER_3,12/10/2024,22:39:31,OrangeMoney,rechargement,OUT,200.0,FCFA,50113.75,"Rechargement reussi. Montant de la transaction: 200 FCFA, ID transaction: RC241012.2239.B11281, Frais: 0 FCFA, Commission: 0 FCFA, Nouveau solde: 50113.75 FCFA"
USER_3,14/10/2024,13:46:20,OrangeMoney,transfert,OUT,1050.0,FCFA,51163.75,"Transfert de [PHONE_1244] [CONTACT_F476] vers [USER_3_phone] [USER_3] reussi. Details: ID transaction: PP241014.1346.B64825, Montant Transaction: 1050FCFA, Frais: 0 FCFA, Commission: 0 FCFA, Montant Net: 1050 FCFA, Nouveau Solde: 51163.75 FCFA."
USER_3,14/10/2024,13:52:47,OrangeMoney,transfert,OUT,25200.0,FCFA,25837.75,"Transfert de [USER_3_phone] [USER_3] vers [PHONE_4094] [CONTACT_1FAA] reussi. ID transaction: PP241014.1352.B68957, Montant Transaction: 25200 FCFA, Frais: 126 FCFA, Commission: 0 FCFA, Montant Net: 25326 FCFA, Nouveau Solde: 25837.75 FCFA."
USER_3,15/10/2024,07:23:23,OrangeMoney,transfert,OUT,10200.0,FCFA,32287.75,"Transfert de [PHONE_7524] [CONTACT_5575] vers [USER_3_phone] [USER_3] reussi. Details: ID transaction: PP241015.0723.C25817, Montant Transaction: 10200FCFA, Frais: 0 FCFA, Commission: 0 FCFA, Montant Net: 10200 FCFA, Nouveau Solde: 32287.75 FCFA."
USER_3,16/10/2024,16:49:52,OrangeMoney,transfert,IN,60000.0,FCFA,92287.75,"Vous avez recu avec succes 60000 FCFA de 715967. Votre nouveau solde est de 92287.75 FCFA, Reference de transaction: CI241016.1649.A30060 Orange Money vous remercie."
USER_3,16/10/2024,16:58:46,OrangeMoney,retrait,OUT,60000.0,FCFA,31387.75,"Retrait d'argent reussi par le [PHONE_5664] avec le Code : 265687. Informations detaillees : Montant: 60000 FCFA, Frais: 900 FCFA, No de transaction CO241016.1658.A78013, montant net debite 60900 FCFA, Nouveau solde: 31387.75 FCFA."
USER_3,16/10/2024,21:01:48,OrangeMoney,transfert,OUT,10200.0,FCFA,20886.75,"Transfert de [USER_3_phone] [USER_3] vers [PHONE_7524] [CONTACT_5575] reussi. ID transaction: PP241016.2101.C35392, Montant Transaction: 10200 FCFA, Frais: 51 FCFA, Commission: 0 FCFA, Montant Net: 10251 FCFA, Nouveau Solde: 20886.75 FCFA."
USER_3,18/10/2024,16:48:07,OrangeMoney,transfert,OUT,15200.0,FCFA,5610.75,"Transfert de [USER_3_phone] [USER_3] vers [PHONE_2611] [CONTACT_8096] reussi. ID transaction: PP241018.1648.A73114, Montant Transaction: 15200 FCFA, Frais: 76 FCFA, Commission: 0 FCFA, Montant Net: 15276 FCFA, Nouveau Solde: 5610.75 FCFA."
USER_3,19/10/2024,06:25:33,OrangeMoney,transfert,OUT,30450.0,FCFA,36060.75,"Transfert de [PHONE_3071] [CONTACT_55E4] vers [USER_3_phone] [USER_3] reussi. Details: ID transaction: PP241019.0625.D92200, Montant Transaction: 30450FCFA, Frais: 0 FCFA, Commission: 0 FCFA, Montant Net: 30450 FCFA, Nouveau Solde: 36060.75 FCFA."
USER_3,19/10/2024,07:17:35,OrangeMoney,depot,IN,35000.0,FCFA,71060.75,"Depot effectue par [PHONE_6239] NGOUCHEME_ASSIATOU to [USER_3_phone] [USER_3]. Informations detaillees: Montant de transaction : 35000 FCFA, ID transaction : CI241019.0717.D58285, Frais : 0 FCFA, Commission : 0 FCFA, Montant Net du Credit : 35000 FCFA, Nouveau Solde : 71060.75 FCFA."
USER_3,19/10/2024,13:09:16,OrangeMoney,retrait,OUT,50000.0,FCFA,20310.75,"Retrait d'argent reussi par le [PHONE_5664] avec le Code : 265687. Informations detaillees : Montant: 50000 FCFA, Frais: 750 FCFA, No de transaction CO241019.1309.C49055, montant net debite 50750 FCFA, Nouveau solde: 20310.75 FCFA."
USER_3,22/10/2024,10:38:07,OrangeMoney,transfert,OUT,20300.0,FCFA,40360.75,"Transfert de [PHONE_0243] [CONTACT_DD95] vers [USER_3_phone] [USER_3] reussi. Details: ID transaction: PP241022.1033.N49902, Montant Transaction: 20300FCFA, Frais: 0 FCFA, Commission: 0 FCFA, Montant Net: 20300 FCFA, Nouveau Solde: 40360.75 FCFA."
USER_3,22/10/2024,18:00:04,OrangeMoney,transfert,OUT,25000.0,FCFA,65360.75,"Transfert de [PHONE_8982] [CONTACT_7A32] vers [USER_3_phone] [USER_3] reussi. Details: ID transaction: PP241022.1800.M15051, Montant Transaction: 25000FCFA, Frais: 0 FCFA, Commission: 0 FCFA, Montant Net: 25000 FCFA, Nouveau Solde: 65360.75 FCFA."
USER_3,26/10/2024,18:39:39,OrangeMoney,transfert,OUT,11750.0,FCFA,53302.0,"Transfert de [USER_3_phone] [USER_3] vers [PHONE_7256] [CONTACT_62CF] reussi. ID transaction: PP241026.1839.C88271, Montant Transaction: 11750 FCFA, Frais: 58.75 FCFA, Commission: 0 FCFA, Montant Net: 11808.75 FCFA, Nouveau Solde: 53302 FCFA."
USER_3,26/10/2024,18:41:28,OrangeMoney,transfert,OUT,3500.0,FCFA,49784.5,"Transfert de [USER_3_phone] [USER_3] vers [PHONE_7365] [CONTACT_68BB] reussi. ID transaction: PP241026.1841.D87612, Montant Transaction: 3500 FCFA, Frais: 17.5 FCFA, Commission: 0 FCFA, Montant Net: 3517.5 FCFA, Nouveau Solde: 49784.5 FCFA."
USER_3,29/10/2024,10:56:07,OrangeMoney,transfert,OUT,10150.0,FCFA,59684.5,"Transfert de [PHONE_5972] [CONTACT_A0D0] vers [USER_3_phone] [USER_3] reussi. Details: ID transaction: PP241029.1056.A33540, Montant Transaction: 10150FCFA, Frais: 0 FCFA, Commission: 0 FCFA, Montant Net: 10150 FCFA, Nouveau Solde: 59684.5 FCFA."
USER_3,30/10/2024,19:26:12,OrangeMoney,depot,IN,5000.0,FCFA,64684.5,"Depot effectue par [PHONE_4786] [CONTACT_2F33] to [USER_3_phone] [USER_3]. Informations detaillees: Montant de transaction : 5000 FCFA, ID transaction : CI241030.1926.B28812, Frais : 0 FCFA, Commission : 0 FCFA, Montant Net du Credit : 5000 FCFA, Nouveau Solde : 64684.5 FCFA."
USER_3,30/10/2024,20:53:43,OrangeMoney,transfert,OUT,15000.0,FCFA,79684.5,"Transfert de [PHONE_8074] [CONTACT_4D86] vers [USER_3_phone] [USER_3] reussi. Details: ID transaction: PP241030.2053.C52203, Montant Transaction: 15000FCFA, Frais: 0 FCFA, Commission: 0 FCFA, Montant Net: 15000 FCFA, Nouveau Solde: 79684.5 FCFA."
USER_3,31/10/2024,14:58:05,OrangeMoney,depot,IN,10100.0,FCFA,89784.5,"Depot effectue par [PHONE_8525] [CONTACT_E2D4] to [USER_3_phone] [USER_3]. Informations detaillees: Montant de transaction : 10100 FCFA, ID transaction : CI241031.1458.D40231, Frais : 0 FCFA, Commission : 0 FCFA, Montant Net du Credit : 10100 FCFA, Nouveau Solde : 89784.5 FCFA."
USER_3,01/11/2024,10:47:06,OrangeMoney,transfert,OUT,20300.0,FCFA,69383.0,"Transfert de [USER_3_phone] [USER_3] vers [PHONE_2597] [CONTACT_18C3] reussi. ID transaction: PP241101.1047.D63465, Montant Transaction: 20300 FCFA, Frais: 101.5 FCFA, Commission: 0 FCFA, Montant Net: 20401.5 FCFA, Nouveau Solde: 69383 FCFA."
USER_3,02/11/2024,10:06:21,OrangeMoney,retrait,OUT,60000.0,FCFA,8483.0,"Retrait d'argent reussi par le [PHONE_5664] avec le Code : 265687. Informations detaillees : Montant: 60000 FCFA, Frais: 900 FCFA, No de transaction CO241102.1006.C18210, montant net debite 60900 FCFA, Nouveau solde: 8483 FCFA."
USER_3,04/11/2024,10:57:20,OrangeMoney,transfert,OUT,1050.0,FCFA,9283.0,"Transfert de [PHONE_0604] [CONTACT_4485] vers [USER_3_phone] [USER_3] reussi. Details: ID transaction: PP241104.1057.A58334, Montant Transaction: 1050FCFA, Frais: 0 FCFA, Commission: 0 FCFA, Montant Net: 1050 FCFA, Nouveau Solde: 9283 FCFA."
USER_3,04/11/2024,12:48:38,OrangeMoney,transfert,OUT,1000.0,FCFA,8278.0,"Transfert de [USER_3_phone] [USER_3] vers [PHONE_2412] [CONTACT_CBE1] reussi. ID transaction: PP241104.1248.C07542, Montant Transaction: 1000 FCFA, Frais: 5 FCFA, Commission: 0 FCFA, Montant Net: 1005 FCFA, Nouveau Solde: 8278 FCFA."
USER_3,05/11/2024,16:47:36,OrangeMoney,depot,IN,25000.0,FCFA,33278.0,"Depot effectue par [PHONE_8160] [CONTACT_C742] to [USER_3_phone] [USER_3]. Informations detaillees: Montant de transaction : 25000 FCFA, ID transaction : CI241105.1647.A35177, Frais : 0 FCFA, Commission : 0 FCFA, Montant Net du Credit : 25000 FCFA, Nouveau Solde : 33278 FCFA."
USER_3,06/11/2024,19:29:12,OrangeMoney,retrait,OUT,25000.0,FCFA,7653.0,"Retrait d'argent reussi par le [PHONE_5664] avec le Code : 265687. Informations detaillees : Montant: 25000 FCFA, Frais: 375 FCFA, No de transaction CO241106.1929.D50200, montant net debite 25375 FCFA, Nouveau solde: 7653 FCFA."
USER_3,07/11/2024,16:44:46,OrangeMoney,transfert,OUT,5100.0,FCFA,2527.5,"Transfert de [USER_3_phone] [USER_3] vers [PHONE_7365] [CONTACT_68BB] reussi. ID transaction: PP241107.1644.B59796, Montant Transaction: 5100 FCFA, Frais: 25.5 FCFA, Commission: 0 FCFA, Montant Net: 5125.5 FCFA, Nouveau Solde: 2527.5 FCFA."
USER_3,08/11/2024,12:40:45,OrangeMoney,depot,IN,30000.0,FCFA,32527.5,"Depot effectue par [PHONE_6239] NGOUCHEME_ASSIATOU to [USER_3_phone] [USER_3]. Informations detaillees: Montant de transaction : 30000 FCFA, ID transaction : CI241108.1240.A93367, Frais : 0 FCFA, Commission : 0 FCFA, Montant Net du Credit : 30000 FCFA, Nouveau Solde : 32527.5 FCFA."
USER_3,10/11/2024,08:22:20,OrangeMoney,transfert,OUT,15000.0,FCFA,17452.5,"Transfert de [USER_3_phone] [USER_3] vers [PHONE_6764] [CONTACT_7A40] MENYIE reussi. ID transaction: PP241110.0822.A62831, Montant Transaction: 15000 FCFA, Frais: 75 FCFA, Commission: 0 FCFA, Montant Net: 15075 FCFA, Nouveau Solde: 17452.5 FCFA."
USER_3,10/11/2024,09:38:20,OrangeMoney,depot,IN,50000.0,FCFA,67452.5,"Depot effectue par [PHONE_0646] [CONTACT_B0BC] to [USER_3_phone] [USER_3]. Informations detaillees: Montant de transaction : 50000 FCFA, ID transaction : CI241110.0938.D78327, Frais : 0 FCFA, Commission : 0 FCFA, Montant Net du Credit : 50000 FCFA, Nouveau Solde : 67452.5 FCFA."
USER_3,11/11/2024,18:09:56,OrangeMoney,retrait,OUT,65000.0,FCFA,1227.5,"Retrait d'argent reussi par le [PHONE_5664] avec le Code : 265687. Informations detaillees : Montant: 65000 FCFA, Frais: 975 FCFA, No de transaction CO241111.1809.C96271, montant net debite 65975 FCFA, Nouveau solde: 1227.5 FCFA."
USER_3,19/11/2024,13:11:33,OrangeMoney,depot,IN,2000.0,FCFA,2077.5,"Depot effectue par [PHONE_1494] [CONTACT_AC9A] to [USER_3_phone] [USER_3]. Informations detaillees: Montant de transaction : 2000 FCFA, ID transaction : CI241119.1311.B11894, Frais : 0 FCFA, Commission : 0 FCFA, Montant Net du Credit : 2000 FCFA, Nouveau Solde : 2077.5 FCFA."
USER_3,25/11/2024,08:46:49,OrangeMoney,transfert,OUT,25000.0,FCFA,25077.5,"Transfert de [PHONE_3071] [CONTACT_55E4] vers [USER_3_phone] [USER_3] reussi. Details: ID transaction: PP241125.0846.B34539, Montant Transaction: 25000FCFA, Frais: 0 FCFA, Commission: 0 FCFA, Montant Net: 25000 FCFA, Nouveau Solde: 25077.5 FCFA."
USER_3,25/11/2024,08:53:26,OrangeMoney,transfert,OUT,25000.0,FCFA,50077.5,"Transfert de [PHONE_8982] [CONTACT_7A32] vers [USER_3_phone] [USER_3] reussi. Details: ID transaction: PP241125.0853.B38006, Montant Transaction: 25000FCFA, Frais: 0 FCFA, Commission: 0 FCFA, Montant Net: 25000 FCFA, Nouveau Solde: 50077.5 FCFA."
USER_3,25/11/2024,17:17:54,OrangeMoney,retrait,OUT,47000.0,FCFA,2372.5,"Retrait d'argent reussi par le [PHONE_4327] avec le Code : 146022. Informations detaillees : Montant: 47000 FCFA, Frais: 705 FCFA, No de transaction CO241125.1717.C16902, montant net debite 47705 FCFA, Nouveau solde: 2372.5 FCFA."
USER_3,29/11/2024,10:51:56,OrangeMoney,transfert,OUT,10353.0,FCFA,12725.5,"Transfert de [PHONE_0462] [CONTACT_5577] vers [USER_3_phone] [USER_3] reussi. Details: ID transaction: PP241129.1051.B32487, Montant Transaction: 10353FCFA, Frais: 0 FCFA, Commission: 0 FCFA, Montant Net: 10353 FCFA, Nouveau Solde: 12725.5 FCFA."
USER_3,30/11/2024,08:25:47,OrangeMoney,depot,IN,10150.0,FCFA,22875.5,"Depot effectue par [PHONE_7506] [CONTACT_263D] to [USER_3_phone] [USER_3]. Informations detaillees: Montant de transaction : 10150 FCFA, ID transaction : CI241130.0825.B15362, Frais : 0 FCFA, Commission : 0 FCFA, Montant Net du Credit : 10150 FCFA, Nouveau Solde : 22875.5 FCFA."
USER_3,30/11/2024,12:24:10,OrangeMoney,depot,IN,10250.0,FCFA,33125.5,"Depot effectue par [PHONE_1263] [CONTACT_8DC6] to [USER_3_phone] [USER_3]. Informations detaillees: Montant de transaction : 10250 FCFA, ID transaction : CI241130.1224.B34037, Frais : 0 FCFA, Commission : 0 FCFA, Montant Net du Credit : 10250 FCFA, Nouveau Solde : 33125.5 FCFA."
USER_3,30/11/2024,17:56:16,OrangeMoney,transfert,OUT,10200.0,FCFA,43325.5,"Transfert de [PHONE_4681] [CONTACT_2DFD] vers [USER_3_phone] [USER_3] reussi. Details: ID transaction: PP241130.1756.D51723, Montant Transaction: 10200FCFA, Frais: 0 FCFA, Commission: 0 FCFA, Montant Net: 10200 FCFA, Nouveau Solde: 43325.5 FCFA."
USER_3,01/12/2024,12:53:59,OrangeMoney,transfert,OUT,41000.0,FCFA,2120.5,"Transfert de [USER_3_phone] [USER_3] vers [PHONE_1545] [CONTACT_39F8] reussi. ID transaction: PP241201.1253.C59339, Montant Transaction: 41000 FCFA, Frais: 205 FCFA, Commission: 0 FCFA, Montant Net: 41205 FCFA, Nouveau Solde: 2120.5 FCFA."
USER_3,01/12/2024,13:52:51,OrangeMoney,transfert,OUT,10150.0,FCFA,12270.5,"Transfert de [PHONE_7967] [CONTACT_D309] vers [USER_3_phone] [USER_3] reussi. Details: ID transaction: PP241201.1352.A15801, Montant Transaction: 10150FCFA, Frais: 0 FCFA, Commission: 0 FCFA, Montant Net: 10150 FCFA, Nouveau Solde: 12270.5 FCFA."
USER_3,02/12/2024,16:47:48,OrangeMoney,transfert,OUT,1550.0,FCFA,13820.5,"Transfert de [PHONE_1914] [CONTACT_0BC6] vers [USER_3_phone] [USER_3] reussi. Details: ID transaction: PP241202.1647.A19385, Montant Transaction: 1550FCFA, Frais: 0 FCFA, Commission: 0 FCFA, Montant Net: 1550 FCFA, Nouveau Solde: 13820.5 FCFA."
USER_3,03/12/2024,09:54:30,OrangeMoney,depot,IN,25000.0,FCFA,38820.5,"Depot effectue par [PHONE_6239] NGOUCHEME_ASSIATOU to [USER_3_phone] [USER_3]. Informations detaillees: Montant de transaction : 25000 FCFA, ID transaction : CI241203.0954.D64662, Frais : 0 FCFA, Commission : 0 FCFA, Montant Net du Credit : 25000 FCFA, Nouveau Solde : 38820.5 FCFA."
USER_3,03/12/2024,17:17:03,OrangeMoney,transfert,OUT,3000.0,FCFA,41820.5,"Transfert de [PHONE_5053] [CONTACT_D94A] vers [USER_3_phone] [USER_3] reussi. Details: ID transaction: PP241203.1517.B94879, Montant Transaction: 3000FCFA, Frais: 0 FCFA, Commission: 0 FCFA, Montant Net: 3000 FCFA, Nouveau Solde: 41820.5 FCFA."
USER_3,04/12/2024,15:09:02,OrangeMoney,retrait,OUT,35000.0,FCFA,6295.5,"Retrait d'argent reussi par le [PHONE_7044] avec le Code : 169335. Informations detaillees : Montant: 35000 FCFA, Frais: 525 FCFA, No de transaction CO241204.1508.D43250, montant net debite 35525 FCFA, Nouveau solde: 6295.5 FCFA."
USER_3,11/12/2024,09:32:22,OrangeMoney,depot,IN,4000.0,FCFA,10295.5,"Depot effectue par [PHONE_5566] [CONTACT_4672] to [USER_3_phone] [USER_3]. Informations detaillees: Montant de transaction : 4000 FCFA, ID transaction : CI241211.0932.B14220, Frais : 0 FCFA, Commission : 0 FCFA, Montant Net du Credit : 4000 FCFA, Nouveau Solde : 10295.5 FCFA."
USER_3,13/12/2024,11:39:48,OrangeMoney,depot,IN,30000.0,FCFA,40295.5,"Depot effectue par [PHONE_6239] NGOUCHEME_ASSIATOU to [USER_3_phone] [USER_3]. Informations detaillees: Montant de transaction : 30000 FCFA, ID transaction : CI241213.1139.B63955, Frais : 0 FCFA, Commission : 0 FCFA, Montant Net du Credit : 30000 FCFA, Nouveau Solde : 40295.5 FCFA."
USER_3,13/12/2024,17:59:41,OrangeMoney,retrait,OUT,30000.0,FCFA,9845.5,"Retrait d'argent reussi par le [PHONE_5664] avec le Code : 265687. Informations detaillees : Montant: 30000 FCFA, Frais: 450 FCFA, No de transaction CO241213.1759.D97627, montant net debite 30450 FCFA, Nouveau solde: 9845.5 FCFA."
USER_3,14/12/2024,06:45:39,OrangeMoney,transfert,OUT,3000.0,FCFA,12845.5,"Transfert de [PHONE_1687] [CONTACT_68BD] vers [USER_3_phone] [USER_3] reussi. Details: ID transaction: PP241214.0645.B01634, Montant Transaction: 3000FCFA, Frais: 0 FCFA, Commission: 0 FCFA, Montant Net: 3000 FCFA, Nouveau Solde: 12845.5 FCFA."
USER_3,17/12/2024,16:51:51,OrangeMoney,depot,IN,700.0,FCFA,13545.5,"Depot effectue par [PHONE_6493] [CONTACT_1223] to [USER_3_phone] [USER_3]. Informations detaillees: Montant de transaction : 700 FCFA, ID transaction : CI241217.1651.C25206, Frais : 0 FCFA, Commission : 0 FCFA, Montant Net du Credit : 700 FCFA, Nouveau Solde : 13545.5 FCFA."
USER_3,18/12/2024,09:50:19,OrangeMoney,retrait,OUT,10000.0,FCFA,3395.5,"Retrait d'argent reussi par le [PHONE_3519] avec le Code : 108566. Informations detaillees : Montant: 10000 FCFA, Frais: 150 FCFA, No de transaction CO241218.0950.C77127, montant net debite 10150 FCFA, Nouveau solde: 3395.5 FCFA."
USER_3,18/12/2024,11:46:46,OrangeMoney,depot,IN,15250.0,FCFA,18645.5,"Depot effectue par [PHONE_0769] [CONTACT_54DF] to [USER_3_phone] [USER_3]. Informations detaillees: Montant de transaction : 15250 FCFA, ID transaction : CI241218.1146.B78548, Frais : 0 FCFA, Commission : 0 FCFA, Montant Net du Credit : 15250 FCFA, Nouveau Solde : 18645.5 FCFA."
USER_3,19/12/2024,10:22:13,OrangeMoney,transfert,OUT,10150.0,FCFA,8444.75,"Transfert de [USER_3_phone] [USER_3] vers [PHONE_4618] [CONTACT_0AC1] reussi. ID transaction: PP241219.1022.D62690, Montant Transaction: 10150 FCFA, Frais: 50.75 FCFA, Commission: 0 FCFA, Montant Net: 10200.75 FCFA, Nouveau Solde: 8444.75 FCFA."
USER_3,20/12/2024,12:31:07,OrangeMoney,transfert,OUT,40600.0,FCFA,47044.75,"Transfert de [PHONE_3071] [CONTACT_55E4] vers [USER_3_phone] [USER_3] reussi. Details: ID transaction: PP241220.1231.A11408, Montant Transaction: 40600FCFA, Frais: 0 FCFA, Commission: 0 FCFA, Montant Net: 40600 FCFA, Nouveau Solde: 47044.75 FCFA."
USER_3,20/12/2024,15:24:39,OrangeMoney,retrait,OUT,30000.0,FCFA,16594.75,"Retrait d'argent reussi par le [PHONE_3519] avec le Code : 108566. Informations detaillees : Montant: 30000 FCFA, Frais: 450 FCFA, No de transaction CO241220.1524.A51840, montant net debite 30450 FCFA, Nouveau solde: 16594.75 FCFA."
USER_3,20/12/2024,18:21:42,OrangeMoney,transfert,OUT,10200.0,FCFA,26794.75,"Transfert de [PHONE_1689] [CONTACT_E753] vers [USER_3_phone] [USER_3] reussi. Details: ID transaction: PP241220.1821.A73070, Montant Transaction: 10200FCFA, Frais: 0 FCFA, Commission: 0 FCFA, Montant Net: 10200 FCFA, Nouveau Solde: 26794.75 FCFA."
USER_3,21/12/2024,09:08:29,OrangeMoney,depot,IN,55000.0,FCFA,81794.75,"Depot effectue par [PHONE_1676] [CONTACT_DAB5] to [USER_3_phone] [USER_3]. Informations detaillees: Montant de transaction : 55000 FCFA, ID transaction : CI241221.0908.A44053, Frais : 0 FCFA, Commission : 0 FCFA, Montant Net du Credit : 55000 FCFA, Nouveau Solde : 81794.75 FCFA."
USER_3,21/12/2024,09:47:28,OrangeMoney,transfert,OUT,16000.0,FCFA,65714.75,"Transfert de [USER_3_phone] [USER_3] vers [PHONE_3071] [CONTACT_55E4] reussi. ID transaction: PP241221.0947.B27737, Montant Transaction: 16000 FCFA, Frais: 80 FCFA, Commission: 0 FCFA, Montant Net: 16080 FCFA, Nouveau Solde: 65714.75 FCFA."
USER_3,21/12/2024,11:36:47,OrangeMoney,retrait,OUT,60000.0,FCFA,4814.75,"Retrait d'argent reussi par le [PHONE_5664] avec le Code : 265687. Informations detaillees : Montant: 60000 FCFA, Frais: 900 FCFA, No de transaction CO241221.1136.D89281, montant net debite 60900 FCFA, Nouveau solde: 4814.75 FCFA."
USER_3,22/12/2024,12:06:35,OrangeMoney,transfert,OUT,16000.0,FCFA,20814.75,"Transfert de [PHONE_3071] [CONTACT_55E4] vers [USER_3_phone] [USER_3] reussi. Details: ID transaction: PP241222.1206.C61367, Montant Transaction: 16000FCFA, Frais: 0 FCFA, Commission: 0 FCFA, Montant Net: 16000 FCFA, Nouveau Solde: 20814.75 FCFA."
USER_3,22/12/2024,12:23:35,OrangeMoney,transfert,OUT,6000.0,FCFA,14764.75,"Transfert de [USER_3_phone] [USER_3] vers [PHONE_6972] [CONTACT_6DB4] reussi. ID transaction: PP241222.1223.B74981, Montant Transaction: 6000 FCFA, Frais: 50 FCFA, Commission: 0 FCFA, Montant Net: 6050 FCFA, Nouveau Solde: 14764.75 FCFA."
USER_3,22/12/2024,19:31:22,OrangeMoney,depot,IN,50000.0,FCFA,64764.75,"Depot effectue par [PHONE_3596] [CONTACT_A7AC] to [USER_3_phone] [USER_3]. Informations detaillees: Montant de transaction : 50000 FCFA, ID transaction : CI241222.1931.A63094, Frais : 0 FCFA, Commission : 0 FCFA, Montant Net du Credit : 50000 FCFA, Nouveau Solde : 64764.75 FCFA."
USER_3,23/12/2024,15:52:42,OrangeMoney,depot,IN,102000.0,FCFA,166764.75,"Depot effectue par [PHONE_9069] [CONTACT_E1B3] to [USER_3_phone] [USER_3]. Informations detaillees: Montant de transaction : 102000 FCFA, ID transaction : CI241223.1552.C14154, Frais : 0 FCFA, Commission : 0 FCFA, Montant Net du Credit : 102000 FCFA, Nouveau Solde : 166764.75 FCFA."
USER_3,24/12/2024,15:27:03,OrangeMoney,retrait,OUT,150000.0,FCFA,14514.75,"Retrait d'argent reussi par le [PHONE_5664] avec le Code : 265687. Informations detaillees : Montant: 150000 FCFA, Frais: 2250 FCFA, No de transaction CO241224.1527.D92513, montant net debite 152250 FCFA, Nouveau solde: 14514.75 FCFA."
USER_3,25/12/2024,14:58:37,OrangeMoney,transfert,OUT,10150.0,FCFA,24664.75,"Transfert de [PHONE_5503] [CONTACT_3384] vers [USER_3_phone] [USER_3] reussi. Details: ID transaction: PP241225.1458.A01970, Montant Transaction: 10150FCFA, Frais: 0 FCFA, Commission: 0 FCFA, Montant Net: 10150 FCFA, Nouveau Solde: 24664.75 FCFA."
USER_3,26/12/2024,14:39:21,OrangeMoney,transfert,OUT,20300.0,FCFA,44964.75,"Transfert de [PHONE_8074] [CONTACT_4D86] vers [USER_3_phone] [USER_3] reussi. Details: ID transaction: PP241226.1439.C58159, Montant Transaction: 20300FCFA, Frais: 0 FCFA, Commission: 0 FCFA, Montant Net: 20300 FCFA, Nouveau Solde: 44964.75 FCFA."
USER_3,27/12/2024,16:59:43,OrangeMoney,transfert,OUT,10150.0,FCFA,55114.75,"Transfert de [PHONE_7619] [CONTACT_05F0] vers [USER_3_phone] [USER_3] reussi. Details: ID transaction: PP241227.1659.B14545, Montant Transaction: 10150FCFA, Frais: 0 FCFA, Commission: 0 FCFA, Montant Net: 10150 FCFA, Nouveau Solde: 55114.75 FCFA."
USER_3,28/12/2024,08:28:47,OrangeMoney,depot,IN,10150.0,FCFA,65264.75,"Depot effectue par [PHONE_5227] [CONTACT_DA0D] to [USER_3_phone] [USER_3]. Informations detaillees: Montant de transaction : 10150 FCFA, ID transaction : CI241228.0828.D56518, Frais : 0 FCFA, Commission : 0 FCFA, Montant Net du Credit : 10150 FCFA, Nouveau Solde : 65264.75 FCFA."
USER_3,29/12/2024,07:55:49,OrangeMoney,transfert,OUT,10150.0,FCFA,75414.75,"Transfert de [PHONE_5972] [CONTACT_A0D0] vers [USER_3_phone] [USER_3] reussi. Details: ID transaction: PP241229.0755.A79698, Montant Transaction: 10150FCFA, Frais: 0 FCFA, Commission: 0 FCFA, Montant Net: 10150 FCFA, Nouveau Solde: 75414.75 FCFA."
USER_3,30/12/2024,11:36:40,OrangeMoney,transfert,OUT,10150.0,FCFA,85564.75,"Transfert de [PHONE_7967] [CONTACT_D309] vers [USER_3_phone] [USER_3] reussi. Details: ID transaction: PP241230.1136.C98023, Montant Transaction: 10150FCFA, Frais: 0 FCFA, Commission: 0 FCFA, Montant Net: 10150 FCFA, Nouveau Solde: 85564.75 FCFA."
USER_3,30/12/2024,13:58:49,OrangeMoney,depot,IN,10150.0,FCFA,95714.75,"Depot effectue par [PHONE_7506] [CONTACT_263D] to [USER_3_phone] [USER_3]. Informations detaillees: Montant de transaction : 10150 FCFA, ID transaction : CI241230.1358.A05542, Frais : 0 FCFA, Commission : 0 FCFA, Montant Net du Credit : 10150 FCFA, Nouveau Solde : 95714.75 FCFA."
USER_3,30/12/2024,17:41:59,OrangeMoney,depot,IN,10200.0,FCFA,105914.75,"Depot effectue par [PHONE_0572] [CONTACT_F132] [CONTACT_CB2F] to [USER_3_phone] [USER_3]. Informations detaillees: Montant de transaction : 10200 FCFA, ID transaction : CI241230.1741.C43220, Frais : 0 FCFA, Commission : 0 FCFA, Montant Net du Credit : 10200 FCFA, Nouveau Solde : 105914.75 FCFA."
USER_3,31/12/2024,07:48:17,OrangeMoney,transfert,OUT,101500.0,FCFA,3907.25,"Transfert de [USER_3_phone] [USER_3] vers [PHONE_5503] [CONTACT_3384] reussi. ID transaction: PP241231.0748.D91708, Montant Transaction: 101500 FCFA, Frais: 507.5 FCFA, Commission: 0 FCFA, Montant Net: 102007.5 FCFA, Nouveau Solde: 3907.25 FCFA."
USER_3,31/12/2024,10:36:42,OrangeMoney,transfert,OUT,10200.0,FCFA,14107.25,"Transfert de [PHONE_0462] [CONTACT_5577] vers [USER_3_phone] [USER_3] reussi. Details: ID transaction: PP241231.1036.D03501, Montant Transaction: 10200FCFA, Frais: 0 FCFA, Commission: 0 FCFA, Montant Net: 10200 FCFA, Nouveau Solde: 14107.25 FCFA."
USER_3,31/12/2024,20:47:06,OrangeMoney,depot,IN,20173.0,FCFA,34280.25,"Depot effectue par [PHONE_0167] [CONTACT_4EB9] to [USER_3_phone] [USER_3]. Informations detaillees: Montant de transaction : 20173 FCFA, ID transaction : CI241231.2047.B02761, Frais : 0 FCFA, Commission : 0 FCFA, Montant Net du Credit : 20173 FCFA, Nouveau Solde : 34280.25 FCFA."
USER_3,02/01/2025,12:47:49,OrangeMoney,depot,IN,110000.0,FCFA,144280.25,"Depot effectue par [PHONE_6239] NGOUCHEME_ASSIATOU to [USER_3_phone] [USER_3]. Informations detaillees: Montant de transaction : 110000 FCFA, ID transaction : CI250102.1247.A85485, Frais : 0 FCFA, Commission : 0 FCFA, Montant Net du Credit : 110000 FCFA, Nouveau Solde : 144280.25 FCFA."
USER_3,02/01/2025,13:21:03,OrangeMoney,retrait,OUT,20000.0,FCFA,123980.25,"Retrait d'argent reussi par le [PHONE_5791] avec le Code : 233004. Informations detaillees : Montant: 20000 FCFA, Frais: 300 FCFA, No de transaction CO250102.1321.B44034, montant net debite 20300 FCFA, Nouveau solde: 123980.25 FCFA."
USER_3,02/01/2025,14:25:19,OrangeMoney,depot,IN,25000.0,FCFA,148980.25,"Depot effectue par [PHONE_6239] NGOUCHEME_ASSIATOU to [USER_3_phone] [USER_3]. Informations detaillees: Montant de transaction : 25000 FCFA, ID transaction : CI250102.1425.C40170, Frais : 0 FCFA, Commission : 0 FCFA, Montant Net du Credit : 25000 FCFA, Nouveau Solde : 148980.25 FCFA."
USER_3,04/01/2025,17:35:31,OrangeMoney,retrait,OUT,135000.0,FCFA,11951.25,"Retrait d'argent reussi par le [PHONE_5664] avec le Code : 265687. Informations detaillees : Montant: 135000 FCFA, Frais: 2029 FCFA, No de transaction CO250104.1735.C84304, montant net debite 137029 FCFA, Nouveau solde: 11951.25 FCFA."
USER_3,06/01/2025,10:16:29,OrangeMoney,depot,IN,10000.0,FCFA,21951.25,"Depot effectue par [PHONE_6239] NGOUCHEME_ASSIATOU to [USER_3_phone] [USER_3]. Informations detaillees: Montant de transaction : 10000 FCFA, ID transaction : CI250106.1016.C65642, Frais : 0 FCFA, Commission : 0 FCFA, Montant Net du Credit : 10000 FCFA, Nouveau Solde : 21951.25 FCFA."
USER_3,06/01/2025,10:28:57,OrangeMoney,transfert,OUT,6600.0,FCFA,28551.25,"Transfert de [PHONE_9186] [CONTACT_4E80] vers [USER_3_phone] [USER_3] reussi. Details: ID transaction: PP250106.1028.B52072, Montant Transaction: 6600FCFA, Frais: 0 FCFA, Commission: 0 FCFA, Montant Net: 6600 FCFA, Nouveau Solde: 28551.25 FCFA."
USER_3,08/01/2025,11:25:57,OrangeMoney,transfert,OUT,25000.0,FCFA,53551.25,"Transfert de [PHONE_8982] [CONTACT_7A32] vers [USER_3_phone] [USER_3] reussi. Details: ID transaction: PP250108.1125.A56147, Montant Transaction: 25000FCFA, Frais: 0 FCFA, Commission: 0 FCFA, Montant Net: 25000 FCFA, Nouveau Solde: 53551.25 FCFA."
USER_3,11/01/2025,15:45:13,OrangeMoney,depot,IN,30000.0,FCFA,83551.25,"Depot effectue par [PHONE_6239] NGOUCHEME_ASSIATOU to [USER_3_phone] [USER_3]. Informations detaillees: Montant de transaction : 30000 FCFA, ID transaction : CI250111.1545.A55487, Frais : 0 FCFA, Commission : 0 FCFA, Montant Net du Credit : 30000 FCFA, Nouveau Solde : 83551.25 FCFA."
USER_3,12/01/2025,18:04:14,OrangeMoney,transfert,OUT,10000.0,FCFA,73497.25,"Transfert de [USER_3_phone] [USER_3] vers [PHONE_3071] [CONTACT_55E4] reussi. ID transaction: PP250112.1804.B27948, Montant Transaction: 10000 FCFA, Frais: 54 FCFA, Commission: 0 FCFA, Montant Net: 10054 FCFA, Nouveau Solde: 73497.25 FCFA."
USER_3,12/01/2025,20:48:59,OrangeMoney,transfert,OUT,5100.0,FCFA,68343.25,"Transfert de [USER_3_phone] [USER_3] vers [PHONE_1593] [CONTACT_3BDC] reussi. ID transaction: PP250112.2048.D16042, Montant Transaction: 5100 FCFA, Frais: 54 FCFA, Commission: 0 FCFA, Montant Net: 5154 FCFA, Nouveau Solde: 68343.25 FCFA."
USER_3,13/01/2025,10:34:47,OrangeMoney,retrait,OUT,55000.0,FCFA,12514.25,"Retrait d'argent reussi par le [PHONE_5664] avec le Code : 265687. Informations detaillees : Montant: 55000 FCFA, Frais: 829 FCFA, No de transaction CO250113.1034.A83768, montant net debite 55829 FCFA, Nouveau solde: 12514.25 FCFA."
USER_3,17/01/2025,10:06:20,OrangeMoney,depot,IN,50000.0,FCFA,60514.25,"Depot effectue par [PHONE_0646] [CONTACT_B0BC] to [USER_3_phone] [USER_3]. Informations detaillees: Montant de transaction : 50000 FCFA, ID transaction : CI250117.1006.C81687, Frais : 0 FCFA, Commission : 0 FCFA, Montant Net du Credit : 50000 FCFA, Nouveau Solde : 60514.25 FCFA."
USER_3,17/01/2025,15:51:34,OrangeMoney,transfert,OUT,10000.0,FCFA,50460.25,"Transfert de [USER_3_phone] [USER_3] vers [PHONE_9018] [CONTACT_C085] reussi. ID transaction: PP250117.1551.A78254, Montant Transaction: 10000 FCFA, Frais: 54 FCFA, Commission: 0 FCFA, Montant Net: 10054 FCFA, Nouveau Solde: 50460.25 FCFA."
USER_3,18/01/2025,23:13:43,OrangeMoney,rechargement,OUT,200.0,FCFA,50260.25,"Rechargement reussi. Montant de la transaction: 200 FCFA, ID transaction: RC250118.2313.C20608, Frais: 0 FCFA, Commission: 0 FCFA, Nouveau solde: 50260.25 FCFA"
USER_3,20/01/2025,21:48:06,OrangeMoney,rechargement,OUT,200.0,FCFA,49960.25,"Rechargement reussi. Montant de la transaction: 200 FCFA, ID transaction: RC250120.2148.D00467, Frais: 0 FCFA, Commission: 0 FCFA, Nouveau solde: 49960.25 FCFA"
USER_3,22/01/2025,18:01:58,OrangeMoney,retrait,OUT,49000.0,FCFA,221.25,"Retrait d'argent reussi par le [PHONE_5664] avec le Code : 265687. Informations detaillees : Montant: 49000 FCFA, Frais: 739 FCFA, No de transaction CO250122.1801.B92181, montant net debite 49739 FCFA, Nouveau solde: 221.25 FCFA."
USER_3,24/01/2025,12:59:13,OrangeMoney,transfert,OUT,3100.0,FCFA,3321.25,"Transfert de [PHONE_1059] [CONTACT_7F90] vers [USER_3_phone] [USER_3] reussi. Details: ID transaction: PP250124.1259.B54680, Montant Transaction: 3100FCFA, Frais: 0 FCFA, Commission: 0 FCFA, Montant Net: 3100 FCFA, Nouveau Solde: 3321.25 FCFA."
USER_3,25/01/2025,22:49:22,OrangeMoney,autre,unknown,51209.0,FCFA,,"Transfert d argent de 51209 FCFA recu du +[PHONE_7463] (Etats-Unis) le 2025-01-25 22:49:18. Nouveau solde OM : 54530.25 FCFA, Frais : 0 FCFA"
USER_3,28/01/2025,17:38:48,OrangeMoney,transfert,OUT,10200.0,FCFA,64730.25,"Transfert de [PHONE_4495] [CONTACT_C0D8] vers [USER_3_phone] [USER_3] reussi. Details: ID transaction: PP250128.1738.C50282, Montant Transaction: 10200FCFA, Frais: 0 FCFA, Commission: 0 FCFA, Montant Net: 10200 FCFA, Nouveau Solde: 64730.25 FCFA."
USER_3,28/01/2025,18:54:04,OrangeMoney,transfert,OUT,5079.0,FCFA,69809.25,"Transfert de [PHONE_5451] [CONTACT_B812] vers [USER_3_phone] [USER_3] reussi. Details: ID transaction: PP250128.1854.B06661, Montant Transaction: 5079FCFA, Frais: 0 FCFA, Commission: 0 FCFA, Montant Net: 5079 FCFA, Nouveau Solde: 69809.25 FCFA."
USER_3,29/01/2025,15:01:44,OrangeMoney,retrait,OUT,60000.0,FCFA,8905.25,"Retrait d'argent reussi par le [PHONE_7044] avec le Code : 169335. Informations detaillees : Montant: 60000 FCFA, Frais: 904 FCFA, No de transaction CO250129.1501.A89925, montant net debite 60904 FCFA, Nouveau solde: 8905.25 FCFA."
USER_3,29/01/2025,16:05:22,OrangeMoney,transfert,OUT,5079.0,FCFA,3772.25,"Transfert de [USER_3_phone] [USER_3] vers [PHONE_9018] [CONTACT_C085] reussi. ID transaction: PP250129.1605.A51172, Montant Transaction: 5079 FCFA, Frais: 54 FCFA, Commission: 0 FCFA, Montant Net: 5133 FCFA, Nouveau Solde: 3772.25 FCFA."
USER_3,30/01/2025,15:33:31,OrangeMoney,depot,IN,10200.0,FCFA,13972.25,"Depot effectue par [PHONE_4742] [CONTACT_56F5] to [USER_3_phone] [USER_3]. Informations detaillees: Montant de transaction : 10200 FCFA, ID transaction : CI250130.1533.C07311, Frais : 0 FCFA, Commission : 0 FCFA, Montant Net du Credit : 10200 FCFA, Nouveau Solde : 13972.25 FCFA."
USER_3,30/01/2025,16:28:48,OrangeMoney,transfert,OUT,10154.0,FCFA,24126.25,"Transfert de [PHONE_4681] [CONTACT_2DFD] vers [USER_3_phone] [USER_3] reussi. Details: ID transaction: PP250130.1628.D31551, Montant Transaction: 10154FCFA, Frais: 0 FCFA, Commission: 0 FCFA, Montant Net: 10154 FCFA, Nouveau Solde: 24126.25 FCFA."
USER_3,30/01/2025,18:18:03,OrangeMoney,transfert,OUT,10154.0,FCFA,34280.25,"Transfert de [PHONE_5972] [CONTACT_A0D0] vers [USER_3_phone] [USER_3] reussi. Details: ID transaction: PP250130.1818.A91183, Montant Transaction: 10154FCFA, Frais: 0 FCFA, Commission: 0 FCFA, Montant Net: 10154 FCFA, Nouveau Solde: 34280.25 FCFA."
USER_3,30/01/2025,18:45:29,OrangeMoney,transfert,OUT,13199.0,FCFA,47479.25,"Transfert de [PHONE_7967] [CONTACT_D309] vers [USER_3_phone] [USER_3] reussi. Details: ID transaction: PP250130.1845.A09618, Montant Transaction: 13199FCFA, Frais: 0 FCFA, Commission: 0 FCFA, Montant Net: 13199 FCFA, Nouveau Solde: 47479.25 FCFA."
USER_3,31/01/2025,17:16:43,OrangeMoney,transfert,OUT,40604.0,FCFA,6668.23,"Transfert de [USER_3_phone] [USER_3] vers [PHONE_0462] [CONTACT_5577] reussi. ID transaction: PP250131.1716.A44189, Montant Transaction: 40604 FCFA, Frais: 207.02 FCFA, Commission: 0 FCFA, Montant Net: 40811.02 FCFA, Nouveau Solde: 6668.23 FCFA."
USER_3,01/02/2025,09:01:36,OrangeMoney,depot,IN,25000.0,FCFA,31668.23,"Depot effectue par [PHONE_6239] NGOUCHEME_ASSIATOU to [USER_3_phone] [USER_3]. Informations detaillees: Montant de transaction : 25000 FCFA, ID transaction : CI250201.0901.B44022, Frais : 0 FCFA, Commission : 0 FCFA, Montant Net du Credit : 25000 FCFA, Nouveau Solde : 31668.23 FCFA."
USER_3,01/02/2025,16:29:11,OrangeMoney,transfert,OUT,2000.0,FCFA,29614.23,"Transfert de [USER_3_phone] [USER_3] vers [PHONE_7810] [CONTACT_48B1] reussi. ID transaction: PP250201.1629.C99474, Montant Transaction: 2000 FCFA, Frais: 54 FCFA, Commission: 0 FCFA, Montant Net: 2054 FCFA, Nouveau Solde: 29614.23 FCFA."
USER_3,03/02/2025,12:49:25,OrangeMoney,transfert,OUT,2200.0,FCFA,31814.23,"Transfert de [PHONE_8875] [CONTACT_3F7D] vers [USER_3_phone] [USER_3] reussi. Details: ID transaction: PP250203.1249.B70135, Montant Transaction: 2200FCFA, Frais: 0 FCFA, Commission: 0 FCFA, Montant Net: 2200 FCFA, Nouveau Solde: 31814.23 FCFA."
USER_3,05/02/2025,10:25:57,OrangeMoney,transfert,OUT,10154.0,FCFA,41968.23,"Transfert de [PHONE_4681] [CONTACT_2DFD] vers [USER_3_phone] [USER_3] reussi. Details: ID transaction: PP250205.1025.C76194, Montant Transaction: 10154FCFA, Frais: 0 FCFA, Commission: 0 FCFA, Montant Net: 10154 FCFA, Nouveau Solde: 41968.23 FCFA."
USER_3,05/02/2025,17:05:46,OrangeMoney,depot,IN,50000.0,FCFA,91968.23,"Depot effectue par [PHONE_6239] NGOUCHEME_ASSIATOU to [USER_3_phone] [USER_3]. Informations detaillees: Montant de transaction : 50000 FCFA, ID transaction : CI250205.1705.D01369, Frais : 0 FCFA, Commission : 0 FCFA, Montant Net du Credit : 50000 FCFA, Nouveau Solde : 91968.23 FCFA."
USER_3,08/02/2025,19:57:54,OrangeMoney,transfert,OUT,2554.0,FCFA,87010.23,"Transfert de [USER_3_phone] [USER_3] vers [PHONE_0052] [CONTACT_9A2D] reussi. ID transaction: PP250208.1957.B43670, Montant Transaction: 2554 FCFA, Frais: 54 FCFA, Commission: 0 FCFA, Montant Net: 2608 FCFA, Nouveau Solde: 87010.23 FCFA."
USER_3,09/02/2025,13:24:44,OrangeMoney,transfert,OUT,15229.0,FCFA,71701.09,"Transfert de [USER_3_phone] [USER_3] vers [PHONE_4547] [CONTACT_8733] reussi. ID transaction: PP250209.1324.A43604, Montant Transaction: 15229 FCFA, Frais: 80.14 FCFA, Commission: 0 FCFA, Montant Net: 15309.14 FCFA, Nouveau Solde: 71701.09 FCFA."
USER_3,10/02/2025,07:11:24,OrangeMoney,rechargement,OUT,500.0,FCFA,71201.09,"Rechargement reussi. Montant de la transaction: 500 FCFA, ID transaction: RC250210.0711.B61804, Frais: 0 FCFA, Commission: 0 FCFA, Nouveau solde: 71201.09 FCFA"
USER_3,10/02/2025,14:30:47,OrangeMoney,transfert,OUT,51000.0,FCFA,19942.09,"Transfert de [USER_3_phone] [USER_3] vers [PHONE_4547] [CONTACT_8733] reussi. ID transaction: PP250210.1430.C37098, Montant Transaction: 51000 FCFA, Frais: 259 FCFA, Commission: 0 FCFA, Montant Net: 51259 FCFA, Nouveau Solde: 19942.09 FCFA."
USER_3,11/02/2025,15:59:59,OrangeMoney,depot,IN,30000.0,FCFA,49692.09,"Depot effectue par [PHONE_6239] NGOUCHEME_ASSIATOU to [USER_3_phone] [USER_3]. Informations detaillees: Montant de transaction : 30000 FCFA, ID transaction : CI250211.1559.B16979, Frais : 0 FCFA, Commission : 0 FCFA, Montant Net du Credit : 30000 FCFA, Nouveau Solde : 49692.09 FCFA."
USER_3,14/02/2025,20:01:34,OrangeMoney,transfert,OUT,10154.0,FCFA,39483.32,"Transfert de [USER_3_phone] [USER_3] vers [PHONE_7790] [CONTACT_28EC] reussi. ID transaction: PP250214.2001.A52302, Montant Transaction: 10154 FCFA, Frais: 54.77 FCFA, Commission: 0 FCFA, Montant Net: 10208.77 FCFA, Nouveau Solde: 39483.32 FCFA."
USER_3,15/02/2025,12:23:37,OrangeMoney,depot,IN,20000.0,FCFA,59233.32,"Depot effectue par [PHONE_5664] [CONTACT_7B9E] to [USER_3_phone] [USER_3]. Informations detaillees: Montant de transaction : 20000 FCFA, ID transaction : CI250215.1223.C97880, Frais : 0 FCFA, Commission : 0 FCFA, Montant Net du Credit : 20000 FCFA, Nouveau Solde : 59233.32 FCFA."
USER_3,15/02/2025,12:25:23,OrangeMoney,transfert,OUT,42634.0,FCFA,16382.15,"Transfert de [USER_3_phone] [USER_3] vers [PHONE_4547] [CONTACT_8733] reussi. ID transaction: PP250215.1225.B44096, Montant Transaction: 42634 FCFA, Frais: 217.17 FCFA, Commission: 0 FCFA, Montant Net: 42851.17 FCFA, Nouveau Solde: 16382.15 FCFA."
USER_3,19/02/2025,17:51:10,OrangeMoney,transfert,OUT,102000.0,FCFA,118132.15,"Transfert de [PHONE_6978] [CONTACT_A076] vers [USER_3_phone] [USER_3] reussi. Details: ID transaction: PP250219.1751.D65875, Montant Transaction: 102000FCFA, Frais: 0 FCFA, Commission: 0 FCFA, Montant Net: 102000 FCFA, Nouveau Solde: 118132.15 FCFA."
USER_3,19/02/2025,20:30:11,OrangeMoney,transfert,OUT,5079.0,FCFA,112999.15,"Transfert de [USER_3_phone] [USER_3] vers [PHONE_7743] [CONTACT_7067] reussi. ID transaction: PP250219.2030.A62935, Montant Transaction: 5079 FCFA, Frais: 54 FCFA, Commission: 0 FCFA, Montant Net: 5133 FCFA, Nouveau Solde: 112999.15 FCFA."
USER_3,20/02/2025,07:57:22,OrangeMoney,transfert,OUT,5079.0,FCFA,107866.15,"Transfert de [USER_3_phone] [USER_3] vers [PHONE_0611] [CONTACT_083D] reussi. ID transaction: PP250220.0757.C65723, Montant Transaction: 5079 FCFA, Frais: 54 FCFA, Commission: 0 FCFA, Montant Net: 5133 FCFA, Nouveau Solde: 107866.15 FCFA."
USER_3,20/02/2025,09:51:44,OrangeMoney,retrait,OUT,100000.0,FCFA,6362.15,"Retrait d'argent reussi par le [PHONE_5664] avec le Code : 265687. Informations detaillees : Montant: 100000 FCFA, Frais: 1504 FCFA, No de transaction CO250220.0951.C08338, montant net debite 101504 FCFA, Nouveau solde: 6362.15 FCFA."
USER_3,20/02/2025,19:17:22,OrangeMoney,transfert,OUT,6094.0,FCFA,214.15,"Transfert de [USER_3_phone] [USER_3] vers [PHONE_0268] njoh reussi. ID transaction: PP250220.1917.D43954, Montant Transaction: 6094 FCFA, Frais: 54 FCFA, Commission: 0 FCFA, Montant Net: 6148 FCFA, Nouveau Solde: 214.15 FCFA."
USER_3,22/02/2025,12:13:56,OrangeMoney,transfert,OUT,40604.0,FCFA,40718.15,"Transfert de [PHONE_9556] [CONTACT_0E8E] vers [USER_3_phone] [USER_3] reussi. Details: ID transaction: PP250222.1213.D79217, Montant Transaction: 40604FCFA, Frais: 0 FCFA, Commission: 0 FCFA, Montant Net: 40604 FCFA, Nouveau Solde: 40718.15 FCFA."
USER_3,22/02/2025,12:50:13,OrangeMoney,retrait,OUT,40000.0,FCFA,114.15,"Retrait d'argent reussi par le [PHONE_4773] avec le Code : 377559. Informations detaillees : Montant: 40000 FCFA, Frais: 604 FCFA, No de transaction CO250222.1250.D60115, montant net debite 40604 FCFA, Nouveau solde: 114.15 FCFA."
USER_3,27/02/2025,07:51:48,OrangeMoney,depot,IN,10200.0,FCFA,10214.15,"Depot effectue par [PHONE_7506] [CONTACT_263D] to [USER_3_phone] [USER_3]. Informations detaillees: Montant de transaction : 10200 FCFA, ID transaction : CI250227.0751.C12789, Frais : 0 FCFA, Commission : 0 FCFA, Montant Net du Credit : 10200 FCFA, Nouveau Solde : 10214.15 FCFA."
USER_3,27/02/2025,16:36:52,OrangeMoney,transfert,OUT,30454.0,FCFA,40668.15,"Transfert de [PHONE_8074] [CONTACT_4D86] vers [USER_3_phone] [USER_3] reussi. Details: ID transaction: PP250227.1636.A49714, Montant Transaction: 30454FCFA, Frais: 0 FCFA, Commission: 0 FCFA, Montant Net: 30454 FCFA, Nouveau Solde: 40668.15 FCFA."
USER_3,27/02/2025,17:01:19,OrangeMoney,depot,IN,10000.0,FCFA,50668.15,"Depot effectue par [PHONE_6239] NGOUCHEME_ASSIATOU to [USER_3_phone] [USER_3]. Informations detaillees: Montant de transaction : 10000 FCFA, ID transaction : CI250227.1701.D62538, Frais : 0 FCFA, Commission : 0 FCFA, Montant Net du Credit : 10000 FCFA, Nouveau Solde : 50668.15 FCFA."
USER_3,28/02/2025,09:19:15,OrangeMoney,depot,IN,150000.0,FCFA,200668.15,"Depot effectue par [PHONE_9808] [CONTACT_BC20] to [USER_3_phone] [USER_3]. Informations detaillees: Montant de transaction : 150000 FCFA, ID transaction : CI250228.0919.A64993, Frais : 0 FCFA, Commission : 0 FCFA, Montant Net du Credit : 150000 FCFA, Nouveau Solde : 200668.15 FCFA."
USER_3,28/02/2025,12:11:45,OrangeMoney,retrait,OUT,190000.0,FCFA,7814.15,"Retrait d'argent reussi par le [PHONE_5664] avec le Code : 265687. Informations detaillees : Montant: 190000 FCFA, Frais: 2854 FCFA, No de transaction CO250228.1211.C43884, montant net debite 192854 FCFA, Nouveau solde: 7814.15 FCFA."
USER_3,28/02/2025,13:18:26,OrangeMoney,transfert,OUT,10255.5,FCFA,18069.65,"Transfert de [PHONE_7619] [CONTACT_05F0] vers [USER_3_phone] [USER_3] reussi. Details: ID transaction: PP250228.1318.A33483, Montant Transaction: 10255.5FCFA, Frais: 0 FCFA, Commission: 0 FCFA, Montant Net: 10255.5 FCFA, Nouveau Solde: 18069.65 FCFA."
USER_3,28/02/2025,14:43:43,OrangeMoney,transfert,OUT,10154.0,FCFA,28223.65,"Transfert de [PHONE_4681] [CONTACT_2DFD] vers [USER_3_phone] [USER_3] reussi. Details: ID transaction: PP250228.1443.B88948, Montant Transaction: 10154FCFA, Frais: 0 FCFA, Commission: 0 FCFA, Montant Net: 10154 FCFA, Nouveau Solde: 28223.65 FCFA."
USER_3,28/02/2025,18:36:05,OrangeMoney,transfert,OUT,10150.0,FCFA,38373.65,"Transfert de [PHONE_4495] [CONTACT_C0D8] vers [USER_3_phone] [USER_3] reussi. Details: ID transaction: PP250228.1836.D60418, Montant Transaction: 10150FCFA, Frais: 0 FCFA, Commission: 0 FCFA, Montant Net: 10150 FCFA, Nouveau Solde: 38373.65 FCFA."
USER_3,28/02/2025,20:22:01,OrangeMoney,transfert,OUT,5079.0,FCFA,33240.65,"Transfert de [USER_3_phone] [USER_3] vers [PHONE_9316] [CONTACT_6CCA] reussi. ID transaction: PP250228.2022.D35736, Montant Transaction: 5079 FCFA, Frais: 54 FCFA, Commission: 0 FCFA, Montant Net: 5133 FCFA, Nouveau Solde: 33240.65 FCFA."
USER_3,01/03/2025,00:37:23,OrangeMoney,autre,unknown,150067.0,FCFA,,"Transfert d argent de 150067 FCFA recu du +[PHONE_7463] (Etats-Unis) le 2025-03-01 00:37:20. Nouveau solde OM : 183307.65 FCFA, Frais : 0 FCFA"
USER_3,01/03/2025,08:42:31,OrangeMoney,retrait,OUT,180000.0,FCFA,603.65,"Retrait d'argent reussi par le [PHONE_5664] avec le Code : 265687. Informations detaillees : Montant: 180000 FCFA, Frais: 2704 FCFA, No de transaction CO250301.0842.A61355, montant net debite 182704 FCFA, Nouveau solde: 603.65 FCFA."
USER_3,02/03/2025,19:18:39,OrangeMoney,transfert,OUT,14721.5,FCFA,15325.15,"Transfert de [PHONE_7967] [CONTACT_D309] vers [USER_3_phone] [USER_3] reussi. Details: ID transaction: PP250302.1918.A62490, Montant Transaction: 14721.5FCFA, Frais: 0 FCFA, Commission: 0 FCFA, Montant Net: 14721.5 FCFA, Nouveau Solde: 15325.15 FCFA."
USER_3,05/03/2025,08:31:34,OrangeMoney,depot,IN,25000.0,FCFA,40325.15,"Depot effectue par [PHONE_0175] ngounou to [USER_3_phone] [USER_3]. Informations detaillees: Montant de transaction : 25000 FCFA, ID transaction : CI250305.0831.B58350, Frais : 0 FCFA, Commission : 0 FCFA, Montant Net du Credit : 25000 FCFA, Nouveau Solde : 40325.15 FCFA."
USER_3,06/03/2025,09:13:01,OrangeMoney,transfert,OUT,50000.0,FCFA,90325.15,"Transfert de [PHONE_8982] [CONTACT_7A32] vers [USER_3_phone] [USER_3] reussi. Details: ID transaction: PP250306.0913.A38715, Montant Transaction: 50000FCFA, Frais: 0 FCFA, Commission: 0 FCFA, Montant Net: 50000 FCFA, Nouveau Solde: 90325.15 FCFA."
USER_3,06/03/2025,15:14:40,OrangeMoney,retrait,OUT,75000.0,FCFA,14196.15,"Retrait d'argent reussi par le [PHONE_5664] avec le Code : 265687. Informations detaillees : Montant: 75000 FCFA, Frais: 1129 FCFA, No de transaction CO250306.1514.C30331, montant net debite 76129 FCFA, Nouveau solde: 14196.15 FCFA."
USER_3,08/03/2025,13:42:09,OrangeMoney,autre,unknown,32798.0,FCFA,,"Transfert d argent de 32798 FCFA recu du +[PHONE_0602] (France) le 2025-03-08 13:42:06. Nouveau solde OM : 46894.15 FCFA, Frais : 0 FCFA"
USER_3,09/03/2025,16:47:53,OrangeMoney,rechargement,OUT,200.0,FCFA,46694.15,"Rechargement reussi. Montant de la transaction: 200 FCFA, ID transaction: RC250309.1647.D11312, Frais: 0 FCFA, Commission: 0 FCFA, Nouveau solde: 46694.15 FCFA"
USER_3,11/03/2025,12:45:06,OrangeMoney,transfert,OUT,10154.0,FCFA,36485.38,"Transfert de [USER_3_phone] [USER_3] vers [PHONE_3149] [CONTACT_611E] reussi. ID transaction: PP250311.1245.B03858, Montant Transaction: 10154 FCFA, Frais: 54.77 FCFA, Commission: 0 FCFA, Montant Net: 10208.77 FCFA, Nouveau Solde: 36485.38 FCFA."
USER_3,11/03/2025,14:49:55,OrangeMoney,depot,IN,30000.0,FCFA,66485.38,"Depot effectue par [PHONE_6239] NGOUCHEME_ASSIATOU to [USER_3_phone] [USER_3]. Informations detaillees: Montant de transaction : 30000 FCFA, ID transaction : CI250311.1449.A32956, Frais : 0 FCFA, Commission : 0 FCFA, Montant Net du Credit : 30000 FCFA, Nouveau Solde : 66485.38 FCFA."
USER_3,11/03/2025,18:24:53,OrangeMoney,transfert,OUT,10200.0,FCFA,56230.38,"Transfert de [USER_3_phone] [USER_3] vers [PHONE_7769] [CONTACT_B135] reussi. ID transaction: PP250311.1824.C07683, Montant Transaction: 10200 FCFA, Frais: 55 FCFA, Commission: 0 FCFA, Montant Net: 10255 FCFA, Nouveau Solde: 56230.38 FCFA."
USER_3,12/03/2025,15:31:39,OrangeMoney,transfert,OUT,1000.0,FCFA,57230.38,"Transfert de [PHONE_5791] [CONTACT_99F2] vers [USER_3_phone] [USER_3] reussi. Details: ID transaction: PP250312.1531.A32391, Montant Transaction: 1000FCFA, Frais: 0 FCFA, Commission: 0 FCFA, Montant Net: 1000 FCFA, Nouveau Solde: 57230.38 FCFA."
USER_3,12/03/2025,16:10:23,OrangeMoney,transfert,OUT,2000.0,FCFA,59230.38,"Transfert de [PHONE_4681] [CONTACT_2DFD] vers [USER_3_phone] [USER_3] reussi. Details: ID transaction: PP250312.1610.D54227, Montant Transaction: 2000FCFA, Frais: 0 FCFA, Commission: 0 FCFA, Montant Net: 2000 FCFA, Nouveau Solde: 59230.38 FCFA."
USER_3,13/03/2025,12:39:55,OrangeMoney,transfert,OUT,55829.0,FCFA,3118.24,"Transfert de [USER_3_phone] [USER_3] vers [PHONE_4981] [CONTACT_C94C] reussi. ID transaction: PP250313.1239.B73006, Montant Transaction: 55829 FCFA, Frais: 283.14 FCFA, Commission: 0 FCFA, Montant Net: 56112.14 FCFA, Nouveau Solde: 3118.24 FCFA."
USER_3,16/03/2025,09:47:06,OrangeMoney,depot,IN,50000.0,FCFA,53118.24,"Depot effectue par [PHONE_0646] [CONTACT_B0BC] to [USER_3_phone] [USER_3]. Informations detaillees: Montant de transaction : 50000 FCFA, ID transaction : CI250316.0947.B46347, Frais : 0 FCFA, Commission : 0 FCFA, Montant Net du Credit : 50000 FCFA, Nouveau Solde : 53118.24 FCFA."
USER_3,17/03/2025,10:10:55,OrangeMoney,transfert,OUT,10154.0,FCFA,63272.24,"Transfert de [PHONE_1971] [CONTACT_E219] vers [USER_3_phone] [USER_3] reussi. Details: ID transaction: PP250317.1010.A99550, Montant Transaction: 10154FCFA, Frais: 0 FCFA, Commission: 0 FCFA, Montant Net: 10154 FCFA, Nouveau Solde: 63272.24 FCFA."
USER_3,17/03/2025,16:50:53,OrangeMoney,retrait,OUT,60000.0,FCFA,368.24,"Retrait d'argent reussi par le [PHONE_0088] avec le Code : 118602. Informations detaillees : Montant: 60000 FCFA, Frais: 904 FCFA, No de transaction CO250317.1650.D88560, montant net debite 60904 FCFA, Nouveau solde: 368.24 FCFA."
USER_3,19/03/2025,11:01:34,OrangeMoney,transfert,OUT,102000.0,FCFA,102368.24,"Transfert de [PHONE_6978] [CONTACT_A076] vers [USER_3_phone] [USER_3] reussi. Details: ID transaction: PP250319.1101.B67439, Montant Transaction: 102000FCFA, Frais: 0 FCFA, Commission: 0 FCFA, Montant Net: 102000 FCFA, Nouveau Solde: 102368.24 FCFA."
USER_3,19/03/2025,16:33:03,OrangeMoney,transfert,OUT,50700.0,FCFA,153068.24,"Transfert de [PHONE_0777] [CONTACT_9419] vers [USER_3_phone] [USER_3] reussi. Details: ID transaction: PP250319.1633.D58974, Montant Transaction: 50700FCFA, Frais: 0 FCFA, Commission: 0 FCFA, Montant Net: 50700 FCFA, Nouveau Solde: 153068.24 FCFA."
USER_3,19/03/2025,17:34:01,OrangeMoney,retrait,OUT,150000.0,FCFA,814.24,"Retrait d'argent reussi par le [PHONE_5664] avec le Code : 265687. Informations detaillees : Montant: 150000 FCFA, Frais: 2254 FCFA, No de transaction CO250319.1734.D47104, montant net debite 152254 FCFA, Nouveau solde: 814.24 FCFA."
USER_3,20/03/2025,19:36:11,OrangeMoney,depot,IN,25500.0,FCFA,26314.24,"Depot effectue par [PHONE_4425] [CONTACT_EEDA] to [USER_3_phone] [USER_3]. Informations detaillees: Montant de transaction : 25500 FCFA, ID transaction : CI250320.1936.B78637, Frais : 0 FCFA, Commission : 0 FCFA, Montant Net du Credit : 25500 FCFA, Nouveau Solde : 26314.24 FCFA."
USER_3,20/03/2025,19:44:58,OrangeMoney,retrait,OUT,25000.0,FCFA,935.24,"Retrait d'argent reussi par le [PHONE_5772] avec le Code : 157548. Informations detaillees : Montant: 25000 FCFA, Frais: 379 FCFA, No de transaction CO250320.1944.A86197, montant net debite 25379 FCFA, Nouveau solde: 935.24 FCFA."
USER_3,24/03/2025,18:52:05,OrangeMoney,depot,IN,175000.0,FCFA,175835.24,"Depot effectue par [PHONE_4174] [CONTACT_795D] to [USER_3_phone] [USER_3]. Informations detaillees: Montant de transaction : 175000 FCFA, ID transaction : CI250324.1852.D11835, Frais : 0 FCFA, Commission : 0 FCFA, Montant Net du Credit : 175000 FCFA, Nouveau Solde : 175835.24 FCFA."
USER_3,26/03/2025,14:59:43,OrangeMoney,retrait,OUT,170000.0,FCFA,3281.24,"Retrait d'argent reussi par le [PHONE_7044] avec le Code : 169335. Informations detaillees : Montant: 170000 FCFA, Frais: 2554 FCFA, No de transaction CO250326.1459.A41902, montant net debite 172554 FCFA, Nouveau solde: 3281.24 FCFA."
USER_3,26/03/2025,16:53:47,OrangeMoney,depot,IN,8000.0,FCFA,11281.24,"Depot effectue par [PHONE_6239] NGOUCHEME_ASSIATOU to [USER_3_phone] [USER_3]. Informations detaillees: Montant de transaction : 8000 FCFA, ID transaction : CI250326.1653.D96882, Frais : 0 FCFA, Commission : 0 FCFA, Montant Net du Credit : 8000 FCFA, Nouveau Solde : 11281.24 FCFA."
USER_3,26/03/2025,19:08:46,OrangeMoney,depot,IN,13300.0,FCFA,24581.24,"Depot effectue par [PHONE_5410] [CONTACT_9E00] to [USER_3_phone] [USER_3]. Informations detaillees: Montant de transaction : 13300 FCFA, ID transaction : CI250326.1908.C66128, Frais : 0 FCFA, Commission : 0 FCFA, Montant Net du Credit : 13300 FCFA, Nouveau Solde : 24581.24 FCFA."
USER_3,27/03/2025,17:48:14,OrangeMoney,transfert,OUT,13350.0,FCFA,37931.24,"Transfert de [PHONE_4495] [CONTACT_C0D8] vers [USER_3_phone] [USER_3] reussi. Details: ID transaction: PP250327.1748.B34003, Montant Transaction: 13350FCFA, Frais: 0 FCFA, Commission: 0 FCFA, Montant Net: 13350 FCFA, Nouveau Solde: 37931.24 FCFA."
USER_3,27/03/2025,17:52:31,OrangeMoney,retrait,OUT,13000.0,FCFA,24732.24,"Retrait d'argent reussi par le [PHONE_5960] avec le Code : 453678. Informations detaillees : Montant: 13000 FCFA, Frais: 199 FCFA, No de transaction CO250327.1752.D41363, montant net debite 13199 FCFA, Nouveau solde: 24732.24 FCFA."
USER_3,29/03/2025,11:22:47,OrangeMoney,retrait,OUT,23000.0,FCFA,1183.24,"Retrait d'argent reussi par le [PHONE_5664] avec le Code : 265687. Informations detaillees : Montant: 23000 FCFA, Frais: 349 FCFA, No de transaction CO250329.1122.B88298, montant net debite 23349 FCFA, Nouveau solde: 1183.24 FCFA."
USER_3,31/03/2025,19:06:50,OrangeMoney,depot,IN,10150.0,FCFA,11233.24,"Depot effectue par [PHONE_1950] [CONTACT_5C40] to [USER_3_phone] [USER_3]. Informations detaillees: Montant de transaction : 10150 FCFA, ID transaction : CI250331.1906.D78959, Frais : 0 FCFA, Commission : 0 FCFA, Montant Net du Credit : 10150 FCFA, Nouveau Solde : 11233.24 FCFA."
USER_3,01/04/2025,13:31:40,OrangeMoney,depot,IN,50000.0,FCFA,61233.24,"Depot effectue par [PHONE_6239] NGOUCHEME_ASSIATOU to [USER_3_phone] [USER_3]. Informations detaillees: Montant de transaction : 50000 FCFA, ID transaction : CI250401.1331.C92507, Frais : 0 FCFA, Commission : 0 FCFA, Montant Net du Credit : 50000 FCFA, Nouveau Solde : 61233.24 FCFA."
USER_3,01/04/2025,18:11:07,OrangeMoney,retrait,OUT,50000.0,FCFA,10479.24,"Retrait d'argent reussi par le [PHONE_7044] avec le Code : 169335. Informations detaillees : Montant: 50000 FCFA, Frais: 754 FCFA, No de transaction CO250401.1811.D93083, montant net debite 50754 FCFA, Nouveau solde: 10479.24 FCFA."
USER_3,02/04/2025,14:51:59,OrangeMoney,depot,IN,35000.0,FCFA,45479.24,"Depot effectue par [PHONE_7893] [CONTACT_3D51] to [USER_3_phone] [USER_3]. Informations detaillees: Montant de transaction : 35000 FCFA, ID transaction : CI250402.1451.D01533, Frais : 0 FCFA, Commission : 0 FCFA, Montant Net du Credit : 35000 FCFA, Nouveau Solde : 45479.24 FCFA."
USER_3,02/04/2025,18:57:17,OrangeMoney,transfert,OUT,14721.5,FCFA,30680.14,"Transfert de [USER_3_phone] [USER_3] vers [PHONE_1545] [CONTACT_39F8] reussi. ID transaction: PP250402.1857.B37038, Montant Transaction: 14721.5 FCFA, Frais: 77.6 FCFA, Commission: 0 FCFA, Montant Net: 14799.1 FCFA, Nouveau Solde: 30680.14 FCFA."
USER_3,04/04/2025,15:33:07,OrangeMoney,retrait,OUT,25000.0,FCFA,5301.14,"Retrait d'argent reussi par le [PHONE_7044] avec le Code : 169335. Informations detaillees : Montant: 25000 FCFA, Frais: 379 FCFA, No de transaction CO250404.1533.A52230, montant net debite 25379 FCFA, Nouveau solde: 5301.14 FCFA."
USER_3,05/04/2025,21:52:52,OrangeMoney,transfert,OUT,10154.0,FCFA,15455.14,"Transfert de [PHONE_5972] [CONTACT_A0D0] vers [USER_3_phone] [USER_3] reussi. Details: ID transaction: PP250405.2152.D16195, Montant Transaction: 10154FCFA, Frais: 0 FCFA, Commission: 0 FCFA, Montant Net: 10154 FCFA, Nouveau Solde: 15455.14 FCFA."
USER_3,07/04/2025,11:36:05,OrangeMoney,depot,IN,40600.0,FCFA,56055.14,"Depot effectue par [PHONE_6239] NGOUCHEME_ASSIATOU to [USER_3_phone] [USER_3]. Informations detaillees: Montant de transaction : 40600 FCFA, ID transaction : CI250407.1136.A17979, Frais : 0 FCFA, Commission : 0 FCFA, Montant Net du Credit : 40600 FCFA, Nouveau Solde : 56055.14 FCFA."
USER_3,07/04/2025,13:47:01,OrangeMoney,depot,IN,25000.0,FCFA,81055.14,"Depot effectue par [PHONE_6239] NGOUCHEME_ASSIATOU to [USER_3_phone] [USER_3]. Informations detaillees: Montant de transaction : 25000 FCFA, ID transaction : CI250407.1347.C79174, Frais : 0 FCFA, Commission : 0 FCFA, Montant Net du Credit : 25000 FCFA, Nouveau Solde : 81055.14 FCFA."
USER_3,07/04/2025,15:09:58,OrangeMoney,retrait,OUT,65000.0,FCFA,15076.14,"Retrait d'argent reussi par le [PHONE_0360] avec le Code : 116234. Informations detaillees : Montant: 65000 FCFA, Frais: 979 FCFA, No de transaction CO250407.1509.A11350, montant net debite 65979 FCFA, Nouveau solde: 15076.14 FCFA."
USER_3,08/04/2025,17:52:37,OrangeMoney,depot,IN,30000.0,FCFA,45076.14,"Depot effectue par [PHONE_6239] NGOUCHEME_ASSIATOU to [USER_3_phone] [USER_3]. Informations detaillees: Montant de transaction : 30000 FCFA, ID transaction : CI250408.1752.D90531, Frais : 0 FCFA, Commission : 0 FCFA, Montant Net du Credit : 30000 FCFA, Nouveau Solde : 45076.14 FCFA."
USER_3,10/04/2025,10:13:32,OrangeMoney,retrait,OUT,30000.0,FCFA,14622.14,"Retrait d'argent reussi par le [PHONE_5664] avec le Code : 265687. Informations detaillees : Montant: 30000 FCFA, Frais: 454 FCFA, No de transaction CO250410.1013.A21156, montant net debite 30454 FCFA, Nouveau solde: 14622.14 FCFA."
USER_3,16/04/2025,08:47:38,OrangeMoney,transfert,OUT,10154.0,FCFA,22776.14,"Transfert de [PHONE_5451] [CONTACT_B812] vers [USER_3_phone] [USER_3] reussi. Details: ID transaction: PP250416.0847.C26893, Montant Transaction: 10154FCFA, Frais: 0 FCFA, Commission: 0 FCFA, Montant Net: 10154 FCFA, Nouveau Solde: 22776.14 FCFA."
USER_3,16/04/2025,17:18:51,OrangeMoney,transfert,OUT,1054.0,FCFA,21668.14,"Transfert de [USER_3_phone] [USER_3] vers [PHONE_5451] [CONTACT_B812] reussi. ID transaction: PP250416.1718.B20149, Montant Transaction: 1054 FCFA, Frais: 54 FCFA, Commission: 0 FCFA, Montant Net: 1108 FCFA, Nouveau Solde: 21668.14 FCFA."
USER_3,16/04/2025,19:20:51,OrangeMoney,depot,IN,10000.0,FCFA,31668.14,"Depot effectue par [PHONE_8978] [CONTACT_C980] to [USER_3_phone] [USER_3]. Informations detaillees: Montant de transaction : 10000 FCFA, ID transaction : CI250416.1920.C01107, Frais : 0 FCFA, Commission : 0 FCFA, Montant Net du Credit : 10000 FCFA, Nouveau Solde : 31668.14 FCFA."
USER_3,17/04/2025,10:22:48,OrangeMoney,retrait,OUT,20000.0,FCFA,11364.14,"Retrait d'argent reussi par le [PHONE_5664] avec le Code : 265687. Informations detaillees : Montant: 20000 FCFA, Frais: 304 FCFA, No de transaction CO250417.1022.B95332, montant net debite 20304 FCFA, Nouveau solde: 11364.14 FCFA."
USER_3,18/04/2025,16:15:07,OrangeMoney,rechargement,OUT,500.0,FCFA,10864.14,"Rechargement reussi. Montant de la transaction: 500 FCFA, ID transaction: RC250418.1615.A08375, Frais: 0 FCFA, Commission: 0 FCFA, Nouveau solde: 10864.14 FCFA"
USER_3,19/04/2025,11:47:41,OrangeMoney,rechargement,OUT,300.0,FCFA,10564.14,"Rechargement reussi. Montant de la transaction: 300 FCFA, ID transaction: RC250419.1147.C13343, Frais: 0 FCFA, Commission: 0 FCFA, Nouveau solde: 10564.14 FCFA"
USER_3,22/04/2025,07:09:26,OrangeMoney,transfert,OUT,10154.0,FCFA,355.37,"Transfert de [USER_3_phone] [USER_3] vers [PHONE_2854] [CONTACT_8314] reussi. ID transaction: PP250422.0709.B84756, Montant Transaction: 10154 FCFA, Frais: 54.77 FCFA, Commission: 0 FCFA, Montant Net: 10208.77 FCFA, Nouveau Solde: 355.37 FCFA."
USER_3,23/04/2025,17:46:04,OrangeMoney,depot,IN,15000.0,FCFA,15355.37,"Depot effectue par [PHONE_6239] NGOUCHEME_ASSIATOU to [USER_3_phone] [USER_3]. Informations detaillees: Montant de transaction : 15000 FCFA, ID transaction : CI250423.1746.A19197, Frais : 0 FCFA, Commission : 0 FCFA, Montant Net du Credit : 15000 FCFA, Nouveau Solde : 15355.37 FCFA."
USER_3,24/04/2025,09:10:22,OrangeMoney,depot,IN,2000.0,FCFA,17105.37,"Depot effectue par [PHONE_5664] [CONTACT_7B9E] to [USER_3_phone] [USER_3]. Informations detaillees: Montant de transaction : 2000 FCFA, ID transaction : CI250424.0910.A69272, Frais : 0 FCFA, Commission : 0 FCFA, Montant Net du Credit : 2000 FCFA, Nouveau Solde : 17105.37 FCFA."
USER_3,25/04/2025,08:20:17,OrangeMoney,transfert,OUT,2600.0,FCFA,14451.37,"Transfert de [USER_3_phone] [USER_3] vers [PHONE_0426] [CONTACT_A815] reussi. ID transaction: PP250425.0820.D09532, Montant Transaction: 2600 FCFA, Frais: 54 FCFA, Commission: 0 FCFA, Montant Net: 2654 FCFA, Nouveau Solde: 14451.37 FCFA."
USER_3,25/04/2025,18:56:45,OrangeMoney,depot,IN,10200.0,FCFA,24651.37,"Depot effectue par [PHONE_7643] [CONTACT_C82E] to [USER_3_phone] [USER_3]. Informations detaillees: Montant de transaction : 10200 FCFA, ID transaction : CI250425.1856.A70409, Frais : 0 FCFA, Commission : 0 FCFA, Montant Net du Credit : 10200 FCFA, Nouveau Solde : 24651.37 FCFA."
USER_3,26/04/2025,17:07:10,OrangeMoney,retrait,OUT,12000.0,FCFA,12467.37,"Retrait d'argent reussi par le [PHONE_7044] avec le Code : 169335. Informations detaillees : Montant: 12000 FCFA, Frais: 184 FCFA, No de transaction CO250426.1707.D64839, montant net debite 12184 FCFA, Nouveau solde: 12467.37 FCFA."
USER_3,28/04/2025,09:49:40,OrangeMoney,transfert,OUT,20000.0,FCFA,32467.37,"Transfert de [PHONE_5451] [CONTACT_B812] vers [USER_3_phone] [USER_3] reussi. Details: ID transaction: PP250428.0949.B54886, Montant Transaction: 20000FCFA, Frais: 0 FCFA, Commission: 0 FCFA, Montant Net: 20000 FCFA, Nouveau Solde: 32467.37 FCFA."
USER_3,28/04/2025,10:13:04,OrangeMoney,transfert,OUT,304.0,FCFA,32771.37,"Transfert de [PHONE_5451] [CONTACT_B812] vers [USER_3_phone] [USER_3] reussi. Details: ID transaction: PP250428.1013.D72355, Montant Transaction: 304FCFA, Frais: 0 FCFA, Commission: 0 FCFA, Montant Net: 304 FCFA, Nouveau Solde: 32771.37 FCFA."
USER_3,28/04/2025,16:59:39,OrangeMoney,transfert,OUT,1104.0,FCFA,33875.37,"Transfert de [PHONE_8074] [CONTACT_4D86] vers [USER_3_phone] [USER_3] reussi. Details: ID transaction: PP250428.1659.D26129, Montant Transaction: 1104FCFA, Frais: 0 FCFA, Commission: 0 FCFA, Montant Net: 1104 FCFA, Nouveau Solde: 33875.37 FCFA."
USER_3,28/04/2025,17:05:23,OrangeMoney,transfert,OUT,9000.0,FCFA,42875.37,"Transfert de [PHONE_8074] [CONTACT_4D86] vers [USER_3_phone] [USER_3] reussi. Details: ID transaction: PP250428.1705.B26337, Montant Transaction: 9000FCFA, Frais: 0 FCFA, Commission: 0 FCFA, Montant Net: 9000 FCFA, Nouveau Solde: 42875.37 FCFA."
USER_3,28/04/2025,18:24:23,OrangeMoney,depot,IN,5000.0,FCFA,47875.37,"Depot effectue par [PHONE_6239] NGOUCHEME_ASSIATOU to [USER_3_phone] [USER_3]. Informations detaillees: Montant de transaction : 5000 FCFA, ID transaction : CI250428.1824.A21577, Frais : 0 FCFA, Commission : 0 FCFA, Montant Net du Credit : 5000 FCFA, Nouveau Solde : 47875.37 FCFA."
USER_3,28/04/2025,18:35:49,OrangeMoney,depot,IN,20300.0,FCFA,68175.37,"Depot effectue par [PHONE_6514] [CONTACT_1488] to [USER_3_phone] [USER_3]. Informations detaillees: Montant de transaction : 20300 FCFA, ID transaction : CI250428.1835.B27001, Frais : 0 FCFA, Commission : 0 FCFA, Montant Net du Credit : 20300 FCFA, Nouveau Solde : 68175.37 FCFA."
USER_3,29/04/2025,12:47:18,OrangeMoney,transfert,OUT,30454.0,FCFA,37565.1,"Transfert de [USER_3_phone] [USER_3] vers [PHONE_9367] [CONTACT_64D9] reussi. ID transaction: PP250429.1247.B20861, Montant Transaction: 30454 FCFA, Frais: 156.27 FCFA, Commission: 0 FCFA, Montant Net: 30610.27 FCFA, Nouveau Solde: 37565.1 FCFA."
USER_3,29/04/2025,15:05:11,OrangeMoney,transfert,OUT,10154.0,FCFA,47719.1,"Transfert de [PHONE_4681] [CONTACT_2DFD] vers [USER_3_phone] [USER_3] reussi. Details: ID transaction: PP250429.1505.B03644, Montant Transaction: 10154FCFA, Frais: 0 FCFA, Commission: 0 FCFA, Montant Net: 10154 FCFA, Nouveau Solde: 47719.1 FCFA."
USER_3,29/04/2025,19:58:22,OrangeMoney,transfert,OUT,10150.0,FCFA,57869.1,"Transfert de [PHONE_4495] [CONTACT_C0D8] vers [USER_3_phone] [USER_3] reussi. Details: ID transaction: PP250429.1958.A02253, Montant Transaction: 10150FCFA, Frais: 0 FCFA, Commission: 0 FCFA, Montant Net: 10150 FCFA, Nouveau Solde: 57869.1 FCFA."
USER_3,30/04/2025,07:11:30,OrangeMoney,depot,IN,10250.0,FCFA,68119.1,"Depot effectue par [PHONE_7528] [CONTACT_CFAB] to [USER_3_phone] [USER_3]. Informations detaillees: Montant de transaction : 10250 FCFA, ID transaction : CI250430.0711.B43484, Frais : 0 FCFA, Commission : 0 FCFA, Montant Net du Credit : 10250 FCFA, Nouveau Solde : 68119.1 FCFA."
USER_3,30/04/2025,10:11:43,OrangeMoney,transfert,OUT,17259.0,FCFA,85378.1,"Transfert de [PHONE_7790] [CONTACT_28EC] vers [USER_3_phone] [USER_3] reussi. Details: ID transaction: PP250430.1011.B95273, Montant Transaction: 17259FCFA, Frais: 0 FCFA, Commission: 0 FCFA, Montant Net: 17259 FCFA, Nouveau Solde: 85378.1 FCFA."
USER_3,01/05/2025,20:25:55,OrangeMoney,transfert,OUT,10300.0,FCFA,95428.1,"Transfert de [PHONE_2542] [CONTACT_D27E] vers [USER_3_phone] [USER_3] reussi. Details: ID transaction: PP250501.2025.C28586, Montant Transaction: 10300FCFA, Frais: 0 FCFA, Commission: 0 FCFA, Montant Net: 10300 FCFA, Nouveau Solde: 95428.1 FCFA."
USER_3,01/05/2025,20:35:15,OrangeMoney,transfert,OUT,10200.0,FCFA,105628.1,"Transfert de [PHONE_0462] [CONTACT_5577] vers [USER_3_phone] [USER_3] reussi. Details: ID transaction: PP250501.2035.B30734, Montant Transaction: 10200FCFA, Frais: 0 FCFA, Commission: 0 FCFA, Montant Net: 10200 FCFA, Nouveau Solde: 105628.1 FCFA."
USER_3,02/05/2025,07:36:24,OrangeMoney,depot,IN,10000.0,FCFA,115628.1,"Depot effectue par [PHONE_3743] [CONTACT_DD81] to [USER_3_phone] [USER_3]. Informations detaillees: Montant de transaction : 10000 FCFA, ID transaction : CI250502.0736.D14125, Frais : 0 FCFA, Commission : 0 FCFA, Montant Net du Credit : 10000 FCFA, Nouveau Solde : 115628.1 FCFA."
USER_3,02/05/2025,09:14:31,OrangeMoney,transfert,OUT,111654.0,FCFA,3411.83,"Transfert de [USER_3_phone] [USER_3] vers [PHONE_7967] [CONTACT_D309] reussi. ID transaction: PP250502.0914.A91752, Montant Transaction: 111654 FCFA, Frais: 562.27 FCFA, Commission: 0 FCFA, Montant Net: 112216.27 FCFA, Nouveau Solde: 3411.83 FCFA."
USER_3,02/05/2025,11:05:47,OrangeMoney,transfert,OUT,10154.0,FCFA,13565.83,"Transfert de [PHONE_5972] [CONTACT_A0D0] vers [USER_3_phone] [USER_3] reussi. Details: ID transaction: PP250502.1105.B45750, Montant Transaction: 10154FCFA, Frais: 0 FCFA, Commission: 0 FCFA, Montant Net: 10154 FCFA, Nouveau Solde: 13565.83 FCFA."
USER_3,02/05/2025,11:19:35,OrangeMoney,transfert,OUT,20304.0,FCFA,33869.83,"Transfert de [PHONE_7790] [CONTACT_28EC] vers [USER_3_phone] [USER_3] reussi. Details: ID transaction: PP250502.1119.C56050, Montant Transaction: 20304FCFA, Frais: 0 FCFA, Commission: 0 FCFA, Montant Net: 20304 FCFA, Nouveau Solde: 33869.83 FCFA."
USER_3,02/05/2025,16:56:39,OrangeMoney,retrait,OUT,10000.0,FCFA,23465.83,"Retrait d'argent reussi par le [PHONE_4798] avec le Code : 350207. Informations detaillees : Montant: 10000 FCFA, Frais: 154 FCFA, No de transaction CO250502.1656.C67783, montant net debite 10154 FCFA, Nouveau solde: 23465.83 FCFA."
USER_3,05/05/2025,08:43:01,OrangeMoney,transfert,OUT,3054.0,FCFA,26519.83,"Transfert de [PHONE_3618] Mbebi tyock vers [USER_3_phone] [USER_3] reussi. Details: ID transaction: PP250505.0842.C39347, Montant Transaction: 3054FCFA, Frais: 0 FCFA, Commission: 0 FCFA, Montant Net: 3054 FCFA, Nouveau Solde: 26519.83 FCFA."
USER_3,05/05/2025,13:44:07,OrangeMoney,transfert,OUT,2054.0,FCFA,24411.83,"Transfert de [USER_3_phone] [USER_3] vers [PHONE_2796] [CONTACT_B9A4] reussi. ID transaction: PP250505.1344.D21989, Montant Transaction: 2054 FCFA, Frais: 54 FCFA, Commission: 0 FCFA, Montant Net: 2108 FCFA, Nouveau Solde: 24411.83 FCFA."
USER_3,05/05/2025,17:03:09,OrangeMoney,transfert,OUT,5000.0,FCFA,17357.83,"Transfert de [USER_3_phone] [USER_3] vers [PHONE_8366] [CONTACT_1606] reussi. ID transaction: PP250505.1703.C37665, Montant Transaction: 5000 FCFA, Frais: 54 FCFA, Commission: 0 FCFA, Montant Net: 5054 FCFA, Nouveau Solde: 17357.83 FCFA."
USER_3,06/05/2025,09:14:19,OrangeMoney,transfert,OUT,2000.0,FCFA,19357.83,"Transfert de [PHONE_5791] [CONTACT_99F2] vers [USER_3_phone] [USER_3] reussi. Details: ID transaction: PP250506.0914.C11761, Montant Transaction: 2000FCFA, Frais: 0 FCFA, Commission: 0 FCFA, Montant Net: 2000 FCFA, Nouveau Solde: 19357.83 FCFA."
USER_3,07/05/2025,10:49:59,OrangeMoney,depot,IN,10500.0,FCFA,29607.83,"Depot effectue par [PHONE_0473] [CONTACT_0554] to [USER_3_phone] [USER_3]. Informations detaillees: Montant de transaction : 10500 FCFA, ID transaction : CI250507.1049.D64783, Frais : 0 FCFA, Commission : 0 FCFA, Montant Net du Credit : 10500 FCFA, Nouveau Solde : 29607.83 FCFA."
USER_3,07/05/2025,12:58:15,OrangeMoney,retrait,OUT,10000.0,FCFA,19453.83,"Retrait d'argent reussi par le [PHONE_5664] avec le Code : 265687. Informations detaillees : Montant: 10000 FCFA, Frais: 154 FCFA, No de transaction CO250507.1258.D52565, montant net debite 10154 FCFA, Nouveau solde: 19453.83 FCFA."
USER_3,08/05/2025,09:02:50,OrangeMoney,transfert,OUT,2554.0,FCFA,16845.83,"Transfert de [USER_3_phone] [USER_3] vers [PHONE_8073] [CONTACT_CBDC] reussi. ID transaction: PP250508.0902.C14628, Montant Transaction: 2554 FCFA, Frais: 54 FCFA, Commission: 0 FCFA, Montant Net: 2608 FCFA, Nouveau Solde: 16845.83 FCFA."
USER_3,08/05/2025,20:12:13,OrangeMoney,transfert,OUT,3054.0,FCFA,13487.83,"Transfert de [USER_3_phone] [USER_3] vers [PHONE_4495] [CONTACT_C0D8] reussi. ID transaction: PP250508.2012.A25069, Montant Transaction: 3054 FCFA, Frais: 54 FCFA, Commission: 0 FCFA, Montant Net: 3108 FCFA, Nouveau Solde: 13487.83 FCFA."
USER_3,10/05/2025,19:12:44,OrangeMoney,depot,IN,30000.0,FCFA,43237.83,"Depot effectue par [PHONE_8160] [CONTACT_C742] to [USER_3_phone] [USER_3]. Informations detaillees: Montant de transaction : 30000 FCFA, ID transaction : CI250510.1912.B24830, Frais : 0 FCFA, Commission : 0 FCFA, Montant Net du Credit : 30000 FCFA, Nouveau Solde : 43237.83 FCFA."
USER_3,12/05/2025,10:36:03,OrangeMoney,retrait,OUT,30000.0,FCFA,6783.83,"Retrait d'argent reussi par le [PHONE_5664] avec le Code : 265687. Informations detaillees : Montant: 30000 FCFA, Frais: 454 FCFA, No de transaction CO250512.1036.B86732, montant net debite 30454 FCFA, Nouveau solde: 6783.83 FCFA."
USER_3,18/05/2025,16:47:42,OrangeMoney,transfert,OUT,5079.0,FCFA,100.83,"Transfert de [USER_3_phone] [USER_3] vers [PHONE_3071] [CONTACT_55E4] reussi. ID transaction: PP250518.1647.D11520, Montant Transaction: 5079 FCFA, Frais: 54 FCFA, Commission: 0 FCFA, Montant Net: 5133 FCFA, Nouveau Solde: 100.83 FCFA."
USER_3,23/05/2025,16:32:07,OrangeMoney,transfert,OUT,2500.0,FCFA,2600.83,"Transfert de [PHONE_6331] [CONTACT_373D] vers [USER_3_phone] [USER_3] reussi. Details: ID transaction: PP250523.1632.C74015, Montant Transaction: 2500FCFA, Frais: 0 FCFA, Commission: 0 FCFA, Montant Net: 2500 FCFA, Nouveau Solde: 2600.83 FCFA."
USER_3,24/05/2025,05:58:25,OrangeMoney,transfert,OUT,50000.0,FCFA,52600.83,"Transfert de [PHONE_8982] [CONTACT_7A32] vers [USER_3_phone] [USER_3] reussi. Details: ID transaction: PP250524.0558.D14254, Montant Transaction: 50000FCFA, Frais: 0 FCFA, Commission: 0 FCFA, Montant Net: 50000 FCFA, Nouveau Solde: 52600.83 FCFA."
USER_3,24/05/2025,10:24:59,OrangeMoney,retrait,OUT,50000.0,FCFA,1846.83,"Retrait d'argent reussi par le [PHONE_5664] avec le Code : 265687. Informations detaillees : Montant: 50000 FCFA, Frais: 754 FCFA, No de transaction CO250524.1024.D62441, montant net debite 50754 FCFA, Nouveau solde: 1846.83 FCFA."
USER_3,26/05/2025,13:06:27,OrangeMoney,depot,IN,25200.0,FCFA,26796.83,"Depot effectue par [PHONE_6239] NGOUCHEME_ASSIATOU to [USER_3_phone] [USER_3]. Informations detaillees: Montant de transaction : 25200 FCFA, ID transaction : CI250526.1306.D04275, Frais : 0 FCFA, Commission : 0 FCFA, Montant Net du Credit : 25200 FCFA, Nouveau Solde : 26796.83 FCFA."
USER_3,26/05/2025,15:19:27,OrangeMoney,retrait,OUT,25000.0,FCFA,1417.83,"Retrait d'argent reussi par le [PHONE_5664] avec le Code : 265687. Informations detaillees : Montant: 25000 FCFA, Frais: 379 FCFA, No de transaction CO250526.1519.D61652, montant net debite 25379 FCFA, Nouveau solde: 1417.83 FCFA."
USER_3,26/05/2025,16:32:39,OrangeMoney,transfert,OUT,5100.0,FCFA,6517.83,"Transfert de [PHONE_1125] [CONTACT_FD79] vers [USER_3_phone] [USER_3] reussi. Details: ID transaction: PP250526.1632.A58329, Montant Transaction: 5100FCFA, Frais: 0 FCFA, Commission: 0 FCFA, Montant Net: 5100 FCFA, Nouveau Solde: 6517.83 FCFA."
USER_3,27/05/2025,10:41:40,OrangeMoney,transfert,OUT,13300.5,FCFA,19818.33,"Transfert de [PHONE_8074] [CONTACT_4D86] vers [USER_3_phone] [USER_3] reussi. Details: ID transaction: PP250527.1041.B81001, Montant Transaction: 13300.5FCFA, Frais: 0 FCFA, Commission: 0 FCFA, Montant Net: 13300.5 FCFA, Nouveau Solde: 19818.33 FCFA."
USER_3,28/05/2025,12:34:44,OrangeMoney,transfert,OUT,13199.0,FCFA,33017.33,"Transfert de [PHONE_5972] [CONTACT_A0D0] vers [USER_3_phone] [USER_3] reussi. Details: ID transaction: PP250528.1234.B35482, Montant Transaction: 13199FCFA, Frais: 0 FCFA, Commission: 0 FCFA, Montant Net: 13199 FCFA, Nouveau Solde: 33017.33 FCFA."
USER_3,28/05/2025,14:23:10,OrangeMoney,retrait,OUT,13000.0,FCFA,19818.33,"Retrait d'argent reussi par le [PHONE_5664] avec le Code : 265687. Informations detaillees : Montant: 13000 FCFA, Frais: 199 FCFA, No de transaction CO250528.1423.C97003, montant net debite 13199 FCFA, Nouveau solde: 19818.33 FCFA."
USER_3,28/05/2025,17:12:27,OrangeMoney,transfert,OUT,10150.0,FCFA,29968.33,"Transfert de [PHONE_4495] [CONTACT_C0D8] vers [USER_3_phone] [USER_3] reussi. Details: ID transaction: PP250528.1712.B10100, Montant Transaction: 10150FCFA, Frais: 0 FCFA, Commission: 0 FCFA, Montant Net: 10150 FCFA, Nouveau Solde: 29968.33 FCFA."
USER_3,30/05/2025,07:23:34,OrangeMoney,transfert,OUT,10154.0,FCFA,40122.33,"Transfert de [PHONE_7967] [CONTACT_D309] vers [USER_3_phone] [USER_3] reussi. Details: ID transaction: PP250530.0723.A93622, Montant Transaction: 10154FCFA, Frais: 0 FCFA, Commission: 0 FCFA, Montant Net: 10154 FCFA, Nouveau Solde: 40122.33 FCFA."
USER_3,30/05/2025,08:16:02,OrangeMoney,transfert,OUT,13300.0,FCFA,53422.33,"Transfert de [PHONE_2542] [CONTACT_D27E] vers [USER_3_phone] [USER_3] reussi. Details: ID transaction: PP250530.0816.C98616, Montant Transaction: 13300FCFA, Frais: 0 FCFA, Commission: 0 FCFA, Montant Net: 13300 FCFA, Nouveau Solde: 53422.33 FCFA."
USER_3,30/05/2025,11:02:23,OrangeMoney,transfert,OUT,10154.0,FCFA,63576.33,"Transfert de [PHONE_5503] [CONTACT_3384] vers [USER_3_phone] [USER_3] reussi. Details: ID transaction: PP250530.1102.C95762, Montant Transaction: 10154FCFA, Frais: 0 FCFA, Commission: 0 FCFA, Montant Net: 10154 FCFA, Nouveau Solde: 63576.33 FCFA."
USER_3,30/05/2025,14:08:34,OrangeMoney,transfert,OUT,10154.0,FCFA,73730.33,"Transfert de [PHONE_4681] [CONTACT_2DFD] vers [USER_3_phone] [USER_3] reussi. Details: ID transaction: PP250530.1408.A29896, Montant Transaction: 10154FCFA, Frais: 0 FCFA, Commission: 0 FCFA, Montant Net: 10154 FCFA, Nouveau Solde: 73730.33 FCFA."
USER_3,30/05/2025,17:17:33,OrangeMoney,transfert,OUT,13199.0,FCFA,86679.33,"Transfert de [PHONE_7619] [CONTACT_05F0] vers [USER_3_phone] [USER_3] reussi. Details: ID transaction: PP250530.1717.D50775, Montant Transaction: 13199FCFA, Frais: 0 FCFA, Commission: 0 FCFA, Montant Net: 13199 FCFA, Nouveau Solde: 86679.33 FCFA."
USER_3,30/05/2025,20:07:41,OrangeMoney,transfert,OUT,10154.0,FCFA,96833.33,"Transfert de [PHONE_0462] [CONTACT_5577] vers [USER_3_phone] [USER_3] reussi. Details: ID transaction: PP250530.2007.C61431, Montant Transaction: 10154FCFA, Frais: 0 FCFA, Commission: 0 FCFA, Montant Net: 10154 FCFA, Nouveau Solde: 96833.33 FCFA."
USER_3,30/05/2025,20:21:50,OrangeMoney,transfert,OUT,30454.0,FCFA,66223.06,"Transfert de [USER_3_phone] [USER_3] vers [PHONE_1495] [CONTACT_AA0C] reussi. ID transaction: PP250530.2021.A86261, Montant Transaction: 30454 FCFA, Frais: 156.27 FCFA, Commission: 0 FCFA, Montant Net: 30610.27 FCFA, Nouveau Solde: 66223.06 FCFA."
USER_3,30/05/2025,21:37:32,OrangeMoney,transfert,OUT,13199.0,FCFA,79422.06,"Transfert de [PHONE_7790] [CONTACT_28EC] vers [USER_3_phone] [USER_3] reussi. Details: ID transaction: PP250530.2137.C08555, Montant Transaction: 13199FCFA, Frais: 0 FCFA, Commission: 0 FCFA, Montant Net: 13199 FCFA, Nouveau Solde: 79422.06 FCFA."
USER_3,31/05/2025,09:20:46,OrangeMoney,transfert,OUT,50000.0,FCFA,129422.06,"Transfert de [PHONE_0462] [CONTACT_5577] vers [USER_3_phone] [USER_3] reussi. Details: ID transaction: PP250531.0920.B34141, Montant Transaction: 50000FCFA, Frais: 0 FCFA, Commission: 0 FCFA, Montant Net: 50000 FCFA, Nouveau Solde: 129422.06 FCFA."
USER_3,31/05/2025,09:41:58,OrangeMoney,transfert,OUT,13199.0,FCFA,142621.06,"Transfert de [PHONE_1689] [CONTACT_E753] vers [USER_3_phone] [USER_3] reussi. Details: ID transaction: PP250531.0941.B46616, Montant Transaction: 13199FCFA, Frais: 0 FCFA, Commission: 0 FCFA, Montant Net: 13199 FCFA, Nouveau Solde: 142621.06 FCFA."
USER_3,31/05/2025,12:26:33,OrangeMoney,retrait,OUT,40000.0,FCFA,102017.06,"Retrait d'argent reussi par le [PHONE_5664] avec le Code : 265687. Informations detaillees : Montant: 40000 FCFA, Frais: 604 FCFA, No de transaction CO250531.1226.D86407, montant net debite 40604 FCFA, Nouveau solde: 102017.06 FCFA."
USER_3,31/05/2025,12:45:14,OrangeMoney,transfert,OUT,90000.0,FCFA,11563.06,"Transfert de [USER_3_phone] [USER_3] vers [PHONE_6287] [CONTACT_5017] reussi. ID transaction: PP250531.1245.D72039, Montant Transaction: 90000 FCFA, Frais: 454 FCFA, Commission: 0 FCFA, Montant Net: 90454 FCFA, Nouveau Solde: 11563.06 FCFA."
USER_3,31/05/2025,13:42:45,OrangeMoney,transfert,OUT,3054.0,FCFA,14617.06,"Transfert de [PHONE_1006] [CONTACT_4148] vers [USER_3_phone] [USER_3] reussi. Details: ID transaction: PP250531.1342.A15066, Montant Transaction: 3054FCFA, Frais: 0 FCFA, Commission: 0 FCFA, Montant Net: 3054 FCFA, Nouveau Solde: 14617.06 FCFA."
USER_3,01/06/2025,16:42:09,OrangeMoney,transfert,OUT,3054.0,FCFA,17671.06,"Transfert de [PHONE_4681] [CONTACT_2DFD] vers [USER_3_phone] [USER_3] reussi. Details: ID transaction: PP250601.1642.A07236, Montant Transaction: 3054FCFA, Frais: 0 FCFA, Commission: 0 FCFA, Montant Net: 3054 FCFA, Nouveau Solde: 17671.06 FCFA."
USER_3,02/06/2025,16:05:51,OrangeMoney,transfert,OUT,3054.0,FCFA,20725.06,"Transfert de [PHONE_5503] [CONTACT_3384] vers [USER_3_phone] [USER_3] reussi. Details: ID transaction: PP250602.1605.A38874, Montant Transaction: 3054FCFA, Frais: 0 FCFA, Commission: 0 FCFA, Montant Net: 3054 FCFA, Nouveau Solde: 20725.06 FCFA."
USER_3,03/06/2025,22:56:45,OrangeMoney,transfert,OUT,2054.0,FCFA,18367.06,"Transfert de [USER_3_phone] [USER_3] vers [PHONE_1839] [CONTACT_9B70] reussi. ID transaction: PP250603.2256.C67721, Montant Transaction: 2054 FCFA, Frais: 54 FCFA, Commission: 0 FCFA, Montant Net: 2108 FCFA, Nouveau Solde: 18367.06 FCFA."
USER_3,05/06/2025,18:50:08,OrangeMoney,transfert,OUT,6094.0,FCFA,24461.06,"Transfert de [PHONE_2661] [CONTACT_CBAB] vers [USER_3_phone] [USER_3] reussi. Details: ID transaction: PP250605.1849.C11995, Montant Transaction: 6094FCFA, Frais: 0 FCFA, Commission: 0 FCFA, Montant Net: 6094 FCFA, Nouveau Solde: 24461.06 FCFA."
USER_3,07/06/2025,15:55,OrangeMoney,depot,IN,100000.0,FCFA,124461.06,"Depot effectue par [PHONE_0646] [CONTACT_B0BC] to [USER_3_phone] [USER_3]. Informations detaillees: Montant de transaction : 100000 FCFA, ID transaction : CI250607.1553.A88809, Frais : 0 FCFA, Commission : 0 FCFA, Montant Net du Credit : 100000 FCFA, Nouveau Solde : 124461.06 FCFA."
USER_3,07/06/2025,16:56:09,OrangeMoney,retrait,OUT,109000.0,FCFA,13822.06,"Retrait d'argent reussi par le [PHONE_5664] avec le Code : 265687. Informations detaillees : Montant: 109000 FCFA, Frais: 1639 FCFA, No de transaction CO250607.1656.D77864, montant net debite 110639 FCFA, Nouveau solde: 13822.06 FCFA."
USER_3,08/06/2025,15:18:45,OrangeMoney,depot,IN,10000.0,FCFA,23822.06,"Depot effectue par [PHONE_8160] [CONTACT_C742] to [USER_3_phone] [USER_3]. Informations detaillees: Montant de transaction : 10000 FCFA, ID transaction : CI250608.1518.A77909, Frais : 0 FCFA, Commission : 0 FCFA, Montant Net du Credit : 10000 FCFA, Nouveau Solde : 23822.06 FCFA."
USER_3,08/06/2025,15:24:26,OrangeMoney,transfert,OUT,6100.0,FCFA,29922.06,"Transfert de [PHONE_8074] [CONTACT_4D86] vers [USER_3_phone] [USER_3] reussi. Details: ID transaction: PP250608.1524.A23803, Montant Transaction: 6100FCFA, Frais: 0 FCFA, Commission: 0 FCFA, Montant Net: 6100 FCFA, Nouveau Solde: 29922.06 FCFA."
USER_3,08/06/2025,19:07:03,OrangeMoney,transfert,OUT,1054.0,FCFA,28814.06,"Transfert de [USER_3_phone] [USER_3] vers [PHONE_1015] [CONTACT_C7FD] reussi. ID transaction: PP250608.1907.D52638, Montant Transaction: 1054 FCFA, Frais: 54 FCFA, Commission: 0 FCFA, Montant Net: 1108 FCFA, Nouveau Solde: 28814.06 FCFA."
USER_3,09/06/2025,12:18:05,OrangeMoney,retrait,OUT,2000.0,FCFA,26510.06,"Retrait d'argent reussi par le [PHONE_5664] avec le Code : 265687. Informations detaillees : Montant: 2000 FCFA, Frais: 54 FCFA, No de transaction CO250609.1218.C57664, montant net debite 2054 FCFA, Nouveau solde: 26510.06 FCFA."
USER_3,09/06/2025,12:36:06,OrangeMoney,transfert,OUT,3100.0,FCFA,29610.06,"Transfert de [PHONE_4495] [CONTACT_C0D8] vers [USER_3_phone] [USER_3] reussi. Details: ID transaction: PP250609.1236.C35293, Montant Transaction: 3100FCFA, Frais: 0 FCFA, Commission: 0 FCFA, Montant Net: 3100 FCFA, Nouveau Solde: 29610.06 FCFA."
USER_3,11/06/2025,10:33:50,OrangeMoney,transfert,OUT,30000.0,FCFA,59610.06,"Transfert de [PHONE_0066] [CONTACT_73F8] vers [USER_3_phone] [USER_3] reussi. Details: ID transaction: PP250611.1033.B39657, Montant Transaction: 30000FCFA, Frais: 0 FCFA, Commission: 0 FCFA, Montant Net: 30000 FCFA, Nouveau Solde: 59610.06 FCFA."
USER_3,11/06/2025,11:57:07,OrangeMoney,transfert,OUT,3054.0,FCFA,62664.06,"Transfert de [PHONE_8074] [CONTACT_4D86] vers [USER_3_phone] [USER_3] reussi. Details: ID transaction: PP250611.1157.D97973, Montant Transaction: 3054FCFA, Frais: 0 FCFA, Commission: 0 FCFA, Montant Net: 3054 FCFA, Nouveau Solde: 62664.06 FCFA."
USER_3,11/06/2025,13:11:32,OrangeMoney,retrait,OUT,42000.0,FCFA,20030.06,"Retrait d'argent reussi par le [PHONE_4327] avec le Code : 146022. Informations detaillees : Montant: 42000 FCFA, Frais: 634 FCFA, No de transaction CO250611.1311.D82097, montant net debite 42634 FCFA, Nouveau solde: 20030.06 FCFA."
USER_3,14/06/2025,10:28:14,OrangeMoney,retrait,OUT,5000.0,FCFA,14701.06,"Retrait d'argent reussi par le [PHONE_5664] avec le Code : 265687. Informations detaillees : Montant: 5000 FCFA, Frais: 79 FCFA, No de transaction CO250614.1028.B92032, montant net debite 5079 FCFA, Nouveau solde: 14701.06 FCFA."
USER_3,15/06/2025,16:49:15,OrangeMoney,autre,unknown,122875.0,FCFA,,"Transfert d'argent de 122875 FCFA reçu de [CONTACT_A4B8] provenant du pays CI le 15/06/2025 à 15:49:07. Nouveau solde OM : 137576.06 FCFA, Frais : 0 FCFA, CI250615.1649.C75306 Orange Money vous remercie"
USER_3,16/06/2025,12:14:47,OrangeMoney,retrait,OUT,120000.0,FCFA,15772.06,"Retrait d'argent reussi par le [PHONE_5664] avec le Code : 265687. Informations detaillees : Montant: 120000 FCFA, Frais: 1804 FCFA, No de transaction CO250616.1214.C97969, montant net debite 121804 FCFA, Nouveau solde: 15772.06 FCFA."
USER_3,26/06/2025,08:30:36,OrangeMoney,transfert,OUT,10154.0,FCFA,25176.06,"Transfert de [PHONE_0462] [CONTACT_5577] vers [USER_3_phone] [USER_3] reussi. Details: ID transaction: PP250626.0830.A32545, Montant Transaction: 10154FCFA, Frais: 0 FCFA, Commission: 0 FCFA, Montant Net: 10154 FCFA, Nouveau Solde: 25176.06 FCFA."
USER_3,26/06/2025,12:11:16,OrangeMoney,depot,IN,10000.0,FCFA,35176.06,"Depot effectue par [PHONE_3159] [CONTACT_03F6] to [USER_3_phone] [USER_3]. Informations detaillees: Montant de transaction : 10000 FCFA, ID transaction : CI250626.1211.B10772, Frais : 0 FCFA, Commission : 0 FCFA, Montant Net du Credit : 10000 FCFA, Nouveau Solde : 35176.06 FCFA."
USER_3,26/06/2025,13:43:24,OrangeMoney,transfert,OUT,5000.0,FCFA,30122.06,"Transfert de [USER_3_phone] [USER_3] vers [PHONE_3071] [CONTACT_55E4] reussi. ID transaction: PP250626.1343.D16683, Montant Transaction: 5000 FCFA, Frais: 54 FCFA, Commission: 0 FCFA, Montant Net: 5054 FCFA, Nouveau Solde: 30122.06 FCFA."
USER_3,28/06/2025,10:55:36,OrangeMoney,depot,IN,25200.0,FCFA,55322.06,"Depot effectue par [PHONE_6239] NGOUCHEME_ASSIATOU to [USER_3_phone] [USER_3]. Informations detaillees: Montant de transaction : 25200 FCFA, ID transaction : CI250628.1055.C91018, Frais : 0 FCFA, Commission : 0 FCFA, Montant Net du Credit : 25200 FCFA, Nouveau Solde : 55322.06 FCFA."
USER_3,28/06/2025,16:34:48,OrangeMoney,retrait,OUT,10000.0,FCFA,45168.06,"Retrait d'argent reussi par le [PHONE_8881] avec le Code : 271903. Informations detaillees : Montant: 10000 FCFA, Frais: 154 FCFA, No de transaction CO250628.1634.C15528, montant net debite 10154 FCFA, Nouveau solde: 45168.06 FCFA."
USER_3,28/06/2025,16:48:09,OrangeMoney,depot,IN,10250.0,FCFA,55418.06,"Depot effectue par [PHONE_0360] [CONTACT_1A14] to [USER_3_phone] [USER_3]. Informations detaillees: Montant de transaction : 10250 FCFA, ID transaction : CI250628.1648.D93336, Frais : 0 FCFA, Commission : 0 FCFA, Montant Net du Credit : 10250 FCFA, Nouveau Solde : 55418.06 FCFA."
USER_3,28/06/2025,17:08:47,OrangeMoney,transfert,OUT,20300.0,FCFA,75718.06,"Transfert de [PHONE_4495] [CONTACT_C0D8] vers [USER_3_phone] [USER_3] reussi. Details: ID transaction: PP250628.1708.D35038, Montant Transaction: 20300FCFA, Frais: 0 FCFA, Commission: 0 FCFA, Montant Net: 20300 FCFA, Nouveau Solde: 75718.06 FCFA."
USER_3,29/06/2025,17:49:21,OrangeMoney,depot,IN,10150.0,FCFA,85618.06,"Depot effectue par [PHONE_7506] [CONTACT_263D] to [USER_3_phone] [USER_3]. Informations detaillees: Montant de transaction : 10150 FCFA, ID transaction : CI250629.1749.B31985, Frais : 0 FCFA, Commission : 0 FCFA, Montant Net du Credit : 10150 FCFA, Nouveau Solde : 85618.06 FCFA."
USER_3,29/06/2025,20:47:58,OrangeMoney,transfert,OUT,10154.0,FCFA,95772.06,"Transfert de [PHONE_2267] [CONTACT_D7AC] vers [USER_3_phone] [USER_3] reussi. Details: ID transaction: PP250629.2047.D12796, Montant Transaction: 10154FCFA, Frais: 0 FCFA, Commission: 0 FCFA, Montant Net: 10154 FCFA, Nouveau Solde: 95772.06 FCFA."
USER_3,30/06/2025,07:17:10,OrangeMoney,transfert,OUT,10154.0,FCFA,105926.06,"Transfert de [PHONE_1689] [CONTACT_E753] vers [USER_3_phone] [USER_3] reussi. Details: ID transaction: PP250630.0717.C76670, Montant Transaction: 10154FCFA, Frais: 0 FCFA, Commission: 0 FCFA, Montant Net: 10154 FCFA, Nouveau Solde: 105926.06 FCFA."
USER_3,30/06/2025,08:17:03,OrangeMoney,transfert,OUT,10200.0,FCFA,116126.06,"Transfert de [PHONE_2542] [CONTACT_D27E] vers [USER_3_phone] [USER_3] reussi. Details: ID transaction: PP250630.0817.A10795, Montant Transaction: 10200FCFA, Frais: 0 FCFA, Commission: 0 FCFA, Montant Net: 10200 FCFA, Nouveau Solde: 116126.06 FCFA."
USER_3,30/06/2025,08:46:44,OrangeMoney,transfert,OUT,10154.0,FCFA,126280.06,"Transfert de [PHONE_7790] [CONTACT_28EC] vers [USER_3_phone] [USER_3] reussi. Details: ID transaction: PP250630.0846.C10904, Montant Transaction: 10154FCFA, Frais: 0 FCFA, Commission: 0 FCFA, Montant Net: 10154 FCFA, Nouveau Solde: 126280.06 FCFA."
USER_3,30/06/2025,14:47:09,OrangeMoney,transfert,OUT,10154.0,FCFA,136434.06,"Transfert de [PHONE_5503] [CONTACT_64FA] vers [USER_3_phone] [USER_3] reussi. Details: ID transaction: PP250630.1447.D45638, Montant Transaction: 10154FCFA, Frais: 0 FCFA, Commission: 0 FCFA, Montant Net: 10154 FCFA, Nouveau Solde: 136434.06 FCFA."
USER_3,30/06/2025,15:25:24,OrangeMoney,transfert,OUT,101504.0,FCFA,34418.54,"Transfert de [USER_3_phone] [USER_3] vers [PHONE_1689] [CONTACT_E753] reussi. ID transaction: PP250630.1525.C59714, Montant Transaction: 101504 FCFA, Frais: 511.52 FCFA, Commission: 0 FCFA, Montant Net: 102015.52 FCFA, Nouveau Solde: 34418.54 FCFA."
USER_3,30/06/2025,15:52:10,OrangeMoney,transfert,OUT,10154.0,FCFA,44572.54,"Transfert de [PHONE_4681] [CONTACT_7073] vers [USER_3_phone] [USER_3] reussi. Details: ID transaction: PP250630.1552.D88667, Montant Transaction: 10154FCFA, Frais: 0 FCFA, Commission: 0 FCFA, Montant Net: 10154 FCFA, Nouveau Solde: 44572.54 FCFA."
USER_3,01/07/2025,17:48:37,OrangeMoney,retrait,OUT,40000.0,FCFA,3968.54,"Retrait d'argent reussi par le [PHONE_9669] avec le Code : 148159. Informations detaillees : Montant: 40000 FCFA, Frais: 604 FCFA, No de transaction CO250701.1748.B86609, montant net debite 40604 FCFA, Nouveau solde: 3968.54 FCFA."
USER_3,01/07/2025,19:11:49,OrangeMoney,transfert,OUT,2100.0,FCFA,1814.54,"Transfert de [USER_3_phone] [USER_3] vers [PHONE_2981] [CONTACT_B341] reussi. ID transaction: PP250701.1911.B75848, Montant Transaction: 2100 FCFA, Frais: 54 FCFA, Commission: 0 FCFA, Montant Net: 2154 FCFA, Nouveau Solde: 1814.54 FCFA."
USER_3,03/07/2025,11:46:26,OrangeMoney,transfert,OUT,500.0,FCFA,1260.54,"Transfert de [USER_3_phone] [USER_3] vers [PHONE_7810] [CONTACT_48B1] reussi. ID transaction: PP250703.1146.A33027, Montant Transaction: 500 FCFA, Frais: 54 FCFA, Commission: 0 FCFA, Montant Net: 554 FCFA, Nouveau Solde: 1260.54 FCFA."
USER_3,04/07/2025,14:32:41,OrangeMoney,depot,IN,126850.0,FCFA,127860.54,"Depot effectue par [PHONE_9808] [CONTACT_BC20] to [USER_3_phone] [USER_3]. Informations detaillees: Montant de transaction : 126850 FCFA, ID transaction : CI250704.1432.C49797, Frais : 0 FCFA, Commission : 0 FCFA, Montant Net du Credit : 126850 FCFA, Nouveau Solde : 127860.54 FCFA."
USER_3,05/07/2025,11:56:20,OrangeMoney,depot,IN,30000.0,FCFA,157860.54,"Depot effectue par [PHONE_6239] NGOUCHEME_ASSIATOU to [USER_3_phone] [USER_3]. Informations detaillees: Montant de transaction : 30000 FCFA, ID transaction : CI250705.1156.A48886, Frais : 0 FCFA, Commission : 0 FCFA, Montant Net du Credit : 30000 FCFA, Nouveau Solde : 157860.54 FCFA."
USER_3,05/07/2025,14:24:05,OrangeMoney,retrait,OUT,155000.0,FCFA,531.54,"Retrait d'argent reussi par le [PHONE_5664] avec le Code : 265687. Informations detaillees : Montant: 155000 FCFA, Frais: 2329 FCFA, No de transaction CO250705.1423.A04333, montant net debite 157329 FCFA, Nouveau solde: 531.54 FCFA."
USER_3,06/07/2025,17:04:24,OrangeMoney,depot,IN,30000.0,FCFA,30531.54,"Depot effectue par [PHONE_6239] NGOUCHEME_ASSIATOU to [USER_3_phone] [USER_3]. Informations detaillees: Montant de transaction : 30000 FCFA, ID transaction : CI250706.1704.C54236, Frais : 0 FCFA, Commission : 0 FCFA, Montant Net du Credit : 30000 FCFA, Nouveau Solde : 30531.54 FCFA."
USER_3,08/07/2025,12:49:23,OrangeMoney,depot,IN,66000.0,FCFA,96531.54,"Depot effectue par [PHONE_6057] [CONTACT_F98C] to [USER_3_phone] [USER_3]. Informations detaillees: Montant de transaction : 66000 FCFA, ID transaction : CI250708.1249.D43710, Frais : 0 FCFA, Commission : 0 FCFA, Montant Net du Credit : 66000 FCFA, Nouveau Solde : 96531.54 FCFA."
USER_3,08/07/2025,16:36:50,OrangeMoney,retrait,OUT,90000.0,FCFA,5177.54,"Retrait d'argent reussi par le [PHONE_5664] avec le Code : 265687. Informations detaillees : Montant: 90000 FCFA, Frais: 1354 FCFA, No de transaction CO250708.1636.C88806, montant net debite 91354 FCFA, Nouveau solde: 5177.54 FCFA."
USER_3,09/07/2025,10:44:26,OrangeMoney,transfert,OUT,3050.0,FCFA,8227.54,"Transfert de [PHONE_9136] [CONTACT_E7CC] vers [USER_3_phone] [USER_3] reussi. Details: ID transaction: PP250709.1044.C25935, Montant Transaction: 3050FCFA, Frais: 0 FCFA, Commission: 0 FCFA, Montant Net: 3050 FCFA, Nouveau Solde: 8227.54 FCFA."
USER_3,09/07/2025,14:45:45,OrangeMoney,transfert,OUT,3054.0,FCFA,5119.54,"Transfert de [USER_3_phone] [USER_3] vers [PHONE_3071] [CONTACT_55E4] reussi. ID transaction: PP250709.1445.B73914, Montant Transaction: 3054 FCFA, Frais: 54 FCFA, Commission: 0 FCFA, Montant Net: 3108 FCFA, Nouveau Solde: 5119.54 FCFA."
USER_3,10/07/2025,09:52:35,OrangeMoney,rechargement,OUT,500.0,FCFA,4619.54,"Rechargement reussi. Montant de la transaction: 500 FCFA, ID transaction: RC250710.0952.B91705, Frais: 0 FCFA, Commission: 0 FCFA, Nouveau solde: 4619.54 FCFA"
USER_3,16/07/2025,16:21:58,OrangeMoney,transfert,OUT,51000.0,FCFA,55119.54,"Transfert de [PHONE_5186] [CONTACT_BF79] vers [USER_3_phone] [USER_3] reussi. Details: ID transaction: PP250716.1621.A58486, Montant Transaction: 51000FCFA, Frais: 0 FCFA, Commission: 0 FCFA, Montant Net: 51000 FCFA, Nouveau Solde: 55119.54 FCFA."
USER_3,16/07/2025,17:29:47,OrangeMoney,depot,IN,10000.0,FCFA,65119.54,"Depot effectue par [PHONE_8160] [CONTACT_C742] to [USER_3_phone] [USER_3]. Informations detaillees: Montant de transaction : 10000 FCFA, ID transaction : CI250716.1729.B07442, Frais : 0 FCFA, Commission : 0 FCFA, Montant Net du Credit : 10000 FCFA, Nouveau Solde : 65119.54 FCFA."
USER_3,18/07/2025,19:07:03,OrangeMoney,transfert,OUT,50000.0,FCFA,114869.54,"Transfert de [PHONE_6409] [CONTACT_53A5] vers [USER_3_phone] [USER_3] reussi. Details: ID transaction: PP250718.1907.C08170, Montant Transaction: 50000FCFA, Frais: 0 FCFA, Commission: 0 FCFA, Montant Net: 50000 FCFA, Nouveau Solde: 114869.54 FCFA."
USER_3,19/07/2025,16:57:33,OrangeMoney,depot,IN,51000.0,FCFA,165869.54,"Depot effectue par [PHONE_5664] [CONTACT_7B9E] to [USER_3_phone] [USER_3]. Informations detaillees: Montant de transaction : 51000 FCFA, ID transaction : CI250719.1657.D67537, Frais : 0 FCFA, Commission : 0 FCFA, Montant Net du Credit : 51000 FCFA, Nouveau Solde : 165869.54 FCFA."
USER_3,19/07/2025,17:05:22,OrangeMoney,transfert,OUT,152254.0,FCFA,12850.27,"Transfert de [USER_3_phone] [USER_3] vers [PHONE_6978] [CONTACT_A076] reussi. ID transaction: PP250719.1705.C69962, Montant Transaction: 152254 FCFA, Frais: 765.27 FCFA, Commission: 0 FCFA, Montant Net: 153019.27 FCFA, Nouveau Solde: 12850.27 FCFA."
USER_3,19/07/2025,22:21:34,OrangeMoney,autre,unknown,344665.0,FCFA,,"Transfert d'argent de 344665 FCFA reçu de [CONTACT_E064] provenant du pays CI le 19/07/2025 à 21:19:06. Nouveau solde OM : 357515.27 FCFA, Frais : 0 FCFA, CI250719.2219.B48397 Orange Money vous remercie"
USER_3,21/07/2025,13:39:46,OrangeMoney,retrait,OUT,340000.0,FCFA,13511.27,"Retrait d'argent reussi par le [PHONE_5664] avec le Code : 265687. Informations detaillees : Montant: 340000 FCFA, Frais: 4004 FCFA, No de transaction CO250721.1339.C37094, montant net debite 344004 FCFA, Nouveau solde: 13511.27 FCFA."
USER_3,21/07/2025,14:34:20,OrangeMoney,transfert,OUT,2600.0,FCFA,16111.27,"Transfert de [PHONE_9316] [CONTACT_6CCA] vers [USER_3_phone] [USER_3] reussi. Details: ID transaction: PP250721.1434.B16785, Montant Transaction: 2600FCFA, Frais: 0 FCFA, Commission: 0 FCFA, Montant Net: 2600 FCFA, Nouveau Solde: 16111.27 FCFA."
USER_3,22/07/2025,09:40:08,OrangeMoney,depot,IN,25000.0,FCFA,41111.27,"Depot effectue par [PHONE_6239] NGOUCHEME_ASSIATOU to [USER_3_phone] [USER_3]. Informations detaillees: Montant de transaction : 25000 FCFA, ID transaction : CI250722.0940.A03224, Frais : 0 FCFA, Commission : 0 FCFA, Montant Net du Credit : 25000 FCFA, Nouveau Solde : 41111.27 FCFA."
USER_3,22/07/2025,16:11:05,OrangeMoney,retrait,OUT,27000.0,FCFA,13702.27,"Retrait d'argent reussi par le [PHONE_5664] avec le Code : 265687. Informations detaillees : Montant: 27000 FCFA, Frais: 409 FCFA, No de transaction CO250722.1611.B28728, montant net debite 27409 FCFA, Nouveau solde: 13702.27 FCFA."
USER_3,24/07/2025,15:56:23,OrangeMoney,transfert,OUT,3000.0,FCFA,10648.27,"Transfert de [USER_3_phone] [USER_3] vers [PHONE_8571] [CONTACT_9ECF] reussi. ID transaction: PP250724.1556.B82407, Montant Transaction: 3000 FCFA, Frais: 54 FCFA, Commission: 0 FCFA, Montant Net: 3054 FCFA, Nouveau Solde: 10648.27 FCFA."
USER_3,25/07/2025,21:35:52,OrangeMoney,transfert,OUT,103000.0,FCFA,113398.27,"Transfert de [PHONE_0432] [CONTACT_4EEA] vers [USER_3_phone] [USER_3] reussi. Details: ID transaction: PP250725.2135.B57419, Montant Transaction: 103000FCFA, Frais: 0 FCFA, Commission: 0 FCFA, Montant Net: 103000 FCFA, Nouveau Solde: 113398.27 FCFA."
USER_3,26/07/2025,12:39:53,OrangeMoney,transfert,OUT,10154.0,FCFA,123552.27,"Transfert de [PHONE_4681] [CONTACT_7073] vers [USER_3_phone] [USER_3] reussi. Details: ID transaction: PP250726.1239.C33180, Montant Transaction: 10154FCFA, Frais: 0 FCFA, Commission: 0 FCFA, Montant Net: 10154 FCFA, Nouveau Solde: 123552.27 FCFA."
USER_3,28/07/2025,10:01:48,OrangeMoney,transfert,OUT,25379.0,FCFA,98042.38,"Transfert de [USER_3_phone] [USER_3] vers [PHONE_9329] [CONTACT_46BA] reussi. ID transaction: PP250728.1001.A93004, Montant Transaction: 25379 FCFA, Frais: 130.89 FCFA, Commission: 0 FCFA, Montant Net: 25509.89 FCFA, Nouveau Solde: 98042.38 FCFA."
USER_3,28/07/2025,10:11:45,OrangeMoney,depot,IN,10200.0,FCFA,108242.38,"Depot effectue par [PHONE_4564] [CONTACT_9C9A] SERVICES3 to [USER_3_phone] [USER_3]. Informations detaillees: Montant de transaction : 10200 FCFA, ID transaction : CI250728.1011.C07436, Frais : 0 FCFA, Commission : 0 FCFA, Montant Net du Credit : 10200 FCFA, Nouveau Solde : 108242.38 FCFA."
USER_3,29/07/2025,08:26:24,OrangeMoney,transfert,OUT,15229.0,FCFA,123471.38,"Transfert de [PHONE_8074] [CONTACT_4D86] vers [USER_3_phone] [USER_3] reussi. Details: ID transaction: PP250729.0826.B73844, Montant Transaction: 15229FCFA, Frais: 0 FCFA, Commission: 0 FCFA, Montant Net: 15229 FCFA, Nouveau Solde: 123471.38 FCFA."
USER_3,29/07/2025,08:29:39,OrangeMoney,depot,IN,10150.0,FCFA,133621.38,"Depot effectue par [PHONE_7506] [CONTACT_263D] to [USER_3_phone] [USER_3]. Informations detaillees: Montant de transaction : 10150 FCFA, ID transaction : CI250729.0829.D42338, Frais : 0 FCFA, Commission : 0 FCFA, Montant Net du Credit : 10150 FCFA, Nouveau Solde : 133621.38 FCFA."
USER_3,29/07/2025,10:58:48,OrangeMoney,transfert,OUT,3000.0,FCFA,130567.38,"Transfert de [USER_3_phone] [USER_3] vers [PHONE_1593] [CONTACT_3BDC] reussi. ID transaction: PP250729.1058.D66891, Montant Transaction: 3000 FCFA, Frais: 54 FCFA, Commission: 0 FCFA, Montant Net: 3054 FCFA, Nouveau Solde: 130567.38 FCFA."
USER_3,29/07/2025,11:11:10,OrangeMoney,transfert,OUT,10154.0,FCFA,140721.38,"Transfert de [PHONE_5503] [CONTACT_64FA] vers [USER_3_phone] [USER_3] reussi. Details: ID transaction: PP250729.1111.A70514, Montant Transaction: 10154FCFA, Frais: 0 FCFA, Commission: 0 FCFA, Montant Net: 10154 FCFA, Nouveau Solde: 140721.38 FCFA."
USER_3,29/07/2025,12:05:04,OrangeMoney,retrait,OUT,75000.0,FCFA,64592.38,"Retrait d'argent reussi par le [PHONE_5664] avec le Code : 265687. Informations detaillees : Montant: 75000 FCFA, Frais: 1129 FCFA, No de transaction CO250729.1205.A44466, montant net debite 76129 FCFA, Nouveau solde: 64592.38 FCFA."
USER_3,29/07/2025,16:08:58,OrangeMoney,depot,IN,10150.0,FCFA,74742.38,"Depot effectue par [PHONE_5949] [CONTACT_A2BA] to [USER_3_phone] [USER_3]. Informations detaillees: Montant de transaction : 10150 FCFA, ID transaction : CI250729.1608.A65995, Frais : 0 FCFA, Commission : 0 FCFA, Montant Net du Credit : 10150 FCFA, Nouveau Solde : 74742.38 FCFA."
USER_3,30/07/2025,07:57:26,OrangeMoney,transfert,OUT,15300.0,FCFA,90042.38,"Transfert de [PHONE_2542] [CONTACT_D27E] vers [USER_3_phone] [USER_3] reussi. Details: ID transaction: PP250730.0757.B03173, Montant Transaction: 15300FCFA, Frais: 0 FCFA, Commission: 0 FCFA, Montant Net: 15300 FCFA, Nouveau Solde: 90042.38 FCFA."
USER_3,30/07/2025,08:13:03,OrangeMoney,transfert,OUT,15229.0,FCFA,105271.38,"Transfert de [PHONE_8074] [CONTACT_4D86] vers [USER_3_phone] [USER_3] reussi. Details: ID transaction: PP250730.0812.B08957, Montant Transaction: 15229FCFA, Frais: 0 FCFA, Commission: 0 FCFA, Montant Net: 15229 FCFA, Nouveau Solde: 105271.38 FCFA."
USER_3,30/07/2025,09:12:32,OrangeMoney,transfert,OUT,96429.0,FCFA,8356.24,"Transfert de [USER_3_phone] [USER_3] vers [PHONE_7790] [CONTACT_28EC] reussi. ID transaction: PP250730.0856.B28132, Montant Transaction: 96429 FCFA, Frais: 486.14 FCFA, Commission: 0 FCFA, Montant Net: 96915.14 FCFA, Nouveau Solde: 8356.24 FCFA."
USER_3,30/07/2025,18:30:50,OrangeMoney,transfert,OUT,20304.0,FCFA,28660.24,"Transfert de [PHONE_5972] [CONTACT_A0D0] vers [USER_3_phone] [USER_3] reussi. Details: ID transaction: PP250730.1830.A84104, Montant Transaction: 20304FCFA, Frais: 0 FCFA, Commission: 0 FCFA, Montant Net: 20304 FCFA, Nouveau Solde: 28660.24 FCFA."
USER_3,31/07/2025,17:35:05,OrangeMoney,retrait,OUT,20000.0,FCFA,8356.24,"Retrait d'argent reussi par le [PHONE_4327] avec le Code : 146022. Informations detaillees : Montant: 20000 FCFA, Frais: 304 FCFA, No de transaction CO250731.1735.A74735, montant net debite 20304 FCFA, Nouveau solde: 8356.24 FCFA."
USER_3,31/07/2025,18:22:21,OrangeMoney,transfert,OUT,3054.0,FCFA,5248.24,"Transfert de [USER_3_phone] [USER_3] vers [PHONE_7365] [CONTACT_68BB] reussi. ID transaction: PP250731.1822.D28357, Montant Transaction: 3054 FCFA, Frais: 54 FCFA, Commission: 0 FCFA, Montant Net: 3108 FCFA, Nouveau Solde: 5248.24 FCFA."
USER_3,04/08/2025,09:15:39,OrangeMoney,depot,IN,30000.0,FCFA,34998.24,"Depot effectue par [PHONE_9768] [CONTACT_BC30] to [USER_3_phone] [USER_3]. Informations detaillees: Montant de transaction : 30000 FCFA, ID transaction : CI250804.0915.C82756, Frais : 0 FCFA, Commission : 0 FCFA, Montant Net du Credit : 30000 FCFA, Nouveau Solde : 34998.24 FCFA."
USER_3,04/08/2025,13:35:16,OrangeMoney,transfert,OUT,3000.0,FCFA,37998.24,"Transfert de [PHONE_3443] [CONTACT_9032] vers [USER_3_phone] [USER_3] reussi. Details: ID transaction: PP250804.1335.C19002, Montant Transaction: 3000FCFA, Frais: 0 FCFA, Commission: 0 FCFA, Montant Net: 3000 FCFA, Nouveau Solde: 37998.24 FCFA."
USER_3,04/08/2025,18:00:35,OrangeMoney,transfert,OUT,15229.0,FCFA,53227.24,"Transfert de [PHONE_7967] [CONTACT_D309] vers [USER_3_phone] [USER_3] reussi. Details: ID transaction: PP250804.1800.C81891, Montant Transaction: 15229FCFA, Frais: 0 FCFA, Commission: 0 FCFA, Montant Net: 15229 FCFA, Nouveau Solde: 53227.24 FCFA."
USER_3,04/08/2025,18:10:10,OrangeMoney,retrait,OUT,40000.0,FCFA,12623.24,"Retrait d'argent reussi par le [PHONE_4327] avec le Code : 146022. Informations detaillees : Montant: 40000 FCFA, Frais: 604 FCFA, No de transaction CO250804.1810.C80582, montant net debite 40604 FCFA, Nouveau solde: 12623.24 FCFA."
USER_3,08/08/2025,09:41:55,OrangeMoney,retrait,OUT,10000.0,FCFA,2469.24,"Retrait d'argent reussi par le [PHONE_1570] avec le Code : 608786. Informations detaillees : Montant: 10000 FCFA, Frais: 154 FCFA, No de transaction CO250808.0941.D51911, montant net debite 10154 FCFA, Nouveau solde: 2469.24 FCFA."
USER_3,08/08/2025,19:33:19,OrangeMoney,transfert,OUT,500.0,FCFA,2719.24,"Transfert de [PHONE_7810] [CONTACT_48B1] vers [USER_3_phone] [USER_3] reussi. Details: ID transaction: PP250808.1933.D30771, Montant Transaction: 500FCFA, Frais: 0 FCFA, Commission: 0 FCFA, Montant Net: 500 FCFA, Nouveau Solde: 2719.24 FCFA."
USER_3,08/08/2025,19:38:47,OrangeMoney,transfert,OUT,2554.0,FCFA,111.24,"Transfert de [USER_3_phone] [USER_3] vers [PHONE_2892] [CONTACT_33BF] reussi. ID transaction: PP250808.1938.D34273, Montant Transaction: 2554 FCFA, Frais: 54 FCFA, Commission: 0 FCFA, Montant Net: 2608 FCFA, Nouveau Solde: 111.24 FCFA."
USER_3,09/08/2025,09:36:20,OrangeMoney,depot,IN,5100.0,FCFA,5211.24,"Depot effectue par [PHONE_8283] [CONTACT_5628] to [USER_3_phone] [USER_3]. Informations detaillees: Montant de transaction : 5100 FCFA, ID transaction : CI250809.0936.D29802, Frais : 0 FCFA, Commission : 0 FCFA, Montant Net du Credit : 5100 FCFA, Nouveau Solde : 5211.24 FCFA."
USER_3,09/08/2025,12:55:11,OrangeMoney,transfert,OUT,50000.0,FCFA,55211.24,"Transfert de [PHONE_8982] [CONTACT_7A32] vers [USER_3_phone] [USER_3] reussi. Details: ID transaction: PP250809.1255.D25226, Montant Transaction: 50000FCFA, Frais: 0 FCFA, Commission: 0 FCFA, Montant Net: 50000 FCFA, Nouveau Solde: 55211.24 FCFA."
USER_3,09/08/2025,16:03:41,OrangeMoney,transfert,OUT,5150.0,FCFA,60361.24,"Transfert de [PHONE_4495] [CONTACT_C0D8] vers [USER_3_phone] [USER_3] reussi. Details: ID transaction: PP250809.1603.D43229, Montant Transaction: 5150FCFA, Frais: 0 FCFA, Commission: 0 FCFA, Montant Net: 5150 FCFA, Nouveau Solde: 60361.24 FCFA."
USER_3,09/08/2025,17:08:11,OrangeMoney,depot,IN,5100.0,FCFA,65461.24,"Depot effectue par [PHONE_7506] [CONTACT_263D] to [USER_3_phone] [USER_3]. Informations detaillees: Montant de transaction : 5100 FCFA, ID transaction : CI250809.1708.C55089, Frais : 0 FCFA, Commission : 0 FCFA, Montant Net du Credit : 5100 FCFA, Nouveau Solde : 65461.24 FCFA."
USER_3,10/08/2025,18:56:17,OrangeMoney,depot,IN,50000.0,FCFA,115461.24,"Depot effectue par [PHONE_6239] NGOUCHEME_ASSIATOU to [USER_3_phone] [USER_3]. Informations detaillees: Montant de transaction : 50000 FCFA, ID transaction : CI250810.1856.C04891, Frais : 0 FCFA, Commission : 0 FCFA, Montant Net du Credit : 50000 FCFA, Nouveau Solde : 115461.24 FCFA."
USER_3,11/08/2025,15:33:02,OrangeMoney,retrait,OUT,100000.0,FCFA,13957.24,"Retrait d'argent reussi par le [PHONE_5664] avec le Code : 265687. Informations detaillees : Montant: 100000 FCFA, Frais: 1504 FCFA, No de transaction CO250811.1533.B45231, montant net debite 101504 FCFA, Nouveau solde: 13957.24 FCFA."
USER_3,12/08/2025,09:27:44,OrangeMoney,transfert,OUT,152254.0,FCFA,166211.24,"Transfert de [PHONE_6274] [CONTACT_0EF4] vers [USER_3_phone] [USER_3] reussi. Details: ID transaction: PP250812.0927.A97055, Montant Transaction: 152254FCFA, Frais: 0 FCFA, Commission: 0 FCFA, Montant Net: 152254 FCFA, Nouveau Solde: 166211.24 FCFA."
USER_3,12/08/2025,13:23:41,OrangeMoney,transfert,OUT,13199.0,FCFA,179410.24,"Transfert de [PHONE_5451] [CONTACT_B812] vers [USER_3_phone] [USER_3] reussi. Details: ID transaction: PP250812.1323.D36068, Montant Transaction: 13199FCFA, Frais: 0 FCFA, Commission: 0 FCFA, Montant Net: 13199 FCFA, Nouveau Solde: 179410.24 FCFA."
USER_3,12/08/2025,14:40:58,OrangeMoney,depot,IN,30000.0,FCFA,209410.24,"Depot effectue par [PHONE_6239] NGOUCHEME_ASSIATOU to [USER_3_phone] [USER_3]. Informations detaillees: Montant de transaction : 30000 FCFA, ID transaction : CI250812.1440.B30085, Frais : 0 FCFA, Commission : 0 FCFA, Montant Net du Credit : 30000 FCFA, Nouveau Solde : 209410.24 FCFA."
USER_3,12/08/2025,16:24:51,OrangeMoney,retrait,OUT,150000.0,FCFA,57156.24,"Retrait d'argent reussi par le [PHONE_5664] avec le Code : 265687. Informations detaillees : Montant: 150000 FCFA, Frais: 2254 FCFA, No de transaction CO250812.1624.C67768, montant net debite 152254 FCFA, Nouveau solde: 57156.24 FCFA."
USER_3,12/08/2025,16:25:51,OrangeMoney,retrait,OUT,30000.0,FCFA,26702.24,"Retrait d'argent reussi par le [PHONE_5664] avec le Code : 265687. Informations detaillees : Montant: 30000 FCFA, Frais: 454 FCFA, No de transaction CO250812.1625.D60050, montant net debite 30454 FCFA, Nouveau solde: 26702.24 FCFA."
USER_3,13/08/2025,14:34:04,OrangeMoney,transfert,OUT,5079.0,FCFA,31781.24,"Transfert de [PHONE_7619] [CONTACT_05F0] vers [USER_3_phone] [USER_3] reussi. Details: ID transaction: PP250813.1434.B70324, Montant Transaction: 5079FCFA, Frais: 0 FCFA, Commission: 0 FCFA, Montant Net: 5079 FCFA, Nouveau Solde: 31781.24 FCFA."
USER_3,16/08/2025,10:57:39,OrangeMoney,transfert,OUT,5079.0,FCFA,36860.24,"Transfert de [PHONE_5503] [CONTACT_64FA] vers [USER_3_phone] [USER_3] reussi. Details: ID transaction: PP250816.1057.D58052, Montant Transaction: 5079FCFA, Frais: 0 FCFA, Commission: 0 FCFA, Montant Net: 5079 FCFA, Nouveau Solde: 36860.24 FCFA."
USER_3,16/08/2025,19:43:42,OrangeMoney,transfert,OUT,51000.0,FCFA,87510.24,"Transfert de [PHONE_5186] [CONTACT_BF79] vers [USER_3_phone] [USER_3] reussi. Details: ID transaction: PP250816.1943.B50904, Montant Transaction: 51000FCFA, Frais: 0 FCFA, Commission: 0 FCFA, Montant Net: 51000 FCFA, Nouveau Solde: 87510.24 FCFA."
USER_3,16/08/2025,20:56:59,OrangeMoney,transfert,OUT,6094.0,FCFA,93604.24,"Transfert de [PHONE_9089] [CONTACT_A791] vers [USER_3_phone] [USER_3] reussi. Details: ID transaction: PP250816.2056.B88751, Montant Transaction: 6094FCFA, Frais: 0 FCFA, Commission: 0 FCFA, Montant Net: 6094 FCFA, Nouveau Solde: 93604.24 FCFA."
USER_3,18/08/2025,13:49:38,OrangeMoney,transfert,OUT,5079.0,FCFA,98683.24,"Transfert de [PHONE_5972] [CONTACT_A0D0] vers [USER_3_phone] [USER_3] reussi. Details: ID transaction: PP250818.1349.C53150, Montant Transaction: 5079FCFA, Frais: 0 FCFA, Commission: 0 FCFA, Montant Net: 5079 FCFA, Nouveau Solde: 98683.24 FCFA."
USER_3,18/08/2025,14:55:35,OrangeMoney,transfert,OUT,5079.0,FCFA,103762.24,"Transfert de [PHONE_1006] [CONTACT_4148] vers [USER_3_phone] [USER_3] reussi. Details: ID transaction: PP250818.1455.D10803, Montant Transaction: 5079FCFA, Frais: 0 FCFA, Commission: 0 FCFA, Montant Net: 5079 FCFA, Nouveau Solde: 103762.24 FCFA."
USER_3,19/08/2025,12:41:14,OrangeMoney,transfert,OUT,71054.0,FCFA,32348.97,"Transfert de [USER_3_phone] [USER_3] vers [PHONE_8074] [CONTACT_4D86] reussi. ID transaction: PP250819.1241.D48489, Montant Transaction: 71054 FCFA, Frais: 359.27 FCFA, Commission: 0 FCFA, Montant Net: 71413.27 FCFA, Nouveau Solde: 32348.97 FCFA."
USER_3,20/08/2025,14:00:51,OrangeMoney,retrait,OUT,11100.0,FCFA,20728.47,"Retrait d'argent reussi par le [PHONE_3940] avec le Code : 183873. Informations detaillees : Montant: 11100 FCFA, Frais: 170.5 FCFA, No de transaction CO250820.1400.C75009, montant net debite 11270.5 FCFA, Nouveau solde: 20728.47 FCFA."
USER_3,21/08/2025,15:50:49,OrangeMoney,transfert,OUT,25100.0,FCFA,45828.47,"Transfert de [PHONE_8362] [CONTACT_F7A7] vers [USER_3_phone] [USER_3] reussi. Details: ID transaction: PP250821.1550.D73806, Montant Transaction: 25100FCFA, Frais: 0 FCFA, Commission: 0 FCFA, Montant Net: 25100 FCFA, Nouveau Solde: 45828.47 FCFA."
USER_3,22/08/2025,14:27:11,OrangeMoney,transfert,OUT,6094.0,FCFA,39680.47,"Transfert de [USER_3_phone] [USER_3] vers [PHONE_9939] [CONTACT_B58A] reussi. ID transaction: PP250822.1427.C21466, Montant Transaction: 6094 FCFA, Frais: 54 FCFA, Commission: 0 FCFA, Montant Net: 6148 FCFA, Nouveau Solde: 39680.47 FCFA."
USER_3,23/08/2025,08:01:31,OrangeMoney,transfert,OUT,102000.0,FCFA,141680.47,"Transfert de [PHONE_6978] [CONTACT_A076] vers [USER_3_phone] [USER_3] reussi. Details: ID transaction: PP250823.0801.B50103, Montant Transaction: 102000FCFA, Frais: 0 FCFA, Commission: 0 FCFA, Montant Net: 102000 FCFA, Nouveau Solde: 141680.47 FCFA."
USER_3,23/08/2025,08:02:30,OrangeMoney,transfert,OUT,50700.0,FCFA,192380.47,"Transfert de [PHONE_6978] [CONTACT_A076] vers [USER_3_phone] [USER_3] reussi. Details: ID transaction: PP250823.0802.A58859, Montant Transaction: 50700FCFA, Frais: 0 FCFA, Commission: 0 FCFA, Montant Net: 50700 FCFA, Nouveau Solde: 192380.47 FCFA."
USER_3,24/08/2025,10:58:46,OrangeMoney,transfert,OUT,3500.0,FCFA,195530.47,"Transfert de [PHONE_5725] [CONTACT_DED9] vers [USER_3_phone] [USER_3] reussi. Details: ID transaction: PP250824.1058.A52386, Montant Transaction: 3500FCFA, Frais: 0 FCFA, Commission: 0 FCFA, Montant Net: 3500 FCFA, Nouveau Solde: 195530.47 FCFA."
USER_3,24/08/2025,15:24:32,OrangeMoney,transfert,OUT,5079.0,FCFA,190397.47,"Transfert de [USER_3_phone] [USER_3] vers [PHONE_3071] [CONTACT_55E4] reussi. ID transaction: PP250824.1524.D01115, Montant Transaction: 5079 FCFA, Frais: 54 FCFA, Commission: 0 FCFA, Montant Net: 5133 FCFA, Nouveau Solde: 190397.47 FCFA."
USER_3,24/08/2025,15:56:13,OrangeMoney,transfert,OUT,5000.0,FCFA,185343.47,"Transfert de [USER_3_phone] [USER_3] vers [PHONE_3071] [CONTACT_55E4] reussi. ID transaction: PP250824.1556.B05283, Montant Transaction: 5000 FCFA, Frais: 54 FCFA, Commission: 0 FCFA, Montant Net: 5054 FCFA, Nouveau Solde: 185343.47 FCFA."
USER_3,27/08/2025,14:39,OrangeMoney,retrait,OUT,180000.0,FCFA,2639.47,"Retrait d'argent reussi par le [PHONE_5664] avec le Code : 265687. Informations detaillees : Montant: 180000 FCFA, Frais: 2704 FCFA, No de transaction CO250827.1438.B76761, montant net debite 182704 FCFA, Nouveau solde: 2639.47 FCFA."
USER_3,28/08/2025,07:17:25,OrangeMoney,transfert,OUT,20304.0,FCFA,22943.47,"Transfert de [PHONE_8074] [CONTACT_4D86] vers [USER_3_phone] [USER_3] reussi. Details: ID transaction: PP250828.0717.A51261, Montant Transaction: 20304FCFA, Frais: 0 FCFA, Commission: 0 FCFA, Montant Net: 20304 FCFA, Nouveau Solde: 22943.47 FCFA."
USER_3,28/08/2025,20:40,OrangeMoney,depot,IN,10000.0,FCFA,32943.47,"Depot effectue par [PHONE_4564] [CONTACT_9C9A] SERVICES3 to [USER_3_phone] [USER_3]. Informations detaillees: Montant de transaction : 10000 FCFA, ID transaction : CI250828.2039.C68685, Frais : 0 FCFA, Commission : 0 FCFA, Montant Net du Credit : 10000 FCFA, Nouveau Solde : 32943.47 FCFA."
USER_3,28/08/2025,20:54:46,OrangeMoney,transfert,OUT,250.0,FCFA,33193.47,"Transfert de [PHONE_7619] [CONTACT_05F0] vers [USER_3_phone] [USER_3] reussi. Details: ID transaction: PP250828.2054.C31285, Montant Transaction: 250FCFA, Frais: 0 FCFA, Commission: 0 FCFA, Montant Net: 250 FCFA, Nouveau Solde: 33193.47 FCFA."
USER_3,29/08/2025,08:11:34,OrangeMoney,transfert,OUT,10154.0,FCFA,43347.47,"Transfert de [PHONE_4681] [CONTACT_7073] vers [USER_3_phone] [USER_3] reussi. Details: ID transaction: PP250829.0811.B51162, Montant Transaction: 10154FCFA, Frais: 0 FCFA, Commission: 0 FCFA, Montant Net: 10154 FCFA, Nouveau Solde: 43347.47 FCFA."
USER_3,29/08/2025,13:18:25,OrangeMoney,depot,IN,10150.0,FCFA,53497.47,"Depot effectue par [PHONE_5949] [CONTACT_A2BA] to [USER_3_phone] [USER_3]. Informations detaillees: Montant de transaction : 10150 FCFA, ID transaction : CI250829.1318.B48268, Frais : 0 FCFA, Commission : 0 FCFA, Montant Net du Credit : 10150 FCFA, Nouveau Solde : 53497.47 FCFA."
USER_3,29/08/2025,19:06:15,OrangeMoney,depot,IN,10150.0,FCFA,63647.47,"Depot effectue par [PHONE_7506] [CONTACT_263D] to [USER_3_phone] [USER_3]. Informations detaillees: Montant de transaction : 10150 FCFA, ID transaction : CI250829.1906.C52729, Frais : 0 FCFA, Commission : 0 FCFA, Montant Net du Credit : 10150 FCFA, Nouveau Solde : 63647.47 FCFA."
USER_3,30/08/2025,17:24:55,OrangeMoney,transfert,OUT,10200.0,FCFA,73847.47,"Transfert de [PHONE_2542] [CONTACT_D27E] vers [USER_3_phone] [USER_3] reussi. Details: ID transaction: PP250830.1724.D64117, Montant Transaction: 10200FCFA, Frais: 0 FCFA, Commission: 0 FCFA, Montant Net: 10200 FCFA, Nouveau Solde: 73847.47 FCFA."
USER_3,01/09/2025,09:01:27,OrangeMoney,depot,IN,101500.0,FCFA,174447.47,"Depot effectue par [PHONE_1185] [CONTACT_95FF] to [USER_3_phone] [USER_3]. Informations detaillees: Montant de transaction : 101500 FCFA, ID transaction : CI250901.0901.C22665, Frais : 0 FCFA, Commission : 0 FCFA, Montant Net du Credit : 101500 FCFA, Nouveau Solde : 174447.47 FCFA."
USER_3,02/09/2025,02:11:15,OrangeMoney,transfert,OUT,10154.0,FCFA,184473.47,"Transfert de [PHONE_7967] [CONTACT_D309] vers [USER_3_phone] [USER_3] reussi. Details: ID transaction: PP250902.0211.A43931, Montant Transaction: 10154FCFA, Frais: 0 FCFA, Commission: 0 FCFA, Montant Net: 10154 FCFA, Nouveau Solde: 184473.47 FCFA."
USER_3,03/09/2025,08:07:51,OrangeMoney,transfert,OUT,111654.0,FCFA,72257.2,"Transfert de [USER_3_phone] [USER_3] vers [PHONE_5972] [CONTACT_A0D0] reussi. ID transaction: PP250903.0807.B60199, Montant Transaction: 111654 FCFA, Frais: 562.27 FCFA, Commission: 0 FCFA, Montant Net: 112216.27 FCFA, Nouveau Solde: 72257.2 FCFA."
USER_3,04/09/2025,07:54:13,OrangeMoney,transfert,OUT,40604.0,FCFA,31446.18,"Transfert de [USER_3_phone] [USER_3] vers [PHONE_0579] [CONTACT_02E8] reussi. ID transaction: PP250904.0754.C28572, Montant Transaction: 40604 FCFA, Frais: 207.02 FCFA, Commission: 0 FCFA, Montant Net: 40811.02 FCFA, Nouveau Solde: 31446.18 FCFA."
USER_3,04/09/2025,15:10:34,OrangeMoney,retrait,OUT,30000.0,FCFA,1142.18,"Retrait d'argent reussi par le [PHONE_5664] avec le Code : 265687. Informations detaillees : Montant: 30000 FCFA, Frais: 304 FCFA, No de transaction CO250904.1510.D07075, montant net debite 30304 FCFA, Nouveau solde: 1142.18 FCFA."
USER_3,08/09/2025,21:23:57,OrangeMoney,transfert,OUT,300.0,FCFA,788.18,"Transfert de [USER_3_phone] [USER_3] vers [PHONE_7810] [CONTACT_48B1] reussi. ID transaction: PP250908.2123.B29187, Montant Transaction: 300 FCFA, Frais: 54 FCFA, Commission: 0 FCFA, Montant Net: 354 FCFA, Nouveau Solde: 788.18 FCFA."
USER_3,14/09/2025,14:55:25,OrangeMoney,depot,IN,30000.0,FCFA,30788.18,"Depot effectue par [PHONE_6239] NGOUCHEME_ASSIATOU to [USER_3_phone] [USER_3]. Informations detaillees: Montant de transaction : 30000 FCFA, ID transaction : CI250914.1455.A78113, Frais : 0 FCFA, Commission : 0 FCFA, Montant Net du Credit : 30000 FCFA, Nouveau Solde : 30788.18 FCFA."
USER_3,15/09/2025,12:38:53,OrangeMoney,transfert,OUT,6449.25,FCFA,37237.43,"Transfert de [PHONE_7112] [CONTACT_453B] vers [USER_3_phone] [USER_3] reussi. Details: ID transaction: PP250915.1238.A29575, Montant Transaction: 6449.25FCFA, Frais: 0 FCFA, Commission: 0 FCFA, Montant Net: 6449.25 FCFA, Nouveau Solde: 37237.43 FCFA."
USER_3,20/09/2025,07:30:23,OrangeMoney,transfert,OUT,50754.0,FCFA,87641.43,"Transfert de [PHONE_6274] [CONTACT_0EF4] vers [USER_3_phone] [USER_3] reussi. Details: ID transaction: PP250920.0730.A00974, Montant Transaction: 50754FCFA, Frais: 0 FCFA, Commission: 0 FCFA, Montant Net: 50754 FCFA, Nouveau Solde: 87641.43 FCFA."
USER_3,20/09/2025,15:57:51,OrangeMoney,transfert,OUT,50700.0,FCFA,138341.43,"Transfert de [PHONE_6978] [CONTACT_A076] vers [USER_3_phone] [USER_3] reussi. Details: ID transaction: PP250920.1557.B77539, Montant Transaction: 50700FCFA, Frais: 0 FCFA, Commission: 0 FCFA, Montant Net: 50700 FCFA, Nouveau Solde: 138341.43 FCFA."
USER_3,21/09/2025,15:45:03,OrangeMoney,transfert,OUT,50800.0,FCFA,189141.43,"Transfert de [PHONE_5186] [CONTACT_BF79] vers [USER_3_phone] [USER_3] reussi. Details: ID transaction: PP250921.1545.D18002, Montant Transaction: 50800FCFA, Frais: 0 FCFA, Commission: 0 FCFA, Montant Net: 50800 FCFA, Nouveau Solde: 189141.43 FCFA."
USER_3,23/09/2025,14:52:15,OrangeMoney,transfert,OUT,102000.0,FCFA,291141.43,"Transfert de [PHONE_6978] [CONTACT_A076] vers [USER_3_phone] [USER_3] reussi. Details: ID transaction: PP250923.1452.B27620, Montant Transaction: 102000FCFA, Frais: 0 FCFA, Commission: 0 FCFA, Montant Net: 102000 FCFA, Nouveau Solde: 291141.43 FCFA."
USER_3,23/09/2025,17:50:50,OrangeMoney,retrait,OUT,280000.0,FCFA,7137.43,"Retrait d'argent reussi par le [PHONE_5664] avec le Code : 265687. Informations detaillees : Montant: 280000 FCFA, Frais: 4004 FCFA, No de transaction CO250923.1750.C63463, montant net debite 284004 FCFA, Nouveau solde: 7137.43 FCFA."
USER_3,23/09/2025,18:54:44,OrangeMoney,depot,IN,5000.0,FCFA,12137.43,"Depot effectue par [PHONE_8160] [CONTACT_C742] to [USER_3_phone] [USER_3]. Informations detaillees: Montant de transaction : 5000 FCFA, ID transaction : CI250923.1854.B89819, Frais : 0 FCFA, Commission : 0 FCFA, Montant Net du Credit : 5000 FCFA, Nouveau Solde : 12137.43 FCFA."
USER_3,23/09/2025,18:55:57,OrangeMoney,depot,IN,20000.0,FCFA,32137.43,"Depot effectue par [PHONE_8160] [CONTACT_C742] to [USER_3_phone] [USER_3]. Informations detaillees: Montant de transaction : 20000 FCFA, ID transaction : CI250923.1855.B90230, Frais : 0 FCFA, Commission : 0 FCFA, Montant Net du Credit : 20000 FCFA, Nouveau Solde : 32137.43 FCFA."
USER_3,23/09/2025,19:03:45,OrangeMoney,transfert,OUT,50754.0,FCFA,82891.43,"Transfert de [PHONE_3947] [CONTACT_E4A2] vers [USER_3_phone] [USER_3] reussi. Details: ID transaction: PP250923.1903.C72036, Montant Transaction: 50754FCFA, Frais: 0 FCFA, Commission: 0 FCFA, Montant Net: 50754 FCFA, Nouveau Solde: 82891.43 FCFA."
USER_3,24/09/2025,19:13:13,OrangeMoney,retrait,OUT,75000.0,FCFA,6762.43,"Retrait d'argent reussi par le [PHONE_9215] avec le Code : 204363. Informations detaillees : Montant: 75000 FCFA, Frais: 1129 FCFA, No de transaction CO250924.1913.C21730, montant net debite 76129 FCFA, Nouveau solde: 6762.43 FCFA."
USER_3,26/09/2025,16:00:29,OrangeMoney,autre,unknown,104953.0,FCFA,,"Transfert d argent de 104953 FCFA recu du +[PHONE_4029] (France) le 2025-09-26 16:00:25. Nouveau solde OM : 111587.43 FCFA, Frais : 0 FCFA"
USER_3,27/09/2025,10:23:55,OrangeMoney,retrait,OUT,100000.0,FCFA,9733.43,"Retrait d'argent reussi par le [PHONE_5664] avec le Code : 265687. Informations detaillees : Montant: 100000 FCFA, Frais: 1504 FCFA, No de transaction CO250927.1023.A55583, montant net debite 101504 FCFA, Nouveau solde: 9733.43 FCFA."
USER_3,27/09/2025,12:25:39,OrangeMoney,transfert,OUT,5079.0,FCFA,4600.43,"Transfert de [USER_3_phone] [USER_3] vers [PHONE_6331] [CONTACT_373D] reussi. ID transaction: PP250927.1225.A08844, Montant Transaction: 5079 FCFA, Frais: 54 FCFA, Commission: 0 FCFA, Montant Net: 5133 FCFA, Nouveau Solde: 4600.43 FCFA."
USER_3,27/09/2025,20:17:02,OrangeMoney,rechargement,OUT,100.0,FCFA,4500.43,"Rechargement reussi. Montant de la transaction: 100 FCFA, ID transaction: RC250927.2017.C16266, Frais: 0 FCFA, Commission: 0 FCFA, Nouveau solde: 4500.43 FCFA"
USER_3,28/09/2025,17:36:05,OrangeMoney,transfert,OUT,10154.0,FCFA,14654.43,"Transfert de [PHONE_5503] [CONTACT_64FA] vers [USER_3_phone] [USER_3] reussi. Details: ID transaction: PP250928.1736.B15426, Montant Transaction: 10154FCFA, Frais: 0 FCFA, Commission: 0 FCFA, Montant Net: 10154 FCFA, Nouveau Solde: 14654.43 FCFA."
USER_3,29/09/2025,18:13:23,OrangeMoney,depot,IN,30000.0,FCFA,44654.43,"Depot effectue par [PHONE_1855] [CONTACT_E657] ESSE4 to [USER_3_phone] [USER_3]. Informations detaillees: Montant de transaction : 30000 FCFA, ID transaction : CI250929.1813.A40191, Frais : 0 FCFA, Commission : 0 FCFA, Montant Net du Credit : 30000 FCFA, Nouveau Solde : 44654.43 FCFA."
USER_3,29/09/2025,18:47:42,OrangeMoney,transfert,OUT,30454.0,FCFA,14044.16,"Transfert de [USER_3_phone] [USER_3] vers [PHONE_7967] [CONTACT_D309] reussi. ID transaction: PP250929.1847.C60393, Montant Transaction: 30454 FCFA, Frais: 156.27 FCFA, Commission: 0 FCFA, Montant Net: 30610.27 FCFA, Nouveau Solde: 14044.16 FCFA."
USER_3,30/09/2025,21:13:11,OrangeMoney,transfert,OUT,10154.0,FCFA,24198.16,"Transfert de [PHONE_4681] [CONTACT_7073] vers [USER_3_phone] [USER_3] reussi. Details: ID transaction: PP250930.2113.D71553, Montant Transaction: 10154FCFA, Frais: 0 FCFA, Commission: 0 FCFA, Montant Net: 10154 FCFA, Nouveau Solde: 24198.16 FCFA."
USER_3,30/09/2025,22:23:54,OrangeMoney,transfert,OUT,10154.0,FCFA,34352.16,"Transfert de [PHONE_7967] [CONTACT_D309] vers [USER_3_phone] [USER_3] reussi. Details: ID transaction: PP250930.2223.C88496, Montant Transaction: 10154FCFA, Frais: 0 FCFA, Commission: 0 FCFA, Montant Net: 10154 FCFA, Nouveau Solde: 34352.16 FCFA."
USER_3,01/10/2025,09:05:02,OrangeMoney,transfert,OUT,5079.0,FCFA,29219.16,"Transfert de [USER_3_phone] [USER_3] vers [PHONE_7967] [CONTACT_D309] reussi. ID transaction: PP251001.0904.B85803, Montant Transaction: 5079 FCFA, Frais: 54 FCFA, Commission: 0 FCFA, Montant Net: 5133 FCFA, Nouveau Solde: 29219.16 FCFA."
USER_3,01/10/2025,17:10:21,OrangeMoney,depot,IN,15000.0,FCFA,43869.16,"Depot effectue par [PHONE_8220] [CONTACT_2496] to [USER_3_phone] [USER_3]. Informations detaillees: Montant de transaction : 15000 FCFA, ID transaction : CI251001.1710.C32976, Frais : 0 FCFA, Commission : 0 FCFA, Montant Net du Credit : 15000 FCFA, Nouveau Solde : 43869.16 FCFA."
USER_3,02/10/2025,10:10:48,OrangeMoney,transfert,OUT,2000.0,FCFA,41861.16,"Transfert de [USER_3_phone] [USER_3] vers [PHONE_7810] [CONTACT_48B1] reussi. ID transaction: PP251002.1010.C42698, Montant Transaction: 2000 FCFA, Frais: 8 FCFA, Commission: 0 FCFA, Montant Net: 2008 FCFA, Nouveau Solde: 41861.16 FCFA."
USER_3,02/10/2025,13:52:43,OrangeMoney,depot,IN,15000.0,FCFA,56861.16,"Depot effectue par [PHONE_0167] [CONTACT_4EB9] to [USER_3_phone] [USER_3]. Informations detaillees: Montant de transaction : 15000 FCFA, ID transaction : CI251002.1352.C41475, Frais : 0 FCFA, Commission : 0 FCFA, Montant Net du Credit : 15000 FCFA, Nouveau Solde : 56861.16 FCFA."
USER_3,03/10/2025,12:25:57,OrangeMoney,depot,IN,15000.0,FCFA,71861.16,"Depot effectue par [PHONE_0354] [CONTACT_023C] to [USER_3_phone] [USER_3]. Informations detaillees: Montant de transaction : 15000 FCFA, ID transaction : CI251003.1225.A84779, Frais : 0 FCFA, Commission : 0 FCFA, Montant Net du Credit : 15000 FCFA, Nouveau Solde : 71861.16 FCFA."
USER_3,04/10/2025,09:59:42,OrangeMoney,transfert,OUT,10200.0,FCFA,82061.16,"Transfert de [PHONE_1683] [CONTACT_A550] vers [USER_3_phone] [USER_3] reussi. Details: ID transaction: PP251004.0959.A97759, Montant Transaction: 10200FCFA, Frais: 0 FCFA, Commission: 0 FCFA, Montant Net: 10200 FCFA, Nouveau Solde: 82061.16 FCFA."
USER_3,04/10/2025,11:22:33,OrangeMoney,transfert,OUT,15229.0,FCFA,66752.02,"Transfert de [USER_3_phone] [USER_3] vers [PHONE_2500] [CONTACT_ED5C] reussi. ID transaction: PP251004.1122.D68279, Montant Transaction: 15229 FCFA, Frais: 80.14 FCFA, Commission: 0 FCFA, Montant Net: 15309.14 FCFA, Nouveau Solde: 66752.02 FCFA."
USER_3,04/10/2025,14:29:29,OrangeMoney,transfert,OUT,5079.0,FCFA,61269.02,"Transfert de [USER_3_phone] [USER_3] vers [PHONE_0362] [CONTACT_D57B] reussi. ID transaction: PP251004.1429.B79536, Montant Transaction: 5079 FCFA, Frais: 54 FCFA, Commission: 0 FCFA, Montant Net: 5133 FCFA, Nouveau Solde: 61269.02 FCFA."
USER_3,04/10/2025,18:04:57,OrangeMoney,transfert,OUT,5079.0,FCFA,56136.02,"Transfert de [USER_3_phone] [USER_3] vers [PHONE_6331] [CONTACT_373D] reussi. ID transaction: PP251004.1804.A16635, Montant Transaction: 5079 FCFA, Frais: 54 FCFA, Commission: 0 FCFA, Montant Net: 5133 FCFA, Nouveau Solde: 56136.02 FCFA."
USER_3,05/10/2025,11:02:36,OrangeMoney,transfert,OUT,10154.0,FCFA,66290.02,"Transfert de [PHONE_0741] [CONTACT_BEBA] vers [USER_3_phone] [USER_3] reussi. Details: ID transaction: PP251005.1102.D28267, Montant Transaction: 10154FCFA, Frais: 0 FCFA, Commission: 0 FCFA, Montant Net: 10154 FCFA, Nouveau Solde: 66290.02 FCFA."
USER_3,05/10/2025,11:13:30,OrangeMoney,transfert,OUT,10000.0,FCFA,76290.02,"Transfert de [PHONE_7703] [CONTACT_A807] vers [USER_3_phone] [USER_3] reussi. Details: ID transaction: PP251005.1113.C32735, Montant Transaction: 10000FCFA, Frais: 0 FCFA, Commission: 0 FCFA, Montant Net: 10000 FCFA, Nouveau Solde: 76290.02 FCFA."
USER_3,07/10/2025,12:04:27,OrangeMoney,autre,unknown,36078.0,FCFA,,"Transfert d argent de 36078 FCFA recu du +[PHONE_0602] (France) le 2025-10-07 12:04:13. Nouveau solde OM : 137397.02 FCFA, Frais : 0 FCFA"
USER_3,07/10/2025,21:03:15,OrangeMoney,transfert,OUT,500.0,FCFA,136892.02,"Transfert de [USER_3_phone] [USER_3] vers [PHONE_7810] [CONTACT_48B1] reussi. ID transaction: PP251007.2103.A99756, Montant Transaction: 500 FCFA, Frais: 5 FCFA, Commission: 0 FCFA, Montant Net: 505 FCFA, Nouveau Solde: 136892.02 FCFA."
USER_3,08/10/2025,12:07:37,OrangeMoney,depot,IN,324000.0,FCFA,460892.02,"Depot effectue par [PHONE_9808] [CONTACT_BC20] to [USER_3_phone] [USER_3]. Informations detaillees: Montant de transaction : 324000 FCFA, ID transaction : CI251008.1207.C53652, Frais : 0 FCFA, Commission : 0 FCFA, Montant Net du Credit : 324000 FCFA, Nouveau Solde : 460892.02 FCFA."
USER_3,08/10/2025,16:00:13,OrangeMoney,retrait,OUT,200000.0,FCFA,257888.02,"Retrait d'argent reussi par le [PHONE_5664] avec le Code : 265687. Informations detaillees : Montant: 200000 FCFA, Frais: 3004 FCFA, No de transaction CO251008.1600.B92277, montant net debite 203004 FCFA, Nouveau solde: 257888.02 FCFA."
USER_3,08/10/2025,16:17:48,OrangeMoney,retrait,OUT,240000.0,FCFA,14284.02,"Retrait d'argent reussi par le [PHONE_9215] avec le Code : 204363. Informations detaillees : Montant: 240000 FCFA, Frais: 3604 FCFA, No de transaction CO251008.1617.D23624, montant net debite 243604 FCFA, Nouveau solde: 14284.02 FCFA."
USER_3,08/10/2025,22:19:58,OrangeMoney,transfert,OUT,200.0,FCFA,14079.62,"Transfert de [USER_3_phone] [USER_3] vers [PHONE_7810] [CONTACT_48B1] reussi. ID transaction: PP251008.2219.C69320, Montant Transaction: 200 FCFA, Frais: 4.4 FCFA, Commission: 0 FCFA, Montant Net: 204.4 FCFA, Nouveau Solde: 14079.62 FCFA."
USER_3,09/10/2025,10:09:55,OrangeMoney,depot,IN,51000.0,FCFA,65079.62,"Depot effectue par [PHONE_5153] [CONTACT_10B6] to [USER_3_phone] [USER_3]. Informations detaillees: Montant de transaction : 51000 FCFA, ID transaction : CI251009.1009.A36633, Frais : 0 FCFA, Commission : 0 FCFA, Montant Net du Credit : 51000 FCFA, Nouveau Solde : 65079.62 FCFA."
USER_3,13/10/2025,06:38:25,OrangeMoney,transfert,OUT,7000.0,FCFA,57675.62,"Transfert de [USER_3_phone] [USER_3] vers [PHONE_6331] [CONTACT_373D] reussi. ID transaction: PP251013.0638.D76550, Montant Transaction: 7000 FCFA, Frais: 54 FCFA, Commission: 0 FCFA, Montant Net: 7054 FCFA, Nouveau Solde: 57675.62 FCFA."
USER_3,13/10/2025,07:06:23,OrangeMoney,transfert,OUT,5000.0,FCFA,62675.62,"Transfert de [PHONE_3071] [CONTACT_55E4] vers [USER_3_phone] [USER_3] reussi. Details: ID transaction: PP251013.0706.B68564, Montant Transaction: 5000FCFA, Frais: 0 FCFA, Commission: 0 FCFA, Montant Net: 5000 FCFA, Nouveau Solde: 62675.62 FCFA."
USER_3,14/10/2025,15:32:32,OrangeMoney,transfert,OUT,10000.0,FCFA,52621.62,"Transfert de [USER_3_phone] [USER_3] vers [PHONE_6331] [CONTACT_373D] reussi. ID transaction: PP251014.1532.B82879, Montant Transaction: 10000 FCFA, Frais: 54 FCFA, Commission: 0 FCFA, Montant Net: 10054 FCFA, Nouveau Solde: 52621.62 FCFA."
USER_3,15/10/2025,12:58:51,OrangeMoney,depot,IN,30000.0,FCFA,82621.62,"Depot effectue par [PHONE_6239] NGOUCHEME_ASSIATOU to [USER_3_phone] [USER_3]. Informations detaillees: Montant de transaction : 30000 FCFA, ID transaction : CI251015.1258.C17339, Frais : 0 FCFA, Commission : 0 FCFA, Montant Net du Credit : 30000 FCFA, Nouveau Solde : 82621.62 FCFA."
USER_3,17/10/2025,16:36:30,OrangeMoney,retrait,OUT,80000.0,FCFA,1067.62,"Retrait d'argent reussi par le [PHONE_9215] avec le Code : 204363. Informations detaillees : Montant: 80000 FCFA, Frais: 1204 FCFA, No de transaction CO251017.1636.B40604, montant net debite 81204 FCFA, Nouveau solde: 1067.62 FCFA."
USER_3,17/10/2025,17:27:28,OrangeMoney,transfert,OUT,2000.0,FCFA,3067.62,"Transfert de [PHONE_8074] [CONTACT_4D86] vers [USER_3_phone] [USER_3] reussi. Details: ID transaction: PP251017.1727.A42773, Montant Transaction: 2000FCFA, Frais: 0 FCFA, Commission: 0 FCFA, Montant Net: 2000 FCFA, Nouveau Solde: 3067.62 FCFA."
USER_3,18/10/2025,11:13:29,OrangeMoney,transfert,OUT,50800.0,FCFA,53867.62,"Transfert de [PHONE_5186] [CONTACT_BF79] vers [USER_3_phone] [USER_3] reussi. Details: ID transaction: PP251018.1113.C75284, Montant Transaction: 50800FCFA, Frais: 0 FCFA, Commission: 0 FCFA, Montant Net: 50800 FCFA, Nouveau Solde: 53867.62 FCFA."
USER_3,18/10/2025,17:50:55,OrangeMoney,transfert,OUT,50754.0,FCFA,2855.85,"Transfert de [USER_3_phone] [USER_3] vers [PHONE_9198] [CONTACT_22BF] reussi. ID transaction: PP251018.1750.D07642, Montant Transaction: 50754 FCFA, Frais: 257.77 FCFA, Commission: 0 FCFA, Montant Net: 51011.77 FCFA, Nouveau Solde: 2855.85 FCFA."
USER_3,19/10/2025,10:30:10,OrangeMoney,transfert,OUT,50000.0,FCFA,52855.85,"Transfert de [PHONE_8982] [CONTACT_7A32] vers [USER_3_phone] [USER_3] reussi. Details: ID transaction: PP251019.1030.D63237, Montant Transaction: 50000FCFA, Frais: 0 FCFA, Commission: 0 FCFA, Montant Net: 50000 FCFA, Nouveau Solde: 52855.85 FCFA."
USER_3,19/10/2025,15:57:49,OrangeMoney,rechargement,OUT,2100.0,FCFA,50755.85,"Rechargement reussi. Montant de la transaction: 2100 FCFA, ID transaction: RC251019.1557.D98825, Frais: 0 FCFA, Commission: 0 FCFA, Nouveau solde: 50755.85 FCFA"
USER_3,20/10/2025,11:36:58,OrangeMoney,transfert,OUT,1000.0,FCFA,51755.85,"Transfert de [PHONE_7967] [CONTACT_D309] vers [USER_3_phone] [USER_3] reussi. Details: ID transaction: PP251020.1136.A68863, Montant Transaction: 1000FCFA, Frais: 0 FCFA, Commission: 0 FCFA, Montant Net: 1000 FCFA, Nouveau Solde: 51755.85 FCFA."
USER_3,22/10/2025,09:34:08,OrangeMoney,depot,IN,16000.0,FCFA,67405.85,"Depot effectue par [PHONE_6239] NGOUCHEME_ASSIATOU to [USER_3_phone] [USER_3]. Informations detaillees: Montant de transaction : 16000 FCFA, ID transaction : CI251022.0934.D65862, Frais : 0 FCFA, Commission : 0 FCFA, Montant Net du Credit : 16000 FCFA, Nouveau Solde : 67405.85 FCFA."
USER_3,22/10/2025,10:22:53,OrangeMoney,retrait,OUT,30000.0,FCFA,36951.85,"Retrait d'argent reussi par le [PHONE_5664] avec le Code : 265687. Informations detaillees : Montant: 30000 FCFA, Frais: 454 FCFA, No de transaction CO251022.1022.B25604, montant net debite 30454 FCFA, Nouveau solde: 36951.85 FCFA."
USER_3,29/10/2025,07:36:34,OrangeMoney,transfert,OUT,1000.0,FCFA,37601.85,"Transfert de [PHONE_0942] [CONTACT_9079] vers [USER_3_phone] [USER_3] reussi. Details: ID transaction: PP251029.0736.C68180, Montant Transaction: 1000FCFA, Frais: 0 FCFA, Commission: 0 FCFA, Montant Net: 1000 FCFA, Nouveau Solde: 37601.85 FCFA."
USER_3,31/10/2025,14:58:30,OrangeMoney,transfert,OUT,10154.0,FCFA,47755.85,"Transfert de [PHONE_4681] [CONTACT_7073] vers [USER_3_phone] [USER_3] reussi. Details: ID transaction: PP251031.1458.A37743, Montant Transaction: 10154FCFA, Frais: 0 FCFA, Commission: 0 FCFA, Montant Net: 10154 FCFA, Nouveau Solde: 47755.85 FCFA."
USER_3,31/10/2025,15:26:31,OrangeMoney,transfert,OUT,10154.0,FCFA,57909.85,"Transfert de [PHONE_8074] [CONTACT_4D86] vers [USER_3_phone] [USER_3] reussi. Details: ID transaction: PP251031.1526.B55842, Montant Transaction: 10154FCFA, Frais: 0 FCFA, Commission: 0 FCFA, Montant Net: 10154 FCFA, Nouveau Solde: 57909.85 FCFA."
USER_3,05/11/2025,11:47:38,OrangeMoney,transfert,OUT,25500.0,FCFA,83059.85,"Transfert de [PHONE_0685] [CONTACT_A282] vers [USER_3_phone] [USER_3] reussi. Details: ID transaction: PP251105.1147.D35686, Montant Transaction: 25500FCFA, Frais: 0 FCFA, Commission: 0 FCFA, Montant Net: 25500 FCFA, Nouveau Solde: 83059.85 FCFA."
USER_3,05/11/2025,12:45:32,OrangeMoney,transfert,OUT,21000.0,FCFA,61950.85,"Transfert de [USER_3_phone] [USER_3] vers [PHONE_9589] [CONTACT_A282] reussi. ID transaction: PP251105.1245.C71624, Montant Transaction: 21000 FCFA, Frais: 109 FCFA, Commission: 0 FCFA, Montant Net: 21109 FCFA, Nouveau Solde: 61950.85 FCFA."
USER_3,06/11/2025,12:35:37,OrangeMoney,transfert,OUT,10154.0,FCFA,72104.85,"Transfert de [PHONE_7967] [CONTACT_D309] vers [USER_3_phone] [USER_3] reussi. Details: ID transaction: PP251106.1235.D53684, Montant Transaction: 10154FCFA, Frais: 0 FCFA, Commission: 0 FCFA, Montant Net: 10154 FCFA, Nouveau Solde: 72104.85 FCFA."
USER_3,06/11/2025,13:24:27,OrangeMoney,transfert,OUT,2000.0,FCFA,74104.85,"Transfert de [PHONE_5791] [CONTACT_99F2] vers [USER_3_phone] [USER_3] reussi. Details: ID transaction: PP251106.1324.B92337, Montant Transaction: 2000FCFA, Frais: 0 FCFA, Commission: 0 FCFA, Montant Net: 2000 FCFA, Nouveau Solde: 74104.85 FCFA."
USER_3,06/11/2025,16:45:05,OrangeMoney,depot,IN,52000.0,FCFA,126104.85,"Depot effectue par [PHONE_1253] [CONTACT_10B6] to [USER_3_phone] [USER_3]. Informations detaillees: Montant de transaction : 52000 FCFA, ID transaction : CI251106.1645.A82317, Frais : 0 FCFA, Commission : 0 FCFA, Montant Net du Credit : 52000 FCFA, Nouveau Solde : 126104.85 FCFA."
USER_3,08/11/2025,17:34:25,OrangeMoney,retrait,OUT,110000.0,FCFA,14450.85,"Retrait d'argent reussi par le [PHONE_5664] avec le Code : 265687. Informations detaillees : Montant: 110000 FCFA, Frais: 1654 FCFA, No de transaction CO251108.1734.B24582, montant net debite 111654 FCFA, Nouveau solde: 14450.85 FCFA."
USER_3,09/11/2025,20:58:45,OrangeMoney,transfert,OUT,13500.0,FCFA,879.35,"Transfert de [USER_3_phone] [USER_3] vers [PHONE_9102] [CONTACT_DBA6] reussi. ID transaction: PP251109.2058.D63762, Montant Transaction: 13500 FCFA, Frais: 71.5 FCFA, Commission: 0 FCFA, Montant Net: 13571.5 FCFA, Nouveau Solde: 879.35 FCFA."
USER_3,12/11/2025,18:35:04,OrangeMoney,depot,IN,40500.0,FCFA,41029.35,"Depot effectue par [PHONE_5638] [CONTACT_062D] to [USER_3_phone] [USER_3]. Informations detaillees: Montant de transaction : 40500 FCFA, ID transaction : CI251112.1835.A67973, Frais : 0 FCFA, Commission : 0 FCFA, Montant Net du Credit : 40500 FCFA, Nouveau Solde : 41029.35 FCFA."
USER_3,13/11/2025,10:35:27,OrangeMoney,transfert,OUT,10154.0,FCFA,30820.58,"Transfert de [USER_3_phone] [USER_3] vers [PHONE_2710] [CONTACT_9E98] reussi. ID transaction: PP251113.1035.A59278, Montant Transaction: 10154 FCFA, Frais: 54.77 FCFA, Commission: 0 FCFA, Montant Net: 10208.77 FCFA, Nouveau Solde: 30820.58 FCFA."
USER_3,13/11/2025,17:18:19,OrangeMoney,retrait,OUT,20000.0,FCFA,10516.58,"Retrait d'argent reussi par le [PHONE_4833] avec le Code : 607117. Informations detaillees : Montant: 20000 FCFA, Frais: 304 FCFA, No de transaction CO251113.1718.C92834, montant net debite 20304 FCFA, Nouveau solde: 10516.58 FCFA."
USER_3,14/11/2025,10:40:57,OrangeMoney,transfert,OUT,20000.0,FCFA,30516.58,"Transfert de [PHONE_1687] [CONTACT_68BD] vers [USER_3_phone] [USER_3] reussi. Details: ID transaction: PP251114.1040.D65824, Montant Transaction: 20000FCFA, Frais: 0 FCFA, Commission: 0 FCFA, Montant Net: 20000 FCFA, Nouveau Solde: 30516.58 FCFA."
USER_3,14/11/2025,14:53:21,OrangeMoney,transfert,OUT,10154.0,FCFA,20307.81,"Transfert de [USER_3_phone] [USER_3] vers [PHONE_8469] [CONTACT_2836] reussi. ID transaction: PP251114.1453.B09702, Montant Transaction: 10154 FCFA, Frais: 54.77 FCFA, Commission: 0 FCFA, Montant Net: 10208.77 FCFA, Nouveau Solde: 20307.81 FCFA."
USER_3,16/11/2025,12:29:30,OrangeMoney,transfert,OUT,5079.0,FCFA,14824.81,"Transfert de [USER_3_phone] [USER_3] vers [PHONE_3798] [CONTACT_7355] reussi. ID transaction: PP251116.1229.A88927, Montant Transaction: 5079 FCFA, Frais: 54 FCFA, Commission: 0 FCFA, Montant Net: 5133 FCFA, Nouveau Solde: 14824.81 FCFA."
USER_3,16/11/2025,15:25:42,OrangeMoney,depot,IN,30000.0,FCFA,44824.81,"Depot effectue par [PHONE_6239] NGOUCHEME_ASSIATOU to [USER_3_phone] [USER_3]. Informations detaillees: Montant de transaction : 30000 FCFA, ID transaction : CI251116.1525.A10752, Frais : 0 FCFA, Commission : 0 FCFA, Montant Net du Credit : 30000 FCFA, Nouveau Solde : 44824.81 FCFA."
USER_3,18/11/2025,16:38:03,OrangeMoney,transfert,OUT,25000.0,FCFA,69474.81,"Transfert de [PHONE_8362] [CONTACT_F7A7] vers [USER_3_phone] [USER_3] reussi. Details: ID transaction: PP251118.1638.D80651, Montant Transaction: 25000FCFA, Frais: 0 FCFA, Commission: 0 FCFA, Montant Net: 25000 FCFA, Nouveau Solde: 69474.81 FCFA."
USER_3,20/11/2025,10:30:21,OrangeMoney,retrait,OUT,55000.0,FCFA,13645.81,"Retrait d'argent reussi par le [PHONE_5664] avec le Code : 265687. Informations detaillees : Montant: 55000 FCFA, Frais: 829 FCFA, No de transaction CO251120.1030.A83628, montant net debite 55829 FCFA, Nouveau solde: 13645.81 FCFA."
USER_3,22/11/2025,09:45:18,OrangeMoney,transfert,OUT,25379.0,FCFA,39024.81,"Transfert de [PHONE_3071] [CONTACT_55E4] vers [USER_3_phone] [USER_3] reussi. Details: ID transaction: PP251122.0945.C05433, Montant Transaction: 25379FCFA, Frais: 0 FCFA, Commission: 0 FCFA, Montant Net: 25379 FCFA, Nouveau Solde: 39024.81 FCFA."
USER_3,22/11/2025,10:19:30,OrangeMoney,retrait,OUT,25000.0,FCFA,13645.81,"Retrait d'argent reussi par le [PHONE_5664] avec le Code : 265687. Informations detaillees : Montant: 25000 FCFA, Frais: 379 FCFA, No de transaction CO251122.1019.A03890, montant net debite 25379 FCFA, Nouveau solde: 13645.81 FCFA."
USER_3,23/11/2025,15:57:19,OrangeMoney,transfert,OUT,5100.0,FCFA,8491.81,"Transfert de [USER_3_phone] [USER_3] vers [PHONE_9047] [CONTACT_BC4E] reussi. ID transaction: PP251123.1557.D29834, Montant Transaction: 5100 FCFA, Frais: 54 FCFA, Commission: 0 FCFA, Montant Net: 5154 FCFA, Nouveau Solde: 8491.81 FCFA."
USER_3,23/11/2025,15:57:23,OrangeMoney,transfert,OUT,50000.0,FCFA,58491.81,"Transfert de [PHONE_2149] [CONTACT_5CAD] vers [USER_3_phone] [USER_3] reussi. Details: ID transaction: PP251123.1557.B25457, Montant Transaction: 50000FCFA, Frais: 0 FCFA, Commission: 0 FCFA, Montant Net: 50000 FCFA, Nouveau Solde: 58491.81 FCFA."
USER_3,24/11/2025,15:43:10,OrangeMoney,transfert,OUT,8124.0,FCFA,50313.81,"Transfert de [USER_3_phone] [USER_3] vers [PHONE_4521] [CONTACT_CBE1] reussi. ID transaction: PP251124.1543.D27859, Montant Transaction: 8124 FCFA, Frais: 54 FCFA, Commission: 0 FCFA, Montant Net: 8178 FCFA, Nouveau Solde: 50313.81 FCFA."
USER_3,24/11/2025,15:48:46,OrangeMoney,transfert,OUT,4064.0,FCFA,46195.81,"Transfert de [USER_3_phone] [USER_3] vers [PHONE_6331] [CONTACT_373D] reussi. ID transaction: PP251124.1548.B24356, Montant Transaction: 4064 FCFA, Frais: 54 FCFA, Commission: 0 FCFA, Montant Net: 4118 FCFA, Nouveau Solde: 46195.81 FCFA."
USER_3,24/11/2025,15:54:35,OrangeMoney,retrait,OUT,37000.0,FCFA,8636.81,"Retrait d'argent reussi par le [PHONE_5664] avec le Code : 265687. Informations detaillees : Montant: 37000 FCFA, Frais: 559 FCFA, No de transaction CO251124.1554.C77405, montant net debite 37559 FCFA, Nouveau solde: 8636.81 FCFA."
USER_3,29/11/2025,15:43:51,OrangeMoney,depot,IN,2000.0,FCFA,10286.81,"Depot effectue par [PHONE_5306] [CONTACT_D7E1] to [USER_3_phone] [USER_3]. Informations detaillees: Montant de transaction : 2000 FCFA, ID transaction : CI251129.1543.D24513, Frais : 0 FCFA, Commission : 0 FCFA, Montant Net du Credit : 2000 FCFA, Nouveau Solde : 10286.81 FCFA."
USER_3,30/11/2025,14:53:30,OrangeMoney,transfert,OUT,10154.0,FCFA,20440.81,"Transfert de [PHONE_4681] [CONTACT_7073] vers [USER_3_phone] [USER_3] reussi. Details: ID transaction: PP251130.1453.D38251, Montant Transaction: 10154FCFA, Frais: 0 FCFA, Commission: 0 FCFA, Montant Net: 10154 FCFA, Nouveau Solde: 20440.81 FCFA."
USER_3,30/11/2025,15:40:44,OrangeMoney,depot,IN,10000.0,FCFA,30440.81,"Depot effectue par [PHONE_4564] [CONTACT_9C9A] SERVICES3 to [USER_3_phone] [USER_3]. Informations detaillees: Montant de transaction : 10000 FCFA, ID transaction : CI251130.1540.A98356, Frais : 0 FCFA, Commission : 0 FCFA, Montant Net du Credit : 10000 FCFA, Nouveau Solde : 30440.81 FCFA."
USER_3,30/11/2025,15:42:31,OrangeMoney,transfert,OUT,250.0,FCFA,30690.81,"Transfert de [PHONE_7619] [CONTACT_05F0] vers [USER_3_phone] [USER_3] reussi. Details: ID transaction: PP251130.1542.A62303, Montant Transaction: 250FCFA, Frais: 0 FCFA, Commission: 0 FCFA, Montant Net: 250 FCFA, Nouveau Solde: 30690.81 FCFA."
USER_3,01/12/2025,11:10:41,OrangeMoney,transfert,OUT,20304.0,FCFA,50994.81,"Transfert de [PHONE_8074] [CONTACT_4D86] vers [USER_3_phone] [USER_3] reussi. Details: ID transaction: PP251201.1110.B59512, Montant Transaction: 20304FCFA, Frais: 0 FCFA, Commission: 0 FCFA, Montant Net: 20304 FCFA, Nouveau Solde: 50994.81 FCFA."
USER_3,01/12/2025,13:47:16,OrangeMoney,transfert,OUT,10154.0,FCFA,61148.81,"Transfert de [PHONE_7967] [CONTACT_D309] vers [USER_3_phone] [USER_3] reussi. Details: ID transaction: PP251201.1347.A56207, Montant Transaction: 10154FCFA, Frais: 0 FCFA, Commission: 0 FCFA, Montant Net: 10154 FCFA, Nouveau Solde: 61148.81 FCFA."
USER_3,02/12/2025,10:35:31,OrangeMoney,transfert,OUT,50000.0,FCFA,10894.81,"Transfert de [USER_3_phone] [USER_3] vers [PHONE_8702] [CONTACT_3876] reussi. ID transaction: PP251202.1035.C03219, Montant Transaction: 50000 FCFA, Frais: 254 FCFA, Commission: 0 FCFA, Montant Net: 50254 FCFA, Nouveau Solde: 10894.81 FCFA."
USER_3,03/12/2025,09:10:42,OrangeMoney,depot,IN,100000.0,FCFA,110544.81,"Depot effectue par [PHONE_7720] [CONTACT_54D8] to [USER_3_phone] [USER_3]. Informations detaillees: Montant de transaction : 100000 FCFA, ID transaction : CI251203.0910.B30314, Frais : 0 FCFA, Commission : 0 FCFA, Montant Net du Credit : 100000 FCFA, Nouveau Solde : 110544.81 FCFA."
USER_3,03/12/2025,17:58:59,OrangeMoney,retrait,OUT,80000.0,FCFA,29340.81,"Retrait d'argent reussi par le [PHONE_5664] avec le Code : 265687. Informations detaillees : Montant: 80000 FCFA, Frais: 1204 FCFA, No de transaction CO251203.1758.C19513, montant net debite 81204 FCFA, Nouveau solde: 29340.81 FCFA."
USER_3,04/12/2025,12:57:49,OrangeMoney,transfert,OUT,10154.0,FCFA,19132.04,"Transfert de [USER_3_phone] [USER_3] vers [PHONE_3857] [CONTACT_10EA] reussi. ID transaction: PP251204.1257.A71084, Montant Transaction: 10154 FCFA, Frais: 54.77 FCFA, Commission: 0 FCFA, Montant Net: 10208.77 FCFA, Nouveau Solde: 19132.04 FCFA."
USER_3,05/12/2025,13:27:25,OrangeMoney,transfert,OUT,2054.0,FCFA,17024.04,"Transfert de [USER_3_phone] [USER_3] vers [PHONE_1660] [CONTACT_E1D8] reussi. ID transaction: PP251205.1327.C92012, Montant Transaction: 2054 FCFA, Frais: 54 FCFA, Commission: 0 FCFA, Montant Net: 2108 FCFA, Nouveau Solde: 17024.04 FCFA."
USER_3,09/12/2025,12:27:49,OrangeMoney,transfert,OUT,6094.0,FCFA,2376.04,"Transfert de [USER_3_phone] [USER_3] vers [PHONE_6331] [CONTACT_373D] reussi. ID transaction: PP251209.1227.D54132, Montant Transaction: 6094 FCFA, Frais: 54 FCFA, Commission: 0 FCFA, Montant Net: 6148 FCFA, Nouveau Solde: 2376.04 FCFA."
USER_3,11/12/2025,12:52:38,OrangeMoney,transfert,OUT,50000.0,FCFA,52026.04,"Transfert de [PHONE_8982] [CONTACT_7A32] vers [USER_3_phone] [USER_3] reussi. Details: ID transaction: PP251211.1252.A02963, Montant Transaction: 50000FCFA, Frais: 0 FCFA, Commission: 0 FCFA, Montant Net: 50000 FCFA, Nouveau Solde: 52026.04 FCFA."
USER_3,13/12/2025,09:29:37,OrangeMoney,retrait,OUT,50000.0,FCFA,922.04,"Retrait d'argent reussi par le [PHONE_5664] avec le Code : 265687. Informations detaillees : Montant: 50000 FCFA, Frais: 754 FCFA, No de transaction CO251213.0929.D36552, montant net debite 50754 FCFA, Nouveau solde: 922.04 FCFA."
USER_3,14/12/2025,15:23:25,OrangeMoney,depot,IN,30000.0,FCFA,30922.04,"Depot effectue par [PHONE_6239] NGOUCHEME_ASSIATOU to [USER_3_phone] [USER_3]. Informations detaillees: Montant de transaction : 30000 FCFA, ID transaction : CI251214.1523.A36020, Frais : 0 FCFA, Commission : 0 FCFA, Montant Net du Credit : 30000 FCFA, Nouveau Solde : 30922.04 FCFA."
USER_3,18/12/2025,19:00:31,OrangeMoney,transfert,OUT,35529.0,FCFA,65751.04,"Transfert de [PHONE_5169] [CONTACT_1ACA] vers [USER_3_phone] [USER_3] reussi. Details: ID transaction: PP251218.1900.B53133, Montant Transaction: 35529FCFA, Frais: 0 FCFA, Commission: 0 FCFA, Montant Net: 35529 FCFA, Nouveau Solde: 65751.04 FCFA."
USER_3,19/12/2025,09:38:48,OrangeMoney,transfert,OUT,554.0,FCFA,66305.04,"Transfert de [PHONE_2551] [CONTACT_E60D] vers [USER_3_phone] [USER_3] reussi. Details: ID transaction: PP251219.0938.C83485, Montant Transaction: 554FCFA, Frais: 0 FCFA, Commission: 0 FCFA, Montant Net: 554 FCFA, Nouveau Solde: 66305.04 FCFA."
USER_3,19/12/2025,09:42:27,OrangeMoney,transfert,OUT,400.0,FCFA,66705.04,"Transfert de [PHONE_2551] [CONTACT_E60D] vers [USER_3_phone] [USER_3] reussi. Details: ID transaction: PP251219.0942.B81467, Montant Transaction: 400FCFA, Frais: 0 FCFA, Commission: 0 FCFA, Montant Net: 400 FCFA, Nouveau Solde: 66705.04 FCFA."
USER_3,19/12/2025,21:40:09,OrangeMoney,depot,IN,30000.0,FCFA,96705.04,"Depot effectue par [PHONE_7499] [CONTACT_DD56] to [USER_3_phone] [USER_3]. Informations detaillees: Montant de transaction : 30000 FCFA, ID transaction : CI251219.2140.D01116, Frais : 0 FCFA, Commission : 0 FCFA, Montant Net du Credit : 30000 FCFA, Nouveau Solde : 96705.04 FCFA."
USER_3,20/12/2025,08:48:33,OrangeMoney,retrait,OUT,90000.0,FCFA,5351.04,"Retrait d'argent reussi par le [PHONE_5664] avec le Code : 265687. Informations detaillees : Montant: 90000 FCFA, Frais: 1354 FCFA, No de transaction CO251220.0848.D97032, montant net debite 91354 FCFA, Nouveau solde: 5351.04 FCFA."
USER_3,20/12/2025,10:44:13,OrangeMoney,transfert,OUT,19500.0,FCFA,24851.04,"Transfert de [PHONE_8074] [CONTACT_4D86] vers [USER_3_phone] [USER_3] reussi. Details: ID transaction: PP251220.1044.B51746, Montant Transaction: 19500FCFA, Frais: 0 FCFA, Commission: 0 FCFA, Montant Net: 19500 FCFA, Nouveau Solde: 24851.04 FCFA."
USER_3,20/12/2025,17:52:53,OrangeMoney,transfert,OUT,2000.0,FCFA,22797.04,"Transfert de [USER_3_phone] [USER_3] vers [PHONE_0372] [CONTACT_A452] reussi. ID transaction: PP251220.1752.B50430, Montant Transaction: 2000 FCFA, Frais: 54 FCFA, Commission: 0 FCFA, Montant Net: 2054 FCFA, Nouveau Solde: 22797.04 FCFA."
USER_3,21/12/2025,10:01:44,OrangeMoney,depot,IN,25000.0,FCFA,47797.04,"Depot effectue par [PHONE_6239] NGOUCHEME_ASSIATOU to [USER_3_phone] [USER_3]. Informations detaillees: Montant de transaction : 25000 FCFA, ID transaction : CI251221.1001.B65330, Frais : 0 FCFA, Commission : 0 FCFA, Montant Net du Credit : 25000 FCFA, Nouveau Solde : 47797.04 FCFA."
USER_3,22/12/2025,09:32:21,OrangeMoney,transfert,OUT,20304.0,FCFA,27387.52,"Transfert de [USER_3_phone] [USER_3] vers [PHONE_3431] [CONTACT_3EEE] reussi. ID transaction: PP251222.0932.A22237, Montant Transaction: 20304 FCFA, Frais: 105.52 FCFA, Commission: 0 FCFA, Montant Net: 20409.52 FCFA, Nouveau Solde: 27387.52 FCFA."
USER_3,24/12/2025,21:08:25,OrangeMoney,depot,IN,72000.0,FCFA,83728.38,"Depot effectue par [PHONE_9541] [CONTACT_518C] to [USER_3_phone] [USER_3]. Informations detaillees: Montant de transaction : 72000 FCFA, ID transaction : CI251224.2108.B02899, Frais : 0 FCFA, Commission : 0 FCFA, Montant Net du Credit : 72000 FCFA, Nouveau Solde : 83728.38 FCFA."
USER_3,25/12/2025,04:45:36,OrangeMoney,transfert,OUT,2400.0,FCFA,86128.38,"Transfert de [PHONE_1660] [CONTACT_E1D8] vers [USER_3_phone] [USER_3] reussi. Details: ID transaction: PP251225.0445.C47062, Montant Transaction: 2400FCFA, Frais: 0 FCFA, Commission: 0 FCFA, Montant Net: 2400 FCFA, Nouveau Solde: 86128.38 FCFA."
USER_3,26/12/2025,11:11:27,OrangeMoney,transfert,OUT,10154.0,FCFA,75919.61,"Transfert de [USER_3_phone] [USER_3] vers [PHONE_6331] [CONTACT_373D] reussi. ID transaction: PP251226.1111.D42360, Montant Transaction: 10154 FCFA, Frais: 54.77 FCFA, Commission: 0 FCFA, Montant Net: 10208.77 FCFA, Nouveau Solde: 75919.61 FCFA."
USER_3,26/12/2025,16:17:52,OrangeMoney,retrait,OUT,73850.0,FCFA,957.86,"Retrait d'argent reussi par le [PHONE_5664] avec le Code : 265687. Informations detaillees : Montant: 73850 FCFA, Frais: 1111.75 FCFA, No de transaction CO251226.1617.D70451, montant net debite 74961.75 FCFA, Nouveau solde: 957.86 FCFA."
USER_3,27/12/2025,09:58:48,OrangeMoney,depot,IN,17300.0,FCFA,18257.86,"Depot effectue par [PHONE_6382] [CONTACT_9B9B] to [USER_3_phone] [USER_3]. Informations detaillees: Montant de transaction : 17300 FCFA, ID transaction : CI251227.0958.C48662, Frais : 0 FCFA, Commission : 0 FCFA, Montant Net du Credit : 17300 FCFA, Nouveau Solde : 18257.86 FCFA."
USER_3,27/12/2025,10:18:16,OrangeMoney,transfert,OUT,10154.0,FCFA,28411.86,"Transfert de [PHONE_7790] [CONTACT_28EC] vers [USER_3_phone] [USER_3] reussi. Details: ID transaction: PP251227.1018.C76401, Montant Transaction: 10154FCFA, Frais: 0 FCFA, Commission: 0 FCFA, Montant Net: 10154 FCFA, Nouveau Solde: 28411.86 FCFA."
USER_3,27/12/2025,10:28:33,OrangeMoney,retrait,OUT,15000.0,FCFA,13182.86,"Retrait d'argent reussi par le [PHONE_5664] avec le Code : 265687. Informations detaillees : Montant: 15000 FCFA, Frais: 229 FCFA, No de transaction CO251227.1028.D73085, montant net debite 15229 FCFA, Nouveau solde: 13182.86 FCFA."
USER_3,28/12/2025,09:42:52,OrangeMoney,transfert,OUT,30454.0,FCFA,43636.86,"Transfert de [PHONE_8074] [CONTACT_4D86] vers [USER_3_phone] [USER_3] reussi. Details: ID transaction: PP251228.0942.C35590, Montant Transaction: 30454FCFA, Frais: 0 FCFA, Commission: 0 FCFA, Montant Net: 30454 FCFA, Nouveau Solde: 43636.86 FCFA."
USER_3,28/12/2025,19:05:34,OrangeMoney,transfert,OUT,2000.0,FCFA,41582.86,"Transfert de [USER_3_phone] [USER_3] vers [PHONE_5890] [CONTACT_77FB] reussi. ID transaction: PP251228.1905.B80900, Montant Transaction: 2000 FCFA, Frais: 54 FCFA, Commission: 0 FCFA, Montant Net: 2054 FCFA, Nouveau Solde: 41582.86 FCFA."
USER_3,29/12/2025,09:18:08,OrangeMoney,transfert,OUT,10154.0,FCFA,51736.86,"Transfert de [PHONE_5503] [CONTACT_64FA] vers [USER_3_phone] [USER_3] reussi. Details: ID transaction: PP251229.0918.A64034, Montant Transaction: 10154FCFA, Frais: 0 FCFA, Commission: 0 FCFA, Montant Net: 10154 FCFA, Nouveau Solde: 51736.86 FCFA."
USER_3,29/12/2025,13:30:45,OrangeMoney,depot,IN,15250.0,FCFA,66986.86,"Depot effectue par [PHONE_5949] [CONTACT_A2BA] to [USER_3_phone] [USER_3]. Informations detaillees: Montant de transaction : 15250 FCFA, ID transaction : CI251229.1330.D28936, Frais : 0 FCFA, Commission : 0 FCFA, Montant Net du Credit : 15250 FCFA, Nouveau Solde : 66986.86 FCFA."
USER_3,30/12/2025,10:53:30,OrangeMoney,depot,IN,10150.0,FCFA,76786.86,"Depot effectue par [PHONE_8308] [CONTACT_2D52] to [USER_3_phone] [USER_3]. Informations detaillees: Montant de transaction : 10150 FCFA, ID transaction : CI251230.1053.C63519, Frais : 0 FCFA, Commission : 0 FCFA, Montant Net du Credit : 10150 FCFA, Nouveau Solde : 76786.86 FCFA."
USER_3,30/12/2025,11:08:32,OrangeMoney,transfert,OUT,50000.0,FCFA,126786.86,"Transfert de [PHONE_1687] [CONTACT_68BD] vers [USER_3_phone] [USER_3] reussi. Details: ID transaction: PP251230.1108.D34064, Montant Transaction: 50000FCFA, Frais: 0 FCFA, Commission: 0 FCFA, Montant Net: 50000 FCFA, Nouveau Solde: 126786.86 FCFA."
USER_3,30/12/2025,17:38:38,OrangeMoney,transfert,OUT,10200.0,FCFA,136986.86,"Transfert de [PHONE_2542] [CONTACT_D27E] vers [USER_3_phone] [USER_3] reussi. Details: ID transaction: PP251230.1738.D15123, Montant Transaction: 10200FCFA, Frais: 0 FCFA, Commission: 0 FCFA, Montant Net: 10200 FCFA, Nouveau Solde: 136986.86 FCFA."
USER_3,30/12/2025,19:22:46,OrangeMoney,transfert,OUT,10154.0,FCFA,147140.86,"Transfert de [PHONE_7967] [CONTACT_D309] vers [USER_3_phone] [USER_3] reussi. Details: ID transaction: PP251230.1922.D90338, Montant Transaction: 10154FCFA, Frais: 0 FCFA, Commission: 0 FCFA, Montant Net: 10154 FCFA, Nouveau Solde: 147140.86 FCFA."
USER_3,30/12/2025,19:48:08,OrangeMoney,transfert,OUT,10250.0,FCFA,157390.86,"Transfert de [PHONE_7619] [CONTACT_05F0] vers [USER_3_phone] [USER_3] reussi. Details: ID transaction: PP251230.1948.A95863, Montant Transaction: 10250FCFA, Frais: 0 FCFA, Commission: 0 FCFA, Montant Net: 10250 FCFA, Nouveau Solde: 157390.86 FCFA."
USER_3,30/12/2025,20:10:56,OrangeMoney,transfert,OUT,10154.0,FCFA,167544.86,"Transfert de [PHONE_4681] [CONTACT_7073] vers [USER_3_phone] [USER_3] reussi. Details: ID transaction: PP251230.2010.B16223, Montant Transaction: 10154FCFA, Frais: 0 FCFA, Commission: 0 FCFA, Montant Net: 10154 FCFA, Nouveau Solde: 167544.86 FCFA."
USER_3,31/12/2025,20:24:22,OrangeMoney,transfert,OUT,20304.0,FCFA,147135.34,"Transfert de [USER_3_phone] [USER_3] vers [PHONE_7967] [CONTACT_D309] reussi. ID transaction: PP251231.2024.A69215, Montant Transaction: 20304 FCFA, Frais: 105.52 FCFA, Commission: 0 FCFA, Montant Net: 20409.52 FCFA, Nouveau Solde: 147135.34 FCFA."
USER_3,03/01/2026,09:21:17,OrangeMoney,transfert,OUT,2054.0,FCFA,145027.34,"Transfert de [USER_3_phone] [USER_3] vers [PHONE_1660] [CONTACT_E1D8] reussi. ID transaction: PP260103.0921.A16141, Montant Transaction: 2054 FCFA, Frais: 54 FCFA, Commission: 0 FCFA, Montant Net: 2108 FCFA, Nouveau Solde: 145027.34 FCFA."
USER_3,04/01/2026,14:49:13,OrangeMoney,depot,IN,100000.0,FCFA,244677.34,"Depot effectue par [PHONE_6239] NGOUCHEME_ASSIATOU to [USER_3_phone] [USER_3]. Informations detaillees: Montant de transaction : 100000 FCFA, ID transaction : CI260104.1449.C93863, Frais : 0 FCFA, Commission : 0 FCFA, Montant Net du Credit : 100000 FCFA, Nouveau Solde : 244677.34 FCFA."
USER_3,06/01/2026,17:19:35,OrangeMoney,retrait,OUT,220000.0,FCFA,21373.34,"Retrait d'argent reussi par le [PHONE_5664] avec le Code : 265687. Informations detaillees : Montant: 220000 FCFA, Frais: 3304 FCFA, No de transaction CO260106.1719.D18849, montant net debite 223304 FCFA, Nouveau solde: 21373.34 FCFA."
USER_3,07/01/2026,18:52:42,OrangeMoney,transfert,OUT,5079.0,FCFA,16240.34,"Transfert de [USER_3_phone] [USER_3] vers [PHONE_6331] [CONTACT_373D] reussi. ID transaction: PP260107.1852.A69343, Montant Transaction: 5079 FCFA, Frais: 54 FCFA, Commission: 0 FCFA, Montant Net: 5133 FCFA, Nouveau Solde: 16240.34 FCFA."
USER_3,13/01/2026,07:19:44,OrangeMoney,transfert,OUT,3500.0,FCFA,19040.34,"Transfert de [PHONE_9773] [CONTACT_0C2F] vers [USER_3_phone] [USER_3] reussi. Details: ID transaction: PP260113.0719.D81632, Montant Transaction: 3500FCFA, Frais: 0 FCFA, Commission: 0 FCFA, Montant Net: 3500 FCFA, Nouveau Solde: 19040.34 FCFA."
USER_3,14/01/2026,12:32:36,OrangeMoney,transfert,OUT,14500.0,FCFA,33540.34,"Transfert de [PHONE_9589] [CONTACT_A282] vers [USER_3_phone] [USER_3] reussi. Details: ID transaction: PP260114.1232.B79447, Montant Transaction: 14500FCFA, Frais: 0 FCFA, Commission: 0 FCFA, Montant Net: 14500 FCFA, Nouveau Solde: 33540.34 FCFA."
USER_3,15/01/2026,21:04:35,OrangeMoney,transfert,OUT,10154.0,FCFA,23331.57,"Transfert de [USER_3_phone] [USER_3] vers [PHONE_0828] [CONTACT_17DD] reussi. ID transaction: PP260115.2104.A56475, Montant Transaction: 10154 FCFA, Frais: 54.77 FCFA, Commission: 0 FCFA, Montant Net: 10208.77 FCFA, Nouveau Solde: 23331.57 FCFA."
USER_3,16/01/2026,16:05:16,OrangeMoney,depot,IN,152250.0,FCFA,175581.57,"Depot effectue par [PHONE_9808] [CONTACT_BC20] to [USER_3_phone] [USER_3]. Informations detaillees: Montant de transaction : 152250 FCFA, ID transaction : CI260116.1605.C11229, Frais : 0 FCFA, Commission : 0 FCFA, Montant Net du Credit : 152250 FCFA, Nouveau Solde : 175581.57 FCFA."
USER_3,17/01/2026,10:56:22,OrangeMoney,depot,IN,152250.0,FCFA,327481.57,"Depot effectue par [PHONE_9808] [CONTACT_BC20] to [USER_3_phone] [USER_3]. Informations detaillees: Montant de transaction : 152250 FCFA, ID transaction : CI260117.1056.D80723, Frais : 0 FCFA, Commission : 0 FCFA, Montant Net du Credit : 152250 FCFA, Nouveau Solde : 327481.57 FCFA."
USER_3,17/01/2026,16:11:14,OrangeMoney,retrait,OUT,250000.0,FCFA,73727.57,"Retrait d'argent reussi par le [PHONE_5664] avec le Code : 265687. Informations detaillees : Montant: 250000 FCFA, Frais: 3754 FCFA, No de transaction CO260117.1611.C16600, montant net debite 253754 FCFA, Nouveau solde: 73727.57 FCFA."
USER_3,17/01/2026,19:46:26,OrangeMoney,transfert,OUT,3054.0,FCFA,70619.57,"Transfert de [USER_3_phone] [USER_3] vers [PHONE_6331] [CONTACT_373D] reussi. ID transaction: PP260117.1946.C20954, Montant Transaction: 3054 FCFA, Frais: 54 FCFA, Commission: 0 FCFA, Montant Net: 3108 FCFA, Nouveau Solde: 70619.57 FCFA."
USER_3,18/01/2026,17:52:46,OrangeMoney,depot,IN,30000.0,FCFA,100619.57,"Depot effectue par [PHONE_9718] PENDA_CALL BOX to [USER_3_phone] [USER_3]. Informations detaillees: Montant de transaction : 30000 FCFA, ID transaction : CI260118.1752.B51105, Frais : 0 FCFA, Commission : 0 FCFA, Montant Net du Credit : 30000 FCFA, Nouveau Solde : 100619.57 FCFA."
USER_3,21/01/2026,12:37:59,OrangeMoney,transfert,OUT,86279.0,FCFA,13555.18,"Transfert de [USER_3_phone] [USER_3] vers [PHONE_3431] [CONTACT_3EEE] reussi. ID transaction: PP260121.1237.A24286, Montant Transaction: 86279 FCFA, Frais: 435.39 FCFA, Commission: 0 FCFA, Montant Net: 86714.39 FCFA, Nouveau Solde: 13555.18 FCFA."
USER_3,22/01/2026,14:52:59,OrangeMoney,transfert,OUT,16100.0,FCFA,29655.18,"Transfert de [PHONE_8362] [CONTACT_F7A7] vers [USER_3_phone] [USER_3] reussi. Details: ID transaction: PP260122.1452.D95916, Montant Transaction: 16100FCFA, Frais: 0 FCFA, Commission: 0 FCFA, Montant Net: 16100 FCFA, Nouveau Solde: 29655.18 FCFA."
USER_3,23/01/2026,15:00:55,OrangeMoney,transfert,OUT,5079.0,FCFA,24172.18,"Transfert de [USER_3_phone] [USER_3] vers [PHONE_7810] [CONTACT_48B1] reussi. ID transaction: PP260123.1500.C74038, Montant Transaction: 5079 FCFA, Frais: 54 FCFA, Commission: 0 FCFA, Montant Net: 5133 FCFA, Nouveau Solde: 24172.18 FCFA."
USER_3,26/01/2026,08:06:24,OrangeMoney,transfert,OUT,5000.0,FCFA,28822.18,"Transfert de [PHONE_3071] [CONTACT_55E4] vers [USER_3_phone] [USER_3] reussi. Details: ID transaction: PP260126.0806.D41285, Montant Transaction: 5000FCFA, Frais: 0 FCFA, Commission: 0 FCFA, Montant Net: 5000 FCFA, Nouveau Solde: 28822.18 FCFA."
USER_3,26/01/2026,16:43:42,OrangeMoney,transfert,OUT,4064.0,FCFA,24704.18,"Transfert de [USER_3_phone] [USER_3] vers [PHONE_6331] [CONTACT_373D] reussi. ID transaction: PP260126.1643.B53297, Montant Transaction: 4064 FCFA, Frais: 54 FCFA, Commission: 0 FCFA, Montant Net: 4118 FCFA, Nouveau Solde: 24704.18 FCFA."
USER_3,28/01/2026,11:00:32,OrangeMoney,transfert,OUT,3200.0,FCFA,27904.18,"Transfert de [PHONE_2542] [CONTACT_D27E] vers [USER_3_phone] [USER_3] reussi. Details: ID transaction: PP260128.1100.C19256, Montant Transaction: 3200FCFA, Frais: 0 FCFA, Commission: 0 FCFA, Montant Net: 3200 FCFA, Nouveau Solde: 27904.18 FCFA."
USER_3,28/01/2026,11:25:38,OrangeMoney,transfert,OUT,5100.0,FCFA,33004.18,"Transfert de [PHONE_9589] [CONTACT_A282] vers [USER_3_phone] [USER_3] reussi. Details: ID transaction: PP260128.1125.D37554, Montant Transaction: 5100FCFA, Frais: 0 FCFA, Commission: 0 FCFA, Montant Net: 5100 FCFA, Nouveau Solde: 33004.18 FCFA."
USER_3,29/01/2026,18:21:02,OrangeMoney,transfert,OUT,6000.0,FCFA,38654.18,"Transfert de [PHONE_7464] [CONTACT_61B6] vers [USER_3_phone] [USER_3] reussi. Details: ID transaction: PP260129.1820.D20180, Montant Transaction: 6000FCFA, Frais: 0 FCFA, Commission: 0 FCFA, Montant Net: 6000 FCFA, Nouveau Solde: 38654.18 FCFA."
USER_3,30/01/2026,12:15:30,OrangeMoney,depot,IN,650.0,FCFA,39304.18,"Depot effectue par [PHONE_4526] CALLBOXkene to [USER_3_phone] [USER_3]. Informations detaillees: Montant de transaction : 650 FCFA, ID transaction : CI260130.1215.D83028, Frais : 0 FCFA, Commission : 0 FCFA, Montant Net du Credit : 650 FCFA, Nouveau Solde : 39304.18 FCFA."
USER_3,30/01/2026,14:16:44,OrangeMoney,transfert,OUT,15229.0,FCFA,23995.04,"Transfert de [USER_3_phone] [USER_3] vers [PHONE_3149] [CONTACT_611E] reussi. ID transaction: PP260130.1416.A47033, Montant Transaction: 15229 FCFA, Frais: 80.14 FCFA, Commission: 0 FCFA, Montant Net: 15309.14 FCFA, Nouveau Solde: 23995.04 FCFA."
USER_3,31/01/2026,21:16:42,OrangeMoney,transfert,OUT,10154.0,FCFA,34149.04,"Transfert de [PHONE_4681] [CONTACT_7073] vers [USER_3_phone] [USER_3] reussi. Details: ID transaction: PP260131.2116.A84631, Montant Transaction: 10154FCFA, Frais: 0 FCFA, Commission: 0 FCFA, Montant Net: 10154 FCFA, Nouveau Solde: 34149.04 FCFA."
USER_3,01/02/2026,07:14:03,OrangeMoney,transfert,OUT,10154.0,FCFA,44303.04,"Transfert de [PHONE_5503] [CONTACT_64FA] vers [USER_3_phone] [USER_3] reussi. Details: ID transaction: PP260201.0714.B62545, Montant Transaction: 10154FCFA, Frais: 0 FCFA, Commission: 0 FCFA, Montant Net: 10154 FCFA, Nouveau Solde: 44303.04 FCFA."
USER_3,02/02/2026,17:51:58,OrangeMoney,depot,IN,30500.0,FCFA,74803.04,"Depot effectue par [PHONE_5664] [CONTACT_7B9E] to [USER_3_phone] [USER_3]. Informations detaillees: Montant de transaction : 30500 FCFA, ID transaction : CI260202.1751.C41461, Frais : 0 FCFA, Commission : 0 FCFA, Montant Net du Credit : 30500 FCFA, Nouveau Solde : 74803.04 FCFA."
USER_3,02/02/2026,18:18:32,OrangeMoney,transfert,OUT,50754.0,FCFA,23791.27,"Transfert de [USER_3_phone] [USER_3] vers [PHONE_0062] [CONTACT_7088] reussi. ID transaction: PP260202.1818.A71076, Montant Transaction: 50754 FCFA, Frais: 257.77 FCFA, Commission: 0 FCFA, Montant Net: 51011.77 FCFA, Nouveau Solde: 23791.27 FCFA."
USER_3,02/02/2026,18:24:27,OrangeMoney,transfert,OUT,3054.0,FCFA,20683.27,"Transfert de [USER_3_phone] [USER_3] vers [PHONE_6331] [CONTACT_373D] reussi. ID transaction: PP260202.1824.A75027, Montant Transaction: 3054 FCFA, Frais: 54 FCFA, Commission: 0 FCFA, Montant Net: 3108 FCFA, Nouveau Solde: 20683.27 FCFA."
USER_3,02/02/2026,20:54:54,OrangeMoney,transfert,OUT,45679.0,FCFA,66362.27,"Transfert de [PHONE_5169] [CONTACT_1ACA] vers [USER_3_phone] [USER_3] reussi. Details: ID transaction: PP260202.2054.C78608, Montant Transaction: 45679FCFA, Frais: 0 FCFA, Commission: 0 FCFA, Montant Net: 45679 FCFA, Nouveau Solde: 66362.27 FCFA."
USER_3,03/02/2026,12:02:11,OrangeMoney,autre,unknown,200505.0,FCFA,,"Transfert d argent de 200505 FCFA recu du +[PHONE_7463] (Etats-Unis) le 2026-02-03 12:02:07. Nouveau solde OM : 266867.27 FCFA, Frais : 0 FCFA"
USER_3,03/02/2026,21:45:53,OrangeMoney,transfert,OUT,5000.0,FCFA,271867.27,"Transfert de [PHONE_6331] [CONTACT_373D] vers [USER_3_phone] [USER_3] reussi. Details: ID transaction: PP260203.2145.D05644, Montant Transaction: 5000FCFA, Frais: 0 FCFA, Commission: 0 FCFA, Montant Net: 5000 FCFA, Nouveau Solde: 271867.27 FCFA."
USER_3,04/02/2026,15:43:09,OrangeMoney,retrait,OUT,255000.0,FCFA,13038.27,"Retrait d'argent reussi par le [PHONE_5664] avec le Code : 265687. Informations detaillees : Montant: 255000 FCFA, Frais: 3829 FCFA, No de transaction CO260204.1543.B00534, montant net debite 258829 FCFA, Nouveau solde: 13038.27 FCFA."
USER_3,06/02/2026,17:23:15,OrangeMoney,transfert,OUT,2054.0,FCFA,10580.27,"Transfert de [USER_3_phone] [USER_3] vers [PHONE_1660] [CONTACT_E1D8] reussi. ID transaction: PP260206.1723.B95342, Montant Transaction: 2054 FCFA, Frais: 54 FCFA, Commission: 0 FCFA, Montant Net: 2108 FCFA, Nouveau Solde: 10580.27 FCFA."
USER_3,10/02/2026,13:41:39,OrangeMoney,transfert,OUT,7109.0,FCFA,3067.27,"Transfert de [USER_3_phone] [USER_3] vers [PHONE_3291] [CONTACT_A483] reussi. ID transaction: PP260210.1341.D01539, Montant Transaction: 7109 FCFA, Frais: 54 FCFA, Commission: 0 FCFA, Montant Net: 7163 FCFA, Nouveau Solde: 3067.27 FCFA."
USER_3,17/02/2026,13:44:04,OrangeMoney,depot,IN,30000.0,FCFA,32717.27,"Depot effectue par [PHONE_6239] NGOUCHEME_ASSIATOU to [USER_3_phone] [USER_3]. Informations detaillees: Montant de transaction : 30000 FCFA, ID transaction : CI260217.1344.A56746, Frais : 0 FCFA, Commission : 0 FCFA, Montant Net du Credit : 30000 FCFA, Nouveau Solde : 32717.27 FCFA."
USER_3,17/02/2026,19:48:35,OrangeMoney,transfert,OUT,5282.0,FCFA,37999.27,"Transfert de [PHONE_8391] Tounoudjou vers [USER_3_phone] [USER_3] reussi. Details: ID transaction: PP260217.1948.A61053, Montant Transaction: 5282FCFA, Frais: 0 FCFA, Commission: 0 FCFA, Montant Net: 5282 FCFA, Nouveau Solde: 37999.27 FCFA."
USER_3,19/02/2026,11:07:27,OrangeMoney,retrait,OUT,35000.0,FCFA,2470.27,"Retrait d'argent reussi par le [PHONE_5664] avec le Code : 265687. Informations detaillees : Montant: 35000 FCFA, Frais: 529 FCFA, No de transaction CO260219.1107.B22588, montant net debite 35529 FCFA, Nouveau solde: 2470.27 FCFA."
USER_3,22/02/2026,18:32:49,OrangeMoney,depot,IN,25200.0,FCFA,27320.27,"Depot effectue par [PHONE_8160] [CONTACT_C742] to [USER_3_phone] [USER_3]. Informations detaillees: Montant de transaction : 25200 FCFA, ID transaction : CI260222.1832.D90962, Frais : 0 FCFA, Commission : 0 FCFA, Montant Net du Credit : 25200 FCFA, Nouveau Solde : 27320.27 FCFA."
USER_3,25/02/2026,16:13:50,OrangeMoney,retrait,OUT,25000.0,FCFA,1591.27,"Retrait d'argent reussi par le [PHONE_5664] avec le Code : 265687. Informations detaillees : Montant: 25000 FCFA, Frais: 379 FCFA, No de transaction CO260225.1613.C80972, montant net debite 25379 FCFA, Nouveau solde: 1591.27 FCFA."
USER_3,02/03/2026,05:59:53,OrangeMoney,transfert,OUT,40604.0,FCFA,42195.27,"Transfert de [PHONE_5169] [CONTACT_1ACA] vers [USER_3_phone] [USER_3] reussi. Details: ID transaction: PP260302.0559.D07606, Montant Transaction: 40604FCFA, Frais: 0 FCFA, Commission: 0 FCFA, Montant Net: 40604 FCFA, Nouveau Solde: 42195.27 FCFA."
USER_3,02/03/2026,08:47:32,OrangeMoney,transfert,IN,20002000056046.0,XAF,62195.27,"Vous avez recu avec succes 20000 FCFA de 0020002000056046XAF. Votre nouveau solde est de 62195.27 FCFA, Reference de transaction: CI260302.0847.A32431 Orange Money vous remercie."
USER_3,02/03/2026,09:07:04,OrangeMoney,retrait,OUT,50000.0,FCFA,11441.27,"Retrait d'argent reussi par le [PHONE_5664] avec le Code : 265687. Informations detaillees : Montant: 50000 FCFA, Frais: 754 FCFA, No de transaction CO260302.0907.B91045, montant net debite 50754 FCFA, Nouveau solde: 11441.27 FCFA."
USER_3,02/03/2026,21:30:18,OrangeMoney,transfert,OUT,5079.0,FCFA,6308.27,"Transfert de [USER_3_phone] [USER_3] vers [PHONE_6331] [CONTACT_373D] reussi. ID transaction: PP260302.2130.C76356, Montant Transaction: 5079 FCFA, Frais: 54 FCFA, Commission: 0 FCFA, Montant Net: 5133 FCFA, Nouveau Solde: 6308.27 FCFA."
USER_3,03/03/2026,05:31:14,OrangeMoney,transfert,OUT,10154.0,FCFA,16462.27,"Transfert de [PHONE_7967] [CONTACT_D309] vers [USER_3_phone] [USER_3] reussi. Details: ID transaction: PP260303.0531.B33635, Montant Transaction: 10154FCFA, Frais: 0 FCFA, Commission: 0 FCFA, Montant Net: 10154 FCFA, Nouveau Solde: 16462.27 FCFA."
USER_3,03/03/2026,10:53:13,OrangeMoney,transfert,OUT,2100.0,FCFA,18212.27,"Transfert de [PHONE_9589] [CONTACT_A282] vers [USER_3_phone] [USER_3] reussi. Details: ID transaction: PP260303.1053.D73140, Montant Transaction: 2100FCFA, Frais: 0 FCFA, Commission: 0 FCFA, Montant Net: 2100 FCFA, Nouveau Solde: 18212.27 FCFA."
USER_3,03/03/2026,12:31:08,OrangeMoney,depot,IN,20350.0,FCFA,38562.27,"Depot effectue par [PHONE_5255] [CONTACT_5BCF] to [USER_3_phone] [USER_3]. Informations detaillees: Montant de transaction : 20350 FCFA, ID transaction : CI260303.1231.C93231, Frais : 0 FCFA, Commission : 0 FCFA, Montant Net du Credit : 20350 FCFA, Nouveau Solde : 38562.27 FCFA."
USER_3,03/03/2026,17:27,OrangeMoney,depot,IN,2050.0,FCFA,40612.27,"Depot effectue par [PHONE_9366] [CONTACT_C8F7] to [USER_3_phone] [USER_3]. Informations detaillees: Montant de transaction : 2050 FCFA, ID transaction : CI260303.1726.A89196, Frais : 0 FCFA, Commission : 0 FCFA, Montant Net du Credit : 2050 FCFA, Nouveau Solde : 40612.27 FCFA."
USER_3,04/03/2026,08:29:19,OrangeMoney,transfert,OUT,3556.5,FCFA,44168.77,"Transfert de [PHONE_9318] [CONTACT_0741] vers [USER_3_phone] [USER_3] reussi. Details: ID transaction: PP260304.0829.C93734, Montant Transaction: 3556.5FCFA, Frais: 0 FCFA, Commission: 0 FCFA, Montant Net: 3556.5 FCFA, Nouveau Solde: 44168.77 FCFA."
USER_3,04/03/2026,09:12:22,OrangeMoney,depot,IN,2100.0,FCFA,46268.77,"Depot effectue par [PHONE_2115] [CONTACT_9A4F] to [USER_3_phone] [USER_3]. Informations detaillees: Montant de transaction : 2100 FCFA, ID transaction : CI260304.0912.C09084, Frais : 0 FCFA, Commission : 0 FCFA, Montant Net du Credit : 2100 FCFA, Nouveau Solde : 46268.77 FCFA."
USER_3,04/03/2026,09:16:18,OrangeMoney,depot,IN,2100.0,FCFA,48368.77,"Depot effectue par [PHONE_0195] [CONTACT_1E2F] to [USER_3_phone] [USER_3]. Informations detaillees: Montant de transaction : 2100 FCFA, ID transaction : CI260304.0916.D07469, Frais : 0 FCFA, Commission : 0 FCFA, Montant Net du Credit : 2100 FCFA, Nouveau Solde : 48368.77 FCFA."
USER_3,04/03/2026,11:04:24,OrangeMoney,transfert,OUT,10154.0,FCFA,38160.0,"Transfert de [USER_3_phone] [USER_3] vers [PHONE_8074] [CONTACT_4D86] reussi. ID transaction: PP260304.1104.D95473, Montant Transaction: 10154 FCFA, Frais: 54.77 FCFA, Commission: 0 FCFA, Montant Net: 10208.77 FCFA, Nouveau Solde: 38160 FCFA."
USER_3,04/03/2026,20:46:40,OrangeMoney,transfert,OUT,7500.0,FCFA,30256.0,"Transfert de [USER_3_phone] [USER_3] vers [PHONE_6331] [CONTACT_373D] reussi. ID transaction: PP260304.2046.C90532, Montant Transaction: 7500 FCFA, Frais: 54 FCFA, Commission: 0 FCFA, Montant Net: 7554 FCFA, Nouveau Solde: 30256 FCFA."
USER_3,05/03/2026,17:41:34,OrangeMoney,transfert,OUT,2554.0,FCFA,27648.0,"Transfert de [USER_3_phone] [USER_3] vers [PHONE_0137] [CONTACT_F889] reussi. ID transaction: PP260305.1741.B98953, Montant Transaction: 2554 FCFA, Frais: 54 FCFA, Commission: 0 FCFA, Montant Net: 2608 FCFA, Nouveau Solde: 27648 FCFA."
USER_3,07/03/2026,11:14:12,OrangeMoney,retrait,OUT,15000.0,FCFA,12419.0,"Retrait d'argent reussi par le [PHONE_5664] avec le Code : 265687. Informations detaillees : Montant: 15000 FCFA, Frais: 229 FCFA, No de transaction CO260307.1114.D66314, montant net debite 15229 FCFA, Nouveau solde: 12419 FCFA."
USER_3,10/03/2026,16:33:48,OrangeMoney,transfert,OUT,10000.0,FCFA,2015.0,"Transfert de [USER_3_phone] [USER_3] vers [PHONE_6331] [CONTACT_373D] reussi. ID transaction: PP260310.1633.D21799, Montant Transaction: 10000 FCFA, Frais: 54 FCFA, Commission: 0 FCFA, Montant Net: 10054 FCFA, Nouveau Solde: 2015 FCFA."
USER_3,18/03/2026,14:53:43,OrangeMoney,depot,IN,1050.0,FCFA,2015.0,"Depot effectue par [PHONE_3599] [CONTACT_0805] to [USER_3_phone] [USER_3]. Informations detaillees: Montant de transaction : 1050 FCFA, ID transaction : CI260318.1453.D03435, Frais : 0 FCFA, Commission : 0 FCFA, Montant Net du Credit : 1050 FCFA, Nouveau Solde : 2015 FCFA."
USER_3,18/03/2026,17:50:25,OrangeMoney,depot,IN,10000.0,FCFA,12015.0,"Depot effectue par [PHONE_5664] [CONTACT_7B9E] to [USER_3_phone] [USER_3]. Informations detaillees: Montant de transaction : 10000 FCFA, ID transaction : CI260318.1750.C64571, Frais : 0 FCFA, Commission : 0 FCFA, Montant Net du Credit : 10000 FCFA, Nouveau Solde : 12015 FCFA."
USER_3,19/03/2026,09:02:18,OrangeMoney,transfert,OUT,10124.0,FCFA,1866.76,"Transfert de [USER_3_phone] [USER_3] vers [PHONE_0066] [CONTACT_73F8] reussi. ID transaction: PP260319.0902.D30698, Montant Transaction: 10124 FCFA, Frais: 24.24 FCFA, Commission: 0 FCFA, Montant Net: 10148.24 FCFA, Nouveau Solde: 1866.76 FCFA."
