UserId,Date,Time,Operator,Transaction_type,Direction,Amount,Currency,New_balance,Anonymized_Content
USER_2,2023-06-25,21:09:21,MobileMoney,paiement,OUT,13430.0,XAF,5223.0,"Votre paiement de 13430 XAF a ENEO a ete effectue le 2023-06-25 20:57:14, Commission: - FCFA. Votre nouveau solde: 5223 XAF. Frais: 400 XAF. Message: Bill Paid successfully with transactionID [PHONE_8778]. Transaction Id: [PHONE_8778]. Tentez d'etre rembourse a 100% chaque jour en effectuant un paiement d'au moins 2000F sur l'appli MoMo."
USER_2,2023-06-27,19:11:40,MobileMoney,transfert,OUT,1500.0,FCFA,3723.0,Transfert de 1500 FCFA effectue avec succes a aboumba assang iere witie Jeanne andree ([PHONE_0481]) le 2023-06-27 19:11:40. FRAIS 0 FCFA. transaction Id: [PHONE_1872]. Reference: transfert . Nouveau solde est: 3723 FCFA. Tente de gagner jusqu'a 100 000 F chaque mois pendant 1 an en envoyant au moins 2000 F sur *126# ou MoMo App a tes proches.
USER_2,2023-07-16,14:11:01,MobileMoney,transfert,IN,10000.0,XAF,13723.0,"Vous avez recu 10000 XAF de N A [CONTACT_58C0] sur votre compte Mobile Money 2023-07-16 14:11:00. Message de l'expediteur: . Votre nouveau solde est de 13723 FCFA. Frais: 0 XAF. Transaction ID: [PHONE_6591]. Pour plus de securite, effectuez un retrait dans tout point de vente sur *126*14*numero d'agent*montant#."
USER_2,2023-07-16,14:13:01,MobileMoney,transfert,OUT,5000.0,FCFA,8723.0,Transfert de 5000 FCFA effectue avec succes a [CONTACT_197D] ([PHONE_6124]) le 2023-07-16 14:13:00. FRAIS 0 FCFA. transaction Id: [PHONE_9629]. Reference: transfert . Nouveau solde est: 8723 FCFA. Empruntez jusqu'a 100 000 F avec MoMoKash. Tapez *126# option 6.
USER_2,2023-07-16,14:21:19,MobileMoney,transaction,OUT,7000.0,XAF,1723.0,"Hello, A transaction of 7000 XAF by MTNC BUNDLES_FORFAITS   (MTN_Bundles) on your mobile money account successfully completed at 2023-07-16 14:21:17. The amount was subject to a discount of 0 and coupons worth 0. Message from debit receiver: . Your new balance:1723 XAF. Fee was 0 XAF, loyalty fee was 0 and loyalty reward was 0. Financial Transaction Id: [PHONE_1678]. External Transaction Id: 563719373660283344."
USER_2,2023-07-17,13:37:45,MobileMoney,transfert,OUT,1000.0,FCFA,723.0,Transfert de 1000 FCFA effectue avec succes a aboumba assang iere witie Jeanne andree ([PHONE_0481]) le 2023-07-17 13:37:45. FRAIS 0 FCFA. transaction Id: [PHONE_2711]. Reference: transfert . Nouveau solde est: 723 FCFA. Empruntez jusqu'a 100 000 F avec MoMoKash. Tapez *126# option 6.
USER_2,2023-07-18,09:35:40,MobileMoney,transfert,IN,70000.0,XAF,70723.0,"Vous avez recu 70000 XAF de [CONTACT_BE12] sur votre compte Mobile Money 2023-07-18 09:35:38. Message de l'expediteur: . Votre nouveau solde est de 70723 FCFA. Frais: 0 XAF. Transaction ID: [PHONE_2969]. Pour plus de securite, effectuez un retrait dans tout point de vente sur *126*14*numero d'agent*montant#."
USER_2,2023-07-18,09:55:18,MobileMoney,transfert,OUT,70000.0,FCFA,723.0,Transfert de 70000 FCFA effectue avec succes a [CONTACT_6218] ([PHONE_0438]) le 2023-07-18 09:55:18. FRAIS 0 FCFA. transaction Id: [PHONE_3213]. Reference: transfert . Nouveau solde est: 723 FCFA. Empruntez jusqu'a 100 000 F avec MoMoKash. Tapez *126# option 6.
USER_2,2023-08-01,09:07:40,MobileMoney,transfert,IN,10000.0,XAF,10723.0,Vous avez recu 10000 XAF de Maviance  ([PHONE_1013]) sur votre compte mobile money à 2023-08-01 09:07:40. Message de l'expéditeur: . Votre nouveau solde: 10723 XAF. FRAIS: FCFA 0. Financial Transaction Id: [PHONE_5411].
USER_2,2023-08-01,09:10:00,MobileMoney,transfert,OUT,2000.0,FCFA,8713.0,Transfert de 2000 FCFA effectue avec succes a aboumba assang iere witie Jeanne andree ([PHONE_0481]) le 2023-08-01 09:09:59. FRAIS 10 FCFA. transaction Id: [PHONE_2501]. Reference: transfert . Nouveau solde est: 8713 FCFA. Empruntez jusqu'a 100 000 F avec MoMoKash. Tapez *126# option 6.
USER_2,2023-08-02,11:31:22,MobileMoney,transaction,OUT,7000.0,XAF,1713.0,"Hello, A transaction of 7000 XAF by MTNC BUNDLES_FORFAITS   (MTN_Bundles) on your mobile money account successfully completed at 2023-08-02 11:31:16. The amount was subject to a discount of 0 and coupons worth 0. Message from debit receiver: . Your new balance:1713 XAF. Fee was 0 XAF, loyalty fee was 0 and loyalty reward was 0. Financial Transaction Id: [PHONE_1713]. External Transaction Id: 7349719317881795032."
USER_2,2023-08-04,10:39:03,MobileMoney,retrait,OUT,37000.0,XAF,78973.0,"Hello, A transaction of 37000 XAF by [CONTACT_91DE] - [CONTACT_6667] ([PHONE_3762]) on your mobile money account successfully completed at 2023-08-04 10:39:02. The amount was subject to a discount of 0 and coupons worth 0. Message from debit receiver: paiement 37000 [USER_2_phone]. Your new balance:78973 XAF. Fee was 740 XAF, loyalty fee was 0 and loyalty reward was 0. Financial Transaction Id: [PHONE_2942]. External Transaction Id: 1691141927623."
USER_2,2023-08-04,12:33:25,MobileMoney,paiement,OUT,50000.0,XAF,28973.0,Your payment of 50000 XAF to [CONTACT_3301]-[CONTACT_01B9] ([PHONE_4932]) has been completed at 2023-08-04 12:33:08. Message: . Your new balance: 28973 XAF. Fee was 0 XAF. The amount was subject to a discount of 0 XAF and coupons worth . Financial Transaction Id: [PHONE_8404]. External Transaction Id: -.
USER_2,2023-08-06,10:06:01,MobileMoney,transfert,OUT,5000.0,FCFA,23973.0,Transfert de 5000 FCFA effectue avec succes a [CONTACT_6218] ([PHONE_0438]) le 2023-08-06 10:06:00. FRAIS 0 FCFA. transaction Id: [PHONE_5744]. Reference: transfert . Nouveau solde est: 23973 FCFA. Empruntez jusqu'a 100 000 F avec MoMoKash. Tapez *126# option 6.
USER_2,2023-08-06,13:14:59,MobileMoney,transfert,OUT,8100.0,FCFA,15873.0,Transfert de 8100 FCFA effectue avec succes a [CONTACT_6A71] ([PHONE_9610]) le 2023-08-06 13:14:58. FRAIS 0 FCFA. transaction Id: [PHONE_5925]. Reference: transfert . Nouveau solde est: 15873 FCFA. Empruntez jusqu'a 100 000 F avec MoMoKash. Tapez *126# option 6.
USER_2,2023-08-07,13:48:37,MobileMoney,transfert,OUT,7000.0,FCFA,8873.0,Transfert de 7000 FCFA effectue avec succes a N A [CONTACT_5EF2] ([PHONE_5442]) le 2023-08-07 13:48:36. FRAIS 0 FCFA. transaction Id: [PHONE_8799]. Reference: transfert . Nouveau solde est: 8873 FCFA. Empruntez jusqu'a 100 000 F avec MoMoKash. Tapez *126# option 6.
USER_2,2023-08-09,18:30:59,MobileMoney,transfert,IN,25000.0,XAF,31873.0,"Vous avez recu 25000 XAF de [CONTACT_A465]-[CONTACT_9087] sur votre compte Mobile Money 2023-08-09 18:28:27. Message de l'expediteur: . Votre nouveau solde est de 31873 FCFA. Frais: 0 XAF. Transaction ID: [PHONE_3548]. Pour plus de securite, effectuez un retrait dans tout point de vente sur *126*14*numero d'agent*montant#."
USER_2,2023-08-12,18:44:53,MobileMoney,transfert,IN,10200.0,XAF,79073.0,"Vous avez recu 10200 XAF de BUSNESCO CEYDE_CBOX_R1_FOYET [CONTACT_BB1E] sur votre compte Mobile Money 2023-08-12 18:44:44. Message de l'expediteur: . Votre nouveau solde est de 79073 FCFA. Frais: 0 XAF. Transaction ID: [PHONE_6069]. Pour plus de securite, effectuez un retrait dans tout point de vente sur *126*14*numero d'agent*montant#."
USER_2,2023-08-12,20:19:25,MobileMoney,transfert,IN,25000.0,XAF,104073.0,Vous avez recu 25000 XAF de [CONTACT_9AB4] ([PHONE_5593]) sur votre compte mobile money à 2023-08-12 20:19:25. Message de l'expéditeur: oui. Votre nouveau solde: 104073 XAF. FRAIS: FCFA 0. Financial Transaction Id: [PHONE_4016].
USER_2,2023-08-13,13:25:35,MobileMoney,transfert,IN,5500.0,XAF,109573.0,Vous avez recu 5500 XAF de [CONTACT_A215] ([PHONE_4850]) sur votre compte mobile money à 2023-08-13 13:19:17. Message de l'expéditeur: dot. Votre nouveau solde: 109573 XAF. FRAIS: FCFA 0. Financial Transaction Id: [PHONE_9325].
USER_2,2023-08-13,17:42:08,MobileMoney,transfert,OUT,36500.0,FCFA,73073.0,Transfert de 36500 FCFA effectue avec succes a Romeo Djouda ([PHONE_6338]) le 2023-08-13 17:42:08. FRAIS 0 FCFA. transaction Id: [PHONE_4668]. Reference: transfert . Nouveau solde est: 73073 FCFA. Empruntez jusqu'a 100 000 F avec MoMoKash. Tapez *126# option 6.
USER_2,2023-08-16,13:16:03,MobileMoney,paiement,OUT,2125.0,XAF,60948.0,Your payment of 2125 XAF to [CONTACT_83F2] [CONTACT_83BC] ([PHONE_2456]) has been completed at 2023-08-16 13:15:44. Message: . Your new balance: 60948 XAF. Fee was 0 XAF. The amount was subject to a discount of 0 XAF and coupons worth . Financial Transaction Id: [PHONE_4953]. External Transaction Id: -.
USER_2,2023-08-21,10:20:02,MobileMoney,transfert,IN,55000.0,XAF,115948.0,"Vous avez recu 55000 XAF de [CONTACT_3F74] SARL sur votre compte Mobile Money 2023-08-21 10:20:01. Message de l'expediteur: . Votre nouveau solde est de 115948 FCFA. Frais: 0 XAF. Transaction ID: [PHONE_1470]. Avec MoMo, vous pouvez recevoir jusqu'a 25000F simplement en payant vos frais de scolarite via *126*007#. Pour plus d'info, appel au 8787 ou WhatsApp [PHONE_8786]."
USER_2,2023-08-21,16:17:34,MobileMoney,transfert,OUT,16000.0,FCFA,99948.0,"Transfert de 16000 FCFA effectue avec succes a [CONTACT_6218] ([PHONE_0438]) le 2023-08-21 16:17:33. FRAIS 0 FCFA. transaction Id: [PHONE_1320]. Reference: transfert . Nouveau solde est: 99948 FCFA. Avec MoMo, tentez de recevoir jusqu'a 25000F en effectuant un paiement d'au moins 5000F dans un point marchand via *126# ou MoMo App. Plus d'info au 8787."
USER_2,2023-08-23,10:09:35,MobileMoney,transfert,OUT,15000.0,FCFA,84948.0,"Transfert de 15000 FCFA effectue avec succes a jean paul wouaffo ([PHONE_6267]) le 2023-08-23 10:09:33. FRAIS 0 FCFA. transaction Id: [PHONE_5596]. Reference: transfert . Nouveau solde est: 84948 FCFA. Avec MoMo, tentez de recevoir jusqu'a 25000F en effectuant un paiement d'au moins 5000F dans un point marchand via *126# ou MoMo App. Plus d'info au 8787."
USER_2,2023-08-24,06:13:38,MobileMoney,transfert,OUT,10000.0,FCFA,74948.0,"Transfert de 10000 FCFA effectue avec succes a [CONTACT_78C9] ([PHONE_5724]) le 2023-08-24 06:13:36. FRAIS 0 FCFA. transaction Id: [PHONE_8688]. Reference: transfert . Nouveau solde est: 74948 FCFA. Avec MoMo, tentez de recevoir jusqu'a 25000F en effectuant un paiement d'au moins 5000F dans un point marchand via *126# ou MoMo App. Plus d'info au 8787."
USER_2,2023-08-24,15:06:29,MobileMoney,transfert,OUT,50000.0,FCFA,79948.0,"Transfert de 50000 FCFA effectue avec succes a [CONTACT_05F6] ([PHONE_2309]) le 2023-08-24 14:51:03. FRAIS 0 FCFA. transaction Id: [PHONE_5933]. Reference: transfert . Nouveau solde est: 79948 FCFA. Avec MoMo, tentez de recevoir jusqu'a 25000F en effectuant un paiement d'au moins 5000F dans un point marchand via *126# ou MoMo App. Plus d'info au 8787."
USER_2,2023-08-27,08:15:09,MobileMoney,transfert,OUT,17000.0,FCFA,62863.0,"Transfert de 17000 FCFA effectue avec succes a [CONTACT_1842] ([PHONE_9236]) le 2023-08-27 08:15:00. FRAIS 85 FCFA. transaction Id: [PHONE_7804]. Reference: 1. Nouveau solde est: 62863 FCFA. Avec MoMo, tentez de recevoir jusqu'a 25000F en effectuant un paiement d'au moins 5000F dans un point marchand via *126# ou MoMo App. Plus d'info au 8787."
USER_2,2023-08-30,16:13:20,MobileMoney,paiement,OUT,1650.0,XAF,46213.0,Your payment of 1650 XAF to CEYDE-PHY-PHARMACIE [CONTACT_1256] ([PHONE_3345]) has been completed at 2023-08-30 16:12:43. Message: . Your new balance: 46213 XAF. Fee was 0 XAF. The amount was subject to a discount of 0 XAF and coupons worth . Financial Transaction Id: [PHONE_1483]. External Transaction Id: -.
USER_2,2023-09-02,06:24:21,MobileMoney,transaction,OUT,7000.0,XAF,39213.0,"Hello, A transaction of 7000 XAF by MTNC BUNDLES_FORFAITS   (MTN_Bundles) on your mobile money account successfully completed at 2023-09-02 06:23:45. The amount was subject to a discount of 0 and coupons worth 0. Message from debit receiver: . Your new balance:39213 XAF. Fee was 0 XAF, loyalty fee was 0 and loyalty reward was 0. Financial Transaction Id: [PHONE_1798]. External Transaction Id: 4799989218571365281."
USER_2,2023-09-04,10:33:01,MobileMoney,transfert,OUT,10000.0,FCFA,29163.0,"Transfert de 10000 FCFA effectue avec succes a aboumba assang iere witie Jeanne andree ([PHONE_0481]) le 2023-09-04 10:32:59. FRAIS 50 FCFA. transaction Id: [PHONE_1897]. Reference: 1. Nouveau solde est: 29163 FCFA. Avec MoMo, tentez de recevoir jusqu'a 25000F en effectuant un paiement d'au moins 5000F dans un point marchand via *126# ou MoMo App. Plus d'info au 8787."
USER_2,2023-09-18,20:43:35,MobileMoney,paiement,OUT,5000.0,XAF,16063.0,"Votre paiement de 5000 XAF a ENEO a ete effectue le 2023-09-18 20:43:17. Votre nouveau solde: 16063 XAF. Frais: 100 XAF. Message: -. Transaction Id: [PHONE_9266]. Avec MoMo, tentez de recevoir jusqu'a 25000F en effectuant un paiement d'au moins 5000F dans un point marchand via *126# ou MoMo App. Plus d'info au 8787."
USER_2,2023-09-20,12:23:53,MobileMoney,transfert,OUT,3500.0,FCFA,12563.0,"Transfert de 3500 FCFA effectue avec succes a [CONTACT_B7CF] ([PHONE_0608]) le 2023-09-20 12:23:53. FRAIS 0 FCFA. transaction Id: [PHONE_5483]. Reference: transfert . Nouveau solde est: 12563 FCFA. Avec MoMo, tentez de recevoir jusqu'a 25000F en effectuant un paiement d'au moins 5000F dans un point marchand via *126# ou MoMo App. Plus d'info au 8787."
USER_2,2023-10-19,11:47:46,MobileMoney,transfert,OUT,1000.0,FCFA,463.0,"Transfert de 1000 FCFA effectue avec succes a aboumba assang iere witie Jeanne andree ([PHONE_0481]) le 2023-10-19 11:47:45. FRAIS 0 FCFA. transaction Id: [PHONE_8469]. Reference: transfert . Nouveau solde est: 463 FCFA. Avec MoMo, tentez de recevoir jusqu'a 25000F en effectuant un paiement d'au moins 5000F dans un point marchand via *126# ou MoMo App. Plus d'info au 8787."
USER_2,2023-11-01,09:35:31,MobileMoney,transfert,IN,10000.0,XAF,10463.0,"Vous avez recu 10000 XAF de Adeline Kemgne Wouafo sur votre compte Mobile Money 2023-11-01 09:35:14. Message de l'expediteur: . Votre nouveau solde est de 10463 FCFA. Frais: 0 XAF. Transaction ID: [PHONE_4416]. Avec MoMo, vous pouvez recevoir jusqu'a 25000F simplement en payant vos frais de scolarite via *126*007#. Pour plus d'info, appel au 8787 ou WhatsApp [PHONE_8786]."
USER_2,2023-11-01,09:43:46,MobileMoney,transaction,OUT,7000.0,XAF,3463.0,"Une transaction de 7000 XAF effectue par MTNC BUNDLES_FORFAITS   (MTN_Bundles) sur votre compte d'argent mobile s'est terminee ave success a 2023-11-01 09:43:44. Le montant faisait l'objet d'une remise de 0 et de bons de reduction d'une valeur de 0. Message du destinataire du debit : . Votre nouveau solde : 3463 XAF. Les frais s'elevaient a 0 XAF, les frais de fidelite a 0 et la recompense de fidelite 0. Identifiant de transaction financiere : [PHONE_7403]. Id de transaction externe : 3542596258464604514. Avec MoMo, tentez de recevoir jusqu'a 25000F en effectuant un paiement d'au moins 5000F dans un point marchand via *126# ou MoMo App. Pour plus d'info, appel au 8787 ou Whatsapp [PHONE_8786]"
USER_2,2023-11-25,12:34:43,MobileMoney,transfert,OUT,10000.0,FCFA,252463.0,"Transfert de 10000 FCFA effectue avec succes a aboumba assang iere witie Jeanne andree ([PHONE_0481]) le 2023-11-25 12:34:43. FRAIS 0 FCFA. transaction Id: [PHONE_8624]. Reference: transfert . Nouveau solde est: 252463 FCFA. Avec MoMo, tentez de recevoir jusqu'a 25000F en effectuant un paiement d'au moins 5000F dans un point marchand via *126# ou MoMo App. Plus d'info au 8787."
USER_2,2023-11-25,13:43:13,MobileMoney,transfert,OUT,10000.0,FCFA,242463.0,"Transfert de 10000 FCFA effectue avec succes a [CONTACT_F3E0] ([PHONE_2872]) le 2023-11-25 13:43:12. FRAIS 0 FCFA. transaction Id: [PHONE_2924]. Reference: transfert . Nouveau solde est: 242463 FCFA. Avec MoMo, tentez de recevoir jusqu'a 25000F en effectuant un paiement d'au moins 5000F dans un point marchand via *126# ou MoMo App. Plus d'info au 8787."
USER_2,2023-11-30,19:44:11,MobileMoney,transaction,OUT,15750.0,XAF,231713.0,"Une transaction de 15750 XAF effectue par [CONTACT_BEA6] ([PHONE_3468]) sur votre compte d'argent mobile s'est terminee ave success a 2023-11-30 19:43:53. Le montant faisait l'objet d'une remise de 0 et de bons de reduction d'une valeur de 0. Message du destinataire du debit : paiement 15750 [USER_2_phone]. Votre nouveau solde : 231713 XAF. Les frais s'elevaient a 0 XAF, les frais de fidelite a 0 et la recompense de fidelite 0. Identifiant de transaction financiere : [PHONE_4496]. Id de transaction externe : 1701369790138. Avec MoMo, tentez de recevoir jusqu'a 25000F en effectuant un paiement d'au moins 5000F dans un point marchand via *126# ou MoMo App. Pour plus d'info, appel au 8787 ou Whatsapp [PHONE_8786]"
USER_2,2023-12-01,14:51:52,MobileMoney,paiement,OUT,27511.0,XAF,173202.0,"Votre paiement de 27511 XAF a S/S [CONTACT_2533]-[CONTACT_990B] ([PHONE_9013]) a ete finalise a 2023-12-01 14:38:30. Message: . Votre nouveau solde : 173202 XAF. Les frais s'elevaient a 0 XAF. Le montant faisait l'objet d'une reduction de 0 XAF et de coupons d'une valeur de . Identifiant de transaction financiere : [PHONE_7775]. Id de transaction externe : -. Avec MoMo, vous pouvez recevoir jusqu'a 25000F en payant vos frais de scolarite via *126*007#. Pour plus d'info, appel au 8787 ou Whatsapp [PHONE_8786]"
USER_2,2023-12-01,15:54:23,MobileMoney,transaction,OUT,7000.0,XAF,166202.0,"Une transaction de 7000 XAF effectue par MTNC BUNDLES_FORFAITS   (MTN_Bundles) sur votre compte d'argent mobile s'est terminee ave success a 2023-12-01 15:53:45. Le montant faisait l'objet d'une remise de 0 et de bons de reduction d'une valeur de 0. Message du destinataire du debit : . Votre nouveau solde : 166202 XAF. Les frais s'elevaient a 0 XAF, les frais de fidelite a 0 et la recompense de fidelite 0. Identifiant de transaction financiere : [PHONE_2920]. Id de transaction externe : 40622594559656828. Avec MoMo, tentez de recevoir jusqu'a 25000F en effectuant un paiement d'au moins 5000F dans un point marchand via *126# ou MoMo App. Pour plus d'info, appel au 8787 ou Whatsapp [PHONE_8786]"
USER_2,2023-12-02,09:25:49,MobileMoney,transfert,OUT,13500.0,FCFA,152702.0,"Transfert de 13500 FCFA effectue avec succes a [CONTACT_1842] ([PHONE_9236]) le 2023-12-02 09:11:54. FRAIS 0 FCFA. transaction Id: [PHONE_1042]. Reference: transfert . Nouveau solde est: 152702 FCFA. Avec MoMo, tentez de recevoir jusqu'a 25000F en effectuant un paiement d'au moins 5000F dans un point marchand via *126# ou MoMo App. Plus d'info au 8787."
USER_2,2023-12-03,19:51:39,MobileMoney,transfert,OUT,10000.0,FCFA,142702.0,"Transfert de 10000 FCFA effectue avec succes a aboumba assang iere witie Jeanne andree ([PHONE_0481]) le 2023-12-03 19:51:38. FRAIS 0 FCFA. transaction Id: [PHONE_0743]. Reference: transfert . Nouveau solde est: 142702 FCFA. Avec MoMo, tentez de recevoir jusqu'a 25000F en effectuant un paiement d'au moins 5000F dans un point marchand via *126# ou MoMo App. Plus d'info au 8787."
USER_2,2023-12-08,15:37:51,MobileMoney,transfert,OUT,15000.0,FCFA,96702.0,Transfert de 15000 FCFA effectue avec succes a aboumba assang iere witie Jeanne andree ([PHONE_0481]) le 2023-12-08 15:37:49. FRAIS 0 FCFA. transaction Id: [PHONE_4905]. Reference: transfert . Nouveau solde est: 96702 FCFA.  DEBLOQUE le Continent en Toi... 1 MILLIARD a PARTAGER en Cash et en Bonus. Pour un retrait d'au moins 5 237F. Tape *237#. Plus d'info au 8787.
USER_2,2023-12-12,08:18:03,MobileMoney,paiement,OUT,2102.0,XAF,84500.0,"Votre paiement de 2102 XAF a CAMWATER POSTPAID a ete effectue le 2023-12-12 08:18:01. Votre nouveau solde: 84500 XAF. Frais: 100 XAF. Message: -. Transaction Id: [PHONE_0919]. MILLION T'APPELLE! Chaque semaine, 10 MILLIONNAIRES dans les 10 regions du pays et +de 237 gagnants de 100kolo. Tape *237# et DEBLOQUE-le. Pour plus d'info, appel au 8787 ou WhatsApp [PHONE_8787]."
USER_2,2023-12-15,16:54:53,MobileMoney,paiement,OUT,10000.0,XAF,69500.0,"Votre paiement de 10000 XAF a [CONTACT_A102]  a ete effectue le 2023-12-15 16:54:52. Votre nouveau solde: 69500 XAF. Frais: 0 XAF. Message: -. Transaction Id: [PHONE_7707]. MILLION T'APPELLE! Chaque semaine, 10 MILLIONNAIRES dans les 10 regions du pays et +de 237 gagnants de 100kolo. Tape *237# et DEBLOQUE-le. Pour plus d'info, appel au 8787 ou WhatsApp [PHONE_8787]."
USER_2,2023-12-16,15:06:34,MobileMoney,transfert,OUT,15000.0,FCFA,54500.0,Transfert de 15000 FCFA effectue avec succes a AGNES [CONTACT_C1C5] ([PHONE_5066]) le 2023-12-16 15:06:35. FRAIS 0 FCFA. transaction Id: [PHONE_6478]. Reference: transfert . Nouveau solde est: 54500 FCFA.  DEBLOQUE le Continent en Toi... 1 MILLIARD a PARTAGER en Cash et en Bonus. Pour un retrait d'au moins 5 237F. Tape *237#. Plus d'info au 8787.
USER_2,2023-12-17,10:45:26,MobileMoney,paiement,OUT,500.0,XAF,54000.0,"Votre paiement de 500 XAF a MTNC AIRTIME a ete effectue le 2023-12-17 10:45:07. Votre nouveau solde: 54000 XAF. Frais: 0 XAF. Message: -. Transaction Id: [PHONE_7511]. MILLION T'APPELLE! Chaque semaine, 10 MILLIONNAIRES dans les 10 regions du pays et +de 237 gagnants de 100kolo. Tape *237# et DEBLOQUE-le. Pour plus d'info, appel au 8787 ou WhatsApp [PHONE_8787]."
USER_2,2023-12-19,09:39:07,MobileMoney,transfert,IN,51000.0,XAF,105000.0,"Vous avez recu 51000 XAF de Tabe Ndip  Enestine Ets TCHITOS sur votre compte Mobile Money 2023-12-19 09:39:06. Message de l'expediteur: . Votre nouveau solde est de 105000 FCFA. Frais: 0 XAF. Transaction ID: [PHONE_0351]. MILLION T'APPELLE! Chaque semaine, 10 MILLIONNAIRES dans les 10 regions du pays et +de 237 gagnants de 100kolo. Tape *237# et DEBLOQUE-le. Pour plus d'info, appel au 8787 ou WhatsApp [PHONE_8787]."
USER_2,2023-12-19,16:18:08,MobileMoney,transfert,IN,153000.0,XAF,258000.0,"Vous avez recu 153000 XAF de EBESO JOSEPH ANYICOH YELLO [CONTACT_0C23] [CONTACT_0B96] sur votre compte Mobile Money 2023-12-19 16:18:06. Message de l'expediteur: . Votre nouveau solde est de 258000 FCFA. Frais: 0 XAF. Transaction ID: [PHONE_0579]. MILLION T'APPELLE! Chaque semaine, 10 MILLIONNAIRES dans les 10 regions du pays et +de 237 gagnants de 100kolo. Tape *237# et DEBLOQUE-le. Pour plus d'info, appel au 8787 ou WhatsApp [PHONE_8787]."
USER_2,2023-12-19,19:31:26,MobileMoney,transfert,OUT,50750.0,FCFA,207250.0,Transfert de 50750 FCFA effectue avec succes a [CONTACT_0481] ([PHONE_0715]) le 2023-12-19 19:31:25. FRAIS 0 FCFA. transaction Id: [PHONE_3811]. Reference: transfert . Nouveau solde est: 207250 FCFA.  DEBLOQUE le Continent en Toi... 1 MILLIARD a PARTAGER en Cash et en Bonus. Pour un retrait d'au moins 5 237F. Tape *237#. Plus d'info au 8787.
USER_2,2023-12-19,19:45:51,MobileMoney,transfert,OUT,50750.0,FCFA,156500.0,Transfert de 50750 FCFA effectue avec succes a [CONTACT_F1AD] ([PHONE_1591]) le 2023-12-19 19:45:51. FRAIS 0 FCFA. transaction Id: [PHONE_7792]. Reference: transfert . Nouveau solde est: 156500 FCFA.  DEBLOQUE le Continent en Toi... 1 MILLIARD a PARTAGER en Cash et en Bonus. Pour un retrait d'au moins 5 237F. Tape *237#. Plus d'info au 8787.
USER_2,2023-12-20,14:00:27,MobileMoney,transfert,OUT,10000.0,FCFA,146500.0,Transfert de 10000 FCFA effectue avec succes a aboumba assang iere witie Jeanne andree ([PHONE_0481]) le 2023-12-20 14:00:25. FRAIS 0 FCFA. transaction Id: [PHONE_1743]. Reference: transfert . Nouveau solde est: 146500 FCFA.  DEBLOQUE le Continent en Toi... 1 MILLIARD a PARTAGER en Cash et en Bonus. Pour un retrait d'au moins 5 237F. Tape *237#. Plus d'info au 8787.
USER_2,2023-12-20,14:05:31,MobileMoney,transfert,OUT,35000.0,FCFA,111500.0,Transfert de 35000 FCFA effectue avec succes a Marie madeleine Tchayo ([PHONE_4079]) le 2023-12-20 14:05:30. FRAIS 0 FCFA. transaction Id: [PHONE_9188]. Reference: transfert . Nouveau solde est: 111500 FCFA.  DEBLOQUE le Continent en Toi... 1 MILLIARD a PARTAGER en Cash et en Bonus. Pour un retrait d'au moins 5 237F. Tape *237#. Plus d'info au 8787.
USER_2,2023-12-21,16:33:59,MobileMoney,transfert,OUT,10000.0,FCFA,141500.0,Transfert de 10000 FCFA effectue avec succes a aboumba assang iere witie Jeanne andree ([PHONE_0481]) le 2023-12-21 16:14:54. FRAIS 0 FCFA. transaction Id: [PHONE_2619]. Reference: transfert . Nouveau solde est: 141500 FCFA.  DEBLOQUE le Continent en Toi... 1 MILLIARD a PARTAGER en Cash et en Bonus. Pour un retrait d'au moins 5 237F. Tape *237#. Plus d'info au 8787.
USER_2,2023-12-21,16:34:20,MobileMoney,transfert,OUT,10000.0,FCFA,151500.0,Transfert de 10000 FCFA effectue avec succes a aboumba assang iere witie Jeanne andree ([PHONE_0481]) le 2023-12-21 16:14:39. FRAIS 0 FCFA. transaction Id: [PHONE_0355]. Reference: transfert . Nouveau solde est: 151500 FCFA.  DEBLOQUE le Continent en Toi... 1 MILLIARD a PARTAGER en Cash et en Bonus. Pour un retrait d'au moins 5 237F. Tape *237#. Plus d'info au 8787.
USER_2,2023-12-22,15:52:20,MobileMoney,transfert,OUT,25000.0,FCFA,116500.0,Transfert de 25000 FCFA effectue avec succes a ANNICK [CONTACT_4EC6] ([PHONE_1940]) le 2023-12-22 15:52:11. FRAIS 0 FCFA. transaction Id: [PHONE_1956]. Reference: transfert . Nouveau solde est: 116500 FCFA.  DEBLOQUE le Continent en Toi... 1 MILLIARD a PARTAGER en Cash et en Bonus. Pour un retrait d'au moins 5 237F. Tape *237#. Plus d'info au 8787.
USER_2,2023-12-26,11:34:40,MobileMoney,transfert,OUT,25000.0,FCFA,81500.0,Transfert de 25000 FCFA effectue avec succes a MARTINE [CONTACT_A43B] ([PHONE_2309]) le 2023-12-26 11:34:40. FRAIS 0 FCFA. transaction Id: [PHONE_8963]. Reference: transfert . Nouveau solde est: 81500 FCFA.  DEBLOQUE le Continent en Toi... 1 MILLIARD a PARTAGER en Cash et en Bonus. Pour un retrait d'au moins 5 237F. Tape *237#. Plus d'info au 8787.
USER_2,2023-12-27,11:32:26,MobileMoney,transfert,OUT,15000.0,FCFA,66500.0,Transfert de 15000 FCFA effectue avec succes a [CONTACT_2C73] ([PHONE_2848]) le 2023-12-27 11:32:26. FRAIS 0 FCFA. transaction Id: [PHONE_1189]. Reference: transfert . Nouveau solde est: 66500 FCFA.  DEBLOQUE le Continent en Toi... 1 MILLIARD a PARTAGER en Cash et en Bonus. Pour un retrait d'au moins 5 237F. Tape *237#. Plus d'info au 8787.
USER_2,2023-12-27,14:19:12,MobileMoney,transfert,OUT,15000.0,FCFA,51500.0,Transfert de 15000 FCFA effectue avec succes a aboumba assang iere witie Jeanne andree ([PHONE_0481]) le 2023-12-27 14:19:11. FRAIS 0 FCFA. transaction Id: [PHONE_7939]. Reference: transfert . Nouveau solde est: 51500 FCFA.  DEBLOQUE le Continent en Toi... 1 MILLIARD a PARTAGER en Cash et en Bonus. Pour un retrait d'au moins 5 237F. Tape *237#. Plus d'info au 8787.
USER_2,2023-12-28,09:19:13,MobileMoney,transaction,OUT,7000.0,XAF,44500.0,"Une transaction de 7000 XAF effectue par MTNC BUNDLES_FORFAITS   (MTN_Bundles) sur votre compte d'argent mobile s'est terminee ave success a 2023-12-28 09:16:22. Le montant faisait l'objet d'une remise de 0 et de bons de reduction d'une valeur de 0. Message du destinataire du debit : . Votre nouveau solde : 44500 XAF. Les frais s'elevaient a 0 XAF, les frais de fidelite a 0 et la recompense de fidelite 0. Identifiant de transaction financiere : [PHONE_0844]. Id de transaction externe : 5982593294882447082. Avec MoMo, tentez de recevoir jusqu'a 25000F en effectuant un paiement d'au moins 5000F dans un point marchand via *126# ou MoMo App. Pour plus d'info, appel au 8787 ou Whatsapp [PHONE_8786]"
USER_2,2024-01-03,13:32:47,MobileMoney,transfert,IN,63000.0,XAF,87500.0,"Vous avez recu 63000 XAF de [CONTACT_BE12] sur votre compte Mobile Money 2024-01-03 13:16:24. Message de l'expediteur: . Votre nouveau solde est de 87500 FCFA. Frais: 0 XAF. Transaction ID: [PHONE_4968]. MILLION T'APPELLE! Chaque semaine, 10 MILLIONNAIRES dans les 10 regions du pays et +de 237 gagnants de 100kolo. Tape *237# et DEBLOQUE-le. Pour plus d'info, appel au 8787 ou WhatsApp [PHONE_8787]."
USER_2,2024-01-03,13:51:25,MobileMoney,transfert,OUT,63000.0,FCFA,24500.0,Transfert de 63000 FCFA effectue avec succes a [CONTACT_F3E0] ([PHONE_2872]) le 2024-01-03 13:51:08. FRAIS 0 FCFA. transaction Id: [PHONE_4880]. Reference: transfert . Nouveau solde est: 24500 FCFA.  DEBLOQUE le Continent en Toi... 1 MILLIARD a PARTAGER en Cash et en Bonus. Pour un retrait d'au moins 5 237F. Tape *237#. Plus d'info au 8787.
USER_2,2024-01-04,06:56:00,MobileMoney,paiement,OUT,5000.0,XAF,19400.0,"Votre paiement de 5000 XAF a ENEO a ete effectue le 2024-01-04 06:55:59. Votre nouveau solde: 19400 XAF. Frais: 100 XAF. Message: -. Transaction Id: [PHONE_9646]. MILLION T'APPELLE! Chaque semaine, 10 MILLIONNAIRES dans les 10 regions du pays et +de 237 gagnants de 100kolo. Tape *237# et DEBLOQUE-le. Pour plus d'info, appel au 8787 ou WhatsApp [PHONE_8787]."
USER_2,2024-01-05,13:46:19,MobileMoney,paiement,OUT,5000.0,XAF,14400.0,"Votre paiement de 5000 XAF a [CONTACT_A102]  a ete effectue le 2024-01-05 13:46:18. Votre nouveau solde: 14400 XAF. Frais: 0 XAF. Message: -. Transaction Id: [PHONE_9409]. MILLION T'APPELLE! Chaque semaine, 10 MILLIONNAIRES dans les 10 regions du pays et +de 237 gagnants de 100kolo. Tape *237# et DEBLOQUE-le. Pour plus d'info, appel au 8787 ou WhatsApp [PHONE_8787]."
USER_2,2024-01-06,20:07:07,MobileMoney,transfert,OUT,1000.0,FCFA,13350.0,Transfert de 1000 FCFA effectue avec succes a aboumba assang iere witie Jeanne andree ([PHONE_0481]) le 2024-01-06 20:07:07. FRAIS 50 FCFA. transaction Id: [PHONE_9260]. Reference: transfert . Nouveau solde est: 13350 FCFA.  DEBLOQUE le Continent en Toi... 1 MILLIARD a PARTAGER en Cash et en Bonus. Pour un retrait d'au moins 5 237F. Tape *237#. Plus d'info au 8787.
USER_2,2024-01-16,14:05:25,MobileMoney,paiement,OUT,5000.0,XAF,8350.0,"Votre paiement de 5000 XAF a [CONTACT_A102]  a ete effectue le 2024-01-16 14:05:24. Votre nouveau solde: 8350 XAF. Frais: 0 XAF. Message: -. Transaction Id: [PHONE_6566]. MILLION T'APPELLE! Chaque semaine, 10 MILLIONNAIRES dans les 10 regions du pays et +de 237 gagnants de 100kolo. Tape *237# et DEBLOQUE-le. Pour plus d'info, appel au 8787 ou WhatsApp [PHONE_8787]."
USER_2,2024-01-19,16:53:16,MobileMoney,transfert,IN,30000.0,XAF,38350.0,"Vous avez recu 30000 XAF de [CONTACT_72F7]? sur votre compte Mobile Money 2024-01-19 16:53:15. Message de l'expediteur: . Votre nouveau solde est de 38350 FCFA. Frais: 0 XAF. Transaction ID: [PHONE_2261]. MILLION T'APPELLE! Chaque semaine, 10 MILLIONNAIRES dans les 10 regions du pays et +de 237 gagnants de 100kolo. Tape *237# et DEBLOQUE-le. Pour plus d'info, appel au 8787 ou WhatsApp [PHONE_8787]."
USER_2,2024-01-19,16:56:58,MobileMoney,transfert,OUT,30500.0,FCFA,7698.0,Transfert de 30500 FCFA effectue avec succes a aboumba assang iere witie Jeanne andree ([PHONE_0481]) le 2024-01-19 16:56:58. FRAIS 152 FCFA. transaction Id: [PHONE_7138]. Reference: transfert . Nouveau solde est: 7698 FCFA.  DEBLOQUE le Continent en Toi... 1 MILLIARD a PARTAGER en Cash et en Bonus. Pour un retrait d'au moins 5 237F. Tape *237#. Plus d'info au 8787.
USER_2,2024-01-23,14:30:09,MobileMoney,transfert,IN,10000.0,XAF,17698.0,"Vous avez recu 10000 XAF de [CONTACT_528E] [CONTACT_916B] sur votre compte Mobile Money 2024-01-23 14:30:08. Message de l'expediteur: . Votre nouveau solde est de 17698 FCFA. Frais: 0 XAF. Transaction ID: [PHONE_3599]. MILLION T'APPELLE! Chaque semaine, 10 MILLIONNAIRES dans les 10 regions du pays et +de 237 gagnants de 100kolo. Tape *237# et DEBLOQUE-le. Pour plus d'info, appel au 8787 ou WhatsApp [PHONE_8787]."
USER_2,2024-01-23,14:32:32,MobileMoney,transfert,OUT,10000.0,FCFA,7648.0,Transfert de 10000 FCFA effectue avec succes a ROSALIE [CONTACT_8C23] ([PHONE_5724]) le 2024-01-23 14:32:31. FRAIS 50 FCFA. transaction Id: [PHONE_1669]. Reference: transfert . Nouveau solde est: 7648 FCFA.  DEBLOQUE le Continent en Toi... 1 MILLIARD a PARTAGER en Cash et en Bonus. Pour un retrait d'au moins 5 237F. Tape *237#. Plus d'info au 8787.
USER_2,2024-01-24,11:37:52,MobileMoney,transfert,OUT,2000.0,FCFA,5598.0,Transfert de 2000 FCFA effectue avec succes a [CONTACT_CF52] ([PHONE_0023]) le 2024-01-24 11:37:51. FRAIS 50 FCFA. transaction Id: [PHONE_5890]. Reference: transfert . Nouveau solde est: 5598 FCFA.  DEBLOQUE le Continent en Toi... 1 MILLIARD a PARTAGER en Cash et en Bonus. Pour un retrait d'au moins 5 237F. Tape *237#. Plus d'info au 8787.
USER_2,2024-01-24,12:54:39,MobileMoney,transfert,IN,30000.0,XAF,35598.0,"Vous avez recu 30000 XAF de [CONTACT_CE2A] sur votre compte Mobile Money 2024-01-24 12:47:18. Message de l'expediteur: . Votre nouveau solde est de 35598 FCFA. Frais: 0 XAF. Transaction ID: [PHONE_0472]. MILLION T'APPELLE! Chaque semaine, 10 MILLIONNAIRES dans les 10 regions du pays et +de 237 gagnants de 100kolo. Tape *237# et DEBLOQUE-le. Pour plus d'info, appel au 8787 ou WhatsApp [PHONE_8787]."
USER_2,2024-01-27,10:49:38,MobileMoney,transaction,OUT,7000.0,XAF,18598.0,"Une transaction de 7000 XAF effectue par MTNC BUNDLES_FORFAITS   (MTN_Bundles) sur votre compte d'argent mobile s'est terminee ave success a 2024-01-27 10:49:01. Le montant faisait l'objet d'une remise de 0 et de bons de reduction d'une valeur de 0. Message du destinataire du debit : . Votre nouveau solde : 18598 XAF. Les frais s'elevaient a 0 XAF, les frais de fidelite a 0 et la recompense de fidelite 0. Identifiant de transaction financiere : [PHONE_1869]. Id de transaction externe : 7338084120385587080. Avec MoMo, tentez de recevoir jusqu'a 25000F en effectuant un paiement d'au moins 5000F dans un point marchand via *126# ou MoMo App. Pour plus d'info, appel au 8787 ou Whatsapp [PHONE_8786]"
USER_2,2024-01-29,09:47:20,MobileMoney,transfert,OUT,4700.0,FCFA,13848.0,Transfert de 4700 FCFA effectue avec succes a [CONTACT_BA9F] ([PHONE_2101]) le 2024-01-29 09:47:20. FRAIS 50 FCFA. transaction Id: [PHONE_3483]. Reference: transfert . Nouveau solde est: 13848 FCFA.  DEBLOQUE le Continent en Toi... 1 MILLIARD a PARTAGER en Cash et en Bonus. Pour un retrait d'au moins 5 237F. Tape *237#. Plus d'info au 8787.
USER_2,2024-01-30,10:50:44,MobileMoney,transfert,OUT,3050.0,FCFA,10748.0,Transfert de 3050 FCFA effectue avec succes a [CONTACT_4F0A] ([PHONE_0849]) le 2024-01-30 10:50:43. FRAIS 50 FCFA. transaction Id: [PHONE_2005]. Reference: transfert . Nouveau solde est: 10748 FCFA.  DEBLOQUE le Continent en Toi... 1 MILLIARD a PARTAGER en Cash et en Bonus. Pour un retrait d'au moins 5 237F. Tape *237#. Plus d'info au 8787.
USER_2,2024-02-16,19:44:12,MobileMoney,transfert,OUT,2000.0,FCFA,1648.0,Transfert de 2000 FCFA effectue avec succes a [CONTACT_37F6] ([PHONE_0510]) le 2024-02-16 19:44:11. FRAIS 50 FCFA. transaction Id: [PHONE_3091]. Reference: transfert . Nouveau solde est: 1648 FCFA.  DEBLOQUE le Continent en Toi... 1 MILLIARD a PARTAGER en Cash et en Bonus. Pour un retrait d'au moins 5 237F. Tape *237#. Plus d'info au 8787.
USER_2,2024-03-11,21:44:08,MobileMoney,transfert,OUT,500.0,FCFA,1148.0,Transfert de 500 FCFA effectue avec succes a [CONTACT_F3E0] ([PHONE_2872]) le 2024-03-11 21:44:07. FRAIS 0 FCFA. transaction Id: [PHONE_2703]. Reference: transfert . Nouveau solde est: 1148 FCFA.  Profitez jusqu'a 200 Mo de BONUS en envoyant de l'argent a tous les operateurs avec l'application MoMo. Telechargez l'application ici sur onelink.to/8738x9. Plus d'infos au 8787 ou WhatsApp [PHONE_8787].
USER_2,2024-03-26,18:47:04,MobileMoney,transaction,OUT,7000.0,XAF,4148.0,"Une transaction de 7000 XAF effectue par MTNC BUNDLES_FORFAITS   (MTN_Bundles) sur votre compte d'argent mobile s'est terminee ave success a 2024-03-26 18:46:46. Le montant faisait l'objet d'une remise de 0 et de bons de reduction d'une valeur de 0. Message du destinataire du debit : . Votre nouveau solde : 4148 XAF. Les frais s'elevaient a 0 XAF, les frais de fidelite a 0 et la recompense de fidelite 0. Identifiant de transaction financiere : [PHONE_9048]. Id de transaction externe : 6753729616917396814. Profitez jusqu'a 200 Mo de BONUS en effectuant au moins une transaction sur l'application MoMo. Telechargez l'appli sur onelink.to/8738x9. Pour plus d'info, appel au 8787 ou WhatsApp [PHONE_8787]"
USER_2,2024-04-03,11:01:59,MobileMoney,transfert,OUT,30700.0,FCFA,63294.0,Transfert de 30700 FCFA effectue avec succes a Marie madeleine Tchayo ([PHONE_4079]) le 2024-04-03 11:01:59. FRAIS 154 FCFA. transaction Id: [PHONE_9421]. Reference: transfert . Nouveau solde est: 63294 FCFA.  Profitez jusqu'a 200 Mo de BONUS en envoyant de l'argent a tous les operateurs avec l'application MoMo. Telechargez l'application ici sur onelink.to/8738x9. Plus d'infos au 8787 ou WhatsApp [PHONE_8787].
USER_2,2024-04-03,11:16:54,MobileMoney,transfert,OUT,4000.0,FCFA,59244.0,Transfert de 4000 FCFA effectue avec succes a Marie madeleine Tchayo ([PHONE_4079]) le 2024-04-03 11:16:53. FRAIS 50 FCFA. transaction Id: [PHONE_0544]. Reference: transfert . Nouveau solde est: 59244 FCFA.  Profitez jusqu'a 200 Mo de BONUS en envoyant de l'argent a tous les operateurs avec l'application MoMo. Telechargez l'application ici sur onelink.to/8738x9. Plus d'infos au 8787 ou WhatsApp [PHONE_8787].
USER_2,2024-04-04,14:51:35,MobileMoney,transfert,IN,50000.0,XAF,109244.0,Vous avez recu 50000 XAF de [CONTACT_BE12] sur votre compte Mobile Money 2024-04-04 14:51:34. Message de l'expediteur: . Votre nouveau solde est de 109244 FCFA. Frais: 0 XAF. Transaction ID: [PHONE_1340]. Profitez jusqu'a 200 Mo de BONUS en envoyant de l'argent a tous les operateurs avec l'application MoMo. Telechargez l'application ici sur onelink.to/8738x9. Plus d'infos au 8787 ou WhatsApp [PHONE_8787].
USER_2,2024-04-08,13:21:41,MobileMoney,paiement,OUT,14000.0,XAF,44994.0,Votre paiement de 14000 XAF a [CONTACT_4560] ([PHONE_8871]) a ete finalise a 2024-04-08 13:00:55. Message: . Votre nouveau solde : 44994 XAF. Les frais s'elevaient a 0 XAF. Le montant faisait l'objet d'une reduction de 0 XAF et de coupons d'une valeur de . Identifiant de transaction financiere : [PHONE_4587]. Id de transaction externe : -.  Profitez jusqu'a 200 Mo de BONUS en effectuant vos achats sur l'application MoMo. Telechargez l'appli ici sur onelink.to/8738x9. Plus d'infos au 8787 ou WhatsApp [PHONE_8787].
USER_2,2024-04-13,10:43:54,MobileMoney,transfert,OUT,19000.0,FCFA,25899.0,Transfert de 19000 FCFA effectue avec succes a [CONTACT_AFB1] ([PHONE_7244]) le 2024-04-13 10:43:53. FRAIS 95 FCFA. transaction Id: [PHONE_5071]. Reference: 1. Nouveau solde est: 25899 FCFA.  Profitez jusqu'a 200 Mo de BONUS en envoyant de l'argent a tous les operateurs avec l'application MoMo. Telechargez l'application ici sur onelink.to/8738x9. Plus d'infos au 8787 ou WhatsApp [PHONE_8787].
USER_2,2024-04-19,09:24:02,MobileMoney,paiement,OUT,2150.0,XAF,8749.0,Votre paiement de 2150 XAF a [CONTACT_F3E1] ([PHONE_5310]) a ete finalise a 2024-04-19 09:17:02. Message: . Votre nouveau solde : 8749 XAF. Les frais s'elevaient a 0 XAF. Le montant faisait l'objet d'une reduction de 0 XAF et de coupons d'une valeur de . Identifiant de transaction financiere : [PHONE_9942]. Id de transaction externe : -.  Profitez jusqu'a 200 Mo de BONUS en effectuant vos achats sur l'application MoMo. Telechargez l'appli ici sur onelink.to/8738x9. Plus d'infos au 8787 ou WhatsApp [PHONE_8787].
USER_2,2024-04-22,08:08:45,MobileMoney,paiement,OUT,7000.0,XAF,1749.0,Votre paiement de 7000 XAF a [CONTACT_4560] ([PHONE_8871]) a ete finalise a 2024-04-22 08:08:21. Message: . Votre nouveau solde : 1749 XAF. Les frais s'elevaient a 0 XAF. Le montant faisait l'objet d'une reduction de 0 XAF et de coupons d'une valeur de . Identifiant de transaction financiere : [PHONE_6120]. Id de transaction externe : -.  Profitez jusqu'a 200 Mo de BONUS en effectuant vos achats sur l'application MoMo. Telechargez l'appli ici sur onelink.to/8738x9. Plus d'infos au 8787 ou WhatsApp [PHONE_8787].
USER_2,2024-04-25,16:51:10,MobileMoney,transfert,IN,10000.0,XAF,11749.0,Vous avez recu 10000 XAF de [CONTACT_BE12] sur votre compte Mobile Money 2024-04-25 16:50:38. Message de l'expediteur: . Votre nouveau solde est de 11749 FCFA. Frais: 0 XAF. Transaction ID: [PHONE_3990]. Profitez jusqu'a 200 Mo de BONUS en envoyant de l'argent a tous les operateurs avec l'application MoMo. Telechargez l'application ici sur onelink.to/8738x9. Plus d'infos au 8787 ou WhatsApp [PHONE_8787].
USER_2,2024-04-25,19:19:06,MobileMoney,transaction,OUT,7000.0,XAF,4749.0,"Une transaction de 7000 XAF effectue par MTNC BUNDLES_FORFAITS   (MTN_Bundles) sur votre compte d'argent mobile s'est terminee ave success a 2024-04-25 19:18:29. Le montant faisait l'objet d'une remise de 0 et de bons de reduction d'une valeur de 0. Message du destinataire du debit : . Votre nouveau solde : 4749 XAF. Les frais s'elevaient a 0 XAF, les frais de fidelite a 0 et la recompense de fidelite 0. Identifiant de transaction financiere : [PHONE_9933]. Id de transaction externe : 4309378731138450946. Profitez jusqu'a 200 Mo de BONUS en effectuant au moins une transaction sur l'application MoMo. Telechargez l'appli sur onelink.to/8738x9. Pour plus d'info, appel au 8787 ou WhatsApp [PHONE_8787]"
USER_2,2024-05-17,09:12:37,MobileMoney,transfert,IN,20000.0,XAF,24749.0,Vous avez recu 20000 XAF de [CONTACT_BE12] sur votre compte Mobile Money 2024-05-17 09:12:35. Message de l'expediteur: . Votre nouveau solde est de 24749 FCFA. Frais: 0 XAF. Transaction ID: [PHONE_2073]. Profitez jusqu'a 200 Mo de BONUS en envoyant de l'argent a tous les operateurs avec l'application MoMo. Telechargez l'application ici sur onelink.to/8738x9. Plus d'infos au 8787 ou WhatsApp [PHONE_8787].
USER_2,2024-05-18,07:19:14,MobileMoney,transfert,OUT,10000.0,FCFA,14699.0,Transfert de 10000 FCFA effectue avec succes a AGNES [CONTACT_C1C5] ([PHONE_5066]) le 2024-05-18 07:19:13. FRAIS 50 FCFA. transaction Id: [PHONE_9376]. Reference: transfert . Nouveau solde est: 14699 FCFA.  Profitez jusqu'a 200 Mo de BONUS en envoyant de l'argent a tous les operateurs avec l'application MoMo. Telechargez l'application ici sur onelink.to/8738x9. Plus d'infos au 8787 ou WhatsApp [PHONE_8787].
USER_2,2024-05-24,11:27:02,MobileMoney,transaction,OUT,7000.0,XAF,6699.0,"Une transaction de 7000 XAF effectue par MTNC BUNDLES_FORFAITS   (MTN_Bundles) sur votre compte d'argent mobile s'est terminee ave success a 2024-05-24 11:26:59. Le montant faisait l'objet d'une remise de 0 et de bons de reduction d'une valeur de 0. Message du destinataire du debit : . Votre nouveau solde : 6699 XAF. Les frais s'elevaient a 0 XAF, les frais de fidelite a 0 et la recompense de fidelite 0. Identifiant de transaction financiere : [PHONE_8412]. Id de transaction externe : 5721007521307235437. Profitez jusqu'a 200 Mo de BONUS en effectuant au moins une transaction sur l'application MoMo. Telechargez l'appli sur onelink.to/8738x9. Pour plus d'info, appel au 8787 ou WhatsApp [PHONE_8787]"
USER_2,2024-05-27,17:44:14,MobileMoney,transfert,IN,80000.0,XAF,86699.0,Vous avez recu 80000 XAF de [CONTACT_3DE3] _ALVINO [CONTACT_D6D6] sur votre compte Mobile Money 2024-05-27 17:44:12. Message de l'expediteur: . Votre nouveau solde est de 86699 FCFA. Frais: 0 XAF. Transaction ID: [PHONE_4009]. Profitez jusqu'a 200 Mo de BONUS en envoyant de l'argent a tous les operateurs avec l'application MoMo. Telechargez l'application ici sur onelink.to/8738x9. Plus d'infos au 8787 ou WhatsApp [PHONE_8787].
USER_2,2024-05-29,17:46:31,MobileMoney,transfert,OUT,5000.0,FCFA,325372.0,Transfert de 5000 FCFA effectue avec succes a [CONTACT_704F] ([PHONE_2030]) le 2024-05-29 17:45:49. FRAIS 50 FCFA. transaction Id: [PHONE_5748]. Reference: transfert . Nouveau solde est: 325372 FCFA.  Profitez jusqu'a 200 Mo de BONUS en envoyant de l'argent a tous les operateurs avec l'application MoMo. Telechargez l'application ici sur onelink.to/8738x9. Plus d'infos au 8787 ou WhatsApp [PHONE_8787].
USER_2,2024-05-31,13:45:12,MobileMoney,paiement,OUT,54050.0,XAF,177354.0,Votre paiement de 54050 XAF a NIKI Boisson [CONTACT_42B9] ([PHONE_5073]) a ete finalise a 2024-05-31 13:38:46. Message: . Votre nouveau solde : 177354 XAF. Les frais s'elevaient a 0 XAF. Le montant faisait l'objet d'une reduction de 0 XAF et de coupons d'une valeur de . Identifiant de transaction financiere : [PHONE_4310]. Id de transaction externe : -.  Profitez jusqu'a 200 Mo de BONUS en effectuant vos achats sur l'application MoMo. Telechargez l'appli ici sur onelink.to/8738x9. Plus d'infos au 8787 ou WhatsApp [PHONE_8787].
USER_2,2024-05-31,14:15:35,MobileMoney,transfert,IN,30000.0,XAF,207354.0,Vous avez recu 30000 XAF de [CONTACT_F0F9] sur votre compte Mobile Money 2024-05-31 14:15:34. Message de l'expediteur: . Votre nouveau solde est de 207354 FCFA. Frais: 0 XAF. Transaction ID: [PHONE_7694]. Profitez jusqu'a 200 Mo de BONUS en envoyant de l'argent a tous les operateurs avec l'application MoMo. Telechargez l'application ici sur onelink.to/8738x9. Plus d'infos au 8787 ou WhatsApp [PHONE_8787].
USER_2,2024-06-01,11:47:07,MobileMoney,paiement,OUT,9180.0,XAF,177069.0,Votre paiement de 9180 XAF a CASINO Centre Caisse 2 ([PHONE_1002]) a ete finalise a 2024-06-01 11:46:45. Message: . Votre nouveau solde : 177069 XAF. Les frais s'elevaient a 0 XAF. Le montant faisait l'objet d'une reduction de 0 XAF et de coupons d'une valeur de . Identifiant de transaction financiere : [PHONE_7303]. Id de transaction externe : -.  Profitez jusqu'a 200 Mo de BONUS en effectuant vos achats sur l'application MoMo. Telechargez l'appli ici sur onelink.to/8738x9. Plus d'infos au 8787 ou WhatsApp [PHONE_8787].
USER_2,2024-06-01,12:39:58,MobileMoney,paiement,OUT,8600.0,XAF,168469.0,Votre paiement de 8600 XAF a [CONTACT_C85E] ([PHONE_2429]) a ete finalise a 2024-06-01 12:31:41. Message: . Votre nouveau solde : 168469 XAF. Les frais s'elevaient a 0 XAF. Le montant faisait l'objet d'une reduction de 0 XAF et de coupons d'une valeur de . Identifiant de transaction financiere : [PHONE_2886]. Id de transaction externe : -.  Profitez jusqu'a 200 Mo de BONUS en effectuant vos achats sur l'application MoMo. Telechargez l'appli ici sur onelink.to/8738x9. Plus d'infos au 8787 ou WhatsApp [PHONE_8787].
USER_2,2024-06-01,12:53:42,MobileMoney,paiement,OUT,10175.0,XAF,158294.0,Votre paiement de 10175 XAF a [CONTACT_2CFD] 6 ([PHONE_5773]) a ete finalise a 2024-06-01 12:53:32. Message: . Votre nouveau solde : 158294 XAF. Les frais s'elevaient a 0 XAF. Le montant faisait l'objet d'une reduction de 0 XAF et de coupons d'une valeur de . Identifiant de transaction financiere : [PHONE_5289]. Id de transaction externe : -.  Profitez jusqu'a 200 Mo de BONUS en effectuant vos achats sur l'application MoMo. Telechargez l'appli ici sur onelink.to/8738x9. Plus d'infos au 8787 ou WhatsApp [PHONE_8787].
USER_2,2024-06-01,14:34:13,MobileMoney,transfert,OUT,20000.0,FCFA,138194.0,Transfert de 20000 FCFA effectue avec succes a [CONTACT_2A15] ([PHONE_4758]) le 2024-06-01 14:34:02. FRAIS 100 FCFA. transaction Id: [PHONE_2005]. Reference: transfert . Nouveau solde est: 138194 FCFA.  Profitez jusqu'a 200 Mo de BONUS en envoyant de l'argent a tous les operateurs avec l'application MoMo. Telechargez l'application ici sur onelink.to/8738x9. Plus d'infos au 8787 ou WhatsApp [PHONE_8787].
USER_2,2024-06-04,10:59:39,MobileMoney,transfert,OUT,10000.0,FCFA,57042.0,Transfert de 10000 FCFA effectue avec succes a [CONTACT_F3E0] ([PHONE_2872]) le 2024-06-04 10:59:37. FRAIS 0 FCFA. transaction Id: [PHONE_6049]. Reference: transfert . Nouveau solde est: 57042 FCFA.  Profitez jusqu'a 200 Mo de BONUS en envoyant de l'argent a tous les operateurs avec l'application MoMo. Telechargez l'application ici sur onelink.to/8738x9. Plus d'infos au 8787 ou WhatsApp [PHONE_8787].
USER_2,2024-06-04,12:39:54,MobileMoney,transfert,OUT,5000.0,FCFA,51992.0,Transfert de 5000 FCFA effectue avec succes a [CONTACT_5CB2] ([PHONE_9473]) le 2024-06-04 12:39:52. FRAIS 50 FCFA. transaction Id: [PHONE_5527]. Reference: transfert . Nouveau solde est: 51992 FCFA.  Profitez jusqu'a 200 Mo de BONUS en envoyant de l'argent a tous les operateurs avec l'application MoMo. Telechargez l'application ici sur onelink.to/8738x9. Plus d'infos au 8787 ou WhatsApp [PHONE_8787].
USER_2,2024-06-08,13:48:22,MobileMoney,retrait,OUT,10000.0,FCFA,41792.0,"Vous avez effectue avec succes le retrait de 10000 FCFA de votre compte mobi[CONTACT_D918] money, chez  [CONTACT_D918] 2024-06-08 13:47:43. Votre nouveau solde est de:41792 FCFA. Transaction Id: [PHONE_0205]. Profitez jusqu'a 200 Mo de BONUS en envoyant de l'argent a tous les operateurs avec l'application MoMo. Telechargez l'application ici sur onelink.to/8738x9. Plus d'infos au 8787 ou WhatsApp [PHONE_8787]."
USER_2,2024-06-11,14:43:16,MobileMoney,paiement,OUT,24851.0,XAF,16941.0,"Votre paiement de 24851 XAF a ENEO a ete effectue le 2024-06-11 14:43:15. Votre nouveau solde: 16941 XAF. Frais: 0 XAF. Message: -. Transaction Id: [PHONE_1955]. Profitez jusqu'a 200 Mo de BONUS en effectuant au moins une transaction sur l'application MoMo. Telechargez l'appli ici sur onelink.to/8738x9. Pour plus d'info, appel au 8787 ou WhatsApp [PHONE_8787]."
USER_2,2024-06-11,16:46:27,MobileMoney,transfert,OUT,5000.0,FCFA,11891.0,Transfert de 5000 FCFA effectue avec succes a jean ndejong kue ([PHONE_6146]) le 2024-06-11 16:46:26. FRAIS 50 FCFA. transaction Id: [PHONE_9449]. Reference: transfert . Nouveau solde est: 11891 FCFA.  Profitez jusqu'a 200 Mo de BONUS en envoyant de l'argent a tous les operateurs avec l'application MoMo. Telechargez l'application ici sur onelink.to/8738x9. Plus d'infos au 8787 ou WhatsApp [PHONE_8787].
USER_2,2024-06-13,05:56:17,MobileMoney,paiement,OUT,10000.0,XAF,1891.0,"Votre paiement de 10000 XAF a [CONTACT_A102]  a ete effectue le 2024-06-13 05:56:00. Votre nouveau solde: 1891 XAF. Frais: 0 XAF. Message: -. Transaction Id: [PHONE_6363]. Profitez jusqu'a 200 Mo de BONUS en effectuant au moins une transaction sur l'application MoMo. Telechargez l'appli ici sur onelink.to/8738x9. Pour plus d'info, appel au 8787 ou WhatsApp [PHONE_8787]."
USER_2,2024-06-18,16:43:40,MobileMoney,transfert,IN,4000.0,XAF,5891.0,Vous avez recu 4000 XAF de [CONTACT_B47B] ([PHONE_1355]) sur votre compte mobile money à 2024-06-18 16:43:35. Message de l'expéditeur: 1. Votre nouveau solde: 5891 XAF. FRAIS: FCFA 0. Financial Transaction Id: [PHONE_5303].
USER_2,2024-06-19,12:59:16,MobileMoney,paiement,OUT,5000.0,XAF,891.0,"Votre paiement de 5000 XAF a [CONTACT_A102]  a ete effectue le 2024-06-19 12:59:01. Votre nouveau solde: 891 XAF. Frais: 0 XAF. Message: -. Transaction Id: [PHONE_0338]. Profitez jusqu'a 200 Mo de BONUS en effectuant au moins une transaction sur l'application MoMo. Telechargez l'appli ici sur onelink.to/8738x9. Pour plus d'info, appel au 8787 ou WhatsApp [PHONE_8787]."
USER_2,2024-06-20,12:34:47,MobileMoney,transfert,IN,10000.0,XAF,10891.0,Vous avez recu 10000 XAF de BUSNESCO CEYDE_CBOX_R1_FOYET [CONTACT_BB1E] sur votre compte Mobile Money 2024-06-20 12:34:44. Message de l'expediteur: . Votre nouveau solde est de 10891 FCFA. Frais: 0 XAF. Transaction ID: [PHONE_1187]. Profitez jusqu'a 200 Mo de BONUS en envoyant de l'argent a tous les operateurs avec l'application MoMo. Telechargez l'application ici sur onelink.to/8738x9. Plus d'infos au 8787 ou WhatsApp [PHONE_8787].
USER_2,2024-06-20,12:46:36,MobileMoney,transaction,OUT,7000.0,XAF,3891.0,"Une transaction de 7000 XAF effectue par MTNC BUNDLES_FORFAITS   (MTN_Bundles) sur votre compte d'argent mobile s'est terminee ave success a 2024-06-20 12:43:42. Le montant faisait l'objet d'une remise de 0 et de bons de reduction d'une valeur de 0. Message du destinataire du debit : . Votre nouveau solde : 3891 XAF. Les frais s'elevaient a 0 XAF, les frais de fidelite a 0 et la recompense de fidelite 0. Identifiant de transaction financiere : [PHONE_8527]. Id de transaction externe : 1100504498682892414. Profitez jusqu'a 200 Mo de BONUS en effectuant au moins une transaction sur l'application MoMo. Telechargez l'appli sur onelink.to/8738x9. Pour plus d'info, appel au 8787 ou WhatsApp [PHONE_8787]"
USER_2,2024-07-03,12:26:33,MobileMoney,transfert,IN,10000.0,XAF,13891.0,Vous avez recu 10000 XAF de [CONTACT_BE12] sur votre compte Mobile Money 2024-07-03 12:16:47. Message de l'expediteur: . Votre nouveau solde est de 13891 FCFA. Frais: 0 XAF. Transaction ID: [PHONE_5387]. Profitez jusqu'a 200 Mo de BONUS en envoyant de l'argent a tous les operateurs avec l'application MoMo. Telechargez l'application ici sur onelink.to/8738x9. Plus d'infos au 8787 ou WhatsApp [PHONE_8787].
USER_2,2024-07-03,14:35:45,MobileMoney,paiement,OUT,10000.0,XAF,3891.0,"Votre paiement de 10000 XAF a [CONTACT_A102]  a ete effectue le 2024-07-03 14:35:29. Votre nouveau solde: 3891 XAF. Frais: 0 XAF. Message: -. Transaction Id: [PHONE_3785]. Profitez jusqu'a 200 Mo de BONUS en effectuant au moins une transaction sur l'application MoMo. Telechargez l'appli ici sur onelink.to/8738x9. Pour plus d'info, appel au 8787 ou WhatsApp [PHONE_8787]."
USER_2,2024-07-16,11:14:18,MobileMoney,transfert,IN,100000.0,XAF,103891.0,Vous avez recu 100000 XAF de [CONTACT_BE12] sur votre compte Mobile Money 2024-07-16 11:14:16. Message de l'expediteur: . Votre nouveau solde est de 103891 FCFA. Frais: 0 XAF. Transaction ID: [PHONE_0913]. Profitez jusqu'a 200 Mo de BONUS en envoyant de l'argent a tous les operateurs avec l'application MoMo. Telechargez l'application ici sur onelink.to/8738x9. Plus d'infos au 8787 ou WhatsApp [PHONE_8787].
USER_2,2024-07-16,12:17:47,MobileMoney,transfert,OUT,100000.0,FCFA,3391.0,Transfert de 100000 FCFA effectue avec succes a [CONTACT_8CFB] ([PHONE_3377]) le 2024-07-16 12:17:46. FRAIS 500 FCFA. transaction Id: [PHONE_0951]. Reference: transfert . Nouveau solde est: 3391 FCFA.  Profitez jusqu'a 200 Mo de BONUS en envoyant de l'argent a tous les operateurs avec l'application MoMo. Telechargez l'application ici sur onelink.to/8738x9. Plus d'infos au 8787 ou WhatsApp [PHONE_8787].
USER_2,2024-07-20,14:37:40,MobileMoney,transfert,IN,10000.0,XAF,13391.0,Vous avez recu 10000 XAF de [CONTACT_2073] [CONTACT_C39A] sur votre compte Mobile Money 2024-07-20 14:37:39. Message de l'expediteur: . Votre nouveau solde est de 13391 FCFA. Frais: 0 XAF. Transaction ID: [PHONE_2919]. Profitez jusqu'a 200 Mo de BONUS en envoyant de l'argent a tous les operateurs avec l'application MoMo. Telechargez l'application ici sur onelink.to/8738x9. Plus d'infos au 8787 ou WhatsApp [PHONE_8787].
USER_2,2024-07-20,15:05:42,MobileMoney,transaction,OUT,7000.0,XAF,6391.0,"Une transaction de 7000 XAF effectue par MTNC BUNDLES_FORFAITS   (MTN_Bundles) sur votre compte d'argent mobile s'est terminee ave success a 2024-07-20 14:46:05. Le montant faisait l'objet d'une remise de 0 et de bons de reduction d'une valeur de 0. Message du destinataire du debit : . Votre nouveau solde : 6391 XAF. Les frais s'elevaient a 0 XAF, les frais de fidelite a 0 et la recompense de fidelite 0. Identifiant de transaction financiere : [PHONE_5293]. Id de transaction externe : 7427346427181817599. Profitez jusqu'a 200 Mo de BONUS en effectuant au moins une transaction sur l'application MoMo. Telechargez l'appli sur onelink.to/8738x9. Pour plus d'info, appel au 8787 ou WhatsApp [PHONE_8787]"
USER_2,2024-07-27,13:01:29,MobileMoney,transfert,IN,10200.0,XAF,16591.0,Vous avez recu 10200 XAF de BUSNESCO CEYDE_CBOX_R1_FOYET [CONTACT_BB1E] sur votre compte Mobile Money 2024-07-27 13:01:27. Message de l'expediteur: . Votre nouveau solde est de 16591 FCFA. Frais: 0 XAF. Transaction ID: [PHONE_9114]. Profitez jusqu'a 200 Mo de BONUS en envoyant de l'argent a tous les operateurs avec l'application MoMo. Telechargez l'application ici sur onelink.to/8738x9. Plus d'infos au 8787 ou WhatsApp [PHONE_8787].
USER_2,2024-07-27,14:47:36,MobileMoney,transfert,IN,120000.0,XAF,136591.0,Vous avez recu 120000 XAF de [CONTACT_6202] sur votre compte Mobile Money 2024-07-27 14:47:36. Message de l'expediteur: . Votre nouveau solde est de 136591 FCFA. Frais: 0 XAF. Transaction ID: [PHONE_5159]. Profitez jusqu'a 200 Mo de BONUS en envoyant de l'argent a tous les operateurs avec l'application MoMo. Telechargez l'application ici sur onelink.to/8738x9. Plus d'infos au 8787 ou WhatsApp [PHONE_8787].
USER_2,2024-07-27,20:11:19,MobileMoney,paiement,OUT,20000.0,XAF,116591.0,Votre paiement de 20000 XAF a S/S [CONTACT_2533]-[CONTACT_990B] ([PHONE_9013]) a ete finalise a 2024-07-27 20:10:53. Message: . Votre nouveau solde : 116591 XAF. Les frais s'elevaient a 0 XAF. Le montant faisait l'objet d'une reduction de 0 XAF et de coupons d'une valeur de . Identifiant de transaction financiere : [PHONE_1251]. Id de transaction externe : -.  Profitez jusqu'a 200 Mo de BONUS en effectuant vos achats sur l'application MoMo. Telechargez l'appli ici sur onelink.to/8738x9. Plus d'infos au 8787 ou WhatsApp [PHONE_8787].
USER_2,2024-07-28,16:00:36,MobileMoney,paiement,OUT,5000.0,XAF,111591.0,Votre paiement de 5000 XAF a [CONTACT_6FF2]? ([PHONE_1490]) a ete finalise a 2024-07-28 15:53:12. Message: . Votre nouveau solde : 111591 XAF. Les frais s'elevaient a 0 XAF. Le montant faisait l'objet d'une reduction de 0 XAF et de coupons d'une valeur de . Identifiant de transaction financiere : [PHONE_3987]. Id de transaction externe : -.  Profitez jusqu'a 200 Mo de BONUS en effectuant vos achats sur l'application MoMo. Telechargez l'appli ici sur onelink.to/8738x9. Plus d'infos au 8787 ou WhatsApp [PHONE_8787].
USER_2,2024-07-31,09:23:02,MobileMoney,transfert,OUT,15000.0,FCFA,96516.0,Transfert de 15000 FCFA effectue avec succes a MARTINE [CONTACT_A43B] ([PHONE_2309]) le 2024-07-31 09:23:01. FRAIS 75 FCFA. transaction Id: [PHONE_8080]. Reference: transfert . Nouveau solde est: 96516 FCFA.  Profitez jusqu'a 200 Mo de BONUS en envoyant de l'argent a tous les operateurs avec l'application MoMo. Telechargez l'application ici sur onelink.to/8738x9. Plus d'infos au 8787 ou WhatsApp [PHONE_8787].
USER_2,2024-08-03,03:47:01,MobileMoney,paiement,OUT,10000.0,XAF,76516.0,"Votre paiement de 10000 XAF a [CONTACT_A102]  a ete effectue le 2024-08-03 03:47:01. Votre nouveau solde: 76516 XAF. Frais: 0 XAF. Message: -. Transaction Id: [PHONE_1886]. Profitez jusqu'a 200 Mo de BONUS en effectuant au moins une transaction sur l'application MoMo. Telechargez l'appli ici sur onelink.to/8738x9. Pour plus d'info, appel au 8787 ou WhatsApp [PHONE_8787]."
USER_2,2024-08-03,14:24:44,MobileMoney,transfert,OUT,7000.0,FCFA,79516.0,Transfert de 7000 FCFA effectue avec succes a [CONTACT_F3E0] ([PHONE_2872]) le 2024-08-03 14:24:42. FRAIS 0 FCFA. transaction Id: [PHONE_9641]. Reference: transfert . Nouveau solde est: 79516 FCFA.  Profitez jusqu'a 200 Mo de BONUS en envoyant de l'argent a tous les operateurs avec l'application MoMo. Telechargez l'application ici sur onelink.to/8738x9. Plus d'infos au 8787 ou WhatsApp [PHONE_8787].
USER_2,2024-08-03,14:54:47,MobileMoney,transfert,IN,80000.0,XAF,159516.0,Vous avez recu 80000 XAF de [CONTACT_B4F1] ([PHONE_0706]) sur votre compte mobile money à 2024-08-03 14:54:46. Message de l'expéditeur: don . Votre nouveau solde: 159516 XAF. FRAIS: FCFA 0. Financial Transaction Id: [PHONE_8679].
USER_2,2024-08-04,08:53:11,MobileMoney,paiement,OUT,5298.0,XAF,154218.0,"Votre paiement de 5298 XAF a CAMWATER POSTPAID a ete effectue le 2024-08-04 08:52:54. Votre nouveau solde: 154218 XAF. Frais: 0 XAF. Message: -. Transaction Id: [PHONE_2049]. Profitez jusqu'a 200 Mo de BONUS en effectuant au moins une transaction sur l'application MoMo. Telechargez l'appli ici sur onelink.to/8738x9. Pour plus d'info, appel au 8787 ou WhatsApp [PHONE_8787]."
USER_2,2024-08-04,12:03:54,MobileMoney,paiement,OUT,17025.0,XAF,137193.0,Votre paiement de 17025 XAF a [CONTACT_F3E1] ([PHONE_5310]) a ete finalise a 2024-08-04 11:38:26. Message: . Votre nouveau solde : 137193 XAF. Les frais s'elevaient a 0 XAF. Le montant faisait l'objet d'une reduction de 0 XAF et de coupons d'une valeur de . Identifiant de transaction financiere : [PHONE_5814]. Id de transaction externe : -.  Profitez jusqu'a 200 Mo de BONUS en effectuant vos achats sur l'application MoMo. Telechargez l'appli ici sur onelink.to/8738x9. Plus d'infos au 8787 ou WhatsApp [PHONE_8787].
USER_2,2024-08-05,07:12:08,MobileMoney,transfert,OUT,10000.0,FCFA,127193.0,Transfert de 10000 FCFA effectue avec succes a [CONTACT_F3E0] ([PHONE_2872]) le 2024-08-05 07:12:07. FRAIS 0 FCFA. transaction Id: [PHONE_1142]. Reference: 1. Nouveau solde est: 127193 FCFA.  Profitez jusqu'a 200 Mo de BONUS en envoyant de l'argent a tous les operateurs avec l'application MoMo. Telechargez l'application ici sur onelink.to/8738x9. Plus d'infos au 8787 ou WhatsApp [PHONE_8787].
USER_2,2024-08-12,14:00:54,MobileMoney,retrait,OUT,50000.0,FCFA,60693.0,"Vous, [USER_2] (237[USER_2_phone]) avez effectue avec succes le retrait de 50000 FCFA de votre compte mobile money, chez [CONTACT_6919] ([PHONE_0390]) le 2024-08-12 13:56:00. transaction Id: [PHONE_6711]. Votre nouveau solde: 60693 XAF. Frais: 1000 XAF. Profitez du Paiement avec MoMo a ZERO Frais (Achats, Factures, Scolarite MINESEC) et tentez de gagner un MoMoSoukoul : Un Sac toutes les 5 minutes, 50.000F toutes les  heures ou 100.000F toutes les semaines pour tout paiement minimum de 2.500F ! Plus d'infos au 8787 ou WhatsApp [PHONE_8787]"
USER_2,2024-08-13,07:30:22,MobileMoney,paiement,OUT,10000.0,XAF,50693.0,"Votre paiement de 10000 XAF a [CONTACT_A102]  a ete effectue le 2024-08-13 07:30:21. Votre nouveau solde: 50693 XAF. Frais: 0 XAF. Message: -. Transaction Id: [PHONE_4633]. Profitez du Paiement avec MoMo a ZERO Frais (Achats, Factures, Scolarite MINESEC) et tentez de gagner un MoMoSoukoul : Un Sac toutes les 5 minutes, 50.000F toutes les  heures ou 100.000F toutes les semaines pour tout paiement minimum de 2.500F ! Plus d'infos au 8787 ou WhatsApp [PHONE_8787]"
USER_2,2024-08-14,09:09:10,MobileMoney,transfert,OUT,10000.0,FCFA,40643.0,"Transfert de 10000 FCFA effectue avec succes a [CONTACT_0D68] ([PHONE_4997]) le 2024-08-14 09:09:08. FRAIS 50 FCFA. transaction Id: [PHONE_5622]. Reference: transfert . Nouveau solde est: 40643 FCFA. Profitez du Paiement avec MoMo a ZERO Frais (Achats, Factures, Scolarite MINESEC) et tentez de gagner un MoMoSoukoul : Un Sac toutes les 5 minutes, 50.000F toutes les  heures ou 100.000F toutes les semaines pour tout paiement minimum de 2.500F ! Plus d'infos au 8787 ou WhatsApp [PHONE_8787]"
USER_2,2024-08-18,12:57:01,MobileMoney,paiement,OUT,4025.0,XAF,36618.0,"Votre paiement de 4025 XAF a [CONTACT_5EEA] ([PHONE_9607]) a ete finalise a 2024-08-18 12:56:24. Message: . Votre nouveau solde : 36618 XAF. Les frais s'elevaient a 0 XAF. Le montant faisait l'objet d'une reduction de 0 XAF et de coupons d'une valeur de . Identifiant de transaction financiere : [PHONE_8548]. Id de transaction externe : -. Profitez du Paiement avec MoMo a ZERO Frais (Achats, Factures, Scolarite MINESEC) et tentez de gagner un MoMoSoukoul : Un Sac toutes les 5 minutes, 50.000F toutes les  heures ou 100.000F toutes les semaines pour tout paiement minimum de 2.500F ! Plus d'infos au 8787 ou WhatsApp [PHONE_8787]"
USER_2,2024-08-19,14:59:13,MobileMoney,transaction,OUT,7000.0,XAF,29618.0,"Une transaction de 7000 XAF effectue par MTNC BUNDLES_FORFAITS   (MTN_Bundles) sur votre compte d'argent mobile s'est terminee ave success a 2024-08-19 14:58:35. Le montant faisait l'objet d'une remise de 0 et de bons de reduction d'une valeur de 0. Message du destinataire du debit : . Votre nouveau solde : 29618 XAF. Les frais s'elevaient a 0 XAF, les frais de fidelite a 0 et la recompense de fidelite 0. Identifiant de transaction financiere : [PHONE_2062]. Id de transaction externe : 2023330487833224962. Profitez du Paiement avec MoMo a ZERO Frais (Achats, Factures, Scolarite MINESEC) et tentez de gagner un MoMoSoukoul : Un Sac toutes les 5 minutes, 50.000F toutes les  heures ou 100.000F toutes les semaines pour tout paiement minimum de 2.500F ! Plus d'infos au 8787 ou WhatsApp [PHONE_8787]"
USER_2,2024-08-21,14:21:55,MobileMoney,transfert,OUT,10000.0,FCFA,19568.0,"Transfert de 10000 FCFA effectue avec succes a [CONTACT_8CFB] ([PHONE_3377]) le 2024-08-21 14:21:55. FRAIS 50 FCFA. transaction Id: [PHONE_1466]. Reference: transfert . Nouveau solde est: 19568 FCFA. Profitez du Paiement avec MoMo a ZERO Frais (Achats, Factures, Scolarite MINESEC) et tentez de gagner un MoMoSoukoul : Un Sac toutes les 5 minutes, 50.000F toutes les  heures ou 100.000F toutes les semaines pour tout paiement minimum de 2.500F ! Plus d'infos au 8787 ou WhatsApp [PHONE_8787]"
USER_2,2024-08-25,06:34:59,MobileMoney,paiement,OUT,15000.0,XAF,4568.0,"Votre paiement de 15000 XAF a [CONTACT_F7FA] ([PHONE_9075]) a ete finalise a 2024-08-25 06:34:24. Message: . Votre nouveau solde : 4568 XAF. Les frais s'elevaient a 0 XAF. Le montant faisait l'objet d'une reduction de 0 XAF et de coupons d'une valeur de . Identifiant de transaction financiere : [PHONE_1967]. Id de transaction externe : -. Profitez du Paiement avec MoMo a ZERO Frais (Achats, Factures, Scolarite MINESEC) et tentez de gagner un MoMoSoukoul : Un Sac toutes les 5 minutes, 50.000F toutes les  heures ou 100.000F toutes les semaines pour tout paiement minimum de 2.500F ! Plus d'infos au 8787 ou WhatsApp [PHONE_8787]"
USER_2,2024-08-28,10:00:56,MobileMoney,transfert,IN,50500.0,XAF,55068.0,Vous avez recu 50500 XAF de [CONTACT_B64C] epse [CONTACT_4051] ([PHONE_6728]) sur votre compte mobile money à 2024-08-28 10:00:53. Message de l'expéditeur: transport . Votre nouveau solde: 55068 XAF. FRAIS: FCFA 0. Financial Transaction Id: [PHONE_6332].
USER_2,2024-08-28,15:32:10,MobileMoney,transfert,OUT,10000.0,FCFA,45018.0,"Transfert de 10000 FCFA effectue avec succes a [CONTACT_9B16] A ([PHONE_3714]) le 2024-08-28 15:32:08. FRAIS 50 FCFA. transaction Id: [PHONE_4438]. Reference: transfert . Nouveau solde est: 45018 FCFA. Profitez du Paiement avec MoMo a ZERO Frais (Achats, Factures, Scolarite MINESEC) et tentez de gagner un MoMoSoukoul : Un Sac toutes les 5 minutes, 50.000F toutes les  heures ou 100.000F toutes les semaines pour tout paiement minimum de 2.500F ! Plus d'infos au 8787 ou WhatsApp [PHONE_8787]"
USER_2,2024-08-29,14:38:43,MobileMoney,transfert,IN,50000.0,XAF,95018.0,Vous avez recu 50000 XAF de [CONTACT_EFCC] ([PHONE_1853]) sur votre compte mobile money à 2024-08-29 14:35:40. Message de l'expéditeur: 1. Votre nouveau solde: 95018 XAF. FRAIS: FCFA 0. Financial Transaction Id: [PHONE_9103].
USER_2,2024-08-29,15:50:39,MobileMoney,transfert,OUT,8000.0,FCFA,86968.0,"Transfert de 8000 FCFA effectue avec succes a [CONTACT_D0ED] ([PHONE_6406]) le 2024-08-29 15:50:38. FRAIS 50 FCFA. transaction Id: [PHONE_9211]. Reference: transfert . Nouveau solde est: 86968 FCFA. Profitez du Paiement avec MoMo a ZERO Frais (Achats, Factures, Scolarite MINESEC) et tentez de gagner un MoMoSoukoul : Un Sac toutes les 5 minutes, 50.000F toutes les  heures ou 100.000F toutes les semaines pour tout paiement minimum de 2.500F ! Plus d'infos au 8787 ou WhatsApp [PHONE_8787]"
USER_2,2024-08-29,15:52:03,MobileMoney,transfert,OUT,8000.0,FCFA,78918.0,"Transfert de 8000 FCFA effectue avec succes a [CONTACT_98C6] ([PHONE_3156]) le 2024-08-29 15:52:02. FRAIS 50 FCFA. transaction Id: [PHONE_3093]. Reference: transfert . Nouveau solde est: 78918 FCFA. Profitez du Paiement avec MoMo a ZERO Frais (Achats, Factures, Scolarite MINESEC) et tentez de gagner un MoMoSoukoul : Un Sac toutes les 5 minutes, 50.000F toutes les  heures ou 100.000F toutes les semaines pour tout paiement minimum de 2.500F ! Plus d'infos au 8787 ou WhatsApp [PHONE_8787]"
USER_2,2024-08-29,15:53:07,MobileMoney,transfert,OUT,10000.0,FCFA,68868.0,"Transfert de 10000 FCFA effectue avec succes a [CONTACT_5301] ([PHONE_2873]) le 2024-08-29 15:53:06. FRAIS 50 FCFA. transaction Id: [PHONE_3568]. Reference: transfert . Nouveau solde est: 68868 FCFA. Profitez du Paiement avec MoMo a ZERO Frais (Achats, Factures, Scolarite MINESEC) et tentez de gagner un MoMoSoukoul : Un Sac toutes les 5 minutes, 50.000F toutes les  heures ou 100.000F toutes les semaines pour tout paiement minimum de 2.500F ! Plus d'infos au 8787 ou WhatsApp [PHONE_8787]"
USER_2,2024-08-29,16:13:45,MobileMoney,transfert,IN,50000.0,XAF,118868.0,"Vous avez recu 50000 XAF de BUSNESCO CEYDE_CBOX_R1_FOYET [CONTACT_BB1E] sur votre compte Mobile Money 2024-08-29 16:13:44. Message de l'expediteur: . Votre nouveau solde est de 118868 FCFA. Frais: 0 XAF. Transaction ID: [PHONE_0977]. Profitez du Paiement avec MoMo a ZERO Frais (Achats, Factures, Scolarite MINESEC) et tentez de gagner un MoMoSoukoul : Un Sac toutes les 5 minutes, 50.000F toutes les  heures ou 100.000F toutes les semaines pour tout paiement minimum de 2.500F ! Plus d'infos au 8787 ou WhatsApp [PHONE_8787]"
USER_2,2024-08-29,16:16:03,MobileMoney,transfert,OUT,50000.0,FCFA,68618.0,"Transfert de 50000 FCFA effectue avec succes a MARTINE [CONTACT_A43B] ([PHONE_2309]) le 2024-08-29 16:16:02. FRAIS 250 FCFA. transaction Id: [PHONE_4141]. Reference: transfert . Nouveau solde est: 68618 FCFA. Profitez du Paiement avec MoMo a ZERO Frais (Achats, Factures, Scolarite MINESEC) et tentez de gagner un MoMoSoukoul : Un Sac toutes les 5 minutes, 50.000F toutes les  heures ou 100.000F toutes les semaines pour tout paiement minimum de 2.500F ! Plus d'infos au 8787 ou WhatsApp [PHONE_8787]"
USER_2,2024-09-02,10:11:59,MobileMoney,transfert,OUT,2000.0,FCFA,59618.0,"Transfert de 2000 FCFA effectue avec succes a [CONTACT_F3E0] ([PHONE_2872]) le 2024-09-02 10:11:57. FRAIS 0 FCFA. transaction Id: [PHONE_9902]. Reference: transfert . Nouveau solde est: 59618 FCFA. Profitez du Paiement avec MoMo a ZERO Frais (Achats, Factures, Scolarite MINESEC) et tentez de gagner un MoMoSoukoul : Un Sac toutes les 5 minutes, 50.000F toutes les  heures ou 100.000F toutes les semaines pour tout paiement minimum de 2.500F ! Plus d'infos au 8787 ou WhatsApp [PHONE_8787]"
USER_2,2024-09-03,02:29:42,MobileMoney,paiement,OUT,10000.0,XAF,49618.0,"Votre paiement de 10000 XAF a [CONTACT_A102]  a ete effectue le 2024-09-03 02:29:26. Votre nouveau solde: 49618 XAF. Frais: 0 XAF. Message: -. Transaction Id: [PHONE_6719]. Profitez du Paiement avec MoMo a ZERO Frais (Achats, Factures, Scolarite MINESEC) et tentez de gagner un MoMoSoukoul : Un Sac toutes les 5 minutes, 50.000F toutes les  heures ou 100.000F toutes les semaines pour tout paiement minimum de 2.500F ! Plus d'infos au 8787 ou WhatsApp [PHONE_8787]"
USER_2,2024-09-06,15:58:12,MobileMoney,transfert,OUT,6500.0,FCFA,43068.0,"Transfert de 6500 FCFA effectue avec succes a [CONTACT_7BE2] ([PHONE_7562]) le 2024-09-06 15:58:10. FRAIS 50 FCFA. transaction Id: [PHONE_0604]. Reference: transfert . Nouveau solde est: 43068 FCFA. Profitez du Paiement avec MoMo a ZERO Frais (Achats, Factures, Scolarite MINESEC) et tentez de gagner un MoMoSoukoul : Un Sac toutes les 5 minutes, 50.000F toutes les  heures ou 100.000F toutes les semaines pour tout paiement minimum de 2.500F ! Plus d'infos au 8787 ou WhatsApp [PHONE_8787]"
USER_2,2024-09-07,19:43:53,MobileMoney,paiement,OUT,6350.0,XAF,36718.0,"Votre paiement de 6350 XAF a [CONTACT_D7BA] ([PHONE_5163]) a ete finalise a 2024-09-07 18:57:10. Message: . Votre nouveau solde : 36718 XAF. Les frais s'elevaient a 0 XAF. Le montant faisait l'objet d'une reduction de 0 XAF et de coupons d'une valeur de . Identifiant de transaction financiere : [PHONE_3905]. Id de transaction externe : -. Profitez du Paiement avec MoMo a ZERO Frais (Achats, Factures, Scolarite MINESEC) et tentez de gagner un MoMoSoukoul : Un Sac toutes les 5 minutes, 50.000F toutes les  heures ou 100.000F toutes les semaines pour tout paiement minimum de 2.500F ! Plus d'infos au 8787 ou WhatsApp [PHONE_8787]"
USER_2,2024-09-15,22:54:19,MobileMoney,paiement,OUT,10000.0,XAF,26718.0,"Votre paiement de 10000 XAF a [CONTACT_A102]  a ete effectue le 2024-09-15 22:54:02. Votre nouveau solde: 26718 XAF. Frais: 0 XAF. Message: -. Transaction Id: [PHONE_7329]. Profitez du Paiement avec MoMo a ZERO Frais (Achats, Factures, Scolarite MINESEC) et tentez de gagner un MoMoSoukoul : Un Sac toutes les 5 minutes, 50.000F toutes les  heures ou 100.000F toutes les semaines pour tout paiement minimum de 2.500F ! Plus d'infos au 8787 ou WhatsApp [PHONE_8787]"
USER_2,2024-09-16,10:16:04,MobileMoney,transfert,IN,30000.0,XAF,56718.0,"Vous avez recu 30000 XAF de [CONTACT_B73A] [CONTACT_C869] sur votre compte Mobile Money 2024-09-16 10:16:03. Message de l'expediteur: . Votre nouveau solde est de 56718 FCFA. Frais: 0 XAF. Transaction ID: [PHONE_5790]. Profitez du Paiement avec MoMo a ZERO Frais (Achats, Factures, Scolarite MINESEC) et tentez de gagner un MoMoSoukoul : Un Sac toutes les 5 minutes, 50.000F toutes les  heures ou 100.000F toutes les semaines pour tout paiement minimum de 2.500F ! Plus d'infos au 8787 ou WhatsApp [PHONE_8787]"
USER_2,2024-09-16,18:56:19,MobileMoney,paiement,OUT,7500.0,XAF,49218.0,"Votre paiement de 7500 XAF a ENEO a ete effectue le 2024-09-16 18:56:19. Votre nouveau solde: 49218 XAF. Frais: 0 XAF. Message: -. Transaction Id: [PHONE_2234]. Profitez du Paiement avec MoMo a ZERO Frais (Achats, Factures, Scolarite MINESEC) et tentez de gagner un MoMoSoukoul : Un Sac toutes les 5 minutes, 50.000F toutes les  heures ou 100.000F toutes les semaines pour tout paiement minimum de 2.500F ! Plus d'infos au 8787 ou WhatsApp [PHONE_8787]"
USER_2,2024-09-17,10:11:19,MobileMoney,paiement,OUT,5000.0,XAF,44218.0,"Votre paiement de 5000 XAF a [CONTACT_A102]  a ete effectue le 2024-09-17 10:11:03. Votre nouveau solde: 44218 XAF. Frais: 0 XAF. Message: -. Transaction Id: [PHONE_4330]. Profitez du Paiement avec MoMo a ZERO Frais (Achats, Factures, Scolarite MINESEC) et tentez de gagner un MoMoSoukoul : Un Sac toutes les 5 minutes, 50.000F toutes les  heures ou 100.000F toutes les semaines pour tout paiement minimum de 2.500F ! Plus d'infos au 8787 ou WhatsApp [PHONE_8787]"
USER_2,2024-09-18,16:07:53,MobileMoney,transaction,OUT,7000.0,XAF,37218.0,"Une transaction de 7000 XAF effectue par MTNC BUNDLES_FORFAITS   (MTN_Bundles) sur votre compte d'argent mobile s'est terminee ave success a 2024-09-18 15:46:31. Le montant faisait l'objet d'une remise de 0 et de bons de reduction d'une valeur de 0. Message du destinataire du debit : . Votre nouveau solde : 37218 XAF. Les frais s'elevaient a 0 XAF, les frais de fidelite a 0 et la recompense de fidelite 0. Identifiant de transaction financiere : [PHONE_2781]. Id de transaction externe : 470560033449065202. Profitez du Paiement avec MoMo a ZERO Frais (Achats, Factures, Scolarite MINESEC) et tentez de gagner un MoMoSoukoul : Un Sac toutes les 5 minutes, 50.000F toutes les  heures ou 100.000F toutes les semaines pour tout paiement minimum de 2.500F ! Plus d'infos au 8787 ou WhatsApp [PHONE_8787]"
USER_2,2024-09-23,16:56:49,MobileMoney,paiement,OUT,12877.0,XAF,24341.0,"Votre paiement de 12877 XAF a ENEO a ete effectue le 2024-09-23 16:56:47. Votre nouveau solde: 24341 XAF. Frais: 0 XAF. Message: -. Transaction Id: [PHONE_8523]. Profitez du Paiement avec MoMo a ZERO Frais (Achats, Factures, Scolarite MINESEC) et tentez de gagner un MoMoSoukoul : Un Sac toutes les 5 minutes, 50.000F toutes les  heures ou 100.000F toutes les semaines pour tout paiement minimum de 2.500F ! Plus d'infos au 8787 ou WhatsApp [PHONE_8787]"
USER_2,2024-10-01,15:04:10,MobileMoney,paiement,OUT,5000.0,XAF,19241.0,"Votre paiement de 5000 XAF a ENEO a ete effectue le 2024-10-01 15:03:53. Votre nouveau solde: 19241 XAF. Frais: 100 XAF. Message: -. Transaction Id: [PHONE_7807]. Profitez du Paiement avec MoMo a ZERO Frais (Achats, Factures, Scolarite MINESEC) et tentez de gagner un MoMoSoukoul : Un Sac toutes les 5 minutes, 50.000F toutes les  heures ou 100.000F toutes les semaines pour tout paiement minimum de 2.500F ! Plus d'infos au 8787 ou WhatsApp [PHONE_8787]"
USER_2,2024-10-03,07:26:55,MobileMoney,paiement,OUT,10000.0,XAF,9241.0,"Votre paiement de 10000 XAF a [CONTACT_A102]  a ete effectue le 2024-10-03 07:26:53. Votre nouveau solde: 9241 XAF. Frais: 0 XAF. Message: -. Transaction Id: [PHONE_3579]. Profitez du Paiement avec MoMo a ZERO Frais (Achats, Factures, Scolarite MINESEC) et tentez de gagner un MoMoSoukoul : Un Sac toutes les 5 minutes, 50.000F toutes les  heures ou 100.000F toutes les semaines pour tout paiement minimum de 2.500F ! Plus d'infos au 8787 ou WhatsApp [PHONE_8787]"
USER_2,2024-10-20,14:25:28,MobileMoney,transaction,OUT,7000.0,XAF,2241.0,"Une transaction de 7000 XAF effectue par MTNC BUNDLES_FORFAITS   (MTN_Bundles) sur votre compte d'argent mobile s'est terminee ave success a 2024-10-20 14:25:27. Le montant faisait l'objet d'une remise de 0 et de bons de reduction d'une valeur de 0. Message du destinataire du debit : . Votre nouveau solde : 2241 XAF. Les frais s'elevaient a 0 XAF, les frais de fidelite a 0 et la recompense de fidelite 0. Identifiant de transaction financiere : [PHONE_9258]. Id de transaction externe : 5049923262878677296. Profitez du Paiement avec MoMo a ZERO Frais (Achats, Factures, Scolarite MINESEC) et tentez de gagner un MoMoSoukoul : Un Sac toutes les 5 minutes, 50.000F toutes les  heures ou 100.000F toutes les semaines pour tout paiement minimum de 2.500F ! Plus d'infos au 8787 ou WhatsApp [PHONE_8787]"
USER_2,2024-11-17,09:34:05,MobileMoney,transfert,IN,5000.0,XAF,7241.0,Vous avez recu 5000 XAF de [CONTACT_67B0] ([PHONE_6675]) sur votre compte mobile money à 2024-11-17 09:34:05. Message de l'expéditeur: 1. Votre nouveau solde: 7241 XAF. FRAIS: FCFA 0. Financial Transaction Id: [PHONE_6836].
USER_2,2024-11-19,14:28:22,MobileMoney,transaction,OUT,7000.0,XAF,241.0,"Une transaction de 7000 XAF effectuee par MTNC BUNDLES_FORFAITS   (MTN_Bundles) sur votre compte d'argent mobile s'est terminee avec succes a 2024-11-19 14:28:11. Le montant faisait l'objet d'une remise de 0 et de bons de reduction d'une valeur de 0. Message du destinataire du debit : . Votre nouveau solde : 241 XAF. Les frais s'elevaient a 0 XAF, les frais de fidelite a 0 et la recompense de fidelite a 0. Identifiant de transaction financiere : [PHONE_2210]. ID de transaction externe : 5863059133878899221.  MoMo casse les prix pour ses clients ! Désormais, 25% de baisse sur tous vos retraits. RDV dans vos points MoMo. Plus d'infos au 8787 ou WhatsApp [PHONE_8787]"
USER_2,2024-12-02,19:16:34,MobileMoney,transfert,IN,15000.0,XAF,15241.0,Vous avez recu 15000 XAF de [CONTACT_DA62] ([PHONE_2925]) sur votre compte mobile money à 2024-12-02 19:16:33. Message de l'expéditeur: 13040. Votre nouveau solde: 15241 XAF. FRAIS: FCFA 0. Financial Transaction Id: [PHONE_7739].
USER_2,2024-12-09,12:33:22,MobileMoney,paiement,OUT,1809.0,XAF,13332.0,"Votre paiement de 1809 XAF a CAMWATER POSTPAID a ete effectue le 2024-12-09 12:31:06. Votre nouveau solde: 13332 XAF. Frais: 100 XAF. Message: -. Transaction Id: [PHONE_1649]. Bravo, vous etes eligible a gagner l'un de nos 237 VEHICULES. Multipliez vos chances avec d'autres transactions MoMo d'un montant minimum de 5,237F. Tapez *126#. N'oubliez pas que les frais de Retrait sont desormais reduits de 25%. Plus d'infos au 8787 ou WhatsApp [PHONE_8787]"
USER_2,2024-12-13,18:39:05,MobileMoney,paiement,OUT,10000.0,XAF,3332.0,"Votre paiement de 10000 XAF a [CONTACT_A102]  a ete effectue le 2024-12-13 18:36:49. Votre nouveau solde: 3332 XAF. Frais: 0 XAF. Message: -. Transaction Id: [PHONE_3098]. Bravo, vous etes eligible a gagner l'un de nos 237 VEHICULES. Multipliez vos chances avec d'autres transactions MoMo d'un montant minimum de 5,237F. Tapez *126#. N'oubliez pas que les frais de Retrait sont desormais reduits de 25%. Plus d'infos au 8787 ou WhatsApp [PHONE_8787]"
USER_2,2024-12-20,12:29:39,MobileMoney,transfert,IN,10000.0,XAF,13332.0,"Vous avez recu 10000 XAF de ETS-BENITO 2023 CAISSE 13 ([PHONE_7178] [CONTACT_44E6]) sur votre compte Mobile Money 2024-12-20 12:29:38. Message de l'expediteur:. Votre nouveau solde est de 13332 FCFA. Frais: 0XAF. Transaction ID: [PHONE_9815]. Tentez de gagner l'un de nos 237 VEHICULES en faisant un paiement MoMo a partir de 237F. Tapez *126#. Multipliez vos chances avec d'autres transactions MoMo d'un montant minimum de 5,237F. N'oubliez pas, les frais de Retrait sont desormais reduits de 25%. Plus d'infos au 8787 ou WhatsApp [PHONE_8787]"
USER_2,2024-12-20,13:24:41,MobileMoney,transaction,OUT,7000.0,XAF,6332.0,"Une transaction de 7000 XAF effectuee par MTNC BUNDLES_FORFAITS   (MTN_Bundles) sur votre compte d'argent mobile s'est terminee avec succes a 2024-12-20 13:24:38. Le montant faisait l'objet d'une remise de 0 et de bons de reduction d'une valeur de 0. Message du destinataire du debit : . Votre nouveau solde : 6332 XAF. Les frais s'elevaient a 0 XAF, les frais de fidelite a 0 et la recompense de fidelite a 0. Identifiant de transaction financiere : [PHONE_2525]. ID de transaction externe : 7102844923980618063.  Bravo, vous etes eligible a gagner l'un de nos 237 VEHICULES. Multipliez vos chances avec d'autres transactions MoMo d'un montant minimum de 5,237F. Tapez *126#. N'oubliez pas que les frais de Retrait sont desormais reduits de 25%. Plus d'infos au 8787 ou WhatsApp [PHONE_8787]"
USER_2,2025-01-18,13:43:03,MobileMoney,transfert,IN,10000.0,XAF,16332.0,"Vous avez recu 10000 XAF de BUSNESCO CEYDE_CBOX_R1_FOYET [CONTACT_BB1E] ([PHONE_9663]) sur votre compte Mobile Money 2025-01-18 13:43:01. Message de l'expediteur:. Votre nouveau solde est de 16332 FCFA. Frais: 0XAF. Transaction ID: [PHONE_8683]. Tentez de gagner l'un de nos 237 VEHICULES en faisant un paiement MoMo a partir de 237F. Tapez *126#. Multipliez vos chances avec d'autres transactions MoMo d'un montant minimum de 5,237F. N'oubliez pas, les frais de Retrait sont desormais reduits de 25%. Plus d'infos au 8787 ou WhatsApp [PHONE_8787]"
USER_2,2025-01-18,13:56:40,MobileMoney,transaction,OUT,7000.0,XAF,9332.0,"Une transaction de 7000 XAF effectuee par MTNC BUNDLES_FORFAITS   (MTN_Bundles) sur votre compte d'argent mobile s'est terminee avec succes a 2025-01-18 13:56:38. Le montant faisait l'objet d'une remise de 0 et de bons de reduction d'une valeur de 0. Message du destinataire du debit : . Votre nouveau solde : 9332 XAF. Les frais s'elevaient a 0 XAF, les frais de fidelite a 0 et la recompense de fidelite a 0. Identifiant de transaction financiere : [PHONE_5211]. ID de transaction externe : 2317500315620695685. Loi de Finances 2025: Les frais de transfert et de retrait incluent une taxe de 0,2% du montant de la transaction desormais majorée de 4FCFA. Plus d'info au 8787."
USER_2,2025-02-10,18:08:18,MobileMoney,transfert,IN,110000.0,XAF,119332.0,"Vous avez recu 110000 XAF de BUSNESCO CEYDE_CBOX_R1_FOYET [CONTACT_BB1E] ([PHONE_9663]) sur votre compte Mobile Money 2025-02-10 18:08:13. Message de l'expediteur:. Votre nouveau solde est de 119332 FCFA. Frais: 0XAF. Transaction ID: [PHONE_2352]. Tentez de gagner l'un de nos 237 VEHICULES en faisant un paiement MoMo a partir de 237F. Tapez *126#. Multipliez vos chances avec d'autres transactions MoMo d'un montant minimum de 5,237F. N'oubliez pas, les frais de Retrait sont desormais reduits de 25%. Plus d'infos au 8787 ou WhatsApp [PHONE_8787]"
USER_2,2025-02-11,15:51:00,MobileMoney,transaction,OUT,110000.0,XAF,9332.0,"Une transaction de 110000 XAF effectuee par Dohone Payment  ([PHONE_7046]) sur votre compte d'argent mobile s'est terminee avec succes a 2025-02-11 15:50:58. Le montant faisait l'objet d'une remise de 0 et de bons de reduction d'une valeur de 0. Message du destinataire du debit : passportscameroon. Votre nouveau solde : 9332 XAF. Les frais s'elevaient a 0 XAF, les frais de fidelite a 0 et la recompense de fidelite a 0. Identifiant de transaction financiere : [PHONE_9610]. ID de transaction externe : 1739285441557-[PHONE_6919]. Loi de Finances 2025: Les frais de transfert et de retrait incluent une taxe de 0,2% du montant de la transaction desormais majorée de 4FCFA. Plus d'info au 8787."
USER_2,2025-02-16,16:57:54,MobileMoney,transaction,OUT,7000.0,XAF,2332.0,"Une transaction de 7000 XAF effectuee par MTNC BUNDLES_FORFAITS   (MTN_Bundles) sur votre compte d'argent mobile s'est terminee avec succes a 2025-02-16 16:57:51. Le montant faisait l'objet d'une remise de 0 et de bons de reduction d'une valeur de 0. Message du destinataire du debit : . Votre nouveau solde : 2332 XAF. Les frais s'elevaient a 0 XAF, les frais de fidelite a 0 et la recompense de fidelite a 0. Identifiant de transaction financiere : [PHONE_6494]. ID de transaction externe : 2502861127338177924. Loi de Finances 2025: Les frais de transfert et de retrait incluent une taxe de 0,2% du montant de la transaction desormais majorée de 4FCFA. Plus d'info au 8787."
USER_2,2025-03-13,16:47:26,MobileMoney,transfert,IN,15000.0,XAF,17332.0,Vous avez recu 15000 XAF de ANNICK [CONTACT_4EC6] ([PHONE_1940]) sur votre compte mobile money à 2025-03-13 16:47:26. Message de l'expéditeur: fer. Votre nouveau solde: 17332 XAF. FRAIS: FCFA 0. Financial Transaction Id: [PHONE_8961].
USER_2,2025-03-13,16:58:30,MobileMoney,transaction,OUT,7000.0,XAF,10332.0,"Une transaction de 7000 XAF effectuee par MTNC BUNDLES_FORFAITS   (MTN_Bundles) sur votre compte d'argent mobile s'est terminee avec succes a 2025-03-13 16:58:29. Le montant faisait l'objet d'une remise de 0 et de bons de reduction d'une valeur de 0. Message du destinataire du debit : . Votre nouveau solde : 10332 XAF. Les frais s'elevaient a 0 XAF, les frais de fidelite a 0 et la recompense de fidelite a 0. Identifiant de transaction financiere : [PHONE_2574]. ID de transaction externe : 4255521462096729411. Loi de Finances 2025: Les frais de transfert et de retrait incluent une taxe de 0,2% du montant de la transaction desormais majorée de 4FCFA. Plus d'info au 8787."
USER_2,2025-04-10,16:59:08,MobileMoney,transaction,OUT,7000.0,XAF,3332.0,"Une transaction de 7000 XAF effectuee par MTNC BUNDLES_FORFAITS   (MTN_Bundles) sur votre compte d'argent mobile s'est terminee avec succes a 2025-04-10 16:59:05. Le montant faisait l'objet d'une remise de 0 et de bons de reduction d'une valeur de 0. Message du destinataire du debit : . Votre nouveau solde : 3332 XAF. Les frais s'elevaient a 0 XAF, les frais de fidelite a 0 et la recompense de fidelite a 0. Identifiant de transaction financiere : [PHONE_1820]. ID de transaction externe : 4118796915694291633. Souscrivez a MoMo Helep avec *126*61# et completez vos transactions : meme sans argent, initiez vos paiements et transferts et MoMo completera le montant."
USER_2,2025-04-23,08:48:36,MobileMoney,transfert,OUT,500.0,FCFA,2778.0,"Transfert de 500 FCFA effectue avec succes a Marie madeleine Tchayo ([PHONE_4079]) le 2025-04-23 08:48:36. FRAIS 54 FCFA. transaction Id: [PHONE_5051]. Reference: transfert . Nouveau solde est: 2778 FCFA. Souscrivez a MoMo Helep avec *126*61# et completez vos transactions : meme sans argent, initiez vos paiements et transferts et MoMo completera le montant."
USER_2,2025-04-25,14:44:20,MobileMoney,transfert,IN,30000.0,XAF,32778.0,"Vous avez recu 30000 XAF de [CONTACT_C0C2] [CONTACT_B0C6] ([PHONE_4288]) sur votre compte Mobile Money 2025-04-25 14:44:20. Message de l'expediteur:. Votre nouveau solde est de 32778 FCFA. Frais: 0XAF. Transaction ID: [PHONE_7352]. Souscrivez a MoMo Helep avec *126*61# et completez vos transactions : meme sans argent, initiez vos paiements et transferts et MoMo completera le montant."
USER_2,2025-04-27,16:37:21,MobileMoney,retrait,OUT,10000.0,FCFA,22624.0,"Vous avez effectue avec succes le retrait de 10000 FCFA de votre compte mobi[CONTACT_D918] money  chez  [CONTACT_D918] 2025-04-27 16:37:18. Votre nouveau solde est de:22624 FCFA. Transaction Id: [PHONE_6916]. Souscrivez a MoMo Helep avec *126*61# et completez vos transactions : meme sans argent, initiez vos paiements et transferts et MoMo completera le montant."
USER_2,2025-04-30,10:03:22,MobileMoney,transfert,OUT,3100.0,FCFA,19470.0,"Transfert de 3100 FCFA effectue avec succes a [CONTACT_4F0A] ([PHONE_0849]) le 2025-04-30 10:03:20. FRAIS 54 FCFA. transaction Id: [PHONE_4278]. Reference: 1. Nouveau solde est: 19470 FCFA. Souscrivez a MoMo Helep avec *126*61# et completez vos transactions : meme sans argent, initiez vos paiements et transferts et MoMo completera le montant."
USER_2,2025-05-04,13:02:16,MobileMoney,transfert,OUT,5100.0,FCFA,14316.0,"Transfert de 5100 FCFA effectue avec succes a [CONTACT_5B82] ([PHONE_6744]) le 2025-05-04 13:02:16. FRAIS 54 FCFA. transaction Id: [PHONE_1626]. Reference: 1. Nouveau solde est: 14316 FCFA. Souscrivez a MoMo Helep avec *126*61# et completez vos transactions : meme sans argent, initiez vos paiements et transferts et MoMo completera le montant."
USER_2,2025-05-05,13:26:07,MobileMoney,transfert,OUT,5000.0,FCFA,9316.0,"Transfert de 5000 FCFA effectue avec succes a [CONTACT_F3E0] ([PHONE_2872]) le 2025-05-05 13:26:08. FRAIS 0 FCFA. transaction Id: [PHONE_0261]. Reference: 1. Nouveau solde est: 9316 FCFA. Souscrivez a MoMo Helep avec *126*61# et completez vos transactions : meme sans argent, initiez vos paiements et transferts et MoMo completera le montant."
USER_2,2025-05-11,10:04:01,MobileMoney,transaction,OUT,7000.0,XAF,2316.0,"Une transaction de 7000 XAF effectuee par MTNC BUNDLES_FORFAITS   (MTN_Bundles) sur votre compte d'argent mobile s'est terminee avec succes a 2025-05-11 10:03:58. Le montant faisait l'objet d'une remise de 0 et de bons de reduction d'une valeur de 0. Message du destinataire du debit : . Votre nouveau solde : 2316 XAF. Les frais s'elevaient a 0 XAF, les frais de fidelite a 0 et la recompense de fidelite a 0. Identifiant de transaction financiere : [PHONE_4328]. ID de transaction externe : 8455386106356347056. Souscrivez a MoMo Helep avec *126*61# et completez vos transactions : meme sans argent, initiez vos paiements et transferts et MoMo completera le montant."
USER_2,2025-05-15,09:55:18,MobileMoney,transfert,IN,10000.0,XAF,12316.0,"Vous avez recu 10000 XAF de BUSNESCO CEYDE_CBOX_R1_FOYET [CONTACT_BB1E] ([PHONE_9663]) sur votre compte Mobile Money 2025-05-15 09:55:16. Message de l'expediteur:. Votre nouveau solde est de 12316 FCFA. Frais: 0XAF. Transaction ID: [PHONE_3252]. Souscrivez a MoMo Helep avec *126*61# et completez vos transactions : meme sans argent, initiez vos paiements et transferts et MoMo completera le montant."
USER_2,2025-05-15,12:21:16,MobileMoney,paiement,OUT,10000.0,XAF,2316.0,"Votre paiement de 10000 XAF a [CONTACT_A102]  a ete effectue le 2025-05-15 12:21:14. Votre nouveau solde: 2316 XAF. Frais: 0 XAF. Message: -. Transaction Id: [PHONE_4147]. Souscrivez à MoMo Helep avec *126*61# et completez vos transactions : meme sans argent, initiez vos paiements et transferts et MoMo complètera le montant."
USER_2,2025-05-20,12:37:12,MobileMoney,transaction,OUT,600.0,XAF,1716.0,"Une transaction de 600 XAF effectuee par MTNC BUNDLES_FORFAITS   (MTN_Bundles) sur votre compte d'argent mobile s'est terminee avec succes a 2025-05-20 12:37:01. Le montant faisait l'objet d'une remise de 0 et de bons de reduction d'une valeur de 0. Message du destinataire du debit : . Votre nouveau solde : 1716 XAF. Les frais s'elevaient a 0 XAF, les frais de fidelite a 0 et la recompense de fidelite a 0. Identifiant de transaction financiere : [PHONE_8624]. ID de transaction externe : 2570055149442485375. Souscrivez a MoMo Helep avec *126*61# et completez vos transactions : meme sans argent, initiez vos paiements et transferts et MoMo completera le montant."
USER_2,2025-05-21,18:29:54,MobileMoney,transfert,IN,2100.0,XAF,3816.0,Vous avez recu 2100 XAF de [CONTACT_6D91] ([PHONE_8090]) sur votre compte mobile money à 2025-05-21 18:29:53. Message de l'expéditeur: 0000. Votre nouveau solde: 3816 XAF. FRAIS: FCFA 0. Financial Transaction Id: [PHONE_7713].
USER_2,2025-05-23,13:39:41,MobileMoney,paiement,OUT,2790.0,XAF,1026.0,"Votre paiement de 2790 XAF a CASINO Centre Caisse 3 ([PHONE_1003]) a ete finalise a 2025-05-23 13:39:33. Message : . Votre nouveau solde : 1026 XAF. Les frais s'elevaient a 0 XAF. Le montant faisait l'objet d'une reduction de 0 XAF et de coupons d'une valeur de . Identifiant de transaction financiere : [PHONE_5383]. ID de transaction externe : -. MoMo casse les prix pour ses clients ! Désormais, 25% de baisse sur tous vos retraits. RDV dans vos points MoMo. Plus d'infos au 8787 ou WhatsApp [PHONE_8787]"
USER_2,2025-05-28,09:32:09,MobileMoney,transfert,IN,25500.0,XAF,26526.0,"Vous avez recu 25500 XAF de [CONTACT_0DA0] MOBILE ([PHONE_4642] [CONTACT_3D33]) sur votre compte Mobile Money 2025-05-28 09:32:07. Message de l'expediteur:. Votre nouveau solde est de 26526 FCFA. Frais: 0XAF. Transaction ID: [PHONE_1797]. Souscrivez a MoMo Helep avec *126*61# et completez vos transactions : meme sans argent, initiez vos paiements et transferts et MoMo completera le montant."
USER_2,2025-05-28,09:39:25,MobileMoney,transfert,IN,25500.0,XAF,26526.0,"Vous avez recu 25500 XAF de [CONTACT_0DA0] MOBILE ([PHONE_4642] [CONTACT_3D33]) sur votre compte Mobile Money 2025-05-28 09:32:07. Message de l'expediteur:. Votre nouveau solde est de 26526 FCFA. Frais: 0XAF. Transaction ID: [PHONE_1797]. Souscrivez a MoMo Helep avec *126*61# et completez vos transactions : meme sans argent, initiez vos paiements et transferts et MoMo completera le montant."
USER_2,2025-05-28,14:11:37,MobileMoney,paiement,OUT,15168.0,XAF,10958.0,"Votre paiement de 15168 XAF a ENEO a ete effectue le 2025-05-28 14:10:21. Votre nouveau solde: 10958 XAF. Frais: 400 XAF. Message: -. Transaction Id: [PHONE_4060]. Souscrivez à MoMo Helep avec *126*61# et completez vos transactions : meme sans argent, initiez vos paiements et transferts et MoMo complètera le montant."
USER_2,2025-05-28,23:13:38,MobileMoney,paiement,OUT,5000.0,XAF,5958.0,"Votre paiement de 5000 XAF a [CONTACT_A102]  a ete effectue le 2025-05-28 23:13:22. Votre nouveau solde: 5958 XAF. Frais: 0 XAF. Message: -. Transaction Id: [PHONE_7666]. Souscrivez à MoMo Helep avec *126*61# et completez vos transactions : meme sans argent, initiez vos paiements et transferts et MoMo complètera le montant."
USER_2,2025-06-01,12:10:58,MobileMoney,transaction,OUT,1000.0,XAF,4958.0,"Une transaction de 1000 XAF effectuee par MTNC BUNDLES_FORFAITS   (MTN_Bundles) sur votre compte d'argent mobile s'est terminee avec succes a 2025-06-01 12:10:54. Le montant faisait l'objet d'une remise de 0 et de bons de reduction d'une valeur de 0. Message du destinataire du debit : . Votre nouveau solde : 4958 XAF. Les frais s'elevaient a 0 XAF, les frais de fidelite a 0 et la recompense de fidelite a 0. Identifiant de transaction financiere : [PHONE_4962]. ID de transaction externe : 13119095941641387. Souscrivez a MoMo Helep avec *126*61# et completez vos transactions : meme sans argent, initiez vos paiements et transferts et MoMo completera le montant."
USER_2,2025-06-02,08:30:47,MobileMoney,transfert,IN,10000.0,XAF,14958.0,"Vous avez recu 10000 XAF de BUSNESCO CEYDE_CBOX_R1_FOYET [CONTACT_BB1E] ([PHONE_9663]) sur votre compte Mobile Money 2025-06-02 08:30:46. Message de l'expediteur:. Votre nouveau solde est de 14958 FCFA. Frais: 0XAF. Transaction ID: [PHONE_1249]. Souscrivez a MoMo Helep avec *126*61# et completez vos transactions : meme sans argent, initiez vos paiements et transferts et MoMo completera le montant."
USER_2,2025-06-02,08:33:24,MobileMoney,transaction,OUT,7000.0,XAF,7958.0,"Une transaction de 7000 XAF effectuee par MTNC BUNDLES_FORFAITS   (MTN_Bundles) sur votre compte d'argent mobile s'est terminee avec succes a 2025-06-02 08:33:14. Le montant faisait l'objet d'une remise de 0 et de bons de reduction d'une valeur de 0. Message du destinataire du debit : . Votre nouveau solde : 7958 XAF. Les frais s'elevaient a 0 XAF, les frais de fidelite a 0 et la recompense de fidelite a 0. Identifiant de transaction financiere : [PHONE_4240]. ID de transaction externe : 4132537927418354422. Souscrivez a MoMo Helep avec *126*61# et completez vos transactions : meme sans argent, initiez vos paiements et transferts et MoMo completera le montant."
USER_2,2025-06-02,20:47:53,MobileMoney,transfert,OUT,1000.0,FCFA,6904.0,"Transfert de 1000 FCFA effectue avec succes a Marie madeleine Tchayo ([PHONE_4079]) le 2025-06-02 20:47:52. FRAIS 54 FCFA. transaction Id: [PHONE_4003]. Reference: 1. Nouveau solde est: 6904 FCFA. Souscrivez a MoMo Helep avec *126*61# et completez vos transactions : meme sans argent, initiez vos paiements et transferts et MoMo completera le montant."
USER_2,2025-06-03,03:55:57,MobileMoney,transaction,OUT,500.0,XAF,6404.0,"Une transaction de 500 XAF effectuee par MTNC BUNDLES_FORFAITS   (MTN_Bundles) sur votre compte d'argent mobile s'est terminee avec succes a 2025-06-03 03:55:56. Le montant faisait l'objet d'une remise de 0 et de bons de reduction d'une valeur de 0. Message du destinataire du debit : . Votre nouveau solde : 6404 XAF. Les frais s'elevaient a 0 XAF, les frais de fidelite a 0 et la recompense de fidelite a 0. Identifiant de transaction financiere : [PHONE_2735]. ID de transaction externe : 130780339866820761. Souscrivez a MoMo Helep avec *126*61# et completez vos transactions : meme sans argent, initiez vos paiements et transferts et MoMo completera le montant."
USER_2,2025-06-08,12:34:41,MobileMoney,transaction,OUT,2000.0,XAF,4404.0,"Une transaction de 2000 XAF effectuee par MTNC BUNDLES_FORFAITS   (MTN_Bundles) sur votre compte d'argent mobile s'est terminee avec succes a 2025-06-08 12:34:06. Le montant faisait l'objet d'une remise de 0 et de bons de reduction d'une valeur de 0. Message du destinataire du debit : . Votre nouveau solde : 4404 XAF. Les frais s'elevaient a 0 XAF, les frais de fidelite a 0 et la recompense de fidelite a 0. Identifiant de transaction financiere : [PHONE_1990]. ID de transaction externe : 2925434786822555227. Souscrivez a MoMo Helep avec *126*61# et completez vos transactions : meme sans argent, initiez vos paiements et transferts et MoMo completera le montant."
USER_2,2025-06-15,18:06:19,MobileMoney,transfert,IN,6000.0,XAF,10404.0,"Vous avez recu 6000 XAF de [CONTACT_3FEE] ([PHONE_2399] [CONTACT_FBC8]) sur votre compte Mobile Money 2025-06-15 18:06:18. Message de l'expediteur:. Votre nouveau solde est de 10404 FCFA. Frais: 0 XAF. Transaction ID: [PHONE_6231]. Souscrivez a MoMo Helep avec *126*61# et completez vos transactions : meme sans argent, initiez vos paiements et transferts et MoMo completera le montant."
USER_2,2025-06-15,18:20:23,MobileMoney,paiement,OUT,10000.0,XAF,404.0,"Votre paiement de 10000 XAF a [CONTACT_A102]  a ete effectue le 2025-06-15 18:18:41. Votre nouveau solde: 404 XAF. Frais: 0 XAF. Message: -. Transaction Id: [PHONE_0986]. Souscrivez à MoMo Helep avec *126*61# et completez vos transactions : meme sans argent, initiez vos paiements et transferts et MoMo complètera le montant."
USER_2,2025-06-28,12:25:48,MobileMoney,transfert,IN,165000.0,XAF,165404.0,Vous avez recu 165000 XAF de [CONTACT_F510] ([PHONE_5716]) sur votre compte mobile money à 2025-06-28 12:25:48. Message de l'expéditeur: 0000. Votre nouveau solde: 165404 XAF. FRAIS: FCFA 0. Financial Transaction Id: [PHONE_4012].
USER_2,2025-06-30,10:55:44,MobileMoney,retrait,OUT,162500.0,FCFA,462.0,"Vous avez effectue avec succes le retrait de 162500 FCFA de votre compte mobi[CONTACT_D918] money  chez  [CONTACT_D918] 2025-06-30 10:55:40. Votre nouveau solde est de:462 FCFA. Transaction Id: [PHONE_6395]. Souscrivez a MoMo Helep avec *126*61# et completez vos transactions : meme sans argent, initiez vos paiements et transferts et MoMo completera le montant."
USER_2,2025-07-02,12:56:09,MobileMoney,transfert,IN,10000.0,XAF,10462.0,"Vous avez recu 10000 XAF de BUSNESCO CEYDE_CBOX_R1_FOYET [CONTACT_BB1E] ([PHONE_9663]) sur votre compte Mobile Money 2025-07-02 12:56:08. Message de l'expediteur:. Votre nouveau solde est de 10462 FCFA. Frais: 0 XAF. Transaction ID: [PHONE_5801]. Souscrivez a MoMo Helep avec *126*61# et completez vos transactions : meme sans argent, initiez vos paiements et transferts et MoMo completera le montant."
USER_2,2025-07-02,12:58:26,MobileMoney,transaction,OUT,7000.0,XAF,3462.0,"Une transaction de 7000 XAF effectuee par MTNC BUNDLES_FORFAITS   (MTN_Bundles) sur votre compte d'argent mobile s'est terminee avec succes a 2025-07-02 12:58:22. Le montant faisait l'objet d'une remise de 0 et de bons de reduction d'une valeur de 0. Message du destinataire du debit : . Votre nouveau solde : 3462 XAF. Les frais s'elevaient a 0 XAF, les frais de fidelite a 0 et la recompense de fidelite a 0. Identifiant de transaction financiere : [PHONE_4838]. ID de transaction externe : 382578927357929924. Souscrivez a MoMo Helep avec *126*61# et completez vos transactions : meme sans argent, initiez vos paiements et transferts et MoMo completera le montant."
USER_2,2025-07-04,16:38:59,MobileMoney,transfert,IN,2100.0,XAF,5562.0,Vous avez recu 2100 XAF de [CONTACT_1004] ([PHONE_2000]) sur votre compte mobile money à 2025-07-04 16:38:58. Message de l'expéditeur: 33373. Votre nouveau solde: 5562 XAF. FRAIS: FCFA 0. Financial Transaction Id: [PHONE_7607].
USER_2,2025-07-05,07:55:18,MobileMoney,transfert,IN,1550.0,XAF,7112.0,Vous avez recu 1550 XAF de [CONTACT_3CC9] [CONTACT_3DC0] ([PHONE_7636]) sur votre compte mobile money à 2025-07-05 07:55:17. Message de l'expéditeur: 123. Votre nouveau solde: 7112 XAF. FRAIS: FCFA 0. Financial Transaction Id: [PHONE_8873].
USER_2,2025-07-17,11:38:25,MobileMoney,transfert,IN,5000.0,XAF,12112.0,"Vous avez recu 5000 XAF de [CONTACT_2517] Ets [CONTACT_DC97] Co ([PHONE_3573] [CONTACT_2517]) sur votre compte Mobile Money 2025-07-17 11:38:24. Message de l'expediteur:. Votre nouveau solde est de 12112 FCFA. Frais: 0 XAF. Transaction ID: [PHONE_3085]. Souscrivez a MoMo Helep avec *126*61# et completez vos transactions : meme sans argent, initiez vos paiements et transferts et MoMo completera le montant."
USER_2,2025-07-18,16:40:29,MobileMoney,transfert,IN,50000.0,XAF,62112.0,Vous avez recu 50000 XAF de [CONTACT_D0ED] ([PHONE_6406]) sur votre compte mobile money à 2025-07-18 16:40:29. Message de l'expéditeur: 0. Votre nouveau solde: 62112 XAF. FRAIS: FCFA 0. Financial Transaction Id: [PHONE_4479].
USER_2,2025-07-18,16:47:58,MobileMoney,transfert,IN,33000.0,XAF,95112.0,Vous avez recu 33000 XAF de [CONTACT_D0ED] ([PHONE_6406]) sur votre compte mobile money à 2025-07-18 16:47:58. Message de l'expéditeur: 0. Votre nouveau solde: 95112 XAF. FRAIS: FCFA 0. Financial Transaction Id: [PHONE_6542].
USER_2,2025-07-18,16:56:28,MobileMoney,transfert,IN,2000.0,XAF,97112.0,Vous avez recu 2000 XAF de [CONTACT_D0ED] ([PHONE_6406]) sur votre compte mobile money à 2025-07-18 16:56:27. Message de l'expéditeur: 0. Votre nouveau solde: 97112 XAF. FRAIS: FCFA 0. Financial Transaction Id: [PHONE_2704].
USER_2,2025-07-19,14:45:38,MobileMoney,paiement,OUT,14299.0,XAF,82413.0,"Votre paiement de 14299 XAF a ENEO a ete effectue le 2025-07-19 14:45:39. Votre nouveau solde: 82413 XAF. Frais: 400 XAF. Message: -. Transaction Id: [PHONE_8827]. Souscrivez à MoMo Helep avec *126*61# et completez vos transactions : meme sans argent, initiez vos paiements et transferts et MoMo complètera le montant."
USER_2,2025-07-19,14:46:40,MobileMoney,transfert,OUT,10000.0,FCFA,72413.0,"Transfert de 10000 FCFA effectue avec succes a [CONTACT_F3E0] ([PHONE_2872]) le 2025-07-19 14:46:41. FRAIS 0 FCFA. transaction Id: [PHONE_0116]. Reference: transfert . Nouveau solde est: 72413 FCFA. Souscrivez a MoMo Helep avec *126*61# et completez vos transactions : meme sans argent, initiez vos paiements et transferts et MoMo completera le montant."
USER_2,2025-07-19,15:24:29,MobileMoney,transaction,OUT,10000.0,XAF,62413.0,"Une transaction de 10000 XAF effectuee par [CONTACT_BEA6] ([PHONE_3468]) sur votre compte d'argent mobile s'est terminee avec succes a 2025-07-19 15:24:25. Le montant faisait l'objet d'une remise de 0 et de bons de reduction d'une valeur de 0. Message du destinataire du debit : paiement 10000 [USER_2_phone]. Votre nouveau solde : 62413 XAF. Les frais s'elevaient a 0 XAF, les frais de fidelite a 0 et la recompense de fidelite a 0. Identifiant de transaction financiere : [PHONE_9434]. ID de transaction externe : 1752935046127. Souscrivez a MoMo Helep avec *126*61# et completez vos transactions : meme sans argent, initiez vos paiements et transferts et MoMo completera le montant."
USER_2,2025-07-26,07:17:12,MobileMoney,transfert,OUT,5000.0,FCFA,57413.0,"Transfert de 5000 FCFA effectue avec succes a [CONTACT_F3E0] ([PHONE_2872]) le 2025-07-26 07:17:11. FRAIS 0 FCFA. transaction Id: [PHONE_4950]. Reference: transfert . Nouveau solde est: 57413 FCFA. Souscrivez a MoMo Helep avec *126*61# et completez vos transactions : meme sans argent, initiez vos paiements et transferts et MoMo completera le montant."
USER_2,2025-07-26,21:57:51,MobileMoney,paiement,OUT,13390.0,XAF,44023.0,"Votre paiement de 13390 XAF a [CONTACT_7354] Caisse 7 ([PHONE_5515]) a ete finalise a 2025-07-26 21:02:22. Message : . Votre nouveau solde : 44023 XAF. Les frais s'elevaient a 0 XAF. Le montant faisait l'objet d'une reduction de 0 XAF et de coupons d'une valeur de . Identifiant de transaction financiere : [PHONE_4727]. ID de transaction externe : -. MoMo casse les prix pour ses clients ! Désormais, 25% de baisse sur tous vos retraits. RDV dans vos points MoMo. Plus d'infos au 8787 ou WhatsApp [PHONE_8787]"
USER_2,2025-07-28,12:14:00,MobileMoney,transfert,OUT,5100.0,FCFA,38869.0,"Transfert de 5100 FCFA effectue avec succes a [CONTACT_AD70] ([PHONE_0011]) le 2025-07-28 12:13:58. FRAIS 54 FCFA. transaction Id: [PHONE_2830]. Reference: transfert . Nouveau solde est: 38869 FCFA. Souscrivez a MoMo Helep avec *126*61# et completez vos transactions : meme sans argent, initiez vos paiements et transferts et MoMo completera le montant."
USER_2,2025-07-28,15:44:36,MobileMoney,paiement,OUT,9750.0,XAF,29119.0,"Votre paiement de 9750 XAF a [CONTACT_A0D1] 1 ([PHONE_4696]) a ete finalise a 2025-07-28 15:44:28. Message : . Votre nouveau solde : 29119 XAF. Les frais s'elevaient a 0 XAF. Le montant faisait l'objet d'une reduction de 0 XAF et de coupons d'une valeur de . Identifiant de transaction financiere : [PHONE_0865]. ID de transaction externe : -. MoMo casse les prix pour ses clients ! Désormais, 25% de baisse sur tous vos retraits. RDV dans vos points MoMo. Plus d'infos au 8787 ou WhatsApp [PHONE_8787]"
USER_2,2025-07-31,11:56:26,MobileMoney,transaction,OUT,7000.0,XAF,22119.0,"Une transaction de 7000 XAF effectuee par MTNC BUNDLES_FORFAITS   (MTN_Bundles) sur votre compte d'argent mobile s'est terminee avec succes a 2025-07-31 11:56:22. Le montant faisait l'objet d'une remise de 0 et de bons de reduction d'une valeur de 0. Message du destinataire du debit : . Votre nouveau solde : 22119 XAF. Les frais s'elevaient a 0 XAF, les frais de fidelite a 0 et la recompense de fidelite a 0. Identifiant de transaction financiere : [PHONE_9425]. ID de transaction externe : 8585343612894891357. Souscrivez a MoMo Helep avec *126*61# et completez vos transactions : meme sans argent, initiez vos paiements et transferts et MoMo completera le montant."
USER_2,2025-08-04,19:24:18,MobileMoney,transfert,OUT,2100.0,FCFA,19965.0,"Transfert de 2100 FCFA effectue avec succes a [CONTACT_AB34] ([PHONE_0999]) le 2025-08-04 19:24:13. FRAIS 54 FCFA. transaction Id: [PHONE_9620]. Reference: transfert . Nouveau solde est: 19965 FCFA. Souscrivez a MoMo Helep avec *126*61# et completez vos transactions : meme sans argent, initiez vos paiements et transferts et MoMo completera le montant."
USER_2,2025-08-10,15:11:18,MobileMoney,transfert,IN,15200.0,XAF,35165.0,Vous avez recu 15200 XAF de [CONTACT_43C4] ([PHONE_2453]) sur votre compte mobile money à 2025-08-10 15:11:17. Message de l'expéditeur: contributions messager . Votre nouveau solde: 35165 XAF. FRAIS: FCFA 0. Financial Transaction Id: [PHONE_0328].
USER_2,2025-08-11,13:09:16,MobileMoney,transfert,OUT,15000.0,FCFA,20086.0,"Transfert de 15000 FCFA effectue avec succes a [CONTACT_A7FA] ([PHONE_5813]) le 2025-08-11 13:09:15. FRAIS 79 FCFA. transaction Id: [PHONE_7823]. Reference: transfert . Nouveau solde est: 20086 FCFA. Souscrivez a MoMo Helep avec *126*61# et completez vos transactions : meme sans argent, initiez vos paiements et transferts et MoMo completera le montant."
USER_2,2025-08-11,14:51:34,MobileMoney,transfert,IN,10000.0,XAF,30086.0,"Vous avez recu 10000 XAF de [CONTACT_2AE9] ([PHONE_4683]) sur votre compte Mobile Money 2025-08-11 14:51:33. Message de l'expediteur:. Votre nouveau solde est de 30086 FCFA. Frais: 0 XAF. Transaction ID: [PHONE_9125]. Souscrivez a MoMo Helep avec *126*61# et completez vos transactions : meme sans argent, initiez vos paiements et transferts et MoMo completera le montant."
USER_2,2025-08-11,14:54:53,MobileMoney,paiement,OUT,16914.0,XAF,13172.0,"Votre paiement de 16914 XAF a [CONTACT_82C3]? ([PHONE_5093]) a ete finalise a 2025-08-11 14:54:36. Message : . Votre nouveau solde : 13172 XAF. Les frais s'elevaient a 0 XAF. Le montant faisait l'objet d'une reduction de 0 XAF et de coupons d'une valeur de . Identifiant de transaction financiere : [PHONE_1509]. ID de transaction externe : -. MoMo casse les prix pour ses clients ! Désormais, 25% de baisse sur tous vos retraits. RDV dans vos points MoMo. Plus d'infos au 8787 ou WhatsApp [PHONE_8787]"
USER_2,2025-08-18,10:08:13,MobileMoney,paiement,OUT,10000.0,XAF,3172.0,"Votre paiement de 10000 XAF a [CONTACT_A102]  a ete effectue le 2025-08-18 10:07:57. Votre nouveau solde: 3172 XAF. Frais: 0 XAF. Message: -. Transaction Id: [PHONE_8871]. Souscrivez à MoMo Helep avec *126*61# et completez vos transactions : meme sans argent, initiez vos paiements et transferts et MoMo complètera le montant."
USER_2,2025-09-02,06:32:39,MobileMoney,transfert,IN,15000.0,FCFA,18172.0,Vous avez recu 15000 FCFA de Transfer from Non MoMo Account   (Transfert_Non_MoMo_I) le 2025-09-02 06:32:40. Reference: 2gqj156kqHj9 + 10003. Nouveau solde:18172 FCFA. Transaction Id: [PHONE_7413].
USER_2,2025-09-02,06:37:32,MobileMoney,transaction,OUT,7000.0,XAF,7172.0,"Une transaction de 7000 XAF effectuee par MTNC BUNDLES_FORFAITS   (MTN_Bundles) sur votre compte d'argent mobile s'est terminee avec succes a 2025-09-02 06:37:05. Le montant faisait l'objet d'une remise de 0 et de bons de reduction d'une valeur de 0. Message du destinataire du debit : . Votre nouveau solde : 7172 XAF. Les frais s'elevaient a 0 XAF, les frais de fidelite a 0 et la recompense de fidelite a 0. Identifiant de transaction financiere : [PHONE_0981]. ID de transaction externe : 310273604576419484. Des bourses scolaires pour une rentrée sereine avec MoMo ! Faites vos paiements à partir de 5 237 F et tentez de remporter jusqu'a 100 000 F chaque semaine. Plus d'infos au 8787 ou WhatsApp [PHONE_8787]."
USER_2,2025-09-02,12:37:47,MobileMoney,transfert,IN,400000.0,XAF,407172.0,Vous avez recu 400000 XAF de [CONTACT_B4F1] ([PHONE_0706]) sur votre compte mobile money à 2025-09-02 12:37:46. Message de l'expéditeur: achat . Votre nouveau solde: 407172 XAF. FRAIS: FCFA 0. Financial Transaction Id: [PHONE_7783].
USER_2,2025-09-02,14:18:10,MobileMoney,transfert,OUT,89000.0,FCFA,317990.0,Transfert de 89000 FCFA effectue avec succes a [CONTACT_5301] ([PHONE_2873]) le 2025-09-02 14:18:10. FRAIS 182 FCFA. transaction Id: [PHONE_1822]. Reference: Transfert . Nouveau solde est: 317990 FCFA. Economies avec MoMoApp! Juste 1 pour cent frais de retraits + transferts a Zero frais + une chance de gagner 250F.  Va sur  https://bit.ly/NewMoMoApp.
USER_2,2025-09-02,14:19:07,MobileMoney,transfert,OUT,89000.0,FCFA,228808.0,Transfert de 89000 FCFA effectue avec succes a [CONTACT_98C6] ([PHONE_3156]) le 2025-09-02 14:19:07. FRAIS 182 FCFA. transaction Id: [PHONE_2306]. Reference: Transfert . Nouveau solde est: 228808 FCFA. Economies avec MoMoApp! Juste 1 pour cent frais de retraits + transferts a Zero frais + une chance de gagner 250F.  Va sur  https://bit.ly/NewMoMoApp.
USER_2,2025-09-02,14:20:19,MobileMoney,transfert,OUT,66750.0,FCFA,161920.0,Transfert de 66750 FCFA effectue avec succes a [CONTACT_D0ED] ([PHONE_6406]) le 2025-09-02 14:20:19. FRAIS 138 FCFA. transaction Id: [PHONE_5079]. Reference: Transfert l. Nouveau solde est: 161920 FCFA. Economies avec MoMoApp! Juste 1 pour cent frais de retraits + transferts a Zero frais + une chance de gagner 250F.  Va sur  https://bit.ly/NewMoMoApp.
USER_2,2025-09-02,15:14:21,MobileMoney,transfert,IN,134000.0,XAF,295920.0,Vous avez recu 134000 XAF de [CONTACT_B4F1] ([PHONE_0706]) sur votre compte mobile money à 2025-09-02 15:14:21. Message de l'expéditeur: achat . Votre nouveau solde: 295920 XAF. FRAIS: FCFA 0. Financial Transaction Id: [PHONE_3134].
USER_2,2025-09-03,05:50:43,MobileMoney,transfert,OUT,25000.0,FCFA,270866.0,Transfert de 25000 FCFA effectue avec succes a [CONTACT_5301] ([PHONE_2873]) le 2025-09-03 05:50:43. FRAIS 54 FCFA. transaction Id: [PHONE_9052]. Reference: Transfert . Nouveau solde est: 270866 FCFA. Economies avec MoMoApp! Juste 1 pour cent frais de retraits + transferts a Zero frais + une chance de gagner 250F.  Va sur  https://bit.ly/NewMoMoApp.
USER_2,2025-09-03,05:51:47,MobileMoney,transfert,OUT,17000.0,FCFA,253828.0,Transfert de 17000 FCFA effectue avec succes a [CONTACT_98C6] ([PHONE_3156]) le 2025-09-03 05:51:47. FRAIS 38 FCFA. transaction Id: [PHONE_1539]. Reference: Transfert . Nouveau solde est: 253828 FCFA. Economies avec MoMoApp! Juste 1 pour cent frais de retraits + transferts a Zero frais + une chance de gagner 250F.  Va sur  https://bit.ly/NewMoMoApp.
USER_2,2025-09-03,05:52:55,MobileMoney,transfert,OUT,17000.0,FCFA,236790.0,Transfert de 17000 FCFA effectue avec succes a [CONTACT_D0ED] ([PHONE_6406]) le 2025-09-03 05:52:55. FRAIS 38 FCFA. transaction Id: [PHONE_4177]. Reference: Transfert . Nouveau solde est: 236790 FCFA. Economies avec MoMoApp! Juste 1 pour cent frais de retraits + transferts a Zero frais + une chance de gagner 250F.  Va sur  https://bit.ly/NewMoMoApp.
USER_2,2025-09-03,05:59:21,MobileMoney,transfert,OUT,45000.0,FCFA,191696.0,Transfert de 45000 FCFA effectue avec succes a [CONTACT_5301] ([PHONE_2873]) le 2025-09-03 05:59:21. FRAIS 94 FCFA. transaction Id: [PHONE_0427]. Reference: Transfert . Nouveau solde est: 191696 FCFA. Economies avec MoMoApp! Juste 1 pour cent frais de retraits + transferts a Zero frais + une chance de gagner 250F.  Va sur  https://bit.ly/NewMoMoApp.
USER_2,2025-09-03,06:00:51,MobileMoney,transfert,OUT,45000.0,FCFA,146602.0,Transfert de 45000 FCFA effectue avec succes a [CONTACT_D0ED] ([PHONE_6406]) le 2025-09-03 06:00:50. FRAIS 94 FCFA. transaction Id: [PHONE_4405]. Reference: Transfert . Nouveau solde est: 146602 FCFA. Economies avec MoMoApp! Juste 1 pour cent frais de retraits + transferts a Zero frais + une chance de gagner 250F.  Va sur  https://bit.ly/NewMoMoApp.
USER_2,2025-09-03,14:48:09,MobileMoney,paiement,OUT,5500.0,XAF,141102.0,Votre paiement de 5500 XAF a [CONTACT_688D] ([PHONE_4168]) a ete finalise a 2025-09-03 14:48:07. Message : Payer . Votre nouveau solde : 141102 XAF. Les frais s'elevaient a 0 XAF. Le montant faisait l'objet d'une reduction de 0 XAF et de coupons d'une valeur de . Identifiant de transaction financiere : [PHONE_9839]. ID de transaction externe : -. Des bourses scolaires pour une rentrée sereine avec MoMo ! Faites vos paiements à partir de 5 237 F et tentez de remporter jusqu'a 100 000 F chaque semaine. Plus d'infos au 8787 ou WhatsApp [PHONE_8787].
USER_2,2025-09-03,15:18:51,MobileMoney,transfert,OUT,15000.0,FCFA,126068.0,Transfert de 15000 FCFA effectue avec succes a [CONTACT_05F6] ([PHONE_2309]) le 2025-09-03 15:18:35. FRAIS 34 FCFA. transaction Id: [PHONE_2948]. Reference: Transfert . Nouveau solde est: 126068 FCFA. Economies avec MoMoApp! Juste 1 pour cent frais de retraits + transferts a Zero frais + une chance de gagner 250F.  Va sur  https://bit.ly/NewMoMoApp.
USER_2,2025-09-03,18:57:50,MobileMoney,transfert,OUT,15000.0,FCFA,111034.0,Transfert de 15000 FCFA effectue avec succes a [CONTACT_D44D] ([PHONE_8871]) le 2025-09-03 18:57:50. FRAIS 34 FCFA. transaction Id: [PHONE_7528]. Reference: Transfert . Nouveau solde est: 111034 FCFA. Economies avec MoMoApp! Juste 1 pour cent frais de retraits + transferts a Zero frais + une chance de gagner 250F.  Va sur  https://bit.ly/NewMoMoApp.
USER_2,2025-09-04,11:41:00,MobileMoney,transfert,OUT,50000.0,FCFA,60780.0,Transfert de 50000 FCFA effectue avec succes a [CONTACT_05F6] ([PHONE_2309]) le 2025-09-04 11:40:58. FRAIS 254 FCFA. transaction Id: [PHONE_1870]. Reference: transfert . Nouveau solde est: 60780 FCFA. Economies avec MoMoApp! Juste 1 pour cent frais de retraits + transferts a Zero frais + une chance de gagner 250F.  Va sur  https://bit.ly/NewMoMoApp.
USER_2,2025-09-04,15:37:23,MobileMoney,transfert,OUT,30000.0,FCFA,30716.0,Transfert de 30000 FCFA effectue avec succes a [CONTACT_4FB6] ([PHONE_3320]) le 2025-09-04 15:37:21. FRAIS 64 FCFA. transaction Id: [PHONE_3410]. Reference: Transfert . Nouveau solde est: 30716 FCFA. Economies avec MoMoApp! Juste 1 pour cent frais de retraits + transferts a Zero frais + une chance de gagner 250F.  Va sur  https://bit.ly/NewMoMoApp.
USER_2,2025-09-05,17:03:26,MobileMoney,transfert,OUT,10000.0,FCFA,20692.0,Transfert de 10000 FCFA effectue avec succes a [CONTACT_E624] ([PHONE_7563]) le 2025-09-05 17:03:24. FRAIS 24 FCFA. transaction Id: [PHONE_9258]. Reference: Transfert . Nouveau solde est: 20692 FCFA. Economies avec MoMoApp! Juste 1 pour cent frais de retraits + transferts a Zero frais + une chance de gagner 250F.  Va sur  https://bit.ly/NewMoMoApp.
USER_2,2025-09-07,17:17:40,MobileMoney,transfert,OUT,5100.0,FCFA,15578.0,Transfert de 5100 FCFA effectue avec succes a [CONTACT_D479] ([PHONE_1585]) le 2025-09-07 17:17:37. FRAIS 14 FCFA. transaction Id: [PHONE_7298]. Reference: Transfert . Nouveau solde est: 15578 FCFA. Economies avec MoMoApp! Juste 1 pour cent frais de retraits + transferts a Zero frais + une chance de gagner 250F.  Va sur  https://bit.ly/NewMoMoApp.
USER_2,2025-09-07,17:22:11,MobileMoney,transfert,OUT,5100.0,FCFA,15578.0,Transfert de 5100 FCFA effectue avec succes a [CONTACT_D479] ([PHONE_1585]) le 2025-09-07 17:17:37. FRAIS 14 FCFA. transaction Id: [PHONE_7298]. Reference: Transfert . Nouveau solde est: 15578 FCFA. Economies avec MoMoApp! Juste 1 pour cent frais de retraits + transferts a Zero frais + une chance de gagner 250F.  Va sur  https://bit.ly/NewMoMoApp.
USER_2,2025-09-12,12:32:32,MobileMoney,retrait,OUT,10000.0,FCFA,5424.0,Vous avez effectue avec succes le retrait de 10000 FCFA de votre compte mobile money  chez [CONTACT_6F7B] 2025-09-12 12:32:26. Votre nouveau solde est de:5424 FCFA. Transaction Id: [PHONE_5306]. Economies avec MoMoApp! Juste 1 pour cent frais de retraits + transferts a Zero frais + une chance de gagner 250F.  Va sur  https://bit.ly/NewMoMoApp.
USER_2,2025-09-12,12:45:04,MobileMoney,transfert,IN,10000.0,FCFA,15424.0,Vous avez recu 10000 FCFA de Transfer from Non MoMo Account   (Transfert_Non_MoMo_I) le 2025-09-12 12:45:04. Reference: po935wH6OZ0u + 10003. Nouveau solde:15424 FCFA. Transaction Id: [PHONE_8472].
USER_2,2025-09-12,12:47:23,MobileMoney,transfert,OUT,5000.0,FCFA,10410.0,Transfert de 5000 FCFA effectue avec succes a AGNES [CONTACT_C1C5] ([PHONE_5066]) le 2025-09-12 12:47:23. FRAIS 14 FCFA. transaction Id: [PHONE_4448]. Reference: 1. Nouveau solde est: 10410 FCFA. Economies avec MoMoApp! Juste 1 pour cent frais de retraits + transferts a Zero frais + une chance de gagner 250F.  Va sur  https://bit.ly/NewMoMoApp.
USER_2,2025-09-13,09:07:56,MobileMoney,transaction,OUT,2000.0,XAF,8410.0,"Une transaction de 2000 XAF effectuee par MTNC BUNDLES_FORFAITS   (MTN_Bundles) sur votre compte d'argent mobile s'est terminee avec succes a 2025-09-13 09:07:48. Le montant faisait l'objet d'une remise de 0 et de bons de reduction d'une valeur de 0. Message du destinataire du debit : . Votre nouveau solde : 8410 XAF. Les frais s'elevaient a 0 XAF, les frais de fidelite a 0 et la recompense de fidelite a 0. Identifiant de transaction financiere : [PHONE_0483]. ID de transaction externe : 6100129888426216142. Des bourses scolaires pour une rentrée sereine avec MoMo ! Faites vos paiements à partir de 5 237 F et tentez de remporter jusqu'a 100 000 F chaque semaine. Plus d'infos au 8787 ou WhatsApp [PHONE_8787]."
USER_2,2025-10-01,06:48:16,MobileMoney,transaction,OUT,7000.0,XAF,1410.0,"Une transaction de 7000 XAF effectuee par MTNC BUNDLES_FORFAITS   (MTN_Bundles) sur votre compte d'argent mobile s'est terminee avec succes a 2025-10-01 06:48:14. Le montant faisait l'objet d'une remise de 0 et de bons de reduction d'une valeur de 0. Message du destinataire du debit : . Votre nouveau solde : 1410 XAF. Les frais s'elevaient a 0 XAF, les frais de fidelite a 0 et la recompense de fidelite a 0. Identifiant de transaction financiere : [PHONE_9447]. ID de transaction externe : 2921940530049517340. Des bourses scolaires pour une rentrée sereine avec MoMo ! Faites vos paiements à partir de 5 237 F et tentez de remporter jusqu'a 100 000 F chaque semaine. Plus d'infos au 8787 ou WhatsApp [PHONE_8787]."
USER_2,2025-10-01,12:25:36,MobileMoney,transfert,IN,221500.0,XAF,222910.0,Vous avez recu 221500 XAF de [CONTACT_1367] ([PHONE_3737] [CONTACT_9B5D]) sur votre compte Mobile Money 2025-10-01 12:25:34. Message de l'expediteur:. Votre nouveau solde est de 222910 FCFA. Frais: 0 XAF. Transaction ID: [PHONE_9954]. Economies avec MoMoApp! Juste 1 pour cent frais de retraits + transferts a Zero frais + une chance de gagner 250F.  Va sur  https://bit.ly/NewMoMoApp.
USER_2,2025-10-01,15:02:27,MobileMoney,transfert,OUT,105000.0,FCFA,117696.0,Transfert de 105000 FCFA effectue avec succes a [CONTACT_F4C4] ([PHONE_7288]) le 2025-10-01 15:02:26. FRAIS 214 FCFA. transaction Id: [PHONE_1717]. Reference: Transfert . Nouveau solde est: 117696 FCFA. Economies avec MoMoApp! Juste 1 pour cent frais de retraits + transferts a Zero frais + une chance de gagner 250F.  Va sur  https://bit.ly/NewMoMoApp.
USER_2,2025-10-01,20:24:49,MobileMoney,transfert,IN,15000.0,XAF,132696.0,Vous avez recu 15000 XAF de [CONTACT_0CE8] ([PHONE_9481]) sur votre compte mobile money à 2025-10-01 20:24:48. Message de l'expéditeur: . Votre nouveau solde: 132696 XAF. FRAIS: FCFA 0. Financial Transaction Id: [PHONE_0894].
USER_2,2025-10-01,21:04:15,MobileMoney,transfert,IN,61000.0,XAF,193696.0,Vous avez recu 61000 XAF de J [CONTACT_9AFB] ([PHONE_5798]) sur votre compte mobile money à 2025-10-01 21:04:14. Message de l'expéditeur: 1. Votre nouveau solde: 193696 XAF. FRAIS: FCFA 0. Financial Transaction Id: [PHONE_1212].
USER_2,2025-10-02,07:02:35,MobileMoney,transfert,OUT,15000.0,FCFA,178662.0,Transfert de 15000 FCFA effectue avec succes a [CONTACT_05F6] ([PHONE_2309]) le 2025-10-02 07:02:11. FRAIS 34 FCFA. transaction Id: [PHONE_8321]. Reference: Transfert . Nouveau solde est: 178662 FCFA. Economies avec MoMoApp! Juste 1 pour cent frais de retraits + transferts a Zero frais + une chance de gagner 250F.  Va sur  https://bit.ly/NewMoMoApp.
USER_2,2025-10-02,10:35:55,MobileMoney,transfert,OUT,5000.0,FCFA,173648.0,Transfert de 5000 FCFA effectue avec succes a [CONTACT_A7FA] ([PHONE_5813]) le 2025-10-02 10:35:55. FRAIS 14 FCFA. transaction Id: [PHONE_3379]. Reference: Transfert . Nouveau solde est: 173648 FCFA. Economies avec MoMoApp! Juste 1 pour cent frais de retraits + transferts a Zero frais + une chance de gagner 250F.  Va sur  https://bit.ly/NewMoMoApp.
USER_2,2025-10-02,12:01:55,MobileMoney,transfert,OUT,10200.0,FCFA,163424.0,Transfert de 10200 FCFA effectue avec succes a [CONTACT_0E60] ([PHONE_5650]) le 2025-10-02 12:01:53. FRAIS 24 FCFA. transaction Id: [PHONE_2308]. Reference: Transfert . Nouveau solde est: 163424 FCFA. Economies avec MoMoApp! Juste 1 pour cent frais de retraits + transferts a Zero frais + une chance de gagner 250F.  Va sur  https://bit.ly/NewMoMoApp.
USER_2,2025-10-02,20:03:29,MobileMoney,transfert,OUT,30500.0,FCFA,132859.0,Transfert de 30500 FCFA effectue avec succes a [CONTACT_4FB6] ([PHONE_3320]) le 2025-10-02 20:03:25. FRAIS 65 FCFA. transaction Id: [PHONE_0547]. Reference: Transfert . Nouveau solde est: 132859 FCFA. Economies avec MoMoApp! Juste 1 pour cent frais de retraits + transferts a Zero frais + une chance de gagner 250F.  Va sur  https://bit.ly/NewMoMoApp.
USER_2,2025-10-02,20:04:31,MobileMoney,paiement,OUT,1000.0,XAF,131859.0,"Votre paiement de 1000 XAF a MTNC AIRTIME a ete effectue le 2025-10-02 20:04:27. Votre nouveau solde: 131859 XAF. Frais: 0 XAF. Message: -. Transaction Id: [PHONE_4728]. Des bourses scolaires pour une rentrée sereine avec MoMo ! Faites vos paiements à partir de 5 237 F et tentez de remporter jusqu'a 50,500 F chaque semaine. Plus d'infos au 8787 ou WhatsApp [PHONE_8787]."
USER_2,2025-10-04,13:34:02,MobileMoney,paiement,OUT,120000.0,XAF,11859.0,Votre paiement de 120000 XAF a [CONTACT_514E] ([PHONE_8759]) a ete finalise a 2025-10-04 13:33:57. Message : . Votre nouveau solde : 11859 XAF. Les frais s'elevaient a 0 XAF. Le montant faisait l'objet d'une reduction de 0 XAF et de coupons d'une valeur de . Identifiant de transaction financiere : [PHONE_4695]. ID de transaction externe : -. Des bourses scolaires pour une rentrée sereine avec MoMo ! Faites vos paiements à partir de 5 237 F et tentez de remporter jusqu'a 100 000 F chaque semaine. Plus d'infos au 8787 ou WhatsApp [PHONE_8787].
USER_2,2025-10-05,16:36:12,MobileMoney,transfert,IN,20000.0,XAF,31859.0,Vous avez recu 20000 XAF de [CONTACT_A814] ([PHONE_9969]) sur votre compte mobile money à 2025-10-05 16:36:08. Message de l'expéditeur: cash. Votre nouveau solde: 31859 XAF. FRAIS: FCFA 0. Financial Transaction Id: [PHONE_5856].
USER_2,2025-10-06,13:47:08,MobileMoney,transfert,OUT,5100.0,FCFA,26745.0,Transfert de 5100 FCFA effectue avec succes a [CONTACT_DA56] ([PHONE_3387]) le 2025-10-06 13:46:23. FRAIS 14 FCFA. transaction Id: [PHONE_2169]. Reference: Transfert . Nouveau solde est: 26745 FCFA. Economies avec MoMoApp! Juste 1 pour cent frais de retraits + transferts a Zero frais + une chance de gagner 250F.  Va sur  https://bit.ly/NewMoMoApp.
USER_2,2025-10-10,17:07:20,MobileMoney,transfert,IN,10000.0,XAF,36745.0,Vous avez recu 10000 XAF de ELISABETH [CONTACT_290D] ([PHONE_2850]) sur votre compte mobile money à 2025-10-10 17:07:13. Message de l'expéditeur: 1. Votre nouveau solde: 36745 XAF. FRAIS: FCFA 0. Financial Transaction Id: [PHONE_9786].
USER_2,2025-10-11,14:00:47,MobileMoney,transfert,OUT,15000.0,FCFA,21711.0,Transfert de 15000 FCFA effectue avec succes a [CONTACT_2A15] ([PHONE_4758]) le 2025-10-11 13:59:15. FRAIS 34 FCFA. transaction Id: [PHONE_6158]. Reference: Transfert . Nouveau solde est: 21711 FCFA. Economies avec MoMoApp! Juste 1 pour cent frais de retraits + transferts a Zero frais + une chance de gagner 250F.  Va sur  https://bit.ly/NewMoMoApp.
USER_2,2025-10-13,15:04:55,MobileMoney,retrait,OUT,5000.0,FCFA,16632.0,"Vous, [USER_2] (237[USER_2_phone]) avez effectue avec succes le retrait de 5000 FCFA de votre compte mobile money, chez [CONTACT_EC58] ([PHONE_2274]) le 2025-10-13 15:04:48. transaction Id: [PHONE_1092]. Votre nouveau solde: 16632 XAF. Frais: 79 XAF. Economies avec MoMoApp! Juste 1 pour cent frais de retraits + transferts a Zero frais + une chance de gagner 250F.  Va sur  https://bit.ly/NewMoMoApp."
USER_2,2025-10-16,17:09:30,MobileMoney,transfert,OUT,2000.0,FCFA,14632.0,Transfert de 2000 FCFA effectue avec succes a [CONTACT_F3E0] ([PHONE_2872]) le 2025-10-16 17:09:29. FRAIS 0 FCFA. transaction Id: [PHONE_3383]. Reference: Transfert . Nouveau solde est: 14632 FCFA. Economies avec MoMoApp! Juste 1 pour cent frais de retraits + transferts a Zero frais + une chance de gagner 250F.  Va sur  https://bit.ly/NewMoMoApp.
USER_2,2025-10-16,17:10:40,MobileMoney,transfert,OUT,5000.0,FCFA,9618.0,Transfert de 5000 FCFA effectue avec succes a N A [CONTACT_712C] ([PHONE_1394]) le 2025-10-16 17:10:39. FRAIS 14 FCFA. transaction Id: [PHONE_7818]. Reference: Transfert . Nouveau solde est: 9618 FCFA. Economies avec MoMoApp! Juste 1 pour cent frais de retraits + transferts a Zero frais + une chance de gagner 250F.  Va sur  https://bit.ly/NewMoMoApp.
USER_2,2025-10-20,13:59:57,MobileMoney,transfert,IN,110000.0,XAF,119618.0,Vous avez recu 110000 XAF de [CONTACT_ECBE] WBAF_POLAS_BTQ_BIAO ([PHONE_7252] ) sur votre compte Mobile Money 2025-10-20 13:59:56. Message de l'expediteur:. Votre nouveau solde est de 119618 FCFA. Frais: 0 XAF. Transaction ID: [PHONE_8134]. Economies avec MoMoApp! Juste 1 pour cent frais de retraits + transferts a Zero frais + une chance de gagner 250F.  Va sur  https://bit.ly/NewMoMoApp.
USER_2,2025-10-22,16:21:40,MobileMoney,transaction,OUT,1050.0,XAF,118568.0,"Une transaction de 1050 XAF effectuee par Tranzak Payment  ([PHONE_7567]) sur votre compte d'argent mobile s'est terminee avec succes a 2025-10-22 16:21:36. Le montant faisait l'objet d'une remise de 0 et de bons de reduction d'une valeur de 0. Message du destinataire du debit : service de KAMERPAY. Votre nouveau solde : 118568 XAF. Les frais s'elevaient a 0 XAF, les frais de fidelite a 0 et la recompense de fidelite a 0. Identifiant de transaction financiere : [PHONE_2531]. ID de transaction externe : IB2510221520MB7H. Des bourses scolaires pour une rentrée sereine avec MoMo ! Faites vos paiements à partir de 5 237 F et tentez de remporter jusqu'a 100 000 F chaque semaine. Plus d'infos au 8787 ou WhatsApp [PHONE_8787]."
USER_2,2025-10-24,08:18:18,MobileMoney,paiement,OUT,9303.0,XAF,109265.0,Votre paiement de 9303 XAF a [CONTACT_82C3]? ([PHONE_5093]) a ete finalise a 2025-10-24 08:18:15. Message : . Votre nouveau solde : 109265 XAF. Les frais s'elevaient a 0 XAF. Le montant faisait l'objet d'une reduction de 0 XAF et de coupons d'une valeur de . Identifiant de transaction financiere : [PHONE_8603]. ID de transaction externe : -. Des bourses scolaires pour une rentrée sereine avec MoMo ! Faites vos paiements à partir de 5 237 F et tentez de remporter jusqu'a 100 000 F chaque semaine. Plus d'infos au 8787 ou WhatsApp [PHONE_8787].
USER_2,2025-10-24,14:07:50,MobileMoney,transfert,IN,20000.0,XAF,129265.0,Vous avez recu 20000 XAF de [CONTACT_4D8C] PRINCE Ers Shalomes Services ([PHONE_7211] [CONTACT_E16D] NGOUNOU) sur votre compte Mobile Money 2025-10-24 14:07:29. Message de l'expediteur:. Votre nouveau solde est de 129265 FCFA. Frais: 0 XAF. Transaction ID: [PHONE_9163]. Economies avec MoMoApp! Juste 1 pour cent frais de retraits + transferts a Zero frais + une chance de gagner 250F.  Va sur  https://bit.ly/NewMoMoApp.
USER_2,2025-10-25,10:27:41,MobileMoney,retrait,OUT,70000.0,FCFA,58211.0,Vous avez effectue avec succes le retrait de 70000 FCFA de votre compte mobile money  chez [CONTACT_4997] 2025-10-25 10:27:38. Votre nouveau solde est de:58211 FCFA. Transaction Id: [PHONE_0699]. Economies avec MoMoApp! Juste 1 pour cent frais de retraits + transferts a Zero frais + une chance de gagner 250F.  Va sur  https://bit.ly/NewMoMoApp.
USER_2,2025-10-25,19:04:28,MobileMoney,transfert,OUT,5100.0,FCFA,53057.0,Transfert de 5100 FCFA effectue avec succes a [CONTACT_5B82] ([PHONE_6744]) le 2025-10-25 19:04:28. FRAIS 54 FCFA. transaction Id: [PHONE_1530]. Reference: transfert . Nouveau solde est: 53057 FCFA. Economies avec MoMoApp! Juste 1 pour cent frais de retraits + transferts a Zero frais + une chance de gagner 250F.  Va sur  https://bit.ly/NewMoMoApp.
USER_2,2025-10-29,14:17:25,MobileMoney,transfert,OUT,5000.0,FCFA,48043.0,Transfert de 5000 FCFA effectue avec succes a [CONTACT_DA56] ([PHONE_3387]) le 2025-10-29 14:17:25. FRAIS 14 FCFA. transaction Id: [PHONE_7056]. Reference: Transfert . Nouveau solde est: 48043 FCFA. Economies avec MoMoApp! Juste 1 pour cent frais de retraits + transferts a Zero frais + une chance de gagner 250F.  Va sur  https://bit.ly/NewMoMoApp.
USER_2,2025-10-30,06:15:24,MobileMoney,transaction,OUT,7000.0,XAF,41043.0,"Une transaction de 7000 XAF effectuee par MTNC BUNDLES_FORFAITS   (MTN_Bundles) sur votre compte d'argent mobile s'est terminee avec succes a 2025-10-30 06:15:24. Le montant faisait l'objet d'une remise de 0 et de bons de reduction d'une valeur de 0. Message du destinataire du debit : . Votre nouveau solde : 41043 XAF. Les frais s'elevaient a 0 XAF, les frais de fidelite a 0 et la recompense de fidelite a 0. Identifiant de transaction financiere : [PHONE_9118]. ID de transaction externe : 2729624850324186641. Des bourses scolaires pour une rentrée sereine avec MoMo ! Faites vos paiements à partir de 5 237 F et tentez de remporter jusqu'a 100 000 F chaque semaine. Plus d'infos au 8787 ou WhatsApp [PHONE_8787]."
USER_2,2025-10-30,17:36:58,MobileMoney,retrait,OUT,4650.0,FCFA,36319.0,Vous avez effectue avec succes le retrait de 4650 FCFA de votre compte mobile money  chez [CONTACT_5FFC] 2025-10-30 17:36:48. Votre nouveau solde est de:36319 FCFA. Transaction Id: [PHONE_1486]. Economies avec MoMoApp! Juste 1 pour cent frais de retraits + transferts a Zero frais + une chance de gagner 250F.  Va sur  https://bit.ly/NewMoMoApp.
USER_2,2025-11-02,15:27:01,MobileMoney,transfert,OUT,5200.0,FCFA,31105.0,Transfert de 5200 FCFA effectue avec succes a [CONTACT_ADBD] ([PHONE_9900]) le 2025-11-02 15:27:01. FRAIS 14 FCFA. transaction Id: [PHONE_9794]. Reference: Transfert . Nouveau solde est: 31105 FCFA. Economies avec MoMoApp! Juste 1 pour cent frais de retraits + transferts a Zero frais + une chance de gagner 250F.  Va sur  https://bit.ly/NewMoMoApp.
USER_2,2025-11-05,10:28:26,MobileMoney,transfert,IN,15000.0,XAF,46105.0,Vous avez recu 15000 XAF de [CONTACT_2965] ([PHONE_8216]) sur votre compte Mobile Money 2025-11-05 10:28:27. Message de l'expediteur:. Votre nouveau solde est de 46105 FCFA. Frais: 0 XAF. Transaction ID: [PHONE_7149]. Economies avec MoMoApp! Juste 1 pour cent frais de retraits + transferts a Zero frais + une chance de gagner 250F.  Va sur  https://bit.ly/NewMoMoApp.
USER_2,2025-11-07,11:15:40,MobileMoney,retrait,OUT,10000.0,FCFA,35951.0,Vous avez effectue avec succes le retrait de 10000 FCFA de votre compte mobile money  chez [CONTACT_6350] 2025-11-07 11:15:33. Votre nouveau solde est de:35951 FCFA. Transaction Id: [PHONE_4344]. Economies avec MoMoApp! Juste 1 pour cent frais de retraits + transferts a Zero frais + une chance de gagner 250F.  Va sur  https://bit.ly/NewMoMoApp.
USER_2,2025-11-08,11:08:03,MobileMoney,transfert,OUT,5000.0,FCFA,30937.0,Transfert de 5000 FCFA effectue avec succes a Marie madeleine Tchayo ([PHONE_4079]) le 2025-11-08 11:08:03. FRAIS 14 FCFA. transaction Id: [PHONE_6165]. Reference: Transfert . Nouveau solde est: 30937 FCFA. Economies avec MoMoApp! Juste 1 pour cent frais de retraits + transferts a Zero frais + une chance de gagner 250F.  Va sur  https://bit.ly/NewMoMoApp.
USER_2,2025-11-12,11:54:41,MobileMoney,retrait,OUT,10000.0,FCFA,20783.0,Vous avez effectue avec succes le retrait de 10000 FCFA de votre compte mobi[CONTACT_D918] money  chez  [CONTACT_D918] 2025-11-12 11:54:35. Votre nouveau solde est de:20783 FCFA. Transaction Id: [PHONE_0853]. Economies avec MoMoApp! Juste 1 pour cent frais de retraits + transferts a Zero frais + une chance de gagner 250F.  Va sur  https://bit.ly/NewMoMoApp.
USER_2,2025-11-12,15:10:04,MobileMoney,retrait,OUT,3300.0,FCFA,17429.0,Vous avez effectue avec succes le retrait de 3300 FCFA de votre compte mobi[CONTACT_D918] money  chez  [CONTACT_D918] 2025-11-12 15:09:07. Votre nouveau solde est de:17429 FCFA. Transaction Id: [PHONE_7627]. Economies avec MoMoApp! Juste 1 pour cent frais de retraits + transferts a Zero frais + une chance de gagner 250F.  Va sur  https://bit.ly/NewMoMoApp.
USER_2,2025-11-19,08:39:49,MobileMoney,transfert,OUT,5000.0,FCFA,12415.0,Transfert de 5000 FCFA effectue avec succes a Marie madeleine Tchayo ([PHONE_4079]) le 2025-11-19 08:39:48. FRAIS 14 FCFA. transaction Id: [PHONE_8896]. Reference: Transfert . Nouveau solde est: 12415 FCFA. Economies avec MoMoApp! Juste 1 pour cent frais de retraits + transferts a Zero frais + une chance de gagner 250F.  Va sur  https://bit.ly/NewMoMoApp.
USER_2,2025-11-21,08:32:40,MobileMoney,transfert,OUT,5000.0,FCFA,7401.0,Transfert de 5000 FCFA effectue avec succes a AGNES [CONTACT_C1C5] ([PHONE_5066]) le 2025-11-21 08:32:40. FRAIS 14 FCFA. transaction Id: [PHONE_1882]. Reference: Transfert . Nouveau solde est: 7401 FCFA. Economies avec MoMoApp! Juste 1 pour cent frais de retraits + transferts a Zero frais + une chance de gagner 250F.  Va sur  https://bit.ly/NewMoMoApp.
USER_2,2025-11-29,06:51:39,MobileMoney,transaction,OUT,7000.0,XAF,401.0,"Une transaction de 7000 XAF effectuee par MTNC BUNDLES_FORFAITS   (MTN_Bundles) sur votre compte d'argent mobile s'est terminee avec succes a 2025-11-29 06:51:30. Le montant faisait l'objet d'une remise de 0 et de bons de reduction d'une valeur de 0. Message du destinataire du debit : . Votre nouveau solde : 401 XAF. Les frais s'elevaient a 0 XAF, les frais de fidelite a 0 et la recompense de fidelite a 0. Identifiant de transaction financiere : [PHONE_0288]. ID de transaction externe : 7838421542827979539. Des bourses scolaires pour une rentrée sereine avec MoMo ! Faites vos paiements à partir de 5 237 F et tentez de remporter jusqu'a 100 000 F chaque semaine. Plus d'infos au 8787 ou WhatsApp [PHONE_8787]."
USER_2,2025-12-01,12:32:42,MobileMoney,transfert,IN,3250.0,XAF,3651.0,Vous avez recu 3250 XAF de [CONTACT_4F0A] ([PHONE_0849]) sur votre compte mobile money à 2025-12-01 12:32:40. Message de l'expéditeur: relicat cotisation . Votre nouveau solde: 3651 XAF. FRAIS: FCFA 0. Financial Transaction Id: [PHONE_2712].
USER_2,2025-12-15,12:03:55,MobileMoney,transfert,IN,23000.0,XAF,26651.0,"Vous avez recu 23000 XAF de [CONTACT_8147] ([PHONE_9165] [CONTACT_8147]) sur votre compte Mobile Money 2025-12-15 12:03:54. Message de l'expediteur:. Votre nouveau solde est de 26651 FCFA. Frais: 0 XAF. Transaction ID: [PHONE_6685]. 237,000 [CONTACT_D613] a gagner en effectuant vos transactions MoMo a partir de 5237F. Transfert, paiement, retrait... etc. Tentez votre chance sur *126# ou sur bit.ly/MyMoMo1 pour profiter des [CONTACT_4ECF] : 0 Fcfa sur vos transferts et 1% sur vos retraits. Infos : 8787 ou [PHONE_8787]"
USER_2,2025-12-16,07:35:44,MobileMoney,paiement,OUT,9000.0,XAF,17651.0,"Votre paiement de 9000 XAF a [CONTACT_3B62]  CAISSE2 ([PHONE_0873]) a ete finalise a 2025-12-16 07:35:28. Message : . Votre nouveau solde : 17651 XAF. Les frais s'elevaient a 0 XAF. Le montant faisait l'objet d'une reduction de 0 XAF et de coupons d'une valeur de . Identifiant de transaction financiere : [PHONE_4999]. ID de transaction externe : -. }. 237,000 [CONTACT_D613] a gagner en effectuant vos transactions MoMo a partir de 5237F. Transfert, paiement, retrait... etc. Tentez votre chance sur *126# ou sur bit.ly/MyMoMo1 pour profiter des [CONTACT_4ECF] : 0 Fcfa sur vos transferts et 1% sur vos retraits. Infos : 8787 ou [PHONE_8787]"
USER_2,2025-12-17,10:52:41,MobileMoney,transfert,OUT,2500.0,FCFA,15142.0,"Transfert de 2500 FCFA effectue avec succes a JEAN [CONTACT_E1E9] ([PHONE_6212]) le 2025-12-17 10:52:40. FRAIS 9 FCFA. transaction Id: [PHONE_0440]. Reference: Transfert . Nouveau solde est: 15142 FCFA. 237,000 [CONTACT_D613] a gagner en effectuant vos transactions MoMo a partir de 5237F. Transfert, paiement, retrait... etc. Tentez votre chance sur *126# ou sur bit.ly/MyMoMo1 pour profiter des [CONTACT_4ECF] : 0 Fcfa sur vos transferts et 1% sur vos retraits. Infos : 8787 ou [PHONE_8787]"
USER_2,2025-12-17,12:34:14,MobileMoney,transfert,IN,150000.0,XAF,165142.0,"Vous avez recu 150000 XAF de [CONTACT_2414] [CONTACT_EBF7] ([PHONE_0043]) sur votre compte Mobile Money 2025-12-17 12:25:28. Message de l'expediteur:. Votre nouveau solde est de 165142 FCFA. Frais: 0 XAF. Transaction ID: [PHONE_1031]. 237,000 [CONTACT_D613] a gagner en effectuant vos transactions MoMo a partir de 5237F. Transfert, paiement, retrait... etc. Tentez votre chance sur *126# ou sur bit.ly/MyMoMo1 pour profiter des [CONTACT_4ECF] : 0 Fcfa sur vos transferts et 1% sur vos retraits. Infos : 8787 ou [PHONE_8787]"
USER_2,2025-12-19,09:17:06,MobileMoney,transfert,OUT,10000.0,FCFA,155118.0,"Transfert de 10000 FCFA effectue avec succes a aboumba assang iere witie Jeanne andree ([PHONE_0481]) le 2025-12-19 09:16:34. FRAIS 24 FCFA. transaction Id: [PHONE_9624]. Reference: Transfert . Nouveau solde est: 155118 FCFA. 237,000 [CONTACT_D613] a gagner en effectuant vos transactions MoMo a partir de 5237F. Transfert, paiement, retrait... etc. Tentez votre chance sur *126# ou sur bit.ly/MyMoMo1 pour profiter des [CONTACT_4ECF] : 0 Fcfa sur vos transferts et 1% sur vos retraits. Infos : 8787 ou [PHONE_8787]"
USER_2,2025-12-19,15:10:24,MobileMoney,retrait,OUT,50000.0,FCFA,104364.0,"Vous avez effectue avec succes le retrait de 50000 FCFA de votre compte mobi[CONTACT_D918] money  chez  [CONTACT_D918] 2025-12-19 14:48:09. Votre nouveau solde est de:104364 FCFA. Transaction Id: [PHONE_8324]. 237,000 [CONTACT_D613] a gagner en effectuant vos transactions MoMo a partir de 5237F. Transfert, paiement, retrait... etc. Tentez votre chance sur *126# ou sur bit.ly/MyMoMo1 pour profiter des [CONTACT_4ECF] : 0 Fcfa sur vos transferts et 1% sur vos retraits. Infos : 8787 ou [PHONE_8787]"
USER_2,2025-12-20,17:07:54,MobileMoney,transfert,OUT,10000.0,FCFA,67115.0,"Transfert de 10000 FCFA effectue avec succes a guy roland atedzoe ngoumou ([PHONE_5061]) le 2025-12-20 17:07:53. FRAIS 24 FCFA. transaction Id: [PHONE_3117]. Reference: Transfert . Nouveau solde est: 67115 FCFA. 237,000 [CONTACT_D613] a gagner en effectuant vos transactions MoMo a partir de 5237F. Transfert, paiement, retrait... etc. Tentez votre chance sur *126# ou sur bit.ly/MyMoMo1 pour profiter des [CONTACT_4ECF] : 0 Fcfa sur vos transferts et 1% sur vos retraits. Infos : 8787 ou [PHONE_8787]"
USER_2,2025-12-21,07:49:39,MobileMoney,transfert,OUT,5000.0,FCFA,62101.0,"Transfert de 5000 FCFA effectue avec succes a Marie madeleine Tchayo ([PHONE_4079]) le 2025-12-21 07:49:36. FRAIS 14 FCFA. transaction Id: [PHONE_6191]. Reference: Transfert . Nouveau solde est: 62101 FCFA. 237,000 [CONTACT_D613] a gagner en effectuant vos transactions MoMo a partir de 5237F. Transfert, paiement, retrait... etc. Tentez votre chance sur *126# ou sur bit.ly/MyMoMo1 pour profiter des [CONTACT_4ECF] : 0 Fcfa sur vos transferts et 1% sur vos retraits. Infos : 8787 ou [PHONE_8787]"
USER_2,2025-12-22,10:33:57,MobileMoney,paiement,OUT,30000.0,XAF,32101.0,"Votre paiement de 30000 XAF a [CONTACT_3B62] CAISSE1 ([PHONE_0883]) a ete finalise a 2025-12-22 10:33:39. Message : . Votre nouveau solde : 32101 XAF. Les frais s'elevaient a 0 XAF. Le montant faisait l'objet d'une reduction de 0 XAF et de coupons d'une valeur de . Identifiant de transaction financiere : [PHONE_4432]. ID de transaction externe : -. }. 237,000 [CONTACT_D613] a gagner en effectuant vos transactions MoMo a partir de 5237F. Transfert, paiement, retrait... etc. Tentez votre chance sur *126# ou sur bit.ly/MyMoMo1 pour profiter des [CONTACT_4ECF] : 0 Fcfa sur vos transferts et 1% sur vos retraits. Infos : 8787 ou [PHONE_8787]"
USER_2,2025-12-22,12:43:46,MobileMoney,transfert,OUT,10154.0,FCFA,21923.0,"Transfert de 10154 FCFA effectue avec succes a aboumba assang iere witie Jeanne andree ([PHONE_0481]) le 2025-12-22 12:43:45. FRAIS 24 FCFA. transaction Id: [PHONE_3636]. Reference: Transfert . Nouveau solde est: 21923 FCFA. 237,000 [CONTACT_D613] a gagner en effectuant vos transactions MoMo a partir de 5237F. Transfert, paiement, retrait... etc. Tentez votre chance sur *126# ou sur bit.ly/MyMoMo1 pour profiter des [CONTACT_4ECF] : 0 Fcfa sur vos transferts et 1% sur vos retraits. Infos : 8787 ou [PHONE_8787]"
USER_2,2025-12-24,02:44:18,MobileMoney,transaction,OUT,7000.0,XAF,14923.0,"Une transaction de 7000 XAF effectuee par MTNC BUNDLES_FORFAITS   (MTN_Bundles) sur votre compte d'argent mobile s'est terminee avec succes a 2025-12-24 02:44:17. Le montant faisait l'objet d'une remise de 0 et de bons de reduction d'une valeur de 0. Message du destinataire du debit : . Votre nouveau solde : 14923 XAF. Les frais s'elevaient a 0 XAF, les frais de fidelite a 0 et la recompense de fidelite a 0. Identifiant de transaction financiere : [PHONE_8830]. ID de transaction externe : 9101913399625858096. 237,000 [CONTACT_D613] a gagner en effectuant vos transactions MoMo a partir de 5237F. Transfert, paiement, retrait... etc. Tentez votre chance sur *126# ou sur bit.ly/MyMoMo1 pour profiter des [CONTACT_4ECF] : 0 Fcfa sur vos transferts et 1% sur vos retraits. Infos : 8787 ou [PHONE_8787]"
USER_2,2025-12-24,21:51:13,MobileMoney,transfert,OUT,2000.0,FCFA,12915.0,"Transfert de 2000 FCFA effectue avec succes a [CONTACT_19CF] ([PHONE_3931]) le 2025-12-24 21:51:08. FRAIS 8 FCFA. transaction Id: [PHONE_4269]. Reference: Transfert . Nouveau solde est: 12915 FCFA. 237,000 [CONTACT_D613] a gagner en effectuant vos transactions MoMo a partir de 5237F. Transfert, paiement, retrait... etc. Tentez votre chance sur *126# ou sur bit.ly/MyMoMo1 pour profiter des [CONTACT_4ECF] : 0 Fcfa sur vos transferts et 1% sur vos retraits. Infos : 8787 ou [PHONE_8787]"
USER_2,2025-12-28,18:31:19,MobileMoney,transfert,OUT,5079.0,FCFA,7822.0,"Transfert de 5079 FCFA effectue avec succes a [CONTACT_A43D] epouse [CONTACT_50DE] ([PHONE_5427]) le 2025-12-28 18:31:17. FRAIS 14 FCFA. transaction Id: [PHONE_8764]. Reference: Transfert . Nouveau solde est: 7822 FCFA. 237,000 [CONTACT_D613] a gagner en effectuant vos transactions MoMo a partir de 5237F. Transfert, paiement, retrait... etc. Tentez votre chance sur *126# ou sur bit.ly/MyMoMo1 pour profiter des [CONTACT_4ECF] : 0 Fcfa sur vos transferts et 1% sur vos retraits. Infos : 8787 ou [PHONE_8787]"
USER_2,2026-01-01,11:26:20,MobileMoney,transfert,IN,30000.0,XAF,37822.0,"Vous avez recu 30000 XAF de [CONTACT_D38A] LTDLA_CBOX_R1_MAKENNANG [CONTACT_156B] ([PHONE_4998]) sur votre compte Mobile Money 2026-01-01 11:18:36. Message de l'expediteur:. Votre nouveau solde est de 37822 FCFA. Frais: 0 XAF. Transaction ID: [PHONE_0054]. 237,000 [CONTACT_D613] a gagner en effectuant vos transactions MoMo a partir de 5237F. Transfert, paiement, retrait... etc. Tentez votre chance sur *126# ou sur bit.ly/MyMoMo1 pour profiter des [CONTACT_4ECF] : 0 Fcfa sur vos transferts et 1% sur vos retraits. Infos : 8787 ou [PHONE_8787]"
USER_2,2026-01-01,11:26:23,MobileMoney,transfert,OUT,30454.0,FCFA,7304.0,"Transfert de 30454 FCFA effectue avec succes a [CONTACT_4FB6] ([PHONE_3320]) le 2026-01-01 11:26:10. FRAIS 64 FCFA. transaction Id: [PHONE_9778]. Reference: Transfert . Nouveau solde est: 7304 FCFA. 237,000 [CONTACT_D613] a gagner en effectuant vos transactions MoMo a partir de 5237F. Transfert, paiement, retrait... etc. Tentez votre chance sur *126# ou sur bit.ly/MyMoMo1 pour profiter des [CONTACT_4ECF] : 0 Fcfa sur vos transferts et 1% sur vos retraits. Infos : 8787 ou [PHONE_8787]"
USER_2,2026-01-17,14:06:52,MobileMoney,paiement,OUT,1000.0,XAF,6304.0,"Votre paiement de 1000 XAF a MTNC AIRTIME a ete effectue le 2026-01-17 14:06:48. Votre nouveau solde: 6304 XAF. Frais: 0 XAF. Message: -. Transaction Id: [PHONE_2079]. 237,000 [CONTACT_D613] a gagner en effectuant vos transactions MoMo a partir de 5237F. Transfert, paiement, retrait... etc. Tentez votre chance sur *126# ou sur bit.ly/MyMoMo1 pour profiter des [CONTACT_4ECF] : 0 Fcfa sur vos transferts et 1% sur vos retraits. Infos : 8787 ou [PHONE_8787]"
USER_2,2026-01-21,11:47:26,MobileMoney,transfert,IN,10000.0,XAF,16304.0,Vous avez recu 10000 XAF de [CONTACT_ED32] ([PHONE_6153]) sur votre compte mobile money à 2026-01-21 11:47:25. Message de l'expéditeur: 1. Votre nouveau solde: 16304 XAF. FRAIS: FCFA 0. Financial Transaction Id: [PHONE_9635].
USER_2,2026-01-21,11:48:21,MobileMoney,transfert,IN,10000.0,XAF,16304.0,Vous avez recu 10000 XAF de [CONTACT_ED32] ([PHONE_6153]) sur votre compte mobile money à 2026-01-21 11:47:25. Message de l'expéditeur: 1. Votre nouveau solde: 16304 XAF. FRAIS: FCFA 0. Financial Transaction Id: [PHONE_9635].
USER_2,2026-01-22,09:22:39,MobileMoney,transaction,OUT,7000.0,XAF,9304.0,"Une transaction de 7000 XAF effectuee par MTNC BUNDLES_FORFAITS   (MTN_Bundles) sur votre compte d'argent mobile s'est terminee avec succes a 2026-01-22 09:13:00. Le montant faisait l'objet d'une remise de 0 et de bons de reduction d'une valeur de 0. Message du destinataire du debit : . Votre nouveau solde : 9304 XAF. Les frais s'elevaient a 0 XAF, les frais de fidelite a 0 et la recompense de fidelite a 0. Identifiant de transaction financiere : [PHONE_5237]. ID de transaction externe : 3370818850991914258. 237,000 [CONTACT_D613] a gagner en effectuant vos transactions MoMo a partir de 5237F. Transfert, paiement, retrait... etc. Tentez votre chance sur *126# ou sur bit.ly/MyMoMo1 pour profiter des [CONTACT_4ECF] : 0 Fcfa sur vos transferts et 1% sur vos retraits. Infos : 8787 ou [PHONE_8787]"
USER_2,2026-01-28,11:30:03,MobileMoney,transfert,IN,15500.0,XAF,24804.0,Vous avez recu 15500 XAF de [CONTACT_2FFA] ([PHONE_0422]) sur votre compte mobile money à 2026-01-28 11:30:02. Message de l'expéditeur: internet. Votre nouveau solde: 24804 XAF. FRAIS: FCFA 0. Financial Transaction Id: [PHONE_8643].
USER_2,2026-01-30,11:18:26,MobileMoney,transfert,OUT,5000.0,FCFA,14725.0,"Transfert de 5000 FCFA effectue avec succes a [CONTACT_3E74] ([PHONE_9569]) le 2026-01-30 11:18:26. FRAIS 0 FCFA. transaction Id: [PHONE_9805]. Reference: Transfert . Nouveau solde est: 14725 FCFA. 237,000 [CONTACT_D613] a gagner en effectuant vos transactions MoMo a partir de 5237F. Transfert, paiement, retrait... etc. Tentez votre chance sur *126# ou sur bit.ly/MyMoMo1 pour profiter des [CONTACT_4ECF] : 0 Fcfa sur vos transferts et 1% sur vos retraits. Infos : 8787 ou [PHONE_8787]"
USER_2,2026-02-01,11:00:42,MobileMoney,transfert,OUT,5079.0,FCFA,9632.0,"Transfert de 5079 FCFA effectue avec succes a [CONTACT_5B82] ([PHONE_6744]) le 2026-02-01 11:00:40. FRAIS 14 FCFA. transaction Id: [PHONE_1055]. Reference: Transfert . Nouveau solde est: 9632 FCFA. 237,000 [CONTACT_D613] a gagner en effectuant vos transactions MoMo a partir de 5237F. Transfert, paiement, retrait... etc. Tentez votre chance sur *126# ou sur bit.ly/MyMoMo1 pour profiter des [CONTACT_4ECF] : 0 Fcfa sur vos transferts et 1% sur vos retraits. Infos : 8787 ou [PHONE_8787]"
USER_2,2026-02-05,17:38:23,MobileMoney,transfert,IN,5000.0,XAF,14632.0,Vous avez recu 5000 XAF de [CONTACT_43C4] ([PHONE_2453]) sur votre compte mobile money à 2026-02-05 17:38:19. Message de l'expéditeur: 1. Votre nouveau solde: 14632 XAF. FRAIS: FCFA 0. Financial Transaction Id: [PHONE_8793].
USER_2,2026-02-08,16:36:39,MobileMoney,transfert,OUT,5079.0,FCFA,9539.0,"Transfert de 5079 FCFA effectue avec succes a [CONTACT_196D] ([PHONE_4009]) le 2026-02-08 16:36:35. FRAIS 14 FCFA. transaction Id: [PHONE_6177]. Reference: Transfert . Nouveau solde est: 9539 FCFA. 237,000 [CONTACT_D613] a gagner en effectuant vos transactions MoMo a partir de 5237F. Transfert, paiement, retrait... etc. Tentez votre chance sur *126# ou sur bit.ly/MyMoMo1 pour profiter des [CONTACT_4ECF] : 0 Fcfa sur vos transferts et 1% sur vos retraits. Infos : 8787 ou [PHONE_8787]"
USER_2,2026-02-09,09:39:31,MobileMoney,transfert,OUT,5000.0,FCFA,4525.0,"Transfert de 5000 FCFA effectue avec succes a Marie madeleine Tchayo ([PHONE_4079]) le 2026-02-09 09:39:07. FRAIS 14 FCFA. transaction Id: [PHONE_7005]. Reference: Tra6. Nouveau solde est: 4525 FCFA. 237,000 [CONTACT_D613] a gagner en effectuant vos transactions MoMo a partir de 5237F. Transfert, paiement, retrait... etc. Tentez votre chance sur *126# ou sur bit.ly/MyMoMo1 pour profiter des [CONTACT_4ECF] : 0 Fcfa sur vos transferts et 1% sur vos retraits. Infos : 8787 ou [PHONE_8787]"
USER_2,2026-02-09,19:11:47,MobileMoney,transfert,IN,10000.0,FCFA,14525.0,Vous avez recu 10000 FCFA de Transfer from Non MoMo Account   (Transfert_Non_MoMo_I) le 2026-02-09 19:11:46. Reference: 8uKi60HLzIQr + 10003. Nouveau solde:14525 FCFA. Transaction Id: [PHONE_3897].
USER_2,2026-02-09,19:31:28,MobileMoney,transfert,IN,10000.0,FCFA,24525.0,Vous avez recu 10000 FCFA de Transfer from Non MoMo Account   (Transfert_Non_MoMo_I) le 2026-02-09 19:31:25. Reference: qIN86c585qK3 + 10003. Nouveau solde:24525 FCFA. Transaction Id: [PHONE_1317].
USER_2,2026-02-10,12:51:31,MobileMoney,transfert,OUT,5079.0,FCFA,19432.0,"Transfert de 5079 FCFA effectue avec succes a [CONTACT_8DF2] ([PHONE_9917]) le 2026-02-10 12:51:29. FRAIS 14 FCFA. transaction Id: [PHONE_1386]. Reference: Transfert . Nouveau solde est: 19432 FCFA. 237,000 [CONTACT_D613] a gagner en effectuant vos transactions MoMo a partir de 5237F. Transfert, paiement, retrait... etc. Tentez votre chance sur *126# ou sur bit.ly/MyMoMo1 pour profiter des [CONTACT_4ECF] : 0 Fcfa sur vos transferts et 1% sur vos retraits. Infos : 8787 ou [PHONE_8787]"
USER_2,2026-02-12,16:56:58,MobileMoney,transfert,OUT,10000.0,FCFA,9408.0,"Transfert de 10000 FCFA effectue avec succes a aboumba assang iere witie Jeanne andree ([PHONE_0481]) le 2026-02-12 15:33:42. FRAIS 24 FCFA. transaction Id: [PHONE_8685]. Reference: Transfert . Nouveau solde est: 9408 FCFA. 237,000 [CONTACT_D613] a gagner en effectuant vos transactions MoMo a partir de 5237F. Transfert, paiement, retrait... etc. Tentez votre chance sur *126# ou sur bit.ly/MyMoMo1 pour profiter des [CONTACT_4ECF] : 0 Fcfa sur vos transferts et 1% sur vos retraits. Infos : 8787 ou [PHONE_8787]"
USER_2,2026-02-13,03:15:54,MobileMoney,transfert,IN,10000.0,FCFA,19408.0,Vous avez recu 10000 FCFA de Transfer from Non MoMo Account   (Transfert_Non_MoMo_I) le 2026-02-13 03:15:40. Reference: yi4icDj5yZLT + 10003. Nouveau solde:19408 FCFA. Transaction Id: [PHONE_3839].
USER_2,2026-02-13,15:59:28,MobileMoney,transfert,OUT,5000.0,FCFA,14394.0,"Transfert de 5000 FCFA effectue avec succes a [CONTACT_7E29] ([PHONE_1184]) le 2026-02-13 15:59:25. FRAIS 14 FCFA. transaction Id: [PHONE_8955]. Reference: Transfert . Nouveau solde est: 14394 FCFA. 237,000 [CONTACT_D613] a gagner en effectuant vos transactions MoMo a partir de 5237F. Transfert, paiement, retrait... etc. Tentez votre chance sur *126# ou sur bit.ly/MyMoMo1 pour profiter des [CONTACT_4ECF] : 0 Fcfa sur vos transferts et 1% sur vos retraits. Infos : 8787 ou [PHONE_8787]"
USER_2,2026-02-14,11:15:38,MobileMoney,transfert,OUT,11000.0,FCFA,3335.0,"Transfert de 11000 FCFA effectue avec succes a Oliver kamdem ([PHONE_8227]) le 2026-02-14 11:15:35. FRAIS 59 FCFA. transaction Id: [PHONE_7116]. Reference: . Nouveau solde est: 3335 FCFA. 237,000 [CONTACT_D613] a gagner en effectuant vos transactions MoMo a partir de 5237F. Transfert, paiement, retrait... etc. Tentez votre chance sur *126# ou sur bit.ly/MyMoMo1 pour profiter des [CONTACT_4ECF] : 0 Fcfa sur vos transferts et 1% sur vos retraits. Infos : 8787 ou [PHONE_8787]"
USER_2,2026-02-21,12:22:29,MobileMoney,transaction,OUT,2500.0,XAF,835.0,"Une transaction de 2500 XAF effectuee par MTNC BUNDLES_FORFAITS   (MTN_Bundles) sur votre compte d'argent mobile s'est terminee avec succes a 2026-02-21 12:22:23. Le montant faisait l'objet d'une remise de 0 et de bons de reduction d'une valeur de 0. Message du destinataire du debit : . Votre nouveau solde : 835 XAF. Les frais s'elevaient a 0 XAF, les frais de fidelite a 0 et la recompense de fidelite a 0. Identifiant de transaction financiere : [PHONE_9855]. ID de transaction externe : 4114274660486262790. 237,000 [CONTACT_D613] a gagner en effectuant vos transactions MoMo a partir de 5237F. Transfert, paiement, retrait... etc. Tentez votre chance sur *126# ou sur bit.ly/MyMoMo1 pour profiter des [CONTACT_4ECF] : 0 Fcfa sur vos transferts et 1% sur vos retraits. Infos : 8787 ou [PHONE_8787]"
USER_2,2026-02-22,12:53:19,MobileMoney,transaction,OUT,800.0,XAF,35.0,"Une transaction de 800 XAF effectuee par MTNC BUNDLES_FORFAITS   (MTN_Bundles) sur votre compte d'argent mobile s'est terminee avec succes a 2026-02-22 12:53:13. Le montant faisait l'objet d'une remise de 0 et de bons de reduction d'une valeur de 0. Message du destinataire du debit : . Votre nouveau solde : 35 XAF. Les frais s'elevaient a 0 XAF, les frais de fidelite a 0 et la recompense de fidelite a 0. Identifiant de transaction financiere : [PHONE_9069]. ID de transaction externe : 4268795369649091879. 237,000 [CONTACT_D613] a gagner en effectuant vos transactions MoMo a partir de 5237F. Transfert, paiement, retrait... etc. Tentez votre chance sur *126# ou sur bit.ly/MyMoMo1 pour profiter des [CONTACT_4ECF] : 0 Fcfa sur vos transferts et 1% sur vos retraits. Infos : 8787 ou [PHONE_8787]"
USER_2,2026-03-02,08:58:51,MobileMoney,transfert,IN,10000.0,FCFA,10035.0,Vous avez recu 10000 FCFA de Transfer from Non MoMo Account   (Transfert_Non_MoMo_I) le 2026-03-02 08:58:50. Reference: qvQOhji3ciR6 + 10003. Nouveau solde:10035 FCFA. Transaction Id: [PHONE_3967].
USER_2,2026-03-02,09:01:46,MobileMoney,transaction,OUT,7000.0,XAF,3035.0,"Une transaction de 7000 XAF effectuee par MTNC BUNDLES_FORFAITS   (MTN_Bundles) sur votre compte d'argent mobile s'est terminee avec succes a 2026-03-02 09:01:41. Le montant faisait l'objet d'une remise de 0 et de bons de reduction d'une valeur de 0. Message du destinataire du debit : . Votre nouveau solde : 3035 XAF. Les frais s'elevaient a 0 XAF, les frais de fidelite a 0 et la recompense de fidelite a 0. Identifiant de transaction financiere : [PHONE_2931]. ID de transaction externe : 8655873428374424164. 237,000 [CONTACT_D613] a gagner en effectuant vos transactions MoMo a partir de 5237F. Transfert, paiement, retrait... etc. Tentez votre chance sur *126# ou sur bit.ly/MyMoMo1 pour profiter des [CONTACT_4ECF] : 0 Fcfa sur vos transferts et 1% sur vos retraits. Infos : 8787 ou [PHONE_8787]"
USER_2,2026-03-16,12:36:59,MobileMoney,transfert,OUT,1000.0,FCFA,2029.0,"Transfert de 1000 FCFA effectue avec succes a [CONTACT_19CF] ([PHONE_3931]) le 2026-03-16 12:36:57. FRAIS 6 FCFA. transaction Id: [PHONE_8138]. Reference: Transfert . Nouveau solde est: 2029 FCFA. 237,000 [CONTACT_D613] a gagner en effectuant vos transactions MoMo a partir de 5237F. Transfert, paiement, retrait... etc. Tentez votre chance sur *126# ou sur bit.ly/MyMoMo1 pour profiter des [CONTACT_4ECF] : 0 Fcfa sur vos transferts et 1% sur vos retraits. Infos : 8787 ou [PHONE_8787]"
