UserId,Date,Time,Operator,Transaction_type,Direction,Amount,Currency,New_balance,Anonymized_Content
USER_13,2021-09-20,13:48:55,OrangeMoney,depot,IN,2000.0,FCFA,2000.0,"Depot effectue par [PHONE_1729] [CONTACT_7B9E] to [USER_13_phone] [USER_13]. Informations detaillees: Montant de transaction : 2000 FCFA, ID transaction : CI210920.1348.C72961, Frais : 0 FCFA, Commission : 0 FCFA, Montant Net du Credit : 2000 FCFA, Nouveau Solde : 2000 FCFA."
USER_13,2021-09-20,21:14:30,OrangeMoney,rechargement,OUT,200.0,FCFA,1800.0,"Rechargement reussi. Montant de la transaction : 200 FCFA, ID transaction : RC210920.2114.B20354, Frais : 0 FCFA, Commission : 0   FCFA, Nouveau Solde : 1800FCFA Other msisdn [USER_13_phone]."
USER_13,2021-09-21,13:42:26,OrangeMoney,rechargement,OUT,100.0,FCFA,1700.0,"Rechargement reussi. Montant de la transaction : 100 FCFA, ID transaction : RC210921.1342.B21614, Frais : 0 FCFA, Commission : 0   FCFA, Nouveau Solde : 1700FCFA Other msisdn [USER_13_phone]."
USER_13,2021-09-21,16:27:03,OrangeMoney,rechargement,OUT,300.0,FCFA,1400.0,"Rechargement reussi. Montant de la transaction : 300 FCFA, ID transaction : RC210921.1626.B49371, Frais : 0 FCFA, Commission : 0   FCFA, Nouveau Solde : 1400FCFA Other msisdn [USER_13_phone]."
USER_13,2021-09-22,11:05:37,OrangeMoney,depot,IN,21000.0,FCFA,22400.0,"Depot effectue par [PHONE_4460] [CONTACT_5576] to [USER_13_phone] [USER_13]. Informations detaillees: Montant de transaction : 21000 FCFA, ID transaction : CI210922.1105.C04654, Frais : 0 FCFA, Commission : 0 FCFA, Montant Net du Credit : 21000 FCFA, Nouveau Solde : 22400 FCFA."
USER_13,2021-09-22,11:14:43,OrangeMoney,transfert,OUT,20500.0,FCFA,1750.0,"Transfert de [USER_13_phone] [USER_13] vers [PHONE_9556] [CONTACT_0E8E] reussi. ID transaction: PP210922.1114.A96423, Montant Transaction: 20500 FCFA, Frais: 150 FCFA, Commission: 0 FCFA, Montant Net: 20650 FCFA, Nouveau Solde: 1750 FCFA."
USER_13,2021-09-22,23:56:01,OrangeMoney,rechargement,OUT,100.0,FCFA,1450.0,"Rechargement reussi. Montant de la transaction : 100 FCFA, ID transaction : RC210922.2355.C99134, Frais : 0 FCFA, Commission : 0   FCFA, Nouveau Solde : 1450FCFA Other msisdn [USER_13_phone]."
USER_13,2021-09-30,8:01:11,OrangeMoney,rechargement,OUT,200.0,FCFA,850.0,"Rechargement reussi. Montant de la transaction : 200 FCFA, ID transaction : RC210930.0800.A64683, Frais : 0 FCFA, Commission : 0   FCFA, Nouveau Solde : 850FCFA Other msisdn [USER_13_phone]."
USER_13,2021-10-02,17:42:49,OrangeMoney,depot,IN,7150.0,FCFA,8000.0,"Depot effectue par [PHONE_0543] [CONTACT_7B9E] to [USER_13_phone] [USER_13]. Informations detaillees: Montant de transaction : 7150 FCFA, ID transaction : CI211002.1742.A36263, Frais : 0 FCFA, Commission : 0 FCFA, Montant Net du Credit : 7150 FCFA, Nouveau Solde : 8000 FCFA."
USER_13,2021-10-03,11:15:18,OrangeMoney,rechargement,OUT,200.0,FCFA,7800.0,"Rechargement reussi. Montant de la transaction : 200 FCFA, ID transaction : RC211003.1115.C78019, Frais : 0 FCFA, Commission : 0   FCFA, Nouveau Solde : 7800FCFA Other msisdn [USER_13_phone]."
USER_13,2021-10-05,15:37:10,OrangeMoney,retrait,OUT,7000.0,FCFA,125.0,"Retrait d'argent reussi par le [PHONE_4897] avec le Code : 204350. Informations detaillees : Montant: 7000 FCFA, Frais: 175 FCFA, No de transaction CO211005.1537.C80834, montant net debite 7175 FCFA, Nouveau solde: 125 FCFA."
USER_13,2021-10-10,13:42:15,OrangeMoney,transfert,OUT,7000.0,FCFA,7025.0,"Transfert de [PHONE_2133] Abigael vers [USER_13_phone] [USER_13] reussi. Details: ID transaction: PP211010.1342.C86720, Montant Transaction: 7000FCFA, Frais: 0 FCFA, Commission: 0 FCFA, Montant Net: 7000 FCFA, Nouveau Solde: 7025 FCFA."
USER_13,2021-10-19,11:38:03,OrangeMoney,rechargement,OUT,500.0,FCFA,6525.0,"Rechargement reussi. Montant de la transaction : 500 FCFA, ID transaction : RC211019.1137.A02333, Frais : 0 FCFA, Commission : 0   FCFA, Nouveau Solde : 6525FCFA Other msisdn [USER_13_phone]."
USER_13,2021-10-19,18:49:21,OrangeMoney,transfert,OUT,9000.0,FCFA,15525.0,"Transfert de [PHONE_1215] [CONTACT_F0F5] vers [USER_13_phone] [USER_13] reussi. Details: ID transaction: PP211019.1849.A78558, Montant Transaction: 9000FCFA, Frais: 0 FCFA, Commission: 0 FCFA, Montant Net: 9000 FCFA, Nouveau Solde: 15525 FCFA."
USER_13,2021-10-20,7:44:41,OrangeMoney,depot,IN,6000.0,FCFA,21525.0,"Depot effectue par [PHONE_4502] [CONTACT_7B9E] to [USER_13_phone] [USER_13]. Informations detaillees: Montant de transaction : 6000 FCFA, ID transaction : CI211020.0744.C36169, Frais : 0 FCFA, Commission : 0 FCFA, Montant Net du Credit : 6000 FCFA, Nouveau Solde : 21525 FCFA."
USER_13,2021-10-20,8:02:56,OrangeMoney,retrait,OUT,2000.0,FCFA,19465.0,"Retrait d'argent reussi par le [PHONE_2599] avec le Code : 429138. Informations detaillees : Montant: 2000 FCFA, Frais: 60 FCFA, No de transaction CO211020.0802.C78762, montant net debite 2060 FCFA, Nouveau solde: 19465 FCFA."
USER_13,2021-10-20,18:57:24,OrangeMoney,retrait,OUT,19000.0,FCFA,115.0,"Retrait d'argent reussi par le [PHONE_4897] avec le Code : 204350. Informations detaillees : Montant: 19000 FCFA, Frais: 350 FCFA, No de transaction CO211020.1857.A27173, montant net debite 19350 FCFA, Nouveau solde: 115 FCFA."
USER_13,2021-10-31,15:00:27,OrangeMoney,transfert,OUT,500.0,FCFA,515.0,"Transfert de [PHONE_9372] ngatcha vers [USER_13_phone] [USER_13] reussi. Details: ID transaction: PP211031.1500.C78982, Montant Transaction: 500FCFA, Frais: 0 FCFA, Commission: 0 FCFA, Montant Net: 500 FCFA, Nouveau Solde: 515 FCFA."
USER_13,2021-12-03,13:58:42,OrangeMoney,depot,IN,5.0,FCFA,20.0,"Depot effectue par [PHONE_8450] [CONTACT_D223] to [USER_13_phone] [USER_13]. Informations detaillees: Montant de transaction : 5 FCFA, ID transaction : CI211203.1358.C88577, Frais : 0 FCFA, Commission : 0 FCFA, Montant Net du Credit : 5 FCFA, Nouveau Solde : 20 FCFA."
USER_13,2022-01-28,12:48:56,OrangeMoney,depot,IN,15000.0,FCFA,15020.0,"Depot effectue par [PHONE_3991] [CONTACT_8C99] to [USER_13_phone] [USER_13]. Informations detaillees: Montant de transaction : 15000 FCFA, ID transaction : CI220128.1248.B97278, Frais : 0 FCFA, Commission : 0 FCFA, Montant Net du Credit : 15000 FCFA, Nouveau Solde : 15020 FCFA."
USER_13,2022-02-02,12:02:17,OrangeMoney,retrait,OUT,1000.0,FCFA,13988.0,"Retrait d'argent reussi par le [PHONE_1145] avec le Code : 119695. Informations detaillees : Montant: 1000 FCFA, Frais: 32 FCFA, No de transaction CO220202.1202.B97505, montant net debite 1032 FCFA, Nouveau solde: 13988 FCFA."
USER_13,2022-02-07,17:38:48,OrangeMoney,transfert,OUT,13700.0,FCFA,27688.0,"Transfert de [PHONE_3259] [CONTACT_F8C9] vers [USER_13_phone] [USER_13] reussi. Details: ID transaction: PP220207.1738.A16796, Montant Transaction: 13700FCFA, Frais: 0 FCFA, Commission: 0 FCFA, Montant Net: 13700 FCFA, Nouveau Solde: 27688 FCFA."
USER_13,2022-02-07,18:21:34,OrangeMoney,retrait,OUT,13500.0,FCFA,13861.0,"Retrait d'argent reussi par le [PHONE_0048] avec le Code : 299877. Informations detaillees : Montant: 13500 FCFA, Frais: 327 FCFA, No de transaction CO220207.1821.B69672, montant net debite 13827 FCFA, Nouveau solde: 13861 FCFA."
USER_13,2022-02-07,18:33:49,OrangeMoney,retrait,OUT,13500.0,FCFA,34.0,"Retrait d'argent reussi par le [PHONE_7393] avec le Code : 613428. Informations detaillees : Montant: 13500 FCFA, Frais: 327 FCFA, No de transaction CO220207.1833.B73965, montant net debite 13827 FCFA, Nouveau solde: 34 FCFA."
USER_13,2022-02-13,19:51:05,OrangeMoney,depot,IN,10200.0,FCFA,10234.0,"Depot effectue par [PHONE_9124] [CONTACT_7B9E] to [USER_13_phone] [USER_13]. Informations detaillees: Montant de transaction : 10200 FCFA, ID transaction : CI220213.1951.B59248, Frais : 0 FCFA, Commission : 0 FCFA, Montant Net du Credit : 10200 FCFA, Nouveau Solde : 10234 FCFA."
USER_13,2022-02-18,11:34:55,OrangeMoney,retrait,OUT,10000.0,FCFA,39.0,"Retrait d'argent reussi par le [PHONE_5664] avec le Code : 265687. Informations detaillees : Montant: 10000 FCFA, Frais: 195 FCFA, No de transaction CO220218.1134.B06073, montant net debite 10195 FCFA, Nouveau solde: 39 FCFA."
USER_13,2022-02-22,17:27:23,OrangeMoney,depot,IN,21500.0,FCFA,21539.0,"Depot effectue par [PHONE_1068] [CONTACT_F97A] to [USER_13_phone] [USER_13]. Informations detaillees: Montant de transaction : 21500 FCFA, ID transaction : CI220222.1727.C02322, Frais : 0 FCFA, Commission : 0 FCFA, Montant Net du Credit : 21500 FCFA, Nouveau Solde : 21539 FCFA."
USER_13,2022-02-23,18:43:40,OrangeMoney,rechargement,OUT,300.0,FCFA,21239.0,"Rechargement reussi. Montant de la transaction : 300 FCFA, ID transaction : RC220223.1843.C68187, Frais : 0 FCFA, Commission : 0   FCFA, Nouveau Solde : 21239FCFA Other msisdn [PHONE_2401]."
USER_13,2022-02-24,18:47:32,OrangeMoney,retrait,OUT,20000.0,FCFA,849.0,"Retrait d'argent reussi par le [PHONE_5664] avec le Code : 265687. Informations detaillees : Montant: 20000 FCFA, Frais: 390 FCFA, No de transaction CO220224.1847.C86864, montant net debite 20390 FCFA, Nouveau solde: 849 FCFA."
USER_13,2022-02-25,17:15:03,OrangeMoney,transfert,OUT,22000.0,FCFA,22849.0,"Transfert de [PHONE_7503] [CONTACT_4A7A] vers [USER_13_phone] [USER_13] reussi. Details: ID transaction: PP220225.1714.B02113, Montant Transaction: 22000FCFA, Frais: 0 FCFA, Commission: 0 FCFA, Montant Net: 22000 FCFA, Nouveau Solde: 22849 FCFA."
USER_13,2022-02-28,12:51:57,OrangeMoney,retrait,OUT,22000.0,FCFA,455.0,"Retrait d'argent reussi par le [PHONE_5664] avec le Code : 265687. Informations detaillees : Montant: 22000 FCFA, Frais: 394 FCFA, No de transaction CO220228.1251.C52761, montant net debite 22394 FCFA, Nouveau solde: 455 FCFA."
USER_13,2022-03-02,18:14:26,OrangeMoney,rechargement,OUT,100.0,FCFA,355.0,"Rechargement reussi. Montant de la transaction : 100 FCFA, ID transaction : RC220302.1813.B07507, Frais : 0 FCFA, Commission : 0   FCFA, Nouveau Solde : 355FCFA Other msisdn [USER_13_phone]."
USER_13,2022-03-02,21:41:47,OrangeMoney,rechargement,OUT,100.0,FCFA,255.0,"Rechargement reussi. Montant de la transaction : 100 FCFA, ID transaction : RC220302.2141.C53913, Frais : 0 FCFA, Commission : 0   FCFA, Nouveau Solde : 255FCFA Other msisdn [USER_13_phone]."
USER_13,2022-03-21,12:00:58,OrangeMoney,depot,IN,3000.0,FCFA,3055.0,"Depot effectue par [PHONE_5892] [CONTACT_ECD3] to [USER_13_phone] [USER_13]. Informations detaillees: Montant de transaction : 3000 FCFA, ID transaction : CI220321.1200.C50158, Frais : 0 FCFA, Commission : 0 FCFA, Montant Net du Credit : 3000 FCFA, Nouveau Solde : 3055 FCFA."
USER_13,2022-03-22,11:16:01,OrangeMoney,transfert,OUT,1000.0,FCFA,2043.0,"Transfert de [USER_13_phone] [USER_13] vers [PHONE_7270] [CONTACT_F5DF] reussi. ID transaction: PP220322.1115.A56574, Montant Transaction: 1000 FCFA, Frais: 12 FCFA, Commission: 0 FCFA, Montant Net: 1012 FCFA, Nouveau Solde: 2043 FCFA."
USER_13,2022-03-23,20:13:42,OrangeMoney,depot,IN,2200.0,FCFA,4243.0,"Depot effectue par [PHONE_0339] [CONTACT_36CC] to [USER_13_phone] [USER_13]. Informations detaillees: Montant de transaction : 2200 FCFA, ID transaction : CI220323.2013.C99584, Frais : 0 FCFA, Commission : 0 FCFA, Montant Net du Credit : 2200 FCFA, Nouveau Solde : 4243 FCFA."
USER_13,2022-03-25,13:42:14,OrangeMoney,rechargement,OUT,500.0,FCFA,3543.0,"Rechargement reussi. Montant de la transaction : 500 FCFA, ID transaction : RC220325.1342.A37288, Frais : 0 FCFA, Commission : 0   FCFA, Nouveau Solde : 3543FCFA Other msisdn [USER_13_phone]."
USER_13,2022-03-26,16:18:28,OrangeMoney,rechargement,OUT,250.0,FCFA,3293.0,"Rechargement reussi. Montant de la transaction : 250 FCFA, ID transaction : RC220326.1618.B77207, Frais : 0 FCFA, Commission : 0   FCFA, Nouveau Solde : 3293FCFA Other msisdn [PHONE_6122]."
USER_13,2022-03-31,8:44:50,OrangeMoney,rechargement,OUT,1000.0,FCFA,2293.0,"Rechargement reussi. Montant de la transaction : 1000 FCFA, ID transaction : RC220331.0844.A38256, Frais : 0 FCFA, Commission : 0   FCFA, Nouveau Solde : 2293FCFA Other msisdn [PHONE_1687]."
USER_13,2022-04-01,14:53:08,OrangeMoney,retrait,OUT,1000.0,FCFA,1261.0,"Retrait d'argent reussi par le [PHONE_2666] avec le Code : 299706. Informations detaillees : Montant: 1000 FCFA, Frais: 32 FCFA, No de transaction CO220401.1453.A72343, montant net debite 1032 FCFA, Nouveau solde: 1261 FCFA."
USER_13,2022-04-02,13:56:15,OrangeMoney,rechargement,OUT,200.0,FCFA,1061.0,"Rechargement reussi. Montant de la transaction : 200 FCFA, ID transaction : RC220402.1356.A22241, Frais : 0 FCFA, Commission : 0   FCFA, Nouveau Solde : 1061FCFA Other msisdn [PHONE_8633]."
USER_13,2022-04-12,19:57:36,OrangeMoney,transfert,OUT,10000.0,FCFA,10561.0,"Transfert de [PHONE_7503] [CONTACT_4A7A] vers [USER_13_phone] [USER_13] reussi. Details: ID transaction: PP220412.1957.C84808, Montant Transaction: 10000FCFA, Frais: 0 FCFA, Commission: 0 FCFA, Montant Net: 10000 FCFA, Nouveau Solde: 10561 FCFA."
USER_13,2022-04-13,16:51:33,OrangeMoney,transfert,OUT,1000.0,FCFA,9556.0,"Transfert de [USER_13_phone] [USER_13] vers [PHONE_8378] [CONTACT_B0AD] reussi. ID transaction: PP220413.1651.A32935, Montant Transaction: 1000 FCFA, Frais: 5 FCFA, Commission: 0 FCFA, Montant Net: 1005 FCFA, Nouveau Solde: 9556 FCFA."
USER_13,2022-04-13,19:50:14,OrangeMoney,depot,IN,2000.0,FCFA,11556.0,"Depot effectue par [PHONE_8005] [CONTACT_7B9E] to [USER_13_phone] [USER_13]. Informations detaillees: Montant de transaction : 2000 FCFA, ID transaction : CI220413.1950.C81945, Frais : 0 FCFA, Commission : 0 FCFA, Montant Net du Credit : 2000 FCFA, Nouveau Solde : 11556 FCFA."
USER_13,2022-04-14,13:30:10,OrangeMoney,transfert,OUT,2000.0,FCFA,13556.0,"Transfert de [PHONE_8571] [CONTACT_9ECF] vers [USER_13_phone] [USER_13] reussi. Details: ID transaction: PP220414.1330.B71218, Montant Transaction: 2000FCFA, Frais: 0 FCFA, Commission: 0 FCFA, Montant Net: 2000 FCFA, Nouveau Solde: 13556 FCFA."
USER_13,2022-04-14,20:52:52,OrangeMoney,rechargement,OUT,500.0,FCFA,13056.0,"Rechargement reussi. Montant de la transaction : 500 FCFA, ID transaction : RC220414.2052.C49585, Frais : 0 FCFA, Commission : 0   FCFA, Nouveau Solde : 13056FCFA Other msisdn [PHONE_8657]."
USER_13,2022-04-18,10:07:43,OrangeMoney,retrait,OUT,1000.0,FCFA,12006.0,"Retrait d'argent reussi par le [PHONE_4897] avec le Code : 204350. Informations detaillees : Montant: 1000 FCFA, Frais: 50 FCFA, No de transaction CO220418.1007.B14758, montant net debite 1050 FCFA, Nouveau solde: 12006 FCFA."
USER_13,2022-04-18,18:48:57,OrangeMoney,retrait,OUT,10000.0,FCFA,1706.0,"Retrait d'argent reussi par le [PHONE_3981] avec le Code : 281948. Informations detaillees : Montant: 10000 FCFA, Frais: 200 FCFA, No de transaction CO220418.1848.C51978, montant net debite 10200 FCFA, Nouveau solde: 1706 FCFA."
USER_13,2022-04-20,14:16:09,OrangeMoney,retrait,OUT,1500.0,FCFA,156.0,"Retrait d'argent reussi par le [PHONE_4897] avec le Code : 204350. Informations detaillees : Montant: 1500 FCFA, Frais: 50 FCFA, No de transaction CO220420.1416.A97287, montant net debite 1550 FCFA, Nouveau solde: 156 FCFA."
USER_13,2022-04-27,14:24:12,OrangeMoney,transfert,OUT,2050.0,FCFA,2106.0,"Transfert de [PHONE_4276] [CONTACT_2637] vers [USER_13_phone] [USER_13] reussi. Details: ID transaction: PP220427.1424.C63253, Montant Transaction: 2050FCFA, Frais: 0 FCFA, Commission: 0 FCFA, Montant Net: 2050 FCFA, Nouveau Solde: 2106 FCFA."
USER_13,2022-04-27,18:30:22,OrangeMoney,transfert,OUT,500.0,FCFA,1603.5,"Transfert de [USER_13_phone] [USER_13] vers [PHONE_7712] [CONTACT_4C9A] reussi. ID transaction: PP220427.1830.C61921, Montant Transaction: 500 FCFA, Frais: 2.5 FCFA, Commission: 0 FCFA, Montant Net: 502.5 FCFA, Nouveau Solde: 1603.5 FCFA."
USER_13,2022-04-28,7:17:38,OrangeMoney,rechargement,OUT,500.0,FCFA,1103.5,"Rechargement reussi. Montant de la transaction : 500 FCFA, ID transaction : RC220428.0717.B75870, Frais : 0 FCFA, Commission : 0   FCFA, Nouveau Solde : 1103.5FCFA Other msisdn [USER_13_phone]."
USER_13,2022-05-04,13:29:56,OrangeMoney,rechargement,OUT,200.0,FCFA,903.5,"Rechargement reussi. Montant de la transaction : 200 FCFA, ID transaction : RC220504.1329.A17319, Frais : 0 FCFA, Commission : 0   FCFA, Nouveau Solde : 903.5FCFA Other msisdn [USER_13_phone]."
USER_13,2022-05-08,13:18:50,OrangeMoney,rechargement,OUT,200.0,FCFA,703.5,"Rechargement reussi. Montant de la transaction : 200 FCFA, ID transaction : RC220508.1318.A14212, Frais : 0 FCFA, Commission : 0   FCFA, Nouveau Solde : 703.5FCFA Other msisdn [USER_13_phone]."
USER_13,2022-05-10,20:40:56,OrangeMoney,transfert,OUT,8000.0,FCFA,8703.5,"Transfert de [PHONE_7503] [CONTACT_4A7A] vers [USER_13_phone] [USER_13] reussi. Details: ID transaction: PP220510.2040.A83199, Montant Transaction: 8000FCFA, Frais: 0 FCFA, Commission: 0 FCFA, Montant Net: 8000 FCFA, Nouveau Solde: 8703.5 FCFA."
USER_13,2022-05-11,14:24:38,OrangeMoney,rechargement,OUT,300.0,FCFA,8403.5,"Rechargement reussi. Montant de la transaction : 300 FCFA, ID transaction : RC220511.1424.C37407, Frais : 0 FCFA, Commission : 0   FCFA, Nouveau Solde : 8403.5FCFA Other msisdn [USER_13_phone]."
USER_13,2022-05-16,16:08:45,OrangeMoney,retrait,OUT,1000.0,FCFA,7353.5,"Retrait d'argent reussi par le [PHONE_9341] avec le Code : 243669. Informations detaillees : Montant: 1000 FCFA, Frais: 50 FCFA, No de transaction CO220516.1608.A88224, montant net debite 1050 FCFA, Nouveau solde: 7353.5 FCFA."
USER_13,2022-05-16,19:48:26,OrangeMoney,transfert,OUT,2000.0,FCFA,5343.5,"Transfert de [USER_13_phone] [USER_13] vers [PHONE_9556] [CONTACT_0E8E] reussi. ID transaction: PP220516.1948.C05202, Montant Transaction: 2000 FCFA, Frais: 10 FCFA, Commission: 0 FCFA, Montant Net: 2010 FCFA, Nouveau Solde: 5343.5 FCFA."
USER_13,2022-05-17,10:05:33,OrangeMoney,retrait,OUT,3000.0,FCFA,2283.5,"Retrait d'argent reussi par le [PHONE_3602] avec le Code : 228305. Informations detaillees : Montant: 3000 FCFA, Frais: 60 FCFA, No de transaction CO220517.1005.B62050, montant net debite 3060 FCFA, Nouveau solde: 2283.5 FCFA."
USER_13,2022-05-22,14:15:29,OrangeMoney,rechargement,OUT,500.0,FCFA,1783.5,"Rechargement reussi. Montant de la transaction : 500 FCFA, ID transaction : RC220522.1415.B40553, Frais : 0 FCFA, Commission : 0   FCFA, Nouveau Solde : 1783.5FCFA Other msisdn [USER_13_phone]."
USER_13,2022-05-23,13:05:15,OrangeMoney,retrait,OUT,1500.0,FCFA,233.5,"Retrait d'argent reussi par le [PHONE_8549] avec le Code : 266518. Informations detaillees : Montant: 1500 FCFA, Frais: 50 FCFA, No de transaction CO220523.1305.A74228, montant net debite 1550 FCFA, Nouveau solde: 233.5 FCFA."
USER_13,2022-05-25,18:40:53,OrangeMoney,transfert,OUT,4100.0,FCFA,4333.5,"Transfert de [PHONE_7503] [CONTACT_4A7A] vers [USER_13_phone] [USER_13] reussi. Details: ID transaction: PP220525.1840.C76596, Montant Transaction: 4100FCFA, Frais: 0 FCFA, Commission: 0 FCFA, Montant Net: 4100 FCFA, Nouveau Solde: 4333.5 FCFA."
USER_13,2022-05-30,10:21:11,OrangeMoney,transfert,OUT,1800.0,FCFA,2457.9,"Transfert de [USER_13_phone] [USER_13] vers [PHONE_3885] [CONTACT_357C] reussi. ID transaction: PN220530.1021.A63607, Montant Transaction: 1800 FCFA, Frais:75.6 FCFA, Commission: 0 FCFA, Nouveau solde: 2457.9 FCFA. Le code genere par le systeme: [PHONE_3324]."
USER_13,2022-05-30,12:02:59,OrangeMoney,retrait,OUT,2000.0,FCFA,407.9,"Retrait d'argent reussi par le [PHONE_4897] avec le Code : 204350. Informations detaillees : Montant: 2000 FCFA, Frais: 50 FCFA, No de transaction CO220530.1202.A97642, montant net debite 2050 FCFA, Nouveau solde: 407.9 FCFA."
USER_13,2022-06-02,11:23:32,OrangeMoney,rechargement,OUT,500.0,FCFA,1783.5,"Rechargement reussi. Montant de la transaction : 500 FCFA, ID transaction : RC220602.1123.C03315, Frais : 0 FCFA, Commission : 0   FCFA, Nouveau Solde : 1783.5FCFA Other msisdn [USER_13_phone]."
USER_13,2022-06-04,17:19:19,OrangeMoney,rechargement,OUT,250.0,FCFA,1533.5,"Rechargement reussi. Montant de la transaction : 250 FCFA, ID transaction : RC220604.1719.C66014, Frais : 0 FCFA, Commission : 0   FCFA, Nouveau Solde : 1533.5FCFA Other msisdn [PHONE_7712]."
USER_13,2022-06-05,9:51:17,OrangeMoney,rechargement,OUT,600.0,FCFA,933.5,"Rechargement reussi. Montant de la transaction : 600 FCFA, ID transaction : RC220605.0951.A98920, Frais : 0 FCFA, Commission : 0   FCFA, Nouveau Solde : 933.5FCFA Other msisdn [PHONE_5169]."
USER_13,2022-06-11,14:01:36,OrangeMoney,rechargement,OUT,100.0,FCFA,333.5,"Rechargement reussi. Montant de la transaction : 100 FCFA, ID transaction : RC220611.1401.B70506, Frais : 0 FCFA, Commission : 0   FCFA, Nouveau Solde : 333.5FCFA Other msisdn [USER_13_phone]."
USER_13,2022-06-11,16:10:02,OrangeMoney,rechargement,OUT,300.0,FCFA,33.5,"Rechargement reussi. Montant de la transaction : 300 FCFA, ID transaction : RC220611.1609.A82613, Frais : 0 FCFA, Commission : 0   FCFA, Nouveau Solde : 33.5FCFA Other msisdn [USER_13_phone]."
USER_13,2022-06-16,16:04:49,OrangeMoney,transfert,OUT,1000.0,FCFA,1033.5,"Transfert de [PHONE_7127] [CONTACT_50DA] vers [USER_13_phone] [USER_13] reussi. Details: ID transaction: PP220616.1604.C28362, Montant Transaction: 1000FCFA, Frais: 0 FCFA, Commission: 0 FCFA, Montant Net: 1000 FCFA, Nouveau Solde: 1033.5 FCFA."
USER_13,2022-06-22,15:28:26,OrangeMoney,rechargement,OUT,500.0,FCFA,533.5,"Rechargement reussi. Montant de la transaction : 500 FCFA, ID transaction : RC220622.1528.C96236, Frais : 0 FCFA, Commission : 0   FCFA, Nouveau Solde : 533.5FCFA Other msisdn [USER_13_phone]."
USER_13,2022-06-23,12:39:12,OrangeMoney,transfert,OUT,3150.0,FCFA,3683.5,"Transfert de [PHONE_5494] [CONTACT_A6E0] vers [USER_13_phone] [USER_13] reussi. Details: ID transaction: PP220623.1239.B51248, Montant Transaction: 3150FCFA, Frais: 0 FCFA, Commission: 0 FCFA, Montant Net: 3150 FCFA, Nouveau Solde: 3683.5 FCFA."
USER_13,2022-06-27,18:57:11,OrangeMoney,rechargement,OUT,100.0,FCFA,3583.5,"Rechargement reussi. Montant de la transaction : 100 FCFA, ID transaction : RC220627.1857.C38947, Frais : 0 FCFA, Commission : 0   FCFA, Nouveau Solde : 3583.5FCFA Other msisdn [USER_13_phone]."
USER_13,2022-06-27,19:16:06,OrangeMoney,retrait,OUT,1000.0,FCFA,2533.5,"Retrait d'argent reussi par le [PHONE_3354] avec le Code : 264791. Informations detaillees : Montant: 1000 FCFA, Frais: 50 FCFA, No de transaction CO220627.1916.A57548, montant net debite 1050 FCFA, Nouveau solde: 2533.5 FCFA."
USER_13,2022-07-01,11:20:24,OrangeMoney,rechargement,OUT,1000.0,FCFA,1533.5,"Rechargement reussi. Montant de la transaction : 1000 FCFA, ID transaction : RC220701.1120.C79540, Frais : 0 FCFA, Commission : 0   FCFA, Nouveau Solde : 1533.5FCFA Other msisdn [PHONE_9556]."
USER_13,2022-07-01,11:24:48,OrangeMoney,transfert,OUT,1050.0,FCFA,478.25,"Transfert de [USER_13_phone] [USER_13] vers [PHONE_5783] [CONTACT_DF59] reussi. ID transaction: PP220701.1124.C44246, Montant Transaction: 1050 FCFA, Frais: 5.25 FCFA, Commission: 0 FCFA, Montant Net: 1055.25 FCFA, Nouveau Solde: 478.25 FCFA."
USER_13,2022-07-01,15:11:48,OrangeMoney,rechargement,OUT,400.0,FCFA,78.25,"Rechargement reussi. Montant de la transaction : 400 FCFA, ID transaction : RC220701.1511.A22350, Frais : 0 FCFA, Commission : 0   FCFA, Nouveau Solde : 78.25FCFA Other msisdn [USER_13_phone]."
USER_13,2022-09-28,10:01:14,OrangeMoney,transfert,OUT,4590.0,FCFA,4668.25,"Transfert de [PHONE_6265] otele fouda vers [USER_13_phone] [USER_13] reussi. Details: ID transaction: PP220928.1001.A81490, Montant Transaction: 4590FCFA, Frais: 0 FCFA, Commission: 0 FCFA, Montant Net: 4590 FCFA, Nouveau Solde: 4668.25 FCFA."
USER_13,2022-09-28,11:55:37,OrangeMoney,retrait,OUT,4000.0,FCFA,588.25,"Retrait d'argent reussi par le [PHONE_9669] avec le Code : 148159. Informations detaillees : Montant: 4000 FCFA, Frais: 80 FCFA, No de transaction CO220928.1155.A42633, montant net debite 4080 FCFA, Nouveau solde: 588.25 FCFA."
USER_13,2022-10-07,18:26:12,OrangeMoney,depot,IN,3600.0,FCFA,3688.25,"Depot effectue par [PHONE_0817] [CONTACT_198E] to [USER_13_phone] [USER_13]. Informations detaillees: Montant de transaction : 3600 FCFA, ID transaction : CI221007.1826.C95993, Frais : 0 FCFA, Commission : 0 FCFA, Montant Net du Credit : 3600 FCFA, Nouveau Solde : 3688.25 FCFA."
USER_13,2022-10-10,13:09:50,OrangeMoney,retrait,OUT,3000.0,FCFA,638.25,"Retrait d'argent reussi par le [PHONE_4897] avec le Code : 204350. Informations detaillees : Montant: 3000 FCFA, Frais: 50 FCFA, No de transaction CO221010.1309.A61313, montant net debite 3050 FCFA, Nouveau solde: 638.25 FCFA."
USER_13,2022-10-11,13:49:42,OrangeMoney,rechargement,OUT,500.0,FCFA,138.25,"Rechargement reussi. Montant de la transaction : 500 FCFA, ID transaction : RC221011.1348.B36871, Frais : 0 FCFA, Commission : 0   FCFA, Nouveau Solde : 138.25FCFA Other msisdn [USER_13_phone]."
USER_13,2022-10-17,7:50:12,OrangeMoney,depot,IN,11000.0,FCFA,11138.25,"Depot effectue par [PHONE_4835] [CONTACT_098B] to [USER_13_phone] [USER_13]. Informations detaillees: Montant de transaction : 11000 FCFA, ID transaction : CI221017.0750.B08135, Frais : 0 FCFA, Commission : 0 FCFA, Montant Net du Credit : 11000 FCFA, Nouveau Solde : 11138.25 FCFA."
USER_13,2022-10-17,7:55:24,OrangeMoney,transfert,OUT,150.0,FCFA,11288.25,"Transfert de [PHONE_7712] [CONTACT_4C9A] vers [USER_13_phone] [USER_13] reussi. Details: ID transaction: PP221017.0755.A34014, Montant Transaction: 150FCFA, Frais: 0 FCFA, Commission: 0 FCFA, Montant Net: 150 FCFA, Nouveau Solde: 11288.25 FCFA."
USER_13,2022-10-17,10:37:53,OrangeMoney,retrait,OUT,11000.0,FCFA,123.25,"Retrait d'argent reussi par le [PHONE_5664] avec le Code : 265687. Informations detaillees : Montant: 11000 FCFA, Frais: 165 FCFA, No de transaction CO221017.1037.C23967, montant net debite 11165 FCFA, Nouveau solde: 123.25 FCFA."
USER_13,2022-10-17,11:03:18,OrangeMoney,depot,IN,5000.0,FCFA,5123.25,"Depot effectue par [PHONE_1855] [CONTACT_E657] ESSE4 to [USER_13_phone] [USER_13]. Informations detaillees: Montant de transaction : 5000 FCFA, ID transaction : CI221017.1103.B13692, Frais : 0 FCFA, Commission : 0 FCFA, Montant Net du Credit : 5000 FCFA, Nouveau Solde : 5123.25 FCFA."
USER_13,2022-10-19,9:40:55,OrangeMoney,retrait,OUT,1050.0,FCFA,4023.25,"Retrait d'argent reussi par le [PHONE_7572] avec le Code : 213719. Informations detaillees : Montant: 1050 FCFA, Frais: 50 FCFA, No de transaction CO221019.0940.C12046, montant net debite 1100 FCFA, Nouveau solde: 4023.25 FCFA."
USER_13,2022-10-19,11:40:52,OrangeMoney,retrait,OUT,1000.0,FCFA,2973.25,"Retrait d'argent reussi par le [PHONE_7347] avec le Code : 124532. Informations detaillees : Montant: 1000 FCFA, Frais: 50 FCFA, No de transaction CO221019.1140.B57865, montant net debite 1050 FCFA, Nouveau solde: 2973.25 FCFA."
USER_13,2022-10-20,16:40:57,OrangeMoney,retrait,OUT,2000.0,FCFA,923.25,"Retrait d'argent reussi par le [PHONE_5331] avec le Code : 148198. Informations detaillees : Montant: 2000 FCFA, Frais: 50 FCFA, No de transaction CO221020.1640.A26911, montant net debite 2050 FCFA, Nouveau solde: 923.25 FCFA."
USER_13,2022-10-20,21:17:50,OrangeMoney,transfert,OUT,550.0,FCFA,370.5,"Transfert de [USER_13_phone] [USER_13] vers [PHONE_7222] [CONTACT_11F4] reussi. ID transaction: PP221020.2117.C71440, Montant Transaction: 550 FCFA, Frais: 2.75 FCFA, Commission: 0 FCFA, Montant Net: 552.75 FCFA, Nouveau Solde: 370.5 FCFA."
USER_13,2022-10-22,17:18:16,OrangeMoney,rechargement,OUT,200.0,FCFA,170.5,"Rechargement reussi. Montant de la transaction: 200 FCFA, ID transaction: RC221022.1718.C54787, Frais: 0 FCFA, Commission: 0 FCFA, Nouveau solde: 170.5 FCFA"
USER_13,2022-10-30,13:08:56,OrangeMoney,transfert,OUT,2500.0,FCFA,2670.5,"Transfert de [PHONE_8571] [CONTACT_9ECF] vers [USER_13_phone] [USER_13] reussi. Details: ID transaction: PP221030.1308.B76077, Montant Transaction: 2500FCFA, Frais: 0 FCFA, Commission: 0 FCFA, Montant Net: 2500 FCFA, Nouveau Solde: 2670.5 FCFA."
USER_13,2022-11-03,15:06:01,OrangeMoney,depot,IN,1000.0,FCFA,3670.5,"Depot effectue par [PHONE_9435] [CONTACT_63EE] to [USER_13_phone] [USER_13]. Informations detaillees: Montant de transaction : 1000 FCFA, ID transaction : CI221103.1505.B07068, Frais : 0 FCFA, Commission : 0 FCFA, Montant Net du Credit : 1000 FCFA, Nouveau Solde : 3670.5 FCFA."
USER_13,2022-11-03,15:09:27,OrangeMoney,transfert,OUT,3600.0,FCFA,52.5,"Transfert de [USER_13_phone] [USER_13] vers [PHONE_1232] [CONTACT_7F04] reussi. ID transaction: PP221103.1509.B81193, Montant Transaction: 3600 FCFA, Frais: 18 FCFA, Commission: 0 FCFA, Montant Net: 3618 FCFA, Nouveau Solde: 52.5 FCFA."
USER_13,2022-11-05,21:03:47,OrangeMoney,transfert,OUT,1550.0,FCFA,1602.5,"Transfert de [PHONE_8378] [CONTACT_B0AD] vers [USER_13_phone] [USER_13] reussi. Details: ID transaction: PP221105.2103.A33100, Montant Transaction: 1550FCFA, Frais: 0 FCFA, Commission: 0 FCFA, Montant Net: 1550 FCFA, Nouveau Solde: 1602.5 FCFA."
USER_13,2022-11-07,15:52:37,OrangeMoney,retrait,OUT,1000.0,FCFA,552.5,"Retrait d'argent reussi par le [PHONE_4897] avec le Code : 204350. Informations detaillees : Montant: 1000 FCFA, Frais: 50 FCFA, No de transaction CO221107.1552.C80517, montant net debite 1050 FCFA, Nouveau solde: 552.5 FCFA."
USER_13,2022-11-09,10:43:10,OrangeMoney,rechargement,OUT,500.0,FCFA,52.5,"Rechargement reussi. Montant de la transaction: 500 FCFA, ID transaction: RC221109.1042.C00815, Frais: 0 FCFA, Commission: 0 FCFA, Nouveau solde: 52.5 FCFA"
USER_13,2022-11-23,10:09:57,OrangeMoney,depot,IN,5000.0,FCFA,5052.5,"Depot effectue par [PHONE_1855] [CONTACT_E657] ESSE4 to [USER_13_phone] [USER_13]. Informations detaillees: Montant de transaction : 5000 FCFA, ID transaction : CI221123.1009.C47473, Frais : 0 FCFA, Commission : 0 FCFA, Montant Net du Credit : 5000 FCFA, Nouveau Solde : 5052.5 FCFA."
USER_13,2022-11-23,10:21:26,OrangeMoney,transfert,OUT,3600.0,FCFA,1434.5,"Transfert de [USER_13_phone] [USER_13] vers [PHONE_5627] [CONTACT_B851] reussi. ID transaction: PP221123.1021.B50191, Montant Transaction: 3600 FCFA, Frais: 18 FCFA, Commission: 0 FCFA, Montant Net: 3618 FCFA, Nouveau Solde: 1434.5 FCFA."
USER_13,2022-11-24,21:07:23,OrangeMoney,transfert,OUT,1000.0,FCFA,429.5,"Transfert de [USER_13_phone] [USER_13] vers [PHONE_8009] [CONTACT_7141] reussi. ID transaction: PP221124.2107.A68118, Montant Transaction: 1000 FCFA, Frais: 5 FCFA, Commission: 0 FCFA, Montant Net: 1005 FCFA, Nouveau Solde: 429.5 FCFA."
USER_13,2022-11-28,18:43:40,OrangeMoney,transfert,OUT,10000.0,FCFA,10429.5,"Transfert de [PHONE_9150] [CONTACT_B377] vers [USER_13_phone] [USER_13] reussi. Details: ID transaction: PP221128.1843.C20334, Montant Transaction: 10000FCFA, Frais: 0 FCFA, Commission: 0 FCFA, Montant Net: 10000 FCFA, Nouveau Solde: 10429.5 FCFA."
USER_13,2022-11-29,6:21:37,OrangeMoney,transfert,OUT,2100.0,FCFA,12529.5,"Transfert de [PHONE_1880] [CONTACT_9CCE] vers [USER_13_phone] [USER_13] reussi. Details: ID transaction: PP221129.0621.B07313, Montant Transaction: 2100FCFA, Frais: 0 FCFA, Commission: 0 FCFA, Montant Net: 2100 FCFA, Nouveau Solde: 12529.5 FCFA."
USER_13,2022-12-01,20:19:19,OrangeMoney,retrait,OUT,10000.0,FCFA,2379.5,"Retrait d'argent reussi par le [PHONE_4897] avec le Code : 204350. Informations detaillees : Montant: 10000 FCFA, Frais: 150 FCFA, No de transaction CO221201.2019.A29142, montant net debite 10150 FCFA, Nouveau solde: 2379.5 FCFA."
USER_13,2022-12-03,0:01:35,OrangeMoney,rechargement,OUT,200.0,FCFA,2179.5,"Rechargement reussi. Montant de la transaction: 200 FCFA, ID transaction: RC221203.0001.B20779, Frais: 0 FCFA, Commission: 0 FCFA, Nouveau solde: 2179.5 FCFA"
USER_13,2022-12-03,13:06:35,OrangeMoney,transfert,OUT,100.0,FCFA,2279.5,"Transfert de [PHONE_5779] [CONTACT_D9D4] vers [USER_13_phone] [USER_13] reussi. Details: ID transaction: PP221203.1306.C82449, Montant Transaction: 100FCFA, Frais: 0 FCFA, Commission: 0 FCFA, Montant Net: 100 FCFA, Nouveau Solde: 2279.5 FCFA."
USER_13,2022-12-16,10:39:47,OrangeMoney,rechargement,OUT,500.0,FCFA,1279.5,"Rechargement reussi. Montant de la transaction: 500 FCFA, ID transaction: RC221216.1039.A62700, Frais: 0 FCFA, Commission: 0 FCFA, Nouveau solde: 1279.5 FCFA"
USER_13,2022-12-16,16:41:02,OrangeMoney,rechargement,OUT,500.0,FCFA,779.5,"Rechargement reussi. Montant de la transaction: 500 FCFA, ID transaction: RC221216.1640.A35090, Frais: 0 FCFA, Commission: 0 FCFA, Nouveau solde: 779.5 FCFA"
USER_13,2023-01-20,16:24:47,OrangeMoney,transfert,OUT,3000.0,FCFA,3279.5,"Transfert de [PHONE_7574] [CONTACT_43EC] vers [USER_13_phone] [USER_13] reussi. Details: ID transaction: PP230120.1624.A17270, Montant Transaction: 3000FCFA, Frais: 0 FCFA, Commission: 0 FCFA, Montant Net: 3000 FCFA, Nouveau Solde: 3279.5 FCFA."
USER_13,2023-01-20,16:26:48,OrangeMoney,transfert,OUT,3100.0,FCFA,164.0,"Transfert de [USER_13_phone] [USER_13] vers [PHONE_1667] [CONTACT_2C99] reussi. ID transaction: PP230120.1626.C43245, Montant Transaction: 3100 FCFA, Frais: 15.5 FCFA, Commission: 0 FCFA, Montant Net: 3115.5 FCFA, Nouveau Solde: 164 FCFA."
USER_13,2023-02-19,23:54:44,OrangeMoney,rechargement,OUT,100.0,FCFA,289.0,"Rechargement reussi. Montant de la transaction: 100 FCFA, ID transaction: RC230219.2354.A45042, Frais: 0 FCFA, Commission: 0 FCFA, Nouveau solde: 289 FCFA"
USER_13,2023-02-22,13:57:12,OrangeMoney,transfert,OUT,2000.0,FCFA,2289.0,"Transfert de [PHONE_4001] na aan mem vers [USER_13_phone] [USER_13] reussi. Details: ID transaction: PP230222.1327.C54476, Montant Transaction: 2000FCFA, Frais: 0 FCFA, Commission: 0 FCFA, Montant Net: 2000 FCFA, Nouveau Solde: 2289 FCFA."
USER_13,2023-02-23,7:01:33,OrangeMoney,rechargement,OUT,1000.0,FCFA,1289.0,"Rechargement reussi. Montant de la transaction: 1000 FCFA, ID transaction: RC230223.0701.A23265, Frais: 0 FCFA, Commission: 0 FCFA, Nouveau solde: 1289 FCFA"
USER_13,2023-02-23,12:28:01,OrangeMoney,depot,IN,25000.0,FCFA,26289.0,"Depot effectue par [PHONE_4897] [CONTACT_6C17] to [USER_13_phone] [USER_13]. Informations detaillees: Montant de transaction : 25000 FCFA, ID transaction : CI230223.1227.A56904, Frais : 0 FCFA, Commission : 0 FCFA, Montant Net du Credit : 25000 FCFA, Nouveau Solde : 26289 FCFA."
USER_13,2023-03-17,6:19:50,OrangeMoney,rechargement,OUT,500.0,FCFA,3689.0,"Rechargement reussi. Montant de la transaction: 500 FCFA, ID transaction: RC230317.0619.A92171, Frais: 0 FCFA, Commission: 0 FCFA, Nouveau solde: 3689 FCFA"
USER_13,2023-03-19,11:11:44,OrangeMoney,transfert,OUT,15000.0,FCFA,18689.0,"Transfert de [PHONE_3071] [CONTACT_55E4] vers [USER_13_phone] [USER_13] reussi. Details: ID transaction: PP230319.1111.A19677, Montant Transaction: 15000FCFA, Frais: 0 FCFA, Commission: 0 FCFA, Montant Net: 15000 FCFA, Nouveau Solde: 18689 FCFA."
USER_13,2023-03-19,11:42:44,OrangeMoney,retrait,OUT,5000.0,FCFA,13614.0,"Retrait d'argent reussi par le [PHONE_8832] avec le Code : 109206. Informations detaillees : Montant: 5000 FCFA, Frais: 75 FCFA, No de transaction CO230319.1142.C04917, montant net debite 5075 FCFA, Nouveau solde: 13614 FCFA."
USER_13,2023-03-25,9:56:43,OrangeMoney,rechargement,OUT,500.0,FCFA,13114.0,"Rechargement reussi. Montant de la transaction: 500 FCFA, ID transaction: RC230325.0956.A65407, Frais: 0 FCFA, Commission: 0 FCFA, Nouveau solde: 13114 FCFA"
USER_13,2023-03-25,14:12:51,OrangeMoney,rechargement,OUT,500.0,FCFA,12614.0,"Rechargement reussi. Montant de la transaction: 500 FCFA, ID transaction: RC230325.1412.A24330, Frais: 0 FCFA, Commission: 0 FCFA, Nouveau solde: 12614 FCFA"
USER_13,2023-03-28,11:13:50,OrangeMoney,retrait,OUT,10000.0,FCFA,2464.0,"Retrait d'argent reussi par le [PHONE_4897] avec le Code : 204350. Informations detaillees : Montant: 10000 FCFA, Frais: 150 FCFA, No de transaction CO230328.1113.A75825, montant net debite 10150 FCFA, Nouveau solde: 2464 FCFA."
USER_13,2023-03-30,16:39:14,OrangeMoney,rechargement,OUT,500.0,FCFA,1964.0,"Rechargement reussi. Montant de la transaction: 500 FCFA, ID transaction: RC230330.1639.A23588, Frais: 0 FCFA, Commission: 0 FCFA, Nouveau solde: 1964 FCFA"
USER_13,2023-03-31,10:45:59,OrangeMoney,rechargement,OUT,500.0,FCFA,1464.0,"Rechargement reussi. Montant de la transaction: 500 FCFA, ID transaction: RC230331.1045.C93697, Frais: 0 FCFA, Commission: 0 FCFA, Nouveau solde: 1464 FCFA"
USER_13,2023-04-01,18:22:26,OrangeMoney,depot,IN,3000.0,FCFA,4464.0,"Depot effectue par [PHONE_0586] [CONTACT_7B9E] to [USER_13_phone] [USER_13]. Informations detaillees: Montant de transaction : 3000 FCFA, ID transaction : CI230401.1822.C24769, Frais : 0 FCFA, Commission : 0 FCFA, Montant Net du Credit : 3000 FCFA, Nouveau Solde : 4464 FCFA."
USER_13,2023-04-05,19:11:48,OrangeMoney,transfert,OUT,7000.0,FCFA,11264.0,"Transfert de [PHONE_6295] [CONTACT_433D] vers [USER_13_phone] [USER_13] reussi. Details: ID transaction: PP230405.1911.B03336, Montant Transaction: 7000FCFA, Frais: 0 FCFA, Commission: 0 FCFA, Montant Net: 7000 FCFA, Nouveau Solde: 11264 FCFA."
USER_13,2023-04-11,5:57:55,OrangeMoney,rechargement,OUT,500.0,FCFA,3364.0,"Rechargement reussi. Montant de la transaction: 500 FCFA, ID transaction: RC230411.0557.B58003, Frais: 0 FCFA, Commission: 0 FCFA, Nouveau solde: 3364 FCFA"
USER_13,2023-04-12,12:09:41,OrangeMoney,depot,IN,5000.0,FCFA,8364.0,"Depot effectue par [PHONE_5331] [CONTACT_7103] to [USER_13_phone] [USER_13]. Informations detaillees: Montant de transaction : 5000 FCFA, ID transaction : CI230412.1209.B31865, Frais : 0 FCFA, Commission : 0 FCFA, Montant Net du Credit : 5000 FCFA, Nouveau Solde : 8364 FCFA."
USER_13,2023-04-12,12:42:30,OrangeMoney,transfert,OUT,5000.0,FCFA,3339.0,"Transfert de [USER_13_phone] [USER_13] vers [PHONE_9024] [CONTACT_9B40] reussi. ID transaction: PP230412.1242.C97975, Montant Transaction: 5000 FCFA, Frais: 25 FCFA, Commission: 0 FCFA, Montant Net: 5025 FCFA, Nouveau Solde: 3339 FCFA."
USER_13,2023-04-20,10:53:43,OrangeMoney,retrait,OUT,1000.0,FCFA,2189.0,"Retrait d'argent reussi par le [PHONE_4897] avec le Code : 204350. Informations detaillees : Montant: 1000 FCFA, Frais: 50 FCFA, No de transaction CO230420.1053.C36561, montant net debite 1050 FCFA, Nouveau solde: 2189 FCFA."
USER_13,2023-04-22,14:05:29,OrangeMoney,transfert,OUT,10000.0,FCFA,12189.0,"Transfert de [PHONE_7216] [CONTACT_2C12] vers [USER_13_phone] [USER_13] reussi. Details: ID transaction: PP230422.1405.B79617, Montant Transaction: 10000FCFA, Frais: 0 FCFA, Commission: 0 FCFA, Montant Net: 10000 FCFA, Nouveau Solde: 12189 FCFA."
USER_13,2023-04-28,11:52:07,OrangeMoney,depot,IN,10000.0,FCFA,11689.0,"Depot effectue par [PHONE_1313] [CONTACT_2A6E] to [USER_13_phone] [USER_13]. Informations detaillees: Montant de transaction : 10000 FCFA, ID transaction : CI230428.1152.A34000, Frais : 0 FCFA, Commission : 0 FCFA, Montant Net du Credit : 10000 FCFA, Nouveau Solde : 11689 FCFA."
USER_13,2023-04-28,11:53:57,OrangeMoney,transfert,OUT,10000.0,FCFA,1639.0,"Transfert de [USER_13_phone] [USER_13] vers [PHONE_7712] [CONTACT_4C9A] reussi. ID transaction: PP230428.1153.A40836, Montant Transaction: 10000 FCFA, Frais: 50 FCFA, Commission: 0 FCFA, Montant Net: 10050 FCFA, Nouveau Solde: 1639 FCFA."
USER_13,2023-05-02,12:43:36,OrangeMoney,transfert,OUT,3150.0,FCFA,3989.0,"Transfert de [PHONE_7712] [CONTACT_4C9A] vers [USER_13_phone] [USER_13] reussi. Details: ID transaction: PP230502.1243.C65398, Montant Transaction: 3150FCFA, Frais: 0 FCFA, Commission: 0 FCFA, Montant Net: 3150 FCFA, Nouveau Solde: 3989 FCFA."
USER_13,2023-05-13,22:05:01,OrangeMoney,transfert,OUT,1000.0,FCFA,1434.0,"Transfert de [USER_13_phone] [USER_13] vers [PHONE_9183] [CONTACT_7FB6] reussi. ID transaction: PP230513.2204.B83635, Montant Transaction: 1000 FCFA, Frais: 5 FCFA, Commission: 0 FCFA, Montant Net: 1005 FCFA, Nouveau Solde: 1434 FCFA."
USER_13,2023-05-15,17:57:52,OrangeMoney,transfert,OUT,5000.0,FCFA,5934.0,"Transfert de [PHONE_7712] [CONTACT_4C9A] vers [USER_13_phone] [USER_13] reussi. Details: ID transaction: PP230515.1655.A59637, Montant Transaction: 5000FCFA, Frais: 0 FCFA, Commission: 0 FCFA, Montant Net: 5000 FCFA, Nouveau Solde: 5934 FCFA."
USER_13,2023-05-15,20:32:41,OrangeMoney,transfert,OUT,5000.0,FCFA,909.0,"Transfert de [USER_13_phone] [USER_13] vers [PHONE_9024] [CONTACT_9B40] reussi. ID transaction: PP230515.2032.B87708, Montant Transaction: 5000 FCFA, Frais: 25 FCFA, Commission: 0 FCFA, Montant Net: 5025 FCFA, Nouveau Solde: 909 FCFA."
USER_13,2023-05-16,6:19:38,OrangeMoney,transfert,OUT,25882.5,FCFA,26791.5,"Transfert de [PHONE_3071] [CONTACT_55E4] vers [USER_13_phone] [USER_13] reussi. Details: ID transaction: PP230516.0619.A51793, Montant Transaction: 25882.5FCFA, Frais: 0 FCFA, Commission: 0 FCFA, Montant Net: 25882.5 FCFA, Nouveau Solde: 26791.5 FCFA."
USER_13,2023-06-11,0:27:53,OrangeMoney,rechargement,OUT,200.0,FCFA,14784.0,"Rechargement reussi. Montant de la transaction: 200 FCFA, ID transaction: RC230611.0027.A98632, Frais: 0 FCFA, Commission: 0 FCFA, Nouveau solde: 14784 FCFA"
USER_13,2023-06-14,10:40:54,OrangeMoney,retrait,OUT,3000.0,FCFA,11034.0,"Retrait d'argent reussi par le [PHONE_5924] avec le Code : 348956. Informations detaillees : Montant: 3000 FCFA, Frais: 50 FCFA, No de transaction CO230614.1040.B34876, montant net debite 3050 FCFA, Nouveau solde: 11034 FCFA."
USER_13,2023-06-15,7:17:24,OrangeMoney,transfert,OUT,1000.0,FCFA,9029.0,"Transfert de [USER_13_phone] [USER_13] vers [PHONE_9183] [CONTACT_7FB6] reussi. ID transaction: PP230615.0717.B44600, Montant Transaction: 1000 FCFA, Frais: 5 FCFA, Commission: 0 FCFA, Montant Net: 1005 FCFA, Nouveau Solde: 9029 FCFA."
USER_13,2023-06-15,12:05:14,OrangeMoney,retrait,OUT,8000.0,FCFA,909.0,"Retrait d'argent reussi par le [PHONE_4897] avec le Code : 204350. Informations detaillees : Montant: 8000 FCFA, Frais: 120 FCFA, No de transaction CO230615.1158.A71213, montant net debite 8120 FCFA, Nouveau solde: 909 FCFA."
USER_13,2023-06-24,2:11:47,OrangeMoney,rechargement,OUT,200.0,FCFA,709.0,"Rechargement reussi. Montant de la transaction: 200 FCFA, ID transaction: RC230624.0211.A98322, Frais: 0 FCFA, Commission: 0 FCFA, Nouveau solde: 709 FCFA"
USER_13,2023-06-24,2:35:52,OrangeMoney,rechargement,OUT,500.0,FCFA,209.0,"Rechargement reussi. Montant de la transaction: 500 FCFA, ID transaction: RC230624.0235.B99368, Frais: 0 FCFA, Commission: 0 FCFA, Nouveau solde: 209 FCFA"
USER_13,2023-06-24,19:04:09,OrangeMoney,transfert,OUT,500.0,FCFA,709.0,"Transfert de [PHONE_9183] [CONTACT_7FB6] vers [USER_13_phone] [USER_13] reussi. Details: ID transaction: PP230624.1904.A95058, Montant Transaction: 500FCFA, Frais: 0 FCFA, Commission: 0 FCFA, Montant Net: 500 FCFA, Nouveau Solde: 709 FCFA."
USER_13,2023-07-03,16:20:50,OrangeMoney,transfert,OUT,1000.0,FCFA,1209.0,"Transfert de [PHONE_7712] [CONTACT_4C9A] vers [USER_13_phone] [USER_13] reussi. Details: ID transaction: PP230703.1620.A92044, Montant Transaction: 1000FCFA, Frais: 0 FCFA, Commission: 0 FCFA, Montant Net: 1000 FCFA, Nouveau Solde: 1209 FCFA."
USER_13,2023-07-08,18:03:32,OrangeMoney,depot,IN,5000.0,FCFA,5709.0,"Depot effectue par [PHONE_4897] [CONTACT_6C17] to [USER_13_phone] [USER_13]. Informations detaillees: Montant de transaction : 5000 FCFA, ID transaction : CI230708.1803.B22000, Frais : 0 FCFA, Commission : 0 FCFA, Montant Net du Credit : 5000 FCFA, Nouveau Solde : 5709 FCFA."
USER_13,2023-07-08,18:08:25,OrangeMoney,transfert,OUT,3600.0,FCFA,2091.0,"Transfert de [USER_13_phone] [USER_13] vers [PHONE_8378] [CONTACT_B0AD] reussi. ID transaction: PP230708.1808.C25159, Montant Transaction: 3600 FCFA, Frais: 18 FCFA, Commission: 0 FCFA, Montant Net: 3618 FCFA, Nouveau Solde: 2091 FCFA."
USER_13,2023-07-10,0:56:18,OrangeMoney,rechargement,OUT,200.0,FCFA,1891.0,"Rechargement reussi. Montant de la transaction: 200 FCFA, ID transaction: RC230710.0055.A03643, Frais: 0 FCFA, Commission: 0 FCFA, Nouveau solde: 1891 FCFA"
USER_13,2023-07-10,18:38:22,OrangeMoney,transfert,OUT,3500.0,FCFA,5391.0,"Transfert de [PHONE_7712] [CONTACT_4C9A] vers [USER_13_phone] [USER_13] reussi. Details: ID transaction: PP230710.1838.C99544, Montant Transaction: 3500FCFA, Frais: 0 FCFA, Commission: 0 FCFA, Montant Net: 3500 FCFA, Nouveau Solde: 5391 FCFA."
USER_13,2023-07-12,8:05:22,OrangeMoney,retrait,OUT,2000.0,FCFA,3341.0,"Retrait d'argent reussi par le [PHONE_4897] avec le Code : 204350. Informations detaillees : Montant: 2000 FCFA, Frais: 50 FCFA, No de transaction CO230712.0805.C62612, montant net debite 2050 FCFA, Nouveau solde: 3341 FCFA."
USER_13,2023-07-13,22:22:57,OrangeMoney,transfert,OUT,2500.0,FCFA,828.5,"Transfert de [USER_13_phone] [USER_13] vers [PHONE_1826] [CONTACT_984A] reussi. ID transaction: PP230713.2222.B78330, Montant Transaction: 2500 FCFA, Frais: 12.5 FCFA, Commission: 0 FCFA, Montant Net: 2512.5 FCFA, Nouveau Solde: 828.5 FCFA."
USER_13,2023-07-14,13:40:26,OrangeMoney,rechargement,OUT,200.0,FCFA,628.5,"Rechargement reussi. Montant de la transaction: 200 FCFA, ID transaction: RC230714.1340.C07937, Frais: 0 FCFA, Commission: 0 FCFA, Nouveau solde: 628.5 FCFA"
USER_13,2023-07-15,10:45:14,OrangeMoney,transfert,OUT,2000.0,FCFA,2028.5,"Transfert de [PHONE_9267] [CONTACT_0EBF] vers [USER_13_phone] [USER_13] reussi. Details: ID transaction: PP230715.1045.C22329, Montant Transaction: 2000FCFA, Frais: 0 FCFA, Commission: 0 FCFA, Montant Net: 2000 FCFA, Nouveau Solde: 2028.5 FCFA."
USER_13,2023-07-15,13:08:15,OrangeMoney,transfert,OUT,1550.0,FCFA,3578.5,"Transfert de [PHONE_5169] [CONTACT_1ACA] vers [USER_13_phone] [USER_13] reussi. Details: ID transaction: PP230715.1308.C10900, Montant Transaction: 1550FCFA, Frais: 0 FCFA, Commission: 0 FCFA, Montant Net: 1550 FCFA, Nouveau Solde: 3578.5 FCFA."
USER_13,2023-07-15,13:20:16,OrangeMoney,retrait,OUT,3000.0,FCFA,528.5,"Retrait d'argent reussi par le [PHONE_5924] avec le Code : 348956. Informations detaillees : Montant: 3000 FCFA, Frais: 50 FCFA, No de transaction CO230715.1320.A28847, montant net debite 3050 FCFA, Nouveau solde: 528.5 FCFA."
USER_13,2023-07-18,0:18:35,OrangeMoney,rechargement,OUT,200.0,FCFA,328.5,"Rechargement reussi. Montant de la transaction: 200 FCFA, ID transaction: RC230718.0018.B30500, Frais: 0 FCFA, Commission: 0 FCFA, Nouveau solde: 328.5 FCFA"
USER_13,2023-07-18,1:24:19,OrangeMoney,rechargement,OUT,100.0,FCFA,228.5,"Rechargement reussi. Montant de la transaction: 100 FCFA, ID transaction: RC230718.0124.B32491, Frais: 0 FCFA, Commission: 0 FCFA, Nouveau solde: 228.5 FCFA"
USER_13,2023-07-29,11:08:12,OrangeMoney,rechargement,OUT,100.0,FCFA,128.5,"Rechargement reussi. Montant de la transaction: 100 FCFA, ID transaction: RC230729.1108.C77676, Frais: 0 FCFA, Commission: 0 FCFA, Nouveau solde: 128.5 FCFA"
USER_13,2023-08-20,17:05:04,OrangeMoney,transfert,OUT,1000.0,FCFA,1028.5,"Transfert de [PHONE_2317] [CONTACT_5E7F] vers [USER_13_phone] [USER_13] reussi. Details: ID transaction: PP230820.1704.B50881, Montant Transaction: 1000FCFA, Frais: 0 FCFA, Commission: 0 FCFA, Montant Net: 1000 FCFA, Nouveau Solde: 1028.5 FCFA."
USER_13,2023-08-22,15:03:33,OrangeMoney,transfert,OUT,3100.0,FCFA,4128.5,"Transfert de [PHONE_9183] [CONTACT_7FB6] vers [USER_13_phone] [USER_13] reussi. Details: ID transaction: PP230822.1503.A33533, Montant Transaction: 3100FCFA, Frais: 0 FCFA, Commission: 0 FCFA, Montant Net: 3100 FCFA, Nouveau Solde: 4128.5 FCFA."
USER_13,2023-08-22,15:27:46,OrangeMoney,transfert,OUT,1100.0,FCFA,3023.0,"Transfert de [USER_13_phone] [USER_13] vers [PHONE_7152] [CONTACT_C67C] reussi. ID transaction: PP230822.1527.A48125, Montant Transaction: 1100 FCFA, Frais: 5.5 FCFA, Commission: 0 FCFA, Montant Net: 1105.5 FCFA, Nouveau Solde: 3023 FCFA."
USER_13,2023-09-11,12:45:57,OrangeMoney,transfert,OUT,9135.0,FCFA,9358.0,"Transfert de [PHONE_5169] [CONTACT_1ACA] vers [USER_13_phone] [USER_13] reussi. Details: ID transaction: PP230911.1245.A09198, Montant Transaction: 9135FCFA, Frais: 0 FCFA, Commission: 0 FCFA, Montant Net: 9135 FCFA, Nouveau Solde: 9358 FCFA."
USER_13,2023-09-11,12:46:44,OrangeMoney,transfert,OUT,1050.0,FCFA,10408.0,"Transfert de [PHONE_5169] [CONTACT_1ACA] vers [USER_13_phone] [USER_13] reussi. Details: ID transaction: PP230911.1246.A09658, Montant Transaction: 1050FCFA, Frais: 0 FCFA, Commission: 0 FCFA, Montant Net: 1050 FCFA, Nouveau Solde: 10408 FCFA."
USER_13,2023-09-13,7:51:47,OrangeMoney,retrait,OUT,2000.0,FCFA,7958.0,"Retrait d'argent reussi par le [PHONE_7044] avec le Code : 169335. Informations detaillees : Montant: 2000 FCFA, Frais: 50 FCFA, No de transaction CO230913.0751.A25992, montant net debite 2050 FCFA, Nouveau solde: 7958 FCFA."
USER_13,2023-09-13,8:50:25,OrangeMoney,retrait,OUT,2050.0,FCFA,5858.0,"Retrait d'argent reussi par le [PHONE_0187] avec le Code : 266223. Informations detaillees : Montant: 2050 FCFA, Frais: 50 FCFA, No de transaction CO230913.0849.C16718, montant net debite 2100 FCFA, Nouveau solde: 5858 FCFA."
USER_13,2023-09-13,11:16:23,OrangeMoney,rechargement,OUT,2100.0,FCFA,3258.0,"Rechargement reussi. Montant de la transaction: 2100 FCFA, ID transaction: RC230913.1116.B73540, Frais: 0 FCFA, Commission: 0 FCFA, Nouveau solde: 3258 FCFA"
USER_13,2023-09-14,10:30:26,OrangeMoney,transfert,OUT,10150.0,FCFA,12908.0,"Transfert de [PHONE_0891] [CONTACT_C832] vers [USER_13_phone] [USER_13] reussi. Details: ID transaction: PP230914.1030.B10530, Montant Transaction: 10150FCFA, Frais: 0 FCFA, Commission: 0 FCFA, Montant Net: 10150 FCFA, Nouveau Solde: 12908 FCFA."
USER_13,2023-09-14,19:20:40,OrangeMoney,transfert,OUT,10000.0,FCFA,2858.0,"Transfert de [USER_13_phone] [USER_13] vers [PHONE_6708] [CONTACT_F0D8] reussi. ID transaction: PP230914.1920.C17933, Montant Transaction: 10000 FCFA, Frais: 50 FCFA, Commission: 0 FCFA, Montant Net: 10050 FCFA, Nouveau Solde: 2858 FCFA."
USER_13,2023-09-19,14:59:40,OrangeMoney,transfert,OUT,500.0,FCFA,558.0,"Transfert de [PHONE_1725] [CONTACT_2622] vers [USER_13_phone] [USER_13] reussi. Details: ID transaction: PP230919.1459.A53068, Montant Transaction: 500FCFA, Frais: 0 FCFA, Commission: 0 FCFA, Montant Net: 500 FCFA, Nouveau Solde: 558 FCFA."
USER_13,2023-09-20,12:09:21,OrangeMoney,depot,IN,1000.0,FCFA,1058.0,"Depot effectue par [PHONE_0618] [CONTACT_714E] to [USER_13_phone] [USER_13]. Informations detaillees: Montant de transaction : 1000 FCFA, ID transaction : CI230920.1209.B29311, Frais : 0 FCFA, Commission : 0 FCFA, Montant Net du Credit : 1000 FCFA, Nouveau Solde : 1058 FCFA."
USER_13,2023-09-30,22:03:34,OrangeMoney,depot,IN,9000.0,FCFA,9058.0,"Depot effectue par [PHONE_5495] [CONTACT_707A] to [USER_13_phone] [USER_13]. Informations detaillees: Montant de transaction : 9000 FCFA, ID transaction : CI230930.2203.C75363, Frais : 0 FCFA, Commission : 0 FCFA, Montant Net du Credit : 9000 FCFA, Nouveau Solde : 9058 FCFA."
USER_13,2023-10-01,7:21:06,OrangeMoney,transfert,OUT,8700.0,FCFA,314.5,"Transfert de [USER_13_phone] [USER_13] vers [PHONE_5562] [CONTACT_7AD0] reussi. ID transaction: PP231001.0721.B15901, Montant Transaction: 8700 FCFA, Frais: 43.5 FCFA, Commission: 0 FCFA, Montant Net: 8743.5 FCFA, Nouveau Solde: 314.5 FCFA."
USER_13,2023-10-02,16:04:46,OrangeMoney,transfert,OUT,2000.0,FCFA,2314.5,"Transfert de [PHONE_9556] [CONTACT_0E8E] vers [USER_13_phone] [USER_13] reussi. Details: ID transaction: PP231002.1604.B78644, Montant Transaction: 2000FCFA, Frais: 0 FCFA, Commission: 0 FCFA, Montant Net: 2000 FCFA, Nouveau Solde: 2314.5 FCFA."
USER_13,2023-10-02,16:07:39,OrangeMoney,transfert,OUT,2100.0,FCFA,204.0,"Transfert de [USER_13_phone] [USER_13] vers [PHONE_6482] [CONTACT_4445] reussi. ID transaction: PP231002.1607.A79534, Montant Transaction: 2100 FCFA, Frais: 10.5 FCFA, Commission: 0 FCFA, Montant Net: 2110.5 FCFA, Nouveau Solde: 204 FCFA."
USER_13,2023-10-02,16:16:30,OrangeMoney,depot,IN,1000.0,FCFA,1204.0,"Depot effectue par [PHONE_5454] [CONTACT_81AE] to [USER_13_phone] [USER_13]. Informations detaillees: Montant de transaction : 1000 FCFA, ID transaction : CI231002.1616.B12713, Frais : 0 FCFA, Commission : 0 FCFA, Montant Net du Credit : 1000 FCFA, Nouveau Solde : 1204 FCFA."
USER_13,2023-10-02,16:24:07,OrangeMoney,retrait,OUT,1000.0,FCFA,154.0,"Retrait d'argent reussi par le [PHONE_4058] avec le Code : 217793. Informations detaillees : Montant: 1000 FCFA, Frais: 50 FCFA, No de transaction CO231002.1624.B97170, montant net debite 1050 FCFA, Nouveau solde: 154 FCFA."
USER_13,2023-10-03,10:55:36,OrangeMoney,depot,IN,125000.0,FCFA,125154.0,"Depot effectue par [PHONE_5664] [CONTACT_7B9E] to [USER_13_phone] [USER_13]. Informations detaillees: Montant de transaction : 125000 FCFA, ID transaction : CI231003.1055.B47722, Frais : 0 FCFA, Commission : 0 FCFA, Montant Net du Credit : 125000 FCFA, Nouveau Solde : 125154 FCFA."
USER_13,2023-10-03,11:00:41,OrangeMoney,transfert,OUT,4100.0,FCFA,121033.5,"Transfert de [USER_13_phone] [USER_13] vers [PHONE_7270] [CONTACT_F5DF] reussi. ID transaction: PP231003.1100.B55747, Montant Transaction: 4100 FCFA, Frais: 20.5 FCFA, Commission: 0 FCFA, Montant Net: 4120.5 FCFA, Nouveau Solde: 121033.5 FCFA."
USER_13,2023-10-04,4:14:11,OrangeMoney,rechargement,OUT,300.0,FCFA,4008.5,"Rechargement reussi. Montant de la transaction: 300 FCFA, ID transaction: RC231004.0414.C31904, Frais: 0 FCFA, Commission: 0 FCFA, Nouveau solde: 4008.5 FCFA"
USER_13,2023-10-10,9:20:36,OrangeMoney,transfert,OUT,2100.0,FCFA,1398.0,"Transfert de [USER_13_phone] [USER_13] vers [PHONE_2779] [CONTACT_C159] reussi. ID transaction: PP231010.0920.B15562, Montant Transaction: 2100 FCFA, Frais: 10.5 FCFA, Commission: 0 FCFA, Montant Net: 2110.5 FCFA, Nouveau Solde: 1398 FCFA."
USER_13,2023-10-17,11:25:16,OrangeMoney,rechargement,OUT,100.0,FCFA,48.0,"Rechargement reussi. Montant de la transaction: 100 FCFA, ID transaction: RC231017.1124.C27807, Frais: 0 FCFA, Commission: 0 FCFA, Nouveau solde: 48 FCFA"
USER_13,2023-10-19,12:55:11,OrangeMoney,depot,IN,3000.0,FCFA,3048.0,"Depot effectue par [PHONE_5664] [CONTACT_7B9E] to [USER_13_phone] [USER_13]. Informations detaillees: Montant de transaction : 3000 FCFA, ID transaction : CI231019.1255.C75824, Frais : 0 FCFA, Commission : 0 FCFA, Montant Net du Credit : 3000 FCFA, Nouveau Solde : 3048 FCFA."
USER_13,2023-10-23,7:31:22,OrangeMoney,transfert,OUT,30450.0,FCFA,30998.0,"Transfert de [PHONE_3071] [CONTACT_55E4] vers [USER_13_phone] [USER_13] reussi. Details: ID transaction: PP231023.0731.C80790, Montant Transaction: 30450FCFA, Frais: 0 FCFA, Commission: 0 FCFA, Montant Net: 30450 FCFA, Nouveau Solde: 30998 FCFA."
USER_13,2023-10-24,20:10:57,OrangeMoney,transfert,OUT,550.0,FCFA,27348.0,"Transfert de [PHONE_1687] [CONTACT_68BD] vers [USER_13_phone] [USER_13] reussi. Details: ID transaction: PP231024.2010.B90357, Montant Transaction: 550FCFA, Frais: 0 FCFA, Commission: 0 FCFA, Montant Net: 550 FCFA, Nouveau Solde: 27348 FCFA."
USER_13,2023-10-25,13:08:00,OrangeMoney,transfert,OUT,5000.0,FCFA,22323.0,"Transfert de [USER_13_phone] [USER_13] vers [PHONE_7152] [CONTACT_C67C] reussi. ID transaction: PP231025.1307.B83975, Montant Transaction: 5000 FCFA, Frais: 25 FCFA, Commission: 0 FCFA, Montant Net: 5025 FCFA, Nouveau Solde: 22323 FCFA."
USER_13,2023-10-27,11:42:10,OrangeMoney,retrait,OUT,1000.0,FCFA,17073.0,"Retrait d'argent reussi par le [PHONE_5664] avec le Code : 265687. Informations detaillees : Montant: 1000 FCFA, Frais: 50 FCFA, No de transaction CO231027.1142.A59738, montant net debite 1050 FCFA, Nouveau solde: 17073 FCFA."
USER_13,2023-10-29,2:43:19,OrangeMoney,rechargement,OUT,200.0,FCFA,16773.0,"Rechargement reussi. Montant de la transaction: 200 FCFA, ID transaction: RC231029.0243.B31747, Frais: 0 FCFA, Commission: 0 FCFA, Nouveau solde: 16773 FCFA"
USER_13,2023-10-30,10:34:00,OrangeMoney,depot,IN,5000.0,FCFA,19673.0,"Depot effectue par [PHONE_1855] [CONTACT_E657] ESSE4 to [USER_13_phone] [USER_13]. Informations detaillees: Montant de transaction : 5000 FCFA, ID transaction : CI231030.1033.A39919, Frais : 0 FCFA, Commission : 0 FCFA, Montant Net du Credit : 5000 FCFA, Nouveau Solde : 19673 FCFA."
USER_13,2023-10-30,22:18:41,OrangeMoney,transfert,OUT,10150.0,FCFA,27723.0,"Transfert de [PHONE_3071] [CONTACT_55E4] vers [USER_13_phone] [USER_13] reussi. Details: ID transaction: PP231030.2218.B97247, Montant Transaction: 10150FCFA, Frais: 0 FCFA, Commission: 0 FCFA, Montant Net: 10150 FCFA, Nouveau Solde: 27723 FCFA."
USER_13,2023-10-31,15:46:02,OrangeMoney,retrait,OUT,10000.0,FCFA,15473.0,"Retrait d'argent reussi par le [PHONE_5664] avec le Code : 265687. Informations detaillees : Montant: 10000 FCFA, Frais: 150 FCFA, No de transaction CO231031.1545.A24389, montant net debite 10150 FCFA, Nouveau solde: 15473 FCFA."
USER_13,2023-11-04,11:09:33,OrangeMoney,retrait,OUT,3000.0,FCFA,8223.0,"Retrait d'argent reussi par le [PHONE_5664] avec le Code : 265687. Informations detaillees : Montant: 3000 FCFA, Frais: 50 FCFA, No de transaction CO231104.1109.B67780, montant net debite 3050 FCFA, Nouveau solde: 8223 FCFA."
USER_13,2023-11-05,12:57:08,OrangeMoney,transfert,OUT,3050.0,FCFA,5157.75,"Transfert de [USER_13_phone] [USER_13] vers [PHONE_2502] [CONTACT_2A75] reussi. ID transaction: PP231105.1200.B38326, Montant Transaction: 3050 FCFA, Frais: 15.25 FCFA, Commission: 0 FCFA, Montant Net: 3065.25 FCFA, Nouveau Solde: 5157.75 FCFA."
USER_13,2023-11-09,16:33:10,OrangeMoney,transfert,OUT,30000.0,FCFA,30957.75,"Transfert de [PHONE_3071] [CONTACT_55E4] vers [USER_13_phone] [USER_13] reussi. Details: ID transaction: PP231109.1633.C90388, Montant Transaction: 30000FCFA, Frais: 0 FCFA, Commission: 0 FCFA, Montant Net: 30000 FCFA, Nouveau Solde: 30957.75 FCFA."
USER_13,2023-11-10,21:32:57,OrangeMoney,transfert,OUT,2000.0,FCFA,26847.75,"Transfert de [USER_13_phone] [USER_13] vers [PHONE_8355] [CONTACT_DF59] reussi. ID transaction: PP231110.2132.B02692, Montant Transaction: 2000 FCFA, Frais: 10 FCFA, Commission: 0 FCFA, Montant Net: 2010 FCFA, Nouveau Solde: 26847.75 FCFA."
USER_13,2023-11-17,10:57:10,OrangeMoney,transfert,OUT,5000.0,FCFA,15522.75,"Transfert de [USER_13_phone] [USER_13] vers [PHONE_1552] [CONTACT_95BA] reussi. ID transaction: PP231117.1057.A21422, Montant Transaction: 5000 FCFA, Frais: 25 FCFA, Commission: 0 FCFA, Montant Net: 5025 FCFA, Nouveau Solde: 15522.75 FCFA."
USER_13,2023-11-19,11:41:29,OrangeMoney,retrait,OUT,15000.0,FCFA,297.75,"Retrait d'argent reussi par le [PHONE_3804] avec le Code : 768764. Informations detaillees : Montant: 15000 FCFA, Frais: 225 FCFA, No de transaction CO231119.1140.C45864, montant net debite 15225 FCFA, Nouveau solde: 297.75 FCFA."
USER_13,2023-11-21,8:03:38,OrangeMoney,transfert,OUT,2000.0,FCFA,2297.75,"Transfert de [PHONE_9183] [CONTACT_7FB6] vers [USER_13_phone] [USER_13] reussi. Details: ID transaction: PP231121.0803.A00833, Montant Transaction: 2000FCFA, Frais: 0 FCFA, Commission: 0 FCFA, Montant Net: 2000 FCFA, Nouveau Solde: 2297.75 FCFA."
USER_13,2023-11-21,17:33:18,OrangeMoney,depot,IN,5100.0,FCFA,5297.75,"Depot effectue par [PHONE_9694] [CONTACT_6401] to [USER_13_phone] [USER_13]. Informations detaillees: Montant de transaction : 5100 FCFA, ID transaction : CI231121.1733.B63424, Frais : 0 FCFA, Commission : 0 FCFA, Montant Net du Credit : 5100 FCFA, Nouveau Solde : 5297.75 FCFA."
USER_13,2023-11-29,13:54:23,OrangeMoney,retrait,OUT,2050.0,FCFA,2997.75,"Retrait d'argent reussi par le [PHONE_1155] avec le Code : 349667. Informations detaillees : Montant: 2050 FCFA, Frais: 50 FCFA, No de transaction CO231129.1354.A18566, montant net debite 2100 FCFA, Nouveau solde: 2997.75 FCFA."
USER_13,2023-11-30,17:39:36,OrangeMoney,transfert,OUT,500.0,FCFA,2295.25,"Transfert de [USER_13_phone] [USER_13] vers [PHONE_2433] [CONTACT_56B7] reussi. ID transaction: PP231130.1739.A77210, Montant Transaction: 500 FCFA, Frais: 2.5 FCFA, Commission: 0 FCFA, Montant Net: 502.5 FCFA, Nouveau Solde: 2295.25 FCFA."
USER_13,2023-12-01,20:09:02,OrangeMoney,rechargement,OUT,1000.0,FCFA,1295.25,"Rechargement reussi. Montant de la transaction: 1000 FCFA, ID transaction: RC231201.2008.B33752, Frais: 0 FCFA, Commission: 0 FCFA, Nouveau solde: 1295.25 FCFA"
USER_13,2023-12-02,12:36:38,OrangeMoney,retrait,OUT,1000.0,FCFA,145.25,"Retrait d'argent reussi par le [PHONE_5691] avec le Code : 522586. Informations detaillees : Montant: 1000 FCFA, Frais: 50 FCFA, No de transaction CO231202.1236.A12538, montant net debite 1050 FCFA, Nouveau solde: 145.25 FCFA."
USER_13,2023-12-07,10:29:12,OrangeMoney,transfert,OUT,5000.0,FCFA,5045.25,"Transfert de [PHONE_7578] [CONTACT_3AE5] vers [USER_13_phone] [USER_13] reussi. Details: ID transaction: PP231207.1029.A94940, Montant Transaction: 5000FCFA, Frais: 0 FCFA, Commission: 0 FCFA, Montant Net: 5000 FCFA, Nouveau Solde: 5045.25 FCFA."
USER_13,2023-12-08,14:41:07,OrangeMoney,retrait,OUT,2100.0,FCFA,2795.25,"Retrait d'argent reussi par le [PHONE_4242] avec le Code : 266236. Informations detaillees : Montant: 2100 FCFA, Frais: 50 FCFA, No de transaction CO231208.1440.B48994, montant net debite 2150 FCFA, Nouveau solde: 2795.25 FCFA."
USER_13,2023-12-18,16:24:03,OrangeMoney,transfert,OUT,48000.0,FCFA,49695.25,"Transfert de [PHONE_7578] [CONTACT_3AE5] vers [USER_13_phone] [USER_13] reussi. Details: ID transaction: PP231218.1623.B28913, Montant Transaction: 48000FCFA, Frais: 0 FCFA, Commission: 0 FCFA, Montant Net: 48000 FCFA, Nouveau Solde: 49695.25 FCFA."
USER_13,2023-12-19,12:05:00,OrangeMoney,retrait,OUT,48000.0,FCFA,975.25,"Retrait d'argent reussi par le [PHONE_5664] avec le Code : 265687. Informations detaillees : Montant: 48000 FCFA, Frais: 720 FCFA, No de transaction CO231219.1204.A82774, montant net debite 48720 FCFA, Nouveau solde: 975.25 FCFA."
USER_13,2023-12-24,9:14:24,OrangeMoney,depot,IN,15000.0,FCFA,15175.25,"Depot effectue par [PHONE_5664] [CONTACT_7B9E] to [USER_13_phone] [USER_13]. Informations detaillees: Montant de transaction : 15000 FCFA, ID transaction : CI231224.0914.C32050, Frais : 0 FCFA, Commission : 0 FCFA, Montant Net du Credit : 15000 FCFA, Nouveau Solde : 15175.25 FCFA."
USER_13,2023-12-24,9:49:57,OrangeMoney,transfert,OUT,11200.0,FCFA,3919.25,"Transfert de [USER_13_phone] [USER_13] vers [PHONE_1700] [CONTACT_0BED] reussi. ID transaction: PP231224.0949.B58348, Montant Transaction: 11200 FCFA, Frais: 56 FCFA, Commission: 0 FCFA, Montant Net: 11256 FCFA, Nouveau Solde: 3919.25 FCFA."
USER_13,2023-12-24,15:33:09,OrangeMoney,transfert,OUT,5000.0,FCFA,8919.25,"Transfert de [PHONE_7578] [CONTACT_3AE5] vers [USER_13_phone] [USER_13] reussi. Details: ID transaction: PP231224.1533.C63186, Montant Transaction: 5000FCFA, Frais: 0 FCFA, Commission: 0 FCFA, Montant Net: 5000 FCFA, Nouveau Solde: 8919.25 FCFA."
USER_13,2024-01-03,16:49:49,OrangeMoney,depot,IN,30000.0,FCFA,38619.25,"Depot effectue par [PHONE_5199] [CONTACT_AA12] to [USER_13_phone] [USER_13]. Informations detaillees: Montant de transaction : 30000 FCFA, ID transaction : CI240103.1649.B82146, Frais : 0 FCFA, Commission : 0 FCFA, Montant Net du Credit : 30000 FCFA, Nouveau Solde : 38619.25 FCFA."
USER_13,2024-01-04,10:38:03,OrangeMoney,retrait,OUT,10000.0,FCFA,28469.25,"Retrait d'argent reussi par le [PHONE_5664] avec le Code : 265687. Informations detaillees : Montant: 10000 FCFA, Frais: 150 FCFA, No de transaction CO240104.1038.A68086, montant net debite 10150 FCFA, Nouveau solde: 28469.25 FCFA."
USER_13,2024-01-04,11:53:08,OrangeMoney,retrait,OUT,15000.0,FCFA,13144.25,"Retrait d'argent reussi par le [PHONE_9353] avec le Code : 264973. Informations detaillees : Montant: 15000 FCFA, Frais: 225 FCFA, No de transaction CO240104.1153.A10784, montant net debite 15225 FCFA, Nouveau solde: 13144.25 FCFA."
USER_13,2024-01-08,22:51:17,OrangeMoney,transfert,OUT,5100.0,FCFA,7918.75,"Transfert de [USER_13_phone] [USER_13] vers [PHONE_6366] [CONTACT_4DDC] reussi. ID transaction: PP240108.2251.C75476, Montant Transaction: 5100 FCFA, Frais: 25.5 FCFA, Commission: 0 FCFA, Montant Net: 5125.5 FCFA, Nouveau Solde: 7918.75 FCFA."
USER_13,2024-01-13,20:45:10,OrangeMoney,rechargement,OUT,1200.0,FCFA,6718.75,"Rechargement reussi. Montant de la transaction: 1200 FCFA, ID transaction: RC240113.2045.B13013, Frais: 0 FCFA, Commission: 0 FCFA, Nouveau solde: 6718.75 FCFA"
USER_13,2024-01-15,9:12:29,OrangeMoney,transfert,OUT,5075.0,FCFA,11793.75,"Transfert de [PHONE_6366] [CONTACT_4DDC] vers [USER_13_phone] [USER_13] reussi. Details: ID transaction: PP240115.0912.B29084, Montant Transaction: 5075FCFA, Frais: 0 FCFA, Commission: 0 FCFA, Montant Net: 5075 FCFA, Nouveau Solde: 11793.75 FCFA."
USER_13,2024-01-27,19:41:40,OrangeMoney,transfert,OUT,600.0,FCFA,10990.75,"Transfert de [USER_13_phone] [USER_13] vers [PHONE_8710] [CONTACT_CE6E] reussi. ID transaction: PP240127.1941.C67834, Montant Transaction: 600 FCFA, Frais: 3 FCFA, Commission: 0 FCFA, Montant Net: 603 FCFA, Nouveau Solde: 10990.75 FCFA."
USER_13,2024-01-28,21:37:22,OrangeMoney,transfert,OUT,2050.0,FCFA,12940.75,"Transfert de [PHONE_1687] [CONTACT_68BD] vers [USER_13_phone] [USER_13] reussi. Details: ID transaction: PP240128.2137.A00576, Montant Transaction: 2050FCFA, Frais: 0 FCFA, Commission: 0 FCFA, Montant Net: 2050 FCFA, Nouveau Solde: 12940.75 FCFA."
USER_13,2024-01-29,0:16:21,OrangeMoney,rechargement,OUT,200.0,FCFA,12740.75,"Rechargement reussi. Montant de la transaction: 200 FCFA, ID transaction: RC240129.0016.A71031, Frais: 0 FCFA, Commission: 0 FCFA, Nouveau solde: 12740.75 FCFA"
USER_13,2024-01-29,10:00:36,OrangeMoney,retrait,OUT,2000.0,FCFA,10690.75,"Retrait d'argent reussi par le [PHONE_5664] avec le Code : 265687. Informations detaillees : Montant: 2000 FCFA, Frais: 50 FCFA, No de transaction CO240129.1000.C92463, montant net debite 2050 FCFA, Nouveau solde: 10690.75 FCFA."
USER_13,2024-01-30,19:03:07,OrangeMoney,retrait,OUT,5000.0,FCFA,5515.75,"Retrait d'argent reussi par le [PHONE_9664] avec le Code : 148195. Informations detaillees : Montant: 5000 FCFA, Frais: 75 FCFA, No de transaction CO240130.1903.A22087, montant net debite 5075 FCFA, Nouveau solde: 5515.75 FCFA."
USER_13,2024-01-30,21:44:13,OrangeMoney,transfert,OUT,3500.0,FCFA,1998.25,"Transfert de [USER_13_phone] [USER_13] vers [PHONE_8009] [CONTACT_7141] reussi. ID transaction: PP240130.2144.A72044, Montant Transaction: 3500 FCFA, Frais: 17.5 FCFA, Commission: 0 FCFA, Montant Net: 3517.5 FCFA, Nouveau Solde: 1998.25 FCFA."
USER_13,2024-01-31,11:13:14,OrangeMoney,transfert,OUT,1000.0,FCFA,993.25,"Transfert de [USER_13_phone] [USER_13] vers [PHONE_5783] [CONTACT_DF59] reussi. ID transaction: PP240131.1113.C64072, Montant Transaction: 1000 FCFA, Frais: 5 FCFA, Commission: 0 FCFA, Montant Net: 1005 FCFA, Nouveau Solde: 993.25 FCFA."
USER_13,2024-02-01,2:39:04,OrangeMoney,rechargement,OUT,200.0,FCFA,691.25,"Rechargement reussi. Montant de la transaction: 200 FCFA, ID transaction: RC240201.0238.A08800, Frais: 0 FCFA, Commission: 0 FCFA, Nouveau solde: 691.25 FCFA"
USER_13,2024-02-01,13:35:08,OrangeMoney,depot,IN,30000.0,FCFA,30691.25,"Depot effectue par [PHONE_5376] [CONTACT_6409] to [USER_13_phone] [USER_13]. Informations detaillees: Montant de transaction : 30000 FCFA, ID transaction : CI240201.1334.A06523, Frais : 0 FCFA, Commission : 0 FCFA, Montant Net du Credit : 30000 FCFA, Nouveau Solde : 30691.25 FCFA."
USER_13,2024-02-01,18:23:09,OrangeMoney,retrait,OUT,2000.0,FCFA,28641.25,"Retrait d'argent reussi par le [PHONE_9669] avec le Code : 148159. Informations detaillees : Montant: 2000 FCFA, Frais: 50 FCFA, No de transaction CO240201.1823.A90886, montant net debite 2050 FCFA, Nouveau solde: 28641.25 FCFA."
USER_13,2024-02-01,19:22:21,OrangeMoney,retrait,OUT,3500.0,FCFA,24988.75,"Retrait d'argent reussi par le [PHONE_2968] avec le Code : 152571. Informations detaillees : Montant: 3500 FCFA, Frais: 52.5 FCFA, No de transaction CO240201.1922.C11777, montant net debite 3552.5 FCFA, Nouveau solde: 24988.75 FCFA."
USER_13,2024-02-06,14:54:43,OrangeMoney,transfert,OUT,20000.0,FCFA,4788.75,"Transfert de [USER_13_phone] [USER_13] vers [PHONE_6287] [CONTACT_5017] reussi. ID transaction: PP240206.1454.A14669, Montant Transaction: 20000 FCFA, Frais: 100 FCFA, Commission: 0 FCFA, Montant Net: 20100 FCFA, Nouveau Solde: 4788.75 FCFA."
USER_13,2024-02-07,18:53:54,OrangeMoney,transfert,OUT,3250.0,FCFA,7938.75,"Transfert de [PHONE_8378] [CONTACT_B0AD] vers [USER_13_phone] [USER_13] reussi. Details: ID transaction: PP240207.1853.C98203, Montant Transaction: 3250FCFA, Frais: 0 FCFA, Commission: 0 FCFA, Montant Net: 3250 FCFA, Nouveau Solde: 7938.75 FCFA."
USER_13,2024-02-09,14:27:05,OrangeMoney,transfert,OUT,100.0,FCFA,838.25,"Transfert de [USER_13_phone] [USER_13] vers [PHONE_6835] [CONTACT_36B4] reussi. ID transaction: PP240209.1427.A06549, Montant Transaction: 100 FCFA, Frais: 0.5 FCFA, Commission: 0 FCFA, Montant Net: 100.5 FCFA, Nouveau Solde: 838.25 FCFA."
USER_13,2024-02-14,1:44:10,OrangeMoney,rechargement,OUT,200.0,FCFA,538.25,"Rechargement reussi. Montant de la transaction: 200 FCFA, ID transaction: RC240214.0144.C62570, Frais: 0 FCFA, Commission: 0 FCFA, Nouveau solde: 538.25 FCFA"
USER_13,2024-02-14,18:46:16,OrangeMoney,depot,IN,5000.0,FCFA,5538.25,"Depot effectue par [PHONE_2683] [CONTACT_BA00] to [USER_13_phone] [USER_13]. Informations detaillees: Montant de transaction : 5000 FCFA, ID transaction : CI240214.1846.C71225, Frais : 0 FCFA, Commission : 0 FCFA, Montant Net du Credit : 5000 FCFA, Nouveau Solde : 5538.25 FCFA."
USER_13,2024-02-15,11:16:11,OrangeMoney,rechargement,OUT,1000.0,FCFA,4538.25,"Rechargement reussi. Montant de la transaction: 1000 FCFA, ID transaction: RC240215.1116.A40315, Frais: 0 FCFA, Commission: 0 FCFA, Nouveau solde: 4538.25 FCFA"
USER_13,2024-02-17,0:26:28,OrangeMoney,rechargement,OUT,200.0,FCFA,4238.25,"Rechargement reussi. Montant de la transaction: 200 FCFA, ID transaction: RC240217.0026.B06838, Frais: 0 FCFA, Commission: 0 FCFA, Nouveau solde: 4238.25 FCFA"
USER_13,2024-02-18,0:10:34,OrangeMoney,rechargement,OUT,200.0,FCFA,3638.25,"Rechargement reussi. Montant de la transaction: 200 FCFA, ID transaction: RC240218.0010.B21681, Frais: 0 FCFA, Commission: 0 FCFA, Nouveau solde: 3638.25 FCFA"
USER_13,2024-02-18,0:12:19,OrangeMoney,rechargement,OUT,200.0,FCFA,3438.25,"Rechargement reussi. Montant de la transaction: 200 FCFA, ID transaction: RC240218.0012.B21783, Frais: 0 FCFA, Commission: 0 FCFA, Nouveau solde: 3438.25 FCFA"
USER_13,2024-02-20,9:21:26,OrangeMoney,rechargement,OUT,200.0,FCFA,2238.25,"Rechargement reussi. Montant de la transaction: 200 FCFA, ID transaction: RC240220.0921.A92287, Frais: 0 FCFA, Commission: 0 FCFA, Nouveau solde: 2238.25 FCFA"
USER_13,2024-02-25,1:39:10,OrangeMoney,rechargement,OUT,200.0,FCFA,738.25,"Rechargement reussi. Montant de la transaction: 200 FCFA, ID transaction: RC240225.0139.C34514, Frais: 0 FCFA, Commission: 0 FCFA, Nouveau solde: 738.25 FCFA"
USER_13,2024-02-27,13:13:40,OrangeMoney,rechargement,OUT,100.0,FCFA,38.25,"Rechargement reussi. Montant de la transaction: 100 FCFA, ID transaction: RC240227.1313.A51149, Frais: 0 FCFA, Commission: 0 FCFA, Nouveau solde: 38.25 FCFA"
USER_13,2024-03-02,16:33:32,OrangeMoney,depot,IN,1300.0,FCFA,1338.25,"Depot effectue par [PHONE_1313] [CONTACT_2A6E] to [USER_13_phone] [USER_13]. Informations detaillees: Montant de transaction : 1300 FCFA, ID transaction : CI240302.1633.A41247, Frais : 0 FCFA, Commission : 0 FCFA, Montant Net du Credit : 1300 FCFA, Nouveau Solde : 1338.25 FCFA."
USER_13,2024-03-02,17:39:15,OrangeMoney,depot,IN,30000.0,FCFA,31338.25,"Depot effectue par [PHONE_5376] [CONTACT_6409] to [USER_13_phone] [USER_13]. Informations detaillees: Montant de transaction : 30000 FCFA, ID transaction : CI240302.1739.B59927, Frais : 0 FCFA, Commission : 0 FCFA, Montant Net du Credit : 30000 FCFA, Nouveau Solde : 31338.25 FCFA."
USER_13,2024-03-03,17:23:29,OrangeMoney,rechargement,OUT,600.0,FCFA,30738.25,"Rechargement reussi. Montant de la transaction: 600 FCFA, ID transaction: RC240303.1723.A78324, Frais: 0 FCFA, Commission: 0 FCFA, Nouveau solde: 30738.25 FCFA"
USER_13,2024-03-06,7:19:24,OrangeMoney,rechargement,OUT,2100.0,FCFA,28638.25,"Rechargement reussi. Montant de la transaction: 2100 FCFA, ID transaction: RC240306.0719.B17118, Frais: 0 FCFA, Commission: 0 FCFA, Nouveau solde: 28638.25 FCFA"
USER_13,2024-03-06,15:35:23,OrangeMoney,transfert,OUT,6700.0,FCFA,21904.75,"Transfert de [USER_13_phone] [USER_13] vers [PHONE_3428] [CONTACT_E082] reussi. ID transaction: PP240306.1535.C86670, Montant Transaction: 6700 FCFA, Frais: 33.5 FCFA, Commission: 0 FCFA, Montant Net: 6733.5 FCFA, Nouveau Solde: 21904.75 FCFA."
USER_13,2024-03-07,20:17:08,OrangeMoney,depot,IN,7200.0,FCFA,29104.75,"Depot effectue par [PHONE_2062] [CONTACT_2448] to [USER_13_phone] [USER_13]. Informations detaillees: Montant de transaction : 7200 FCFA, ID transaction : CI240307.2017.A41603, Frais : 0 FCFA, Commission : 0 FCFA, Montant Net du Credit : 7200 FCFA, Nouveau Solde : 29104.75 FCFA."
USER_13,2024-03-10,18:38:34,OrangeMoney,transfert,OUT,40600.0,FCFA,69204.75,"Transfert de [PHONE_3071] [CONTACT_55E4] vers [USER_13_phone] [USER_13] reussi. Details: ID transaction: PP240310.1838.B33299, Montant Transaction: 40600FCFA, Frais: 0 FCFA, Commission: 0 FCFA, Montant Net: 40600 FCFA, Nouveau Solde: 69204.75 FCFA."
USER_13,2024-03-11,7:34:41,OrangeMoney,retrait,OUT,45000.0,FCFA,23529.75,"Retrait d'argent reussi par le [PHONE_9664] avec le Code : 148195. Informations detaillees : Montant: 45000 FCFA, Frais: 675 FCFA, No de transaction CO240311.0734.A57300, montant net debite 45675 FCFA, Nouveau solde: 23529.75 FCFA."
USER_13,2024-03-15,10:45:22,OrangeMoney,transfert,OUT,8500.0,FCFA,10327.25,"Transfert de [USER_13_phone] [USER_13] vers [PHONE_5169] [CONTACT_1ACA] reussi. ID transaction: PP240315.1045.C00357, Montant Transaction: 8500 FCFA, Frais: 42.5 FCFA, Commission: 0 FCFA, Montant Net: 8542.5 FCFA, Nouveau Solde: 10327.25 FCFA."
USER_13,2024-03-18,11:23:04,OrangeMoney,transfert,OUT,2000.0,FCFA,8317.25,"Transfert de [USER_13_phone] [USER_13] vers [PHONE_5055] [CONTACT_6C20] reussi. ID transaction: PP240318.1123.B80871, Montant Transaction: 2000 FCFA, Frais: 10 FCFA, Commission: 0 FCFA, Montant Net: 2010 FCFA, Nouveau Solde: 8317.25 FCFA."
USER_13,2024-03-22,4:26:42,OrangeMoney,transfert,OUT,500.0,FCFA,5714.75,"Transfert de [USER_13_phone] [USER_13] vers [PHONE_9718] [CONTACT_F87B] reussi. ID transaction: PP240322.0426.B01839, Montant Transaction: 500 FCFA, Frais: 2.5 FCFA, Commission: 0 FCFA, Montant Net: 502.5 FCFA, Nouveau Solde: 5714.75 FCFA."
USER_13,2024-03-23,13:49:15,OrangeMoney,transfert,OUT,2100.0,FCFA,3604.25,"Transfert de [USER_13_phone] [USER_13] vers [PHONE_9491] [CONTACT_F69F] reussi. ID transaction: PP240323.1349.A01116, Montant Transaction: 2100 FCFA, Frais: 10.5 FCFA, Commission: 0 FCFA, Montant Net: 2110.5 FCFA, Nouveau Solde: 3604.25 FCFA."
USER_13,2024-03-24,0:59:18,OrangeMoney,rechargement,OUT,200.0,FCFA,3404.25,"Rechargement reussi. Montant de la transaction: 200 FCFA, ID transaction: RC240324.0059.B94968, Frais: 0 FCFA, Commission: 0 FCFA, Nouveau solde: 3404.25 FCFA"
USER_13,2024-03-24,7:33:39,OrangeMoney,retrait,OUT,1100.0,FCFA,2254.25,"Retrait d'argent reussi par le [PHONE_2075] avec le Code : 180611. Informations detaillees : Montant: 1100 FCFA, Frais: 50 FCFA, No de transaction CO240324.0733.C21028, montant net debite 1150 FCFA, Nouveau solde: 2254.25 FCFA."
USER_13,2024-03-24,18:26:29,OrangeMoney,transfert,OUT,2000.0,FCFA,4254.25,"Transfert de [PHONE_5848] [CONTACT_A570] vers [USER_13_phone] [USER_13] reussi. Details: ID transaction: PP240324.1826.C63824, Montant Transaction: 2000FCFA, Frais: 0 FCFA, Commission: 0 FCFA, Montant Net: 2000 FCFA, Nouveau Solde: 4254.25 FCFA."
USER_13,2024-04-02,16:25:15,OrangeMoney,depot,IN,50000.0,FCFA,50054.25,"Depot effectue par [PHONE_9341] [CONTACT_F6C6] to [USER_13_phone] [USER_13]. Informations detaillees: Montant de transaction : 50000 FCFA, ID transaction : CI240402.1625.B57506, Frais : 0 FCFA, Commission : 0 FCFA, Montant Net du Credit : 50000 FCFA, Nouveau Solde : 50054.25 FCFA."
USER_13,2024-04-03,0:36:06,OrangeMoney,rechargement,OUT,200.0,FCFA,49854.25,"Rechargement reussi. Montant de la transaction: 200 FCFA, ID transaction: RC240403.0036.B55533, Frais: 0 FCFA, Commission: 0 FCFA, Nouveau solde: 49854.25 FCFA"
USER_13,2024-04-03,21:21:57,OrangeMoney,transfert,OUT,25000.0,FCFA,74854.25,"Transfert de [PHONE_1687] [CONTACT_68BD] vers [USER_13_phone] [USER_13] reussi. Details: ID transaction: PP240403.2121.A09925, Montant Transaction: 25000FCFA, Frais: 0 FCFA, Commission: 0 FCFA, Montant Net: 25000 FCFA, Nouveau Solde: 74854.25 FCFA."
USER_13,2024-04-04,7:59:01,OrangeMoney,retrait,OUT,25000.0,FCFA,49479.25,"Retrait d'argent reussi par le [PHONE_9664] avec le Code : 148195. Informations detaillees : Montant: 25000 FCFA, Frais: 375 FCFA, No de transaction CO240404.0758.B40952, montant net debite 25375 FCFA, Nouveau solde: 49479.25 FCFA."
USER_13,2024-04-08,6:24:53,OrangeMoney,transfert,OUT,10150.0,FCFA,57529.25,"Transfert de [PHONE_3071] [CONTACT_55E4] vers [USER_13_phone] [USER_13] reussi. Details: ID transaction: PP240408.0624.A70198, Montant Transaction: 10150FCFA, Frais: 0 FCFA, Commission: 0 FCFA, Montant Net: 10150 FCFA, Nouveau Solde: 57529.25 FCFA."
USER_13,2024-04-12,15:20:06,OrangeMoney,transfert,OUT,50.0,FCFA,57479.0,"Transfert de [USER_13_phone] [USER_13] vers [PHONE_1687] [CONTACT_68BD] reussi. ID transaction: PP240412.1520.C09228, Montant Transaction: 50 FCFA, Frais: 0.25 FCFA, Commission: 0 FCFA, Montant Net: 50.25 FCFA, Nouveau Solde: 57479 FCFA."
USER_13,2024-05-19,11:11:47,OrangeMoney,retrait,OUT,50000.0,FCFA,21460.5,"Retrait d'argent reussi par le [PHONE_5664] avec le Code : 265687. Informations detaillees : Montant: 50000 FCFA, Frais: 750 FCFA, No de transaction CO240519.1111.C27618, montant net debite 50750 FCFA, Nouveau solde: 21460.5 FCFA."
USER_13,2024-05-21,6:38:31,OrangeMoney,transfert,OUT,2000.0,FCFA,18358.5,"Transfert de [PHONE_6027] [CONTACT_3084] vers [USER_13_phone] [USER_13] reussi. Details: ID transaction: PP240521.0638.B83521, Montant Transaction: 2000FCFA, Frais: 0 FCFA, Commission: 0 FCFA, Montant Net: 2000 FCFA, Nouveau Solde: 18358.5 FCFA."
USER_13,2024-05-21,18:52:56,OrangeMoney,retrait,OUT,2000.0,FCFA,16308.5,"Retrait d'argent reussi par le [PHONE_9664] avec le Code : 148195. Informations detaillees : Montant: 2000 FCFA, Frais: 50 FCFA, No de transaction CO240521.1852.B82664, montant net debite 2050 FCFA, Nouveau solde: 16308.5 FCFA."
USER_13,2024-05-27,12:25:26,OrangeMoney,depot,IN,75000.0,FCFA,90808.5,"Depot effectue par [PHONE_4897] [CONTACT_6C17] to [USER_13_phone] [USER_13]. Informations detaillees: Montant de transaction : 75000 FCFA, ID transaction : CI240527.1225.A82202, Frais : 0 FCFA, Commission : 0 FCFA, Montant Net du Credit : 75000 FCFA, Nouveau Solde : 90808.5 FCFA."
USER_13,2024-05-27,15:53:28,OrangeMoney,retrait,OUT,2000.0,FCFA,88758.5,"Retrait d'argent reussi par le [PHONE_6597] avec le Code : 293083. Informations detaillees : Montant: 2000 FCFA, Frais: 50 FCFA, No de transaction CO240527.1553.A23620, montant net debite 2050 FCFA, Nouveau solde: 88758.5 FCFA."
USER_13,2024-05-30,10:37:07,OrangeMoney,retrait,OUT,2000.0,FCFA,8003.5,"Retrait d'argent reussi par le [PHONE_5664] avec le Code : 265687. Informations detaillees : Montant: 2000 FCFA, Frais: 50 FCFA, No de transaction CO240530.1037.C34726, montant net debite 2050 FCFA, Nouveau solde: 8003.5 FCFA."
USER_13,2024-05-31,8:52:44,OrangeMoney,retrait,OUT,1000.0,FCFA,1363.5,"Retrait d'argent reussi par le [PHONE_5664] avec le Code : 265687. Informations detaillees : Montant: 1000 FCFA, Frais: 50 FCFA, No de transaction CO240531.0852.C71489, montant net debite 1050 FCFA, Nouveau solde: 1363.5 FCFA."
USER_13,2024-06-03,6:22:22,OrangeMoney,transfert,OUT,1400.0,FCFA,2263.5,"Transfert de [PHONE_6027] [CONTACT_3084] vers [USER_13_phone] [USER_13] reussi. Details: ID transaction: PP240603.0622.B21468, Montant Transaction: 1400FCFA, Frais: 0 FCFA, Commission: 0 FCFA, Montant Net: 1400 FCFA, Nouveau Solde: 2263.5 FCFA."
USER_13,2024-06-03,17:34:56,OrangeMoney,depot,IN,60000.0,FCFA,62263.5,"Depot effectue par [PHONE_5376] [CONTACT_6409] to [USER_13_phone] [USER_13]. Informations detaillees: Montant de transaction : 60000 FCFA, ID transaction : CI240603.1734.C99207, Frais : 0 FCFA, Commission : 0 FCFA, Montant Net du Credit : 60000 FCFA, Nouveau Solde : 62263.5 FCFA."
USER_13,2024-06-05,15:11:46,OrangeMoney,retrait,OUT,2000.0,FCFA,60213.5,"Retrait d'argent reussi par le [PHONE_6597] avec le Code : 293083. Informations detaillees : Montant: 2000 FCFA, Frais: 50 FCFA, No de transaction CO240605.1511.A98484, montant net debite 2050 FCFA, Nouveau solde: 60213.5 FCFA."
USER_13,2024-06-06,12:57:03,OrangeMoney,retrait,OUT,50000.0,FCFA,9463.5,"Retrait d'argent reussi par le [PHONE_5664] avec le Code : 265687. Informations detaillees : Montant: 50000 FCFA, Frais: 750 FCFA, No de transaction CO240606.1256.A50425, montant net debite 50750 FCFA, Nouveau solde: 9463.5 FCFA."
USER_13,2024-06-08,10:33:32,OrangeMoney,rechargement,OUT,100.0,FCFA,8863.5,"Rechargement reussi. Montant de la transaction: 100 FCFA, ID transaction: RC240608.1033.B37855, Frais: 0 FCFA, Commission: 0 FCFA, Nouveau solde: 8863.5 FCFA"
USER_13,2024-06-11,23:05:50,OrangeMoney,transfert,OUT,3100.0,FCFA,11861.5,"Transfert de [PHONE_1687] [CONTACT_68BD] vers [USER_13_phone] [USER_13] reussi. Details: ID transaction: PP240611.2305.C46197, Montant Transaction: 3100FCFA, Frais: 0 FCFA, Commission: 0 FCFA, Montant Net: 3100 FCFA, Nouveau Solde: 11861.5 FCFA."
USER_13,2024-06-18,18:42:56,OrangeMoney,retrait,OUT,2000.0,FCFA,5521.5,"Retrait d'argent reussi par le [PHONE_5664] avec le Code : 265687. Informations detaillees : Montant: 2000 FCFA, Frais: 50 FCFA, No de transaction CO240618.1842.B33957, montant net debite 2050 FCFA, Nouveau solde: 5521.5 FCFA."
USER_13,2024-06-18,22:45:37,OrangeMoney,retrait,OUT,2000.0,FCFA,3471.5,"Retrait d'argent reussi par le [PHONE_7683] avec le Code : 609116. Informations detaillees : Montant: 2000 FCFA, Frais: 50 FCFA, No de transaction CO240618.2243.C11101, montant net debite 2050 FCFA, Nouveau solde: 3471.5 FCFA."
USER_13,2024-06-19,11:07:50,OrangeMoney,rechargement,OUT,100.0,FCFA,3371.5,"Rechargement reussi. Montant de la transaction: 100 FCFA, ID transaction: RC240619.1107.B95593, Frais: 0 FCFA, Commission: 0 FCFA, Nouveau solde: 3371.5 FCFA"
USER_13,2024-06-21,0:07:51,OrangeMoney,rechargement,OUT,100.0,FCFA,3271.5,"Rechargement reussi. Montant de la transaction: 100 FCFA, ID transaction: RC240621.0007.B64836, Frais: 0 FCFA, Commission: 0 FCFA, Nouveau solde: 3271.5 FCFA"
USER_13,2024-06-29,13:27:10,OrangeMoney,retrait,OUT,2000.0,FCFA,1221.5,"Retrait d'argent reussi par le [PHONE_5664] avec le Code : 265687. Informations detaillees : Montant: 2000 FCFA, Frais: 50 FCFA, No de transaction CO240629.1327.B47424, montant net debite 2050 FCFA, Nouveau solde: 1221.5 FCFA."
USER_13,2024-07-08,0:14:15,OrangeMoney,transfert,OUT,500.0,FCFA,721.5,"Transfert de [PHONE_5169] [CONTACT_1ACA] vers [USER_13_phone] [USER_13] reussi. Details: ID transaction: PP240708.0014.B54772, Montant Transaction: 500FCFA, Frais: 0 FCFA, Commission: 0 FCFA, Montant Net: 500 FCFA, Nouveau Solde: 721.5 FCFA."
USER_13,2024-07-08,12:08:17,OrangeMoney,transfert,OUT,200.0,FCFA,521.5,"Transfert de [PHONE_3768] [CONTACT_B2B5] vers [USER_13_phone] [USER_13] reussi. Details: ID transaction: PP240708.1208.C87423, Montant Transaction: 200FCFA, Frais: 0 FCFA, Commission: 0 FCFA, Montant Net: 200 FCFA, Nouveau Solde: 521.5 FCFA."
USER_13,2024-07-12,19:39:10,OrangeMoney,transfert,OUT,20300.0,FCFA,20321.5,"Transfert de [PHONE_6972] [CONTACT_6DB4] vers [USER_13_phone] [USER_13] reussi. Details: ID transaction: PP240712.1939.A53318, Montant Transaction: 20300FCFA, Frais: 0 FCFA, Commission: 0 FCFA, Montant Net: 20300 FCFA, Nouveau Solde: 20321.5 FCFA."
USER_13,2024-07-12,21:57:01,OrangeMoney,retrait,OUT,2000.0,FCFA,18271.5,"Retrait d'argent reussi par le [PHONE_9341] avec le Code : 243669. Informations detaillees : Montant: 2000 FCFA, Frais: 50 FCFA, No de transaction CO240712.2156.B59768, montant net debite 2050 FCFA, Nouveau solde: 18271.5 FCFA."
USER_13,2024-07-13,10:07:26,OrangeMoney,transfert,OUT,500.0,FCFA,15669.0,"Transfert de [USER_13_phone] [USER_13] vers [PHONE_6487] Ipouk reussi. ID transaction: PP240713.1007.A19009, Montant Transaction: 500 FCFA, Frais: 2.5 FCFA, Commission: 0 FCFA, Montant Net: 502.5 FCFA, Nouveau Solde: 15669 FCFA."
USER_13,2024-07-19,20:28:37,OrangeMoney,depot,IN,2000.0,FCFA,15569.0,"Depot effectue par [PHONE_2452] [CONTACT_3285] to [USER_13_phone] [USER_13]. Informations detaillees: Montant de transaction : 2000 FCFA, ID transaction : CI240719.2028.B67291, Frais : 0 FCFA, Commission : 0 FCFA, Montant Net du Credit : 2000 FCFA, Nouveau Solde : 15569 FCFA."
USER_13,2024-07-20,12:25:42,OrangeMoney,transfert,OUT,748.0,FCFA,14817.26,"Transfert de [USER_13_phone] [USER_13] vers [PHONE_3768] [CONTACT_B2B5] reussi. ID transaction: PP240720.1225.B69896, Montant Transaction: 748 FCFA, Frais: 3.74 FCFA, Commission: 0 FCFA, Montant Net: 751.74 FCFA, Nouveau Solde: 14817.26 FCFA."
USER_13,2024-07-20,13:07:03,OrangeMoney,transfert,OUT,748.0,FCFA,14065.52,"Transfert de [USER_13_phone] [USER_13] vers [PHONE_6044] [CONTACT_D626] reussi. ID transaction: PP240720.1306.A93262, Montant Transaction: 748 FCFA, Frais: 3.74 FCFA, Commission: 0 FCFA, Montant Net: 751.74 FCFA, Nouveau Solde: 14065.52 FCFA."
USER_13,2024-07-21,13:35:58,OrangeMoney,retrait,OUT,2000.0,FCFA,12015.52,"Retrait d'argent reussi par le [PHONE_7683] avec le Code : 609116. Informations detaillees : Montant: 2000 FCFA, Frais: 50 FCFA, No de transaction CO240721.1333.B46983, montant net debite 2050 FCFA, Nouveau solde: 12015.52 FCFA."
USER_13,2024-08-07,8:39:53,OrangeMoney,retrait,OUT,2000.0,FCFA,5805.52,"Retrait d'argent reussi par le [PHONE_5664] avec le Code : 265687. Informations detaillees : Montant: 2000 FCFA, Frais: 50 FCFA, No de transaction CO240807.0839.B21444, montant net debite 2050 FCFA, Nouveau solde: 5805.52 FCFA."
USER_13,2024-08-08,17:06:20,OrangeMoney,transfert,OUT,15000.0,FCFA,18705.52,"Transfert de [PHONE_6150] [CONTACT_E69C] vers [USER_13_phone] [USER_13] reussi. Details: ID transaction: PP240808.1701.D99704, Montant Transaction: 15000FCFA, Frais: 0 FCFA, Commission: 0 FCFA, Montant Net: 15000 FCFA, Nouveau Solde: 18705.52 FCFA."
USER_13,2024-08-17,20:26:01,OrangeMoney,transfert,OUT,3000.0,FCFA,13590.52,"Transfert de [USER_13_phone] [USER_13] vers [PHONE_2401] [CONTACT_AD14] reussi. ID transaction: PP240817.2025.B09150, Montant Transaction: 3000 FCFA, Frais: 15 FCFA, Commission: 0 FCFA, Montant Net: 3015 FCFA, Nouveau Solde: 13590.52 FCFA."
USER_13,2024-08-28,20:08:42,OrangeMoney,transfert,OUT,2000.0,FCFA,2390.52,"Transfert de [PHONE_9183] [CONTACT_7FB6] vers [USER_13_phone] [USER_13] reussi. Details: ID transaction: PP240828.2008.B08941, Montant Transaction: 2000FCFA, Frais: 0 FCFA, Commission: 0 FCFA, Montant Net: 2000 FCFA, Nouveau Solde: 2390.52 FCFA."
USER_13,2024-09-02,9:08:37,OrangeMoney,depot,IN,5000.0,FCFA,5290.52,"Depot effectue par [PHONE_6597] [CONTACT_7B9E] to [USER_13_phone] [USER_13]. Informations detaillees: Montant de transaction : 5000 FCFA, ID transaction : CI240902.0908.B53516, Frais : 0 FCFA, Commission : 0 FCFA, Montant Net du Credit : 5000 FCFA, Nouveau Solde : 5290.52 FCFA."
USER_13,2024-09-25,9:06:18,OrangeMoney,depot,IN,2000.0,FCFA,4240.52,"Depot effectue par [PHONE_5664] [CONTACT_7B9E] to [USER_13_phone] [USER_13]. Informations detaillees: Montant de transaction : 2000 FCFA, ID transaction : CI240925.0906.B91346, Frais : 0 FCFA, Commission : 0 FCFA, Montant Net du Credit : 2000 FCFA, Nouveau Solde : 4240.52 FCFA."
USER_13,2024-09-25,9:19:20,OrangeMoney,retrait,OUT,1500.0,FCFA,2390.52,"Retrait d'argent reussi par le [PHONE_7683] avec le Code : 609116. Informations detaillees : Montant: 1500 FCFA, Frais: 50 FCFA, No de transaction CO240925.0916.B06413, montant net debite 1550 FCFA, Nouveau solde: 2390.52 FCFA."
USER_13,2024-09-25,21:59:47,OrangeMoney,transfert,OUT,500.0,FCFA,1888.02,"Transfert de [USER_13_phone] [USER_13] vers [PHONE_5592] [CONTACT_C516] reussi. ID transaction: PP240925.2159.A65446, Montant Transaction: 500 FCFA, Frais: 2.5 FCFA, Commission: 0 FCFA, Montant Net: 502.5 FCFA, Nouveau Solde: 1888.02 FCFA."
USER_13,2024-10-06,19:26:32,OrangeMoney,transfert,OUT,2500.0,FCFA,2588.02,"Transfert de [PHONE_3071] [CONTACT_55E4] vers [USER_13_phone] [USER_13] reussi. Details: ID transaction: PP241006.1926.D54065, Montant Transaction: 2500FCFA, Frais: 0 FCFA, Commission: 0 FCFA, Montant Net: 2500 FCFA, Nouveau Solde: 2588.02 FCFA."
USER_13,2024-10-10,11:37:16,OrangeMoney,depot,IN,2000.0,FCFA,2488.02,"Depot effectue par [PHONE_6634] [CONTACT_6952] to [USER_13_phone] [USER_13]. Informations detaillees: Montant de transaction : 2000 FCFA, ID transaction : CI241010.1137.D65929, Frais : 0 FCFA, Commission : 0 FCFA, Montant Net du Credit : 2000 FCFA, Nouveau Solde : 2488.02 FCFA."
USER_13,2024-10-13,16:50:54,OrangeMoney,transfert,OUT,1000.0,FCFA,1008.02,"Transfert de [PHONE_0828] [CONTACT_17DD] vers [USER_13_phone] [USER_13] reussi. Details: ID transaction: PP241013.1650.D97318, Montant Transaction: 1000FCFA, Frais: 0 FCFA, Commission: 0 FCFA, Montant Net: 1000 FCFA, Nouveau Solde: 1008.02 FCFA."
USER_13,2024-10-21,11:21:52,OrangeMoney,depot,IN,2000.0,FCFA,2208.02,"Depot effectue par [PHONE_5664] [CONTACT_7B9E] to [USER_13_phone] [USER_13]. Informations detaillees: Montant de transaction : 2000 FCFA, ID transaction : CI241021.1121.L01242, Frais : 0 FCFA, Commission : 0 FCFA, Montant Net du Credit : 2000 FCFA, Nouveau Solde : 2208.02 FCFA."
USER_13,2024-10-21,13:38:48,OrangeMoney,retrait,OUT,1500.0,FCFA,658.02,"Retrait d'argent reussi par le [PHONE_7683] avec le Code : 609116. Informations detaillees : Montant: 1500 FCFA, Frais: 50 FCFA, No de transaction CO241021.1336.N86681, montant net debite 1550 FCFA, Nouveau solde: 658.02 FCFA."
USER_13,2024-11-02,20:32:40,OrangeMoney,transfert,OUT,4000.0,FCFA,4058.02,"Transfert de [PHONE_2981] [CONTACT_B341] vers [USER_13_phone] [USER_13] reussi. Details: ID transaction: PP241102.1932.A45694, Montant Transaction: 4000FCFA, Frais: 0 FCFA, Commission: 0 FCFA, Montant Net: 4000 FCFA, Nouveau Solde: 4058.02 FCFA."
USER_13,2024-11-06,8:47:42,OrangeMoney,transfert,OUT,5000.0,FCFA,8558.02,"Transfert de [PHONE_2981] [CONTACT_B341] vers [USER_13_phone] [USER_13] reussi. Details: ID transaction: PP241106.0847.A26318, Montant Transaction: 5000FCFA, Frais: 0 FCFA, Commission: 0 FCFA, Montant Net: 5000 FCFA, Nouveau Solde: 8558.02 FCFA."
USER_13,2024-11-10,7:20:31,OrangeMoney,transfert,OUT,1100.0,FCFA,7252.52,"Transfert de [USER_13_phone] [USER_13] vers [PHONE_5172] [CONTACT_71ED] reussi. ID transaction: PP241110.0720.B15725, Montant Transaction: 1100 FCFA, Frais: 5.5 FCFA, Commission: 0 FCFA, Montant Net: 1105.5 FCFA, Nouveau Solde: 7252.52 FCFA."
USER_13,2024-11-10,17:29:39,OrangeMoney,transfert,OUT,1100.0,FCFA,7852.52,"Transfert de [PHONE_5172] [CONTACT_71ED] vers [USER_13_phone] [USER_13] reussi. Details: ID transaction: PP241110.1729.A03447, Montant Transaction: 1100FCFA, Frais: 0 FCFA, Commission: 0 FCFA, Montant Net: 1100 FCFA, Nouveau Solde: 7852.52 FCFA."
USER_13,2024-11-26,19:26:22,OrangeMoney,transfert,OUT,1000.0,FCFA,1852.52,"Transfert de [PHONE_6972] [CONTACT_6DB4] vers [USER_13_phone] [USER_13] reussi. Details: ID transaction: PP241126.1926.C56731, Montant Transaction: 1000FCFA, Frais: 0 FCFA, Commission: 0 FCFA, Montant Net: 1000 FCFA, Nouveau Solde: 1852.52 FCFA."
USER_13,2024-11-26,19:33:45,OrangeMoney,retrait,OUT,1000.0,FCFA,802.52,"Retrait d'argent reussi par le [PHONE_7683] avec le Code : 609116. Informations detaillees : Montant: 1000 FCFA, Frais: 50 FCFA, No de transaction CO241126.1931.B95624, montant net debite 1050 FCFA, Nouveau solde: 802.52 FCFA."
USER_13,2024-12-10,7:08:30,OrangeMoney,depot,IN,10000.0,FCFA,10002.52,"Depot effectue par [PHONE_4652] kom tchonang to [USER_13_phone] [USER_13]. Informations detaillees: Montant de transaction : 10000 FCFA, ID transaction : CI241210.0708.A45756, Frais : 0 FCFA, Commission : 0 FCFA, Montant Net du Credit : 10000 FCFA, Nouveau Solde : 10002.52 FCFA."
USER_13,2024-12-10,19:16:19,OrangeMoney,transfert,OUT,1000.0,FCFA,7952.52,"Transfert de [USER_13_phone] [USER_13] vers [PHONE_5592] [CONTACT_C516] reussi. ID transaction: PP241210.1916.D65701, Montant Transaction: 1000 FCFA, Frais: 50 FCFA, Commission: 0 FCFA, Montant Net: 1050 FCFA, Nouveau Solde: 7952.52 FCFA."
USER_13,2024-12-19,19:43:37,OrangeMoney,depot,IN,1000.0,FCFA,5352.52,"Depot effectue par [PHONE_8645] [CONTACT_10B6] to [USER_13_phone] [USER_13]. Informations detaillees: Montant de transaction : 1000 FCFA, ID transaction : CI241219.1943.A11439, Frais : 0 FCFA, Commission : 0 FCFA, Montant Net du Credit : 1000 FCFA, Nouveau Solde : 5352.52 FCFA."
USER_13,2024-12-21,17:20:39,OrangeMoney,transfert,OUT,2000.0,FCFA,3302.52,"Transfert de [USER_13_phone] [USER_13] vers [PHONE_5172] [CONTACT_71ED] reussi. ID transaction: PP241221.1720.B56479, Montant Transaction: 2000 FCFA, Frais: 50 FCFA, Commission: 0 FCFA, Montant Net: 2050 FCFA, Nouveau Solde: 3302.52 FCFA."
USER_13,2024-12-23,15:40:22,OrangeMoney,depot,IN,2000.0,FCFA,5302.52,"Depot effectue par [PHONE_2359] [CONTACT_6398] to [USER_13_phone] [USER_13]. Informations detaillees: Montant de transaction : 2000 FCFA, ID transaction : CI241223.1540.B07474, Frais : 0 FCFA, Commission : 0 FCFA, Montant Net du Credit : 2000 FCFA, Nouveau Solde : 5302.52 FCFA."
USER_13,2025-01-03,22:05:53,OrangeMoney,depot,IN,2000.0,FCFA,2402.52,"Depot effectue par [PHONE_7683] [CONTACT_0218] to [USER_13_phone] [USER_13]. Informations detaillees: Montant de transaction : 2000 FCFA, ID transaction : CI250103.2205.D73198, Frais : 0 FCFA, Commission : 0 FCFA, Montant Net du Credit : 2000 FCFA, Nouveau Solde : 2402.52 FCFA."
USER_13,2025-01-03,22:17:48,OrangeMoney,retrait,OUT,1400.0,FCFA,948.52,"Retrait d'argent reussi par le [PHONE_7683] avec le Code : 609116. Informations detaillees : Montant: 1400 FCFA, Frais: 54 FCFA, No de transaction CO250103.2215.B42010, montant net debite 1454 FCFA, Nouveau solde: 948.52 FCFA."
USER_13,2025-01-08,19:07:25,OrangeMoney,retrait,OUT,600.0,FCFA,294.52,"Retrait d'argent reussi par le [PHONE_7683] avec le Code : 609116. Informations detaillees : Montant: 600 FCFA, Frais: 54 FCFA, No de transaction CO250108.1904.D53221, montant net debite 654 FCFA, Nouveau solde: 294.52 FCFA."
USER_13,2025-01-09,8:35:53,OrangeMoney,transfert,OUT,2560.0,FCFA,2854.52,"Transfert de [PHONE_7222] [CONTACT_0EF4] vers [USER_13_phone] [USER_13] reussi. Details: ID transaction: PP250109.0835.B67725, Montant Transaction: 2560FCFA, Frais: 0 FCFA, Commission: 0 FCFA, Montant Net: 2560 FCFA, Nouveau Solde: 2854.52 FCFA."
USER_13,2025-01-18,23:46:49,OrangeMoney,transfert,OUT,5000.0,FCFA,5052.52,"Transfert de [PHONE_1687] [CONTACT_68BD] vers [USER_13_phone] [USER_13] reussi. Details: ID transaction: PP250118.2346.D68365, Montant Transaction: 5000FCFA, Frais: 0 FCFA, Commission: 0 FCFA, Montant Net: 5000 FCFA, Nouveau Solde: 5052.52 FCFA."
USER_13,2025-01-20,8:21:24,OrangeMoney,transfert,OUT,2000.0,FCFA,898.52,"Transfert de [USER_13_phone] [USER_13] vers [PHONE_2742] [CONTACT_AA06] reussi. ID transaction: PP250120.0821.C25639, Montant Transaction: 2000 FCFA, Frais: 54 FCFA, Commission: 0 FCFA, Montant Net: 2054 FCFA, Nouveau Solde: 898.52 FCFA."
USER_13,2025-02-01,16:29:10,OrangeMoney,transfert,OUT,2000.0,FCFA,2198.52,"Transfert de [PHONE_9183] [CONTACT_7FB6] vers [USER_13_phone] [USER_13] reussi. Details: ID transaction: PP250201.1629.C99474, Montant Transaction: 2000FCFA, Frais: 0 FCFA, Commission: 0 FCFA, Montant Net: 2000 FCFA, Nouveau Solde: 2198.52 FCFA."
USER_13,2025-02-01,16:31:29,OrangeMoney,transfert,OUT,1550.0,FCFA,594.52,"Transfert de [USER_13_phone] [USER_13] vers [PHONE_3534] [CONTACT_422E] reussi. ID transaction: PP250201.1631.A99692, Montant Transaction: 1550 FCFA, Frais: 54 FCFA, Commission: 0 FCFA, Montant Net: 1604 FCFA, Nouveau Solde: 594.52 FCFA."
USER_13,2025-02-26,10:21:25,OrangeMoney,depot,IN,3000.0,FCFA,3034.52,"Depot effectue par [PHONE_5664] [CONTACT_7B9E] to [USER_13_phone] [USER_13]. Informations detaillees: Montant de transaction : 3000 FCFA, ID transaction : CI250226.1021.A43296, Frais : 0 FCFA, Commission : 0 FCFA, Montant Net du Credit : 3000 FCFA, Nouveau Solde : 3034.52 FCFA."
USER_13,2025-02-26,10:22:45,OrangeMoney,rechargement,OUT,2100.0,FCFA,934.52,"Rechargement reussi. Montant de la transaction: 2100 FCFA, ID transaction: RC250226.1022.A60841, Frais: 0 FCFA, Commission: 0 FCFA, Nouveau solde: 934.52 FCFA"
USER_13,2025-03-04,13:27:15,OrangeMoney,depot,IN,3000.0,FCFA,3004.52,"Depot effectue par [PHONE_5664] [CONTACT_7B9E] to [USER_13_phone] [USER_13]. Informations detaillees: Montant de transaction : 3000 FCFA, ID transaction : CI250304.1327.C73403, Frais : 0 FCFA, Commission : 0 FCFA, Montant Net du Credit : 3000 FCFA, Nouveau Solde : 3004.52 FCFA."
USER_13,2025-03-04,13:28:57,OrangeMoney,rechargement,OUT,2100.0,FCFA,904.52,"Rechargement reussi. Montant de la transaction: 2100 FCFA, ID transaction: RC250304.1328.B42327, Frais: 0 FCFA, Commission: 0 FCFA, Nouveau solde: 904.52 FCFA"
USER_13,2025-03-09,16:24:17,OrangeMoney,rechargement,OUT,400.0,FCFA,4.52,"Rechargement reussi. Montant de la transaction: 400 FCFA, ID transaction: RC250309.1624.C06862, Frais: 0 FCFA, Commission: 0 FCFA, Nouveau solde: 4.52 FCFA"
USER_13,2025-04-22,17:37:16,OrangeMoney,depot,IN,3000.0,FCFA,3004.52,"Depot effectue par [PHONE_4434] [CONTACT_80AC] to [USER_13_phone] [USER_13]. Informations detaillees: Montant de transaction : 3000 FCFA, ID transaction : CI250422.1737.D53165, Frais : 0 FCFA, Commission : 0 FCFA, Montant Net du Credit : 3000 FCFA, Nouveau Solde : 3004.52 FCFA."
USER_13,2025-04-23,4:54:20,OrangeMoney,retrait,OUT,1500.0,FCFA,1450.52,"Retrait d'argent reussi par le [PHONE_7683] avec le Code : 609116. Informations detaillees : Montant: 1500 FCFA, Frais: 54 FCFA, No de transaction CO250423.0451.C75691, montant net debite 1554 FCFA, Nouveau solde: 1450.52 FCFA."
USER_13,2025-04-23,5:00:08,OrangeMoney,retrait,OUT,500.0,FCFA,896.52,"Retrait d'argent reussi par le [PHONE_7683] avec le Code : 609116. Informations detaillees : Montant: 500 FCFA, Frais: 54 FCFA, No de transaction CO250423.0457.A69330, montant net debite 554 FCFA, Nouveau solde: 896.52 FCFA."
USER_13,2025-04-25,15:43:21,OrangeMoney,depot,IN,10000.0,FCFA,10294.52,"Depot effectue par [PHONE_8385] [CONTACT_589D] to [USER_13_phone] [USER_13]. Informations detaillees: Montant de transaction : 10000 FCFA, ID transaction : CI250425.1543.D96481, Frais : 0 FCFA, Commission : 0 FCFA, Montant Net du Credit : 10000 FCFA, Nouveau Solde : 10294.52 FCFA."
USER_13,2025-05-01,9:14:58,OrangeMoney,transfert,OUT,5100.0,FCFA,3040.52,"Transfert de [USER_13_phone] [USER_13] vers [PHONE_5611] [CONTACT_EDFA] reussi. ID transaction: PP250501.0914.D35651, Montant Transaction: 5100 FCFA, Frais: 54 FCFA, Commission: 0 FCFA, Montant Net: 5154 FCFA, Nouveau Solde: 3040.52 FCFA."
USER_13,2025-05-01,10:08:29,OrangeMoney,transfert,OUT,5000.0,FCFA,8040.52,"Transfert de [PHONE_6764] [CONTACT_7A40] MENYIE vers [USER_13_phone] [USER_13] reussi. Details: ID transaction: PP250501.1008.A68116, Montant Transaction: 5000FCFA, Frais: 0 FCFA, Commission: 0 FCFA, Montant Net: 5000 FCFA, Nouveau Solde: 8040.52 FCFA."
USER_13,2025-05-01,15:02:36,OrangeMoney,transfert,OUT,2100.0,FCFA,5886.52,"Transfert de [USER_13_phone] [USER_13] vers [PHONE_6331] [CONTACT_373D] reussi. ID transaction: PP250501.1502.A45395, Montant Transaction: 2100 FCFA, Frais: 54 FCFA, Commission: 0 FCFA, Montant Net: 2154 FCFA, Nouveau Solde: 5886.52 FCFA."
USER_13,2025-05-02,12:21:29,OrangeMoney,transfert,OUT,2050.0,FCFA,7936.52,"Transfert de [PHONE_2560] K BEL vers [USER_13_phone] [USER_13] reussi. Details: ID transaction: PP250502.1221.D98777, Montant Transaction: 2050FCFA, Frais: 0 FCFA, Commission: 0 FCFA, Montant Net: 2050 FCFA, Nouveau Solde: 7936.52 FCFA."
USER_13,2025-05-07,10:33:03,OrangeMoney,transfert,OUT,10154.0,FCFA,10580.52,"Transfert de [PHONE_9400] [CONTACT_947F] vers [USER_13_phone] [USER_13] reussi. Details: ID transaction: PP250507.1033.A23330, Montant Transaction: 10154FCFA, Frais: 0 FCFA, Commission: 0 FCFA, Montant Net: 10154 FCFA, Nouveau Solde: 10580.52 FCFA."
USER_13,2025-05-11,17:06:56,OrangeMoney,depot,IN,3000.0,FCFA,3380.52,"Depot effectue par [PHONE_7017] [CONTACT_1BDE] to [USER_13_phone] [USER_13]. Informations detaillees: Montant de transaction : 3000 FCFA, ID transaction : CI250511.1704.A10600, Frais : 0 FCFA, Commission : 0 FCFA, Montant Net du Credit : 3000 FCFA, Nouveau Solde : 3380.52 FCFA."
USER_13,2025-05-15,11:45:55,OrangeMoney,depot,IN,100000.0,FCFA,101280.52,"Depot effectue par [PHONE_1969] [CONTACT_C233] to [USER_13_phone] [USER_13]. Informations detaillees: Montant de transaction : 100000 FCFA, ID transaction : CI250515.1145.B59207, Frais : 0 FCFA, Commission : 0 FCFA, Montant Net du Credit : 100000 FCFA, Nouveau Solde : 101280.52 FCFA."
USER_13,2025-05-18,10:50:57,OrangeMoney,depot,IN,3000.0,FCFA,103080.52,"Depot effectue par [PHONE_1859] [CONTACT_2783] to [USER_13_phone] [USER_13]. Informations detaillees: Montant de transaction : 3000 FCFA, ID transaction : CI250518.1033.C35063, Frais : 0 FCFA, Commission : 0 FCFA, Montant Net du Credit : 3000 FCFA, Nouveau Solde : 103080.52 FCFA."
USER_13,2025-05-18,11:01:49,OrangeMoney,retrait,OUT,100000.0,FCFA,1576.52,"Retrait d'argent reussi par le [PHONE_9669] avec le Code : 148159. Informations detaillees : Montant: 100000 FCFA, Frais: 1504 FCFA, No de transaction CO250518.1101.D17571, montant net debite 101504 FCFA, Nouveau solde: 1576.52 FCFA."
USER_13,2025-05-18,12:30:10,OrangeMoney,depot,IN,1000.0,FCFA,2576.52,"Depot effectue par [PHONE_2071] [CONTACT_7CFB] to [USER_13_phone] [USER_13]. Informations detaillees: Montant de transaction : 1000 FCFA, ID transaction : CI250518.1227.C64797, Frais : 0 FCFA, Commission : 0 FCFA, Montant Net du Credit : 1000 FCFA, Nouveau Solde : 2576.52 FCFA."
USER_13,2025-05-25,8:45:31,OrangeMoney,depot,IN,2000.0,FCFA,2476.52,"Depot effectue par [PHONE_3608] [CONTACT_4A3B] to [USER_13_phone] [USER_13]. Informations detaillees: Montant de transaction : 2000 FCFA, ID transaction : CI250525.0845.B77302, Frais : 0 FCFA, Commission : 0 FCFA, Montant Net du Credit : 2000 FCFA, Nouveau Solde : 2476.52 FCFA."
USER_13,2025-05-29,11:06:24,OrangeMoney,depot,IN,5000.0,FCFA,5376.52,"Depot effectue par [PHONE_5664] [CONTACT_7B9E] to [USER_13_phone] [USER_13]. Informations detaillees: Montant de transaction : 5000 FCFA, ID transaction : CI250529.1106.A92357, Frais : 0 FCFA, Commission : 0 FCFA, Montant Net du Credit : 5000 FCFA, Nouveau Solde : 5376.52 FCFA."
USER_13,2025-06-02,8:03:19,OrangeMoney,transfert,OUT,15000.0,FCFA,16176.52,"Transfert de [PHONE_3071] [CONTACT_55E4] vers [USER_13_phone] [USER_13] reussi. Details: ID transaction: PP250602.0803.D54876, Montant Transaction: 15000FCFA, Frais: 0 FCFA, Commission: 0 FCFA, Montant Net: 15000 FCFA, Nouveau Solde: 16176.52 FCFA."
USER_13,2025-06-05,19:18:09,OrangeMoney,retrait,OUT,2000.0,FCFA,13612.52,"Retrait d'argent reussi par le [PHONE_6597] avec le Code : 293083. Informations detaillees : Montant: 2000 FCFA, Frais: 54 FCFA, No de transaction CO250605.1918.D03538, montant net debite 2054 FCFA, Nouveau solde: 13612.52 FCFA."
USER_13,2025-06-14,14:34:51,OrangeMoney,transfert,OUT,2000.0,FCFA,3150.52,"Transfert de [PHONE_8817] [CONTACT_E6F4] vers [USER_13_phone] [USER_13] reussi. Details: ID transaction: PP250614.1434.D35141, Montant Transaction: 2000FCFA, Frais: 0 FCFA, Commission: 0 FCFA, Montant Net: 2000 FCFA, Nouveau Solde: 3150.52 FCFA."
USER_13,2025-06-18,7:19:35,OrangeMoney,retrait,OUT,1100.0,FCFA,1690.52,"Retrait d'argent reussi par le [PHONE_6664] avec le Code : 350834. Informations detaillees : Montant: 1100 FCFA, Frais: 54 FCFA, No de transaction CO250618.0719.C26519, montant net debite 1154 FCFA, Nouveau solde: 1690.52 FCFA."
USER_13,2025-06-27,10:20:16,OrangeMoney,depot,IN,2000.0,FCFA,2490.52,"Depot effectue par [PHONE_7669] [CONTACT_46B6] to [USER_13_phone] [USER_13]. Informations detaillees: Montant de transaction : 2000 FCFA, ID transaction : CI250627.1018.B29534, Frais : 0 FCFA, Commission : 0 FCFA, Montant Net du Credit : 2000 FCFA, Nouveau Solde : 2490.52 FCFA."
USER_13,2025-07-03,11:46:26,OrangeMoney,transfert,OUT,500.0,FCFA,690.52,"Transfert de [PHONE_9183] [CONTACT_7FB6] vers [USER_13_phone] [USER_13] reussi. Details: ID transaction: PP250703.1146.A33027, Montant Transaction: 500FCFA, Frais: 0 FCFA, Commission: 0 FCFA, Montant Net: 500 FCFA, Nouveau Solde: 690.52 FCFA."
USER_13,2025-07-17,17:00:04,OrangeMoney,transfert,OUT,35529.0,FCFA,35719.52,"Transfert de [PHONE_3071] [CONTACT_55E4] vers [USER_13_phone] [USER_13] reussi. Details: ID transaction: PP250717.1700.D00537, Montant Transaction: 35529FCFA, Frais: 0 FCFA, Commission: 0 FCFA, Montant Net: 35529 FCFA, Nouveau Solde: 35719.52 FCFA."
USER_13,2025-07-17,17:10:45,OrangeMoney,retrait,OUT,35000.0,FCFA,190.52,"Retrait d'argent reussi par le [PHONE_5664] avec le Code : 265687. Informations detaillees : Montant: 35000 FCFA, Frais: 529 FCFA, No de transaction CO250717.1710.A01416, montant net debite 35529 FCFA, Nouveau solde: 190.52 FCFA."
USER_13,2025-07-23,10:06:44,OrangeMoney,depot,IN,5000.0,FCFA,5190.52,"Depot effectue par [PHONE_1889] [CONTACT_A5E4] to [USER_13_phone] [USER_13]. Informations detaillees: Montant de transaction : 5000 FCFA, ID transaction : CI250723.1006.B42325, Frais : 0 FCFA, Commission : 0 FCFA, Montant Net du Credit : 5000 FCFA, Nouveau Solde : 5190.52 FCFA."
USER_13,2025-07-24,11:22:34,OrangeMoney,depot,IN,3200.0,FCFA,5290.52,"Depot effectue par [PHONE_6587] [CONTACT_1FC1] to [USER_13_phone] [USER_13]. Informations detaillees: Montant de transaction : 3200 FCFA, ID transaction : CI250724.1122.D68136, Frais : 0 FCFA, Commission : 0 FCFA, Montant Net du Credit : 3200 FCFA, Nouveau Solde : 5290.52 FCFA."
USER_13,2025-07-29,18:52:05,OrangeMoney,transfert,OUT,2000.0,FCFA,1136.52,"Transfert de [USER_13_phone] [USER_13] vers [PHONE_2981] [CONTACT_B341] reussi. ID transaction: PP250729.1852.C41054, Montant Transaction: 2000 FCFA, Frais: 54 FCFA, Commission: 0 FCFA, Montant Net: 2054 FCFA, Nouveau Solde: 1136.52 FCFA."
USER_13,2025-08-01,14:28:33,OrangeMoney,depot,IN,2500.0,FCFA,2616.52,"Depot effectue par [PHONE_5430] [CONTACT_72C6] to [USER_13_phone] [USER_13]. Informations detaillees: Montant de transaction : 2500 FCFA, ID transaction : CI250801.1426.C85016, Frais : 0 FCFA, Commission : 0 FCFA, Montant Net du Credit : 2500 FCFA, Nouveau Solde : 2616.52 FCFA."
USER_13,2025-08-01,17:04:07,OrangeMoney,transfert,OUT,10000.0,FCFA,10316.52,"Transfert de [PHONE_1058] [CONTACT_CF35] vers [USER_13_phone] [USER_13] reussi. Details: ID transaction: PP250801.1650.A38339, Montant Transaction: 10000FCFA, Frais: 0 FCFA, Commission: 0 FCFA, Montant Net: 10000 FCFA, Nouveau Solde: 10316.52 FCFA."
USER_13,2025-08-01,17:14:28,OrangeMoney,paiement,OUT,800.0,FCFA,4289.52,"Vous venez d'effectuer un paiement chez MANDENG d'un montant de 800 FCFA.  Reference de la transaction: SM250801.1714.B94579, Frais: 25 FCFA, Montant net debite: 825 FCFA. Nouveau Solde: 4289.52 FCFA. Orange Money vous remercie."
USER_13,2025-08-08,19:33:21,OrangeMoney,transfert,OUT,500.0,FCFA,1635.52,"Transfert de [USER_13_phone] [USER_13] vers [PHONE_9183] [CONTACT_7FB6] reussi. ID transaction: PP250808.1933.D30771, Montant Transaction: 500 FCFA, Frais: 54 FCFA, Commission: 0 FCFA, Montant Net: 554 FCFA, Nouveau Solde: 1635.52 FCFA."
USER_13,2025-08-22,11:09:37,OrangeMoney,depot,IN,30000.0,FCFA,31635.52,"Depot effectue par [PHONE_3608] [CONTACT_4A3B] to [USER_13_phone] [USER_13]. Informations detaillees: Montant de transaction : 30000 FCFA, ID transaction : CI250822.1109.D07412, Frais : 0 FCFA, Commission : 0 FCFA, Montant Net du Credit : 30000 FCFA, Nouveau Solde : 31635.52 FCFA."
USER_13,2025-08-23,12:17:07,OrangeMoney,retrait,OUT,5000.0,FCFA,26556.52,"Retrait d'argent reussi par le [PHONE_5664] avec le Code : 265687. Informations detaillees : Montant: 5000 FCFA, Frais: 79 FCFA, No de transaction CO250823.1217.B71359, montant net debite 5079 FCFA, Nouveau solde: 26556.52 FCFA."
USER_13,2025-08-23,15:01:46,OrangeMoney,transfert,OUT,3850.0,FCFA,15532.52,"Transfert de [USER_13_phone] [USER_13] vers [PHONE_2198] [CONTACT_5DDF] reussi. ID transaction: PP250823.1501.B74201, Montant Transaction: 3850 FCFA, Frais: 54 FCFA, Commission: 0 FCFA, Montant Net: 3904 FCFA, Nouveau Solde: 15532.52 FCFA."
USER_13,2025-08-24,21:50:47,OrangeMoney,transfert,OUT,5075.0,FCFA,20607.52,"Transfert de [PHONE_4945] [CONTACT_B7D5] vers [USER_13_phone] [USER_13] reussi. Details: ID transaction: PP250824.2150.C79431, Montant Transaction: 5075FCFA, Frais: 0 FCFA, Commission: 0 FCFA, Montant Net: 5075 FCFA, Nouveau Solde: 20607.52 FCFA."
USER_13,2025-08-30,21:20:45,OrangeMoney,transfert,OUT,3000.0,FCFA,7553.52,"Transfert de [USER_13_phone] [USER_13] vers [PHONE_6678] [CONTACT_A56C] reussi. ID transaction: PP250830.2120.D04081, Montant Transaction: 3000 FCFA, Frais: 54 FCFA, Commission: 0 FCFA, Montant Net: 3054 FCFA, Nouveau Solde: 7553.52 FCFA."
USER_13,2025-09-01,10:23:35,OrangeMoney,depot,IN,5000.0,FCFA,12553.52,"Depot effectue par [PHONE_7011] [CONTACT_A4E2] 14 to [USER_13_phone] [USER_13]. Informations detaillees: Montant de transaction : 5000 FCFA, ID transaction : CI250901.1023.B60745, Frais : 0 FCFA, Commission : 0 FCFA, Montant Net du Credit : 5000 FCFA, Nouveau Solde : 12553.52 FCFA."
USER_13,2025-09-01,20:34:47,OrangeMoney,retrait,OUT,2100.0,FCFA,10399.52,"Retrait d'argent reussi par le [PHONE_8677] avec le Code : 373742. Informations detaillees : Montant: 2100 FCFA, Frais: 54 FCFA, No de transaction CO250901.2034.B63277, montant net debite 2154 FCFA, Nouveau solde: 10399.52 FCFA."
USER_13,2025-09-03,13:50:44,OrangeMoney,transfert,OUT,5000.0,FCFA,5345.52,"Transfert de [USER_13_phone] [USER_13] vers [PHONE_3706] [CONTACT_7180] reussi. ID transaction: PP250903.1350.C65705, Montant Transaction: 5000 FCFA, Frais: 54 FCFA, Commission: 0 FCFA, Montant Net: 5054 FCFA, Nouveau Solde: 5345.52 FCFA."
USER_13,2025-09-03,14:52:31,OrangeMoney,retrait,OUT,2000.0,FCFA,3291.52,"Retrait d'argent reussi par le [PHONE_5664] avec le Code : 265687. Informations detaillees : Montant: 2000 FCFA, Frais: 54 FCFA, No de transaction CO250903.1452.D71078, montant net debite 2054 FCFA, Nouveau solde: 3291.52 FCFA."
USER_13,2025-09-06,14:57:02,OrangeMoney,transfert,OUT,1054.0,FCFA,3845.52,"Transfert de [PHONE_2981] [CONTACT_B341] vers [USER_13_phone] [USER_13] reussi. Details: ID transaction: PP250906.1457.A86346, Montant Transaction: 1054FCFA, Frais: 0 FCFA, Commission: 0 FCFA, Montant Net: 1054 FCFA, Nouveau Solde: 3845.52 FCFA."
USER_13,2025-09-06,15:20:37,OrangeMoney,transfert,OUT,3000.0,FCFA,791.52,"Transfert de [USER_13_phone] [USER_13] vers [PHONE_6331] [CONTACT_373D] reussi. ID transaction: PP250906.1520.D08836, Montant Transaction: 3000 FCFA, Frais: 54 FCFA, Commission: 0 FCFA, Montant Net: 3054 FCFA, Nouveau Solde: 791.52 FCFA."
USER_13,2025-09-08,21:23:58,OrangeMoney,transfert,OUT,300.0,FCFA,591.52,"Transfert de [PHONE_9183] [CONTACT_7FB6] vers [USER_13_phone] [USER_13] reussi. Details: ID transaction: PP250908.2123.B29187, Montant Transaction: 300FCFA, Frais: 0 FCFA, Commission: 0 FCFA, Montant Net: 300 FCFA, Nouveau Solde: 591.52 FCFA."
USER_13,2025-09-16,11:26:31,OrangeMoney,depot,IN,5000.0,FCFA,5091.52,"Depot effectue par [PHONE_9365] [CONTACT_AE57] to [USER_13_phone] [USER_13]. Informations detaillees: Montant de transaction : 5000 FCFA, ID transaction : CI250916.1116.A27956, Frais : 0 FCFA, Commission : 0 FCFA, Montant Net du Credit : 5000 FCFA, Nouveau Solde : 5091.52 FCFA."
USER_13,2025-09-18,19:34:53,OrangeMoney,retrait,OUT,2000.0,FCFA,937.52,"Retrait d'argent reussi par le [PHONE_8919] avec le Code : 897062. Informations detaillees : Montant: 2000 FCFA, Frais: 54 FCFA, No de transaction CO250918.1934.C83439, montant net debite 2054 FCFA, Nouveau solde: 937.52 FCFA."
USER_13,2025-09-25,22:35:58,OrangeMoney,transfert,OUT,1054.0,FCFA,1087.52,"Transfert de [PHONE_2511] [CONTACT_7A71] vers [USER_13_phone] [USER_13] reussi. Details: ID transaction: PP250925.2235.A99306, Montant Transaction: 1054FCFA, Frais: 0 FCFA, Commission: 0 FCFA, Montant Net: 1054 FCFA, Nouveau Solde: 1087.52 FCFA."
USER_13,2025-09-27,20:19:53,OrangeMoney,rechargement,OUT,400.0,FCFA,87.52,"Rechargement reussi. Montant de la transaction: 400 FCFA, ID transaction: RC250927.2019.C16656, Frais: 0 FCFA, Commission: 0 FCFA, Nouveau solde: 87.52 FCFA"
USER_13,2025-10-01,1:04:12,OrangeMoney,transfert,OUT,1000.0,FCFA,1007.52,"Transfert de [PHONE_5169] [CONTACT_1ACA] vers [USER_13_phone] [USER_13] reussi. Details: ID transaction: PP251001.0104.A01854, Montant Transaction: 1000FCFA, Frais: 0 FCFA, Commission: 0 FCFA, Montant Net: 1000 FCFA, Nouveau Solde: 1007.52 FCFA."
USER_13,2025-10-02,10:10:48,OrangeMoney,transfert,OUT,2000.0,FCFA,2257.52,"Transfert de [PHONE_9183] [CONTACT_7FB6] vers [USER_13_phone] [USER_13] reussi. Details: ID transaction: PP251002.1010.C42698, Montant Transaction: 2000FCFA, Frais: 0 FCFA, Commission: 0 FCFA, Montant Net: 2000 FCFA, Nouveau Solde: 2257.52 FCFA."
USER_13,2025-10-07,21:11:12,OrangeMoney,transfert,OUT,500.0,FCFA,557.52,"Transfert de [PHONE_9183] [CONTACT_7FB6] vers [USER_13_phone] [USER_13] reussi. Details: ID transaction: PP251007.2103.A99756, Montant Transaction: 500FCFA, Frais: 0 FCFA, Commission: 0 FCFA, Montant Net: 500 FCFA, Nouveau Solde: 557.52 FCFA."
USER_13,2025-10-08,22:19:58,OrangeMoney,transfert,OUT,200.0,FCFA,307.52,"Transfert de [PHONE_9183] [CONTACT_7FB6] vers [USER_13_phone] [USER_13] reussi. Details: ID transaction: PP251008.2219.C69320, Montant Transaction: 200FCFA, Frais: 0 FCFA, Commission: 0 FCFA, Montant Net: 200 FCFA, Nouveau Solde: 307.52 FCFA."
USER_13,2025-10-11,19:43:27,OrangeMoney,transfert,OUT,1000.0,FCFA,1107.52,"Transfert de [PHONE_3071] [CONTACT_55E4] vers [USER_13_phone] [USER_13] reussi. Details: ID transaction: PP251011.1943.A15634, Montant Transaction: 1000FCFA, Frais: 0 FCFA, Commission: 0 FCFA, Montant Net: 1000 FCFA, Nouveau Solde: 1107.52 FCFA."
USER_13,2025-10-13,10:17:49,OrangeMoney,depot,IN,2100.0,FCFA,2107.52,"Depot effectue par [PHONE_4345] [CONTACT_90E9] to [USER_13_phone] [USER_13]. Informations detaillees: Montant de transaction : 2100 FCFA, ID transaction : CI251013.1000.B00333, Frais : 0 FCFA, Commission : 0 FCFA, Montant Net du Credit : 2100 FCFA, Nouveau Solde : 2107.52 FCFA."
USER_13,2025-10-15,12:05:54,OrangeMoney,depot,IN,2500.0,FCFA,2507.52,"Depot effectue par [PHONE_1859] [CONTACT_2783] to [USER_13_phone] [USER_13]. Informations detaillees: Montant de transaction : 2500 FCFA, ID transaction : CI251015.1203.D06397, Frais : 0 FCFA, Commission : 0 FCFA, Montant Net du Credit : 2500 FCFA, Nouveau Solde : 2507.52 FCFA."
USER_13,2025-10-22,18:42:47,OrangeMoney,transfert,OUT,55829.0,FCFA,56236.52,"Transfert de [PHONE_5735] [CONTACT_C710] vers [USER_13_phone] [USER_13] reussi. Details: ID transaction: PP251022.1842.A15136, Montant Transaction: 55829FCFA, Frais: 0 FCFA, Commission: 0 FCFA, Montant Net: 55829 FCFA, Nouveau Solde: 56236.52 FCFA."
USER_13,2025-10-24,15:31:54,OrangeMoney,transfert,OUT,5100.0,FCFA,51122.32,"Transfert de [USER_13_phone] [USER_13] vers [PHONE_7328] [CONTACT_02C7] reussi. ID transaction: PP251024.1531.C07371, Montant Transaction: 5100 FCFA, Frais: 14.2 FCFA, Commission: 0 FCFA, Montant Net: 5114.2 FCFA, Nouveau Solde: 51122.32 FCFA."
USER_13,2025-10-24,18:02:53,OrangeMoney,retrait,OUT,50000.0,FCFA,618.32,"Retrait d'argent reussi par le [PHONE_4897] avec le Code : 204350. Informations detaillees : Montant: 50000 FCFA, Frais: 504 FCFA, No de transaction CO251024.1802.B43853, montant net debite 50504 FCFA, Nouveau solde: 618.32 FCFA."
USER_13,2025-11-09,15:43:28,OrangeMoney,transfert,OUT,2054.0,FCFA,2172.32,"Transfert de [PHONE_6487] Ipouk vers [USER_13_phone] [USER_13] reussi. Details: ID transaction: PP251109.1543.B07560, Montant Transaction: 2054FCFA, Frais: 0 FCFA, Commission: 0 FCFA, Montant Net: 2054 FCFA, Nouveau Solde: 2172.32 FCFA."
USER_13,2025-11-10,15:19:15,OrangeMoney,transfert,OUT,15000.0,FCFA,16570.32,"Transfert de [PHONE_1687] [CONTACT_68BD] vers [USER_13_phone] [USER_13] reussi. Details: ID transaction: PP251110.1519.A04108, Montant Transaction: 15000FCFA, Frais: 0 FCFA, Commission: 0 FCFA, Montant Net: 15000 FCFA, Nouveau Solde: 16570.32 FCFA."
USER_13,2025-11-10,15:23:06,OrangeMoney,retrait,OUT,15000.0,FCFA,1416.32,"Retrait d'argent reussi par le [PHONE_3240] avec le Code : 287385. Informations detaillees : Montant: 15000 FCFA, Frais: 154 FCFA, No de transaction CO251110.1523.A97396, montant net debite 15154 FCFA, Nouveau solde: 1416.32 FCFA."
USER_13,2025-11-10,16:53:03,OrangeMoney,transfert,OUT,1000.0,FCFA,2416.32,"Transfert de [PHONE_7358] [CONTACT_0B74] vers [USER_13_phone] [USER_13] reussi. Details: ID transaction: PP251110.1653.A60704, Montant Transaction: 1000FCFA, Frais: 0 FCFA, Commission: 0 FCFA, Montant Net: 1000 FCFA, Nouveau Solde: 2416.32 FCFA."
USER_13,2025-12-01,12:31:50,OrangeMoney,depot,IN,5000.0,FCFA,5012.32,"Depot effectue par [PHONE_6587] [CONTACT_1FC1] to [USER_13_phone] [USER_13]. Informations detaillees: Montant de transaction : 5000 FCFA, ID transaction : CI251201.1231.D09315, Frais : 0 FCFA, Commission : 0 FCFA, Montant Net du Credit : 5000 FCFA, Nouveau Solde : 5012.32 FCFA."
USER_13,2025-12-01,12:37:22,OrangeMoney,transfert,OUT,2000.0,FCFA,3004.32,"Transfert de [USER_13_phone] [USER_13] vers [PHONE_2742] [CONTACT_AA06] reussi. ID transaction: PP251201.1237.D19550, Montant Transaction: 2000 FCFA, Frais: 8 FCFA, Commission: 0 FCFA, Montant Net: 2008 FCFA, Nouveau Solde: 3004.32 FCFA."
USER_13,2025-12-12,13:09:21,OrangeMoney,depot,IN,1500.0,FCFA,1529.32,"Depot effectue par [PHONE_8207] [CONTACT_08C6] to [USER_13_phone] [USER_13]. Informations detaillees: Montant de transaction : 1500 FCFA, ID transaction : CI251212.1309.C65036, Frais : 0 FCFA, Commission : 0 FCFA, Montant Net du Credit : 1500 FCFA, Nouveau Solde : 1529.32 FCFA."
USER_13,2025-12-12,19:24:04,OrangeMoney,depot,IN,5000.0,FCFA,6529.32,"Depot effectue par [PHONE_2995] [CONTACT_172E] to [USER_13_phone] [USER_13]. Informations detaillees: Montant de transaction : 5000 FCFA, ID transaction : CI251212.1924.A77386, Frais : 0 FCFA, Commission : 0 FCFA, Montant Net du Credit : 5000 FCFA, Nouveau Solde : 6529.32 FCFA."
USER_13,2025-12-21,17:32:43,OrangeMoney,retrait,OUT,2100.0,FCFA,2198.12,"Retrait d'argent reussi par le [PHONE_6597] avec le Code : 293083. Informations detaillees : Montant: 2100 FCFA, Frais: 29.2 FCFA, No de transaction CO251221.1732.A77555, montant net debite 2129.2 FCFA, Nouveau solde: 2198.12 FCFA."
USER_13,2025-12-25,8:40:07,OrangeMoney,transfert,OUT,1000.0,FCFA,1192.12,"Transfert de [USER_13_phone] [USER_13] vers [PHONE_6286] [CONTACT_A9A5] reussi. ID transaction: PP251225.0840.B06664, Montant Transaction: 1000 FCFA, Frais: 6 FCFA, Commission: 0 FCFA, Montant Net: 1006 FCFA, Nouveau Solde: 1192.12 FCFA."
USER_13,2026-01-05,11:19:08,OrangeMoney,transfert,OUT,110000.0,FCFA,110992.12,"Transfert de [PHONE_1687] [CONTACT_68BD] vers [USER_13_phone] [USER_13] reussi. Details: ID transaction: PP260105.1119.D00363, Montant Transaction: 110000FCFA, Frais: 0 FCFA, Commission: 0 FCFA, Montant Net: 110000 FCFA, Nouveau Solde: 110992.12 FCFA."
USER_13,2026-01-05,18:32:44,OrangeMoney,retrait,OUT,108000.0,FCFA,1692.12,"Retrait d'argent reussi par le [PHONE_6597] avec le Code : 293083. Informations detaillees : Montant: 108000 FCFA, Frais: 1300 FCFA, No de transaction CO260105.1832.D48604, montant net debite 109300 FCFA, Nouveau solde: 1692.12 FCFA."
USER_13,2026-01-09,17:54:32,OrangeMoney,transfert,OUT,1000.0,FCFA,1592.12,"Transfert de [PHONE_8817] [CONTACT_E6F4] vers [USER_13_phone] [USER_13] reussi. Details: ID transaction: PP260109.1754.D92140, Montant Transaction: 1000FCFA, Frais: 0 FCFA, Commission: 0 FCFA, Montant Net: 1000 FCFA, Nouveau Solde: 1592.12 FCFA."
USER_13,2026-01-10,20:58:21,OrangeMoney,retrait,OUT,1500.0,FCFA,70.12,"Retrait d'argent reussi par le [PHONE_6597] avec le Code : 293083. Informations detaillees : Montant: 1500 FCFA, Frais: 22 FCFA, No de transaction CO260110.2058.A14180, montant net debite 1522 FCFA, Nouveau solde: 70.12 FCFA."
USER_13,2026-01-11,17:31:51,OrangeMoney,transfert,OUT,3054.0,FCFA,3124.12,"Transfert de [PHONE_6191] [CONTACT_C5B7] vers [USER_13_phone] [USER_13] reussi. Details: ID transaction: PP260111.1731.C04038, Montant Transaction: 3054FCFA, Frais: 0 FCFA, Commission: 0 FCFA, Montant Net: 3054 FCFA, Nouveau Solde: 3124.12 FCFA."
USER_13,2026-01-20,19:16:42,OrangeMoney,transfert,OUT,100.0,FCFA,1124.12,"Transfert de [PHONE_5592] [CONTACT_C516] vers [USER_13_phone] [USER_13] reussi. Details: ID transaction: PP260120.1916.C30801, Montant Transaction: 100FCFA, Frais: 0 FCFA, Commission: 0 FCFA, Montant Net: 100 FCFA, Nouveau Solde: 1124.12 FCFA."
USER_13,2026-01-23,15:00:57,OrangeMoney,transfert,OUT,5079.0,FCFA,5103.12,"Transfert de [PHONE_9183] [CONTACT_7FB6] vers [USER_13_phone] [USER_13] reussi. Details: ID transaction: PP260123.1500.C74038, Montant Transaction: 5079FCFA, Frais: 0 FCFA, Commission: 0 FCFA, Montant Net: 5079 FCFA, Nouveau Solde: 5103.12 FCFA."
USER_13,2026-01-23,16:53:02,OrangeMoney,retrait,OUT,3100.0,FCFA,1961.92,"Retrait d'argent reussi par le [PHONE_6597] avec le Code : 293083. Informations detaillees : Montant: 3100 FCFA, Frais: 41.2 FCFA, No de transaction CO260123.1652.A75418, montant net debite 3141.2 FCFA, Nouveau solde: 1961.92 FCFA."
USER_13,2026-01-25,20:47:16,OrangeMoney,retrait,OUT,1600.0,FCFA,338.72,"Retrait d'argent reussi par le [PHONE_5826] avec le Code : 670414. Informations detaillees : Montant: 1600 FCFA, Frais: 23.2 FCFA, No de transaction CO260125.2047.B54397, montant net debite 1623.2 FCFA, Nouveau solde: 338.72 FCFA."
USER_13,2026-01-26,11:15:52,OrangeMoney,rechargement,OUT,200.0,FCFA,138.72,"Rechargement reussi. Montant de la transaction: 200 FCFA, ID transaction: RC260126.1115.C28480, Frais: 0 FCFA, Commission: 0 FCFA, Nouveau solde: 138.72 FCFA"
USER_13,2026-01-26,20:48:02,OrangeMoney,transfert,IN,1500.0,FCFA,1588.72,"Vous avez recu avec succes 1500 FCFA de [PHONE_8093]. Votre nouveau solde est de 1588.72 FCFA, Reference de transaction: CI260126.2047.B79481 Orange Money vous remercie."
USER_13,2026-02-11,14:37:32,OrangeMoney,transfert,OUT,10000.0,FCFA,10288.72,"Transfert de [PHONE_9556] [CONTACT_0E8E] vers [USER_13_phone] [USER_13] reussi. Details: ID transaction: PP260211.1437.C32169, Montant Transaction: 10000FCFA, Frais: 0 FCFA, Commission: 0 FCFA, Montant Net: 10000 FCFA, Nouveau Solde: 10288.72 FCFA."
USER_13,2026-02-12,14:29:27,OrangeMoney,transfert,OUT,1000.0,FCFA,9282.72,"Transfert de [USER_13_phone] [USER_13] vers [PHONE_2981] [CONTACT_B341] reussi. ID transaction: PP260212.1429.C20422, Montant Transaction: 1000 FCFA, Frais: 6 FCFA, Commission: 0 FCFA, Montant Net: 1006 FCFA, Nouveau Solde: 9282.72 FCFA."
USER_13,2026-02-13,18:15:57,OrangeMoney,transfert,OUT,1500.0,FCFA,7275.72,"Transfert de [USER_13_phone] [USER_13] vers [PHONE_2981] [CONTACT_B341] reussi. ID transaction: PP260213.1815.B00395, Montant Transaction: 1500 FCFA, Frais: 7 FCFA, Commission: 0 FCFA, Montant Net: 1507 FCFA, Nouveau Solde: 7275.72 FCFA."
USER_13,2026-02-19,13:08:06,OrangeMoney,paiement,OUT,500.0,FCFA,6173.72,"Felicitations, vous venez d'effectuer un payement de 500 FCFA pour 500U = 1,2Go/30J + 100Mo/30J. N���� de transaction : MP260219.1307.A65682. Nouveau solde : 6173.72 FCFA. Plus de service au #150#"
USER_13,2026-02-19,21:25:49,OrangeMoney,transfert,OUT,2054.0,FCFA,8227.72,"Transfert de [PHONE_2742] [CONTACT_AA06] vers [USER_13_phone] [USER_13] reussi. Details: ID transaction: PP260219.2125.B29859, Montant Transaction: 2054FCFA, Frais: 0 FCFA, Commission: 0 FCFA, Montant Net: 2054 FCFA, Nouveau Solde: 8227.72 FCFA."
USER_13,2026-02-20,8:17:58,OrangeMoney,retrait,OUT,2000.0,FCFA,6203.72,"Retrait d'argent reussi par le [PHONE_4897] avec le Code : 204350. Informations detaillees : Montant: 2000 FCFA, Frais: 24 FCFA, No de transaction CO260220.0817.D84385, montant net debite 2024 FCFA, Nouveau solde: 6203.72 FCFA."
USER_13,2026-02-20,13:11:38,OrangeMoney,paiement,OUT,500.0,FCFA,5703.72,"Felicitations, vous venez d'effectuer un payement de 500 FCFA pour 500U = 1,2Go/30J + 100Mo/30J. N���� de transaction : MP260220.1311.A96919. Nouveau solde : 5703.72 FCFA. Plus de service au #150#"
USER_13,2026-02-23,15:28:26,OrangeMoney,retrait,OUT,1100.0,FCFA,2586.52,"Retrait d'argent reussi par le [PHONE_6587] avec le Code : 350455. Informations detaillees : Montant: 1100 FCFA, Frais: 17.2 FCFA, No de transaction CO260223.1528.C67245, montant net debite 1117.2 FCFA, Nouveau solde: 2586.52 FCFA."
USER_13,2026-02-24,13:23:21,OrangeMoney,depot,IN,10000.0,FCFA,12586.52,"Depot effectue par [PHONE_5495] [CONTACT_707A] to [USER_13_phone] [USER_13]. Informations detaillees: Montant de transaction : 10000 FCFA, ID transaction : CI260224.1323.D35474, Frais : 0 FCFA, Commission : 0 FCFA, Montant Net du Credit : 10000 FCFA, Nouveau Solde : 12586.52 FCFA."
USER_13,2026-02-27,10:19:58,OrangeMoney,depot,IN,5000.0,FCFA,6796.52,"Depot effectue par [PHONE_7683] [CONTACT_0218] to [USER_13_phone] [USER_13]. Informations detaillees: Montant de transaction : 5000 FCFA, ID transaction : CI260227.1019.B48855, Frais : 0 FCFA, Commission : 0 FCFA, Montant Net du Credit : 5000 FCFA, Nouveau Solde : 6796.52 FCFA."
USER_13,2026-02-27,11:20:00,OrangeMoney,retrait,OUT,5000.0,FCFA,1717.52,"Retrait d'argent reussi par le [PHONE_6597] avec le Code : 293083. Informations detaillees : Montant: 5000 FCFA, Frais: 79 FCFA, No de transaction CO260227.1119.C21227, montant net debite 5079 FCFA, Nouveau solde: 1717.52 FCFA."
USER_13,2026-03-01,12:36:44,OrangeMoney,transfert,OUT,1500.0,FCFA,3017.52,"Transfert de [PHONE_9229] [CONTACT_97A5] vers [USER_13_phone] [USER_13] reussi. Details: ID transaction: PP260301.1236.D71143, Montant Transaction: 1500FCFA, Frais: 0 FCFA, Commission: 0 FCFA, Montant Net: 1500 FCFA, Nouveau Solde: 3017.52 FCFA."
USER_13,2026-03-01,16:26:01,OrangeMoney,retrait,OUT,1200.0,FCFA,1749.12,"Retrait d'argent reussi par le [PHONE_6597] avec le Code : 293083. Informations detaillees : Montant: 1200 FCFA, Frais: 18.4 FCFA, No de transaction CO260301.1625.B22736, montant net debite 1218.4 FCFA, Nouveau solde: 1749.12 FCFA."
USER_13,2026-03-01,19:02:46,OrangeMoney,depot,IN,100.0,FCFA,1749.12,"Depot effectue par [PHONE_6212] [CONTACT_C2DD] to [USER_13_phone] [USER_13]. Informations detaillees: Montant de transaction : 100 FCFA, ID transaction : CI260301.1902.C51567, Frais : 0 FCFA, Commission : 0 FCFA, Montant Net du Credit : 100 FCFA, Nouveau Solde : 1749.12 FCFA."
USER_13,2026-03-04,8:25:42,OrangeMoney,transfert,OUT,5079.0,FCFA,6828.12,"Transfert de [PHONE_3071] [CONTACT_55E4] vers [USER_13_phone] [USER_13] reussi. Details: ID transaction: PP260304.0825.B97975, Montant Transaction: 5079FCFA, Frais: 0 FCFA, Commission: 0 FCFA, Montant Net: 5079 FCFA, Nouveau Solde: 6828.12 FCFA."
USER_13,2026-03-06,13:51:23,OrangeMoney,retrait,OUT,4100.0,FCFA,224.92,"Retrait d'argent reussi par le [PHONE_6597] avec le Code : 293083. Informations detaillees : Montant: 4100 FCFA, Frais: 53.2 FCFA, No de transaction CO260306.1351.D67339, montant net debite 4153.2 FCFA, Nouveau solde: 224.92 FCFA."
USER_13,2026-03-11,17:40:22,OrangeMoney,transfert,OUT,40000.0,FCFA,40020.92,"Transfert de [PHONE_2981] [CONTACT_B341] vers [USER_13_phone] [USER_13] reussi. Details: ID transaction: PP260311.1740.B89683, Montant Transaction: 40000FCFA, Frais: 0 FCFA, Commission: 0 FCFA, Montant Net: 40000 FCFA, Nouveau Solde: 40020.92 FCFA."
USER_13,2026-03-11,18:12:22,OrangeMoney,depot,IN,500.0,FCFA,40520.92,"Depot effectue par [PHONE_2195] [CONTACT_1BDE] to [USER_13_phone] [USER_13]. Informations detaillees: Montant de transaction : 500 FCFA, ID transaction : CI260311.1812.A28943, Frais : 0 FCFA, Commission : 0 FCFA, Montant Net du Credit : 500 FCFA, Nouveau Solde : 40520.92 FCFA."
USER_13,2026-03-11,18:27:18,OrangeMoney,transfert,OUT,200.0,FCFA,40720.92,"Transfert de [PHONE_5418] [CONTACT_5BFE] vers [USER_13_phone] [USER_13] reussi. Details: ID transaction: PP260311.1827.A25133, Montant Transaction: 200FCFA, Frais: 0 FCFA, Commission: 0 FCFA, Montant Net: 200 FCFA, Nouveau Solde: 40720.92 FCFA."
USER_13,2026-03-11,18:28:43,OrangeMoney,retrait,OUT,40000.0,FCFA,236.92,"Retrait d'argent reussi par le [PHONE_6597] avec le Code : 293083. Informations detaillees : Montant: 40000 FCFA, Frais: 484 FCFA, No de transaction CO260311.1828.D48912, montant net debite 40484 FCFA, Nouveau solde: 236.92 FCFA."
