UserId,Date,Time,Operator,Transaction_type,Direction,Amount,Currency,New_balance,Anonymized_Content
USER_14,2024-03-17,19:49:35,OrangeMoney,rechargement,OUT,500.0,FCFA,5719.55,"Rechargement reussi. Montant de la transaction: 500 FCFA, ID transaction: RC240317.1949.C69073, Frais: 0 FCFA, Commission: 0 FCFA, Nouveau solde: 5719.55 FCFA"
USER_14,2024-08-12,15:55:20,OrangeMoney,transfert,OUT,1500.0,FCFA,1590.3,"Transfert de [PHONE_1956] [CONTACT_2A97] vers [PHONE_7944] [CONTACT_7896] epouse NDJANA reussi. Details: ID transaction: PP240812.1555.C56778, Montant Transaction: 1500FCFA, Frais: 0 FCFA, Commission: 0 FCFA, Montant Net: 1500 FCFA, Nouveau Solde: 1590.3 FCFA."
USER_14,2024-08-12,16:34:14,OrangeMoney,transfert,OUT,1300.0,FCFA,283.8,"Transfert de [PHONE_7944] [CONTACT_7896] epouse NDJANA vers [USER_14_phone] [USER_14] reussi. ID transaction: PP240812.1634.A61179, Montant Transaction: 1300 FCFA, Frais: 6.5 FCFA, Commission: 0 FCFA, Montant Net: 1306.5 FCFA, Nouveau Solde: 283.8 FCFA."
USER_14,2024-08-12,16:35:08,OrangeMoney,transfert,OUT,1300.0,FCFA,1474.25,"Transfert de [PHONE_7944] [CONTACT_7896] epouse NDJANA vers [USER_14_phone] [USER_14] reussi. Details: ID transaction: PP240812.1634.A61179, Montant Transaction: 1300FCFA, Frais: 0 FCFA, Commission: 0 FCFA, Montant Net: 1300 FCFA, Nouveau Solde: 1474.25 FCFA."
USER_14,2024-08-17,18:48:17,OrangeMoney,transfert,OUT,1500.0,FCFA,1774.25,"Transfert de [PHONE_1956] [CONTACT_2A97] vers [USER_14_phone] [USER_14] reussi. Details: ID transaction: PP240817.1848.D50987, Montant Transaction: 1500FCFA, Frais: 0 FCFA, Commission: 0 FCFA, Montant Net: 1500 FCFA, Nouveau Solde: 1774.25 FCFA."
USER_14,2024-08-23,18:02:14,OrangeMoney,rechargement,OUT,500.0,FCFA,74.25,"Rechargement reussi. Montant de la transaction: 500 FCFA, ID transaction: RC240823.1802.A47160, Frais: 0 FCFA, Commission: 0 FCFA, Nouveau solde: 74.25 FCFA"
USER_14,2024-08-26,20:08:25,OrangeMoney,transfert,OUT,1200.0,FCFA,1274.25,"Transfert de [PHONE_1956] [CONTACT_2A97] vers [USER_14_phone] [USER_14] reussi. Details: ID transaction: PP240826.2008.D42237, Montant Transaction: 1200FCFA, Frais: 0 FCFA, Commission: 0 FCFA, Montant Net: 1200 FCFA, Nouveau Solde: 1274.25 FCFA."
USER_14,2024-08-30,09:34:18,OrangeMoney,transfert,OUT,1200.0,FCFA,1274.25,"Transfert de [PHONE_1956] [CONTACT_2A97] vers [USER_14_phone] [USER_14] reussi. Details: ID transaction: PP240830.0934.A59096, Montant Transaction: 1200FCFA, Frais: 0 FCFA, Commission: 0 FCFA, Montant Net: 1200 FCFA, Nouveau Solde: 1274.25 FCFA."
USER_14,2024-09-02,20:16:16,OrangeMoney,depot,IN,5000.0,FCFA,5074.25,"Depot effectue par [PHONE_6239] [CONTACT_FC80] to [USER_14_phone] [USER_14]. Informations detaillees: Montant de transaction : 5000 FCFA, ID transaction : CI240902.2016.B24346, Frais : 0 FCFA, Commission : 0 FCFA, Montant Net du Credit : 5000 FCFA, Nouveau Solde : 5074.25 FCFA."
USER_14,2024-09-03,16:57:26,OrangeMoney,transfert,OUT,200.0,FCFA,3673.25,"Transfert de [USER_14_phone] [USER_14] vers [PHONE_2645] [CONTACT_FAEA] reussi. ID transaction: PP240903.1657.C87514, Montant Transaction: 200 FCFA, Frais: 1 FCFA, Commission: 0 FCFA, Montant Net: 201 FCFA, Nouveau Solde: 3673.25 FCFA."
USER_14,2024-09-05,11:13:03,OrangeMoney,transfert,OUT,6100.0,FCFA,6133.8,"Transfert de [PHONE_1956] [CONTACT_2A97] vers [PHONE_7944] [CONTACT_7896] epouse NDJANA reussi. Details: ID transaction: PP240905.1113.A83016, Montant Transaction: 6100FCFA, Frais: 0 FCFA, Commission: 0 FCFA, Montant Net: 6100 FCFA, Nouveau Solde: 6133.8 FCFA."
USER_14,2024-09-05,11:15:32,OrangeMoney,retrait,OUT,6000.0,FCFA,43.8,"Retrait d'argent reussi par le [PHONE_3978] avec le Code : 265652. Informations detaillees : Montant: 6000 FCFA, Frais: 90 FCFA, No de transaction CO240905.1115.D91286, montant net debite 6090 FCFA, Nouveau solde: 43.8 FCFA."
USER_14,2024-09-10,09:56:50,OrangeMoney,transfert,OUT,1200.0,FCFA,1473.25,"Transfert de [PHONE_1956] [CONTACT_2A97] vers [USER_14_phone] [USER_14] reussi. Details: ID transaction: PP240910.0956.B46559, Montant Transaction: 1200FCFA, Frais: 0 FCFA, Commission: 0 FCFA, Montant Net: 1200 FCFA, Nouveau Solde: 1473.25 FCFA."
USER_14,2024-09-10,10:14:48,OrangeMoney,transfert,OUT,10500.0,FCFA,10543.8,"Transfert de [PHONE_1956] [CONTACT_2A97] vers [PHONE_7944] [CONTACT_7896] epouse NDJANA reussi. Details: ID transaction: PP240910.1014.D57900, Montant Transaction: 10500FCFA, Frais: 0 FCFA, Commission: 0 FCFA, Montant Net: 10500 FCFA, Nouveau Solde: 10543.8 FCFA."
USER_14,2024-09-11,15:11:55,OrangeMoney,retrait,OUT,1100.0,FCFA,3293.8,"Retrait d'argent reussi par le [PHONE_5778] avec le Code : 286350. Informations detaillees : Montant: 1100 FCFA, Frais: 50 FCFA, No de transaction CO240911.1511.B77188, montant net debite 1150 FCFA, Nouveau solde: 3293.8 FCFA."
USER_14,2024-09-11,19:42:46,OrangeMoney,transfert,OUT,2100.0,FCFA,1183.3,"Transfert de [PHONE_7944] [CONTACT_7896] epouse NDJANA vers [PHONE_0640] [CONTACT_95DF] reussi. ID transaction: PP240911.1942.D78207, Montant Transaction: 2100 FCFA, Frais: 10.5 FCFA, Commission: 0 FCFA, Montant Net: 2110.5 FCFA, Nouveau Solde: 1183.3 FCFA."
USER_14,2024-09-12,08:23:06,OrangeMoney,transfert,OUT,1100.0,FCFA,77.8,"Transfert de [PHONE_7944] [CONTACT_7896] epouse NDJANA vers [USER_14_phone] [USER_14] reussi. ID transaction: PP240912.0823.B19084, Montant Transaction: 1100 FCFA, Frais: 5.5 FCFA, Commission: 0 FCFA, Montant Net: 1105.5 FCFA, Nouveau Solde: 77.8 FCFA."
USER_14,2024-09-15,09:42:52,OrangeMoney,transfert,OUT,50.0,FCFA,123.0,"Transfert de [USER_14_phone] [USER_14] vers [PHONE_6052] [CONTACT_75E3] reussi. ID transaction: PP240915.0942.A19565, Montant Transaction: 50 FCFA, Frais: 0.25 FCFA, Commission: 0 FCFA, Montant Net: 50.25 FCFA, Nouveau Solde: 123 FCFA."
USER_14,2024-09-16,11:25:09,OrangeMoney,transfert,OUT,1500.0,FCFA,1577.8,"Transfert de [PHONE_1956] [CONTACT_2A97] vers [PHONE_7944] [CONTACT_7896] epouse NDJANA reussi. Details: ID transaction: PP240916.1125.A54313, Montant Transaction: 1500FCFA, Frais: 0 FCFA, Commission: 0 FCFA, Montant Net: 1500 FCFA, Nouveau Solde: 1577.8 FCFA."
USER_14,2024-09-16,12:29:07,OrangeMoney,transfert,OUT,1200.0,FCFA,371.8,"Transfert de [PHONE_7944] [CONTACT_7896] epouse NDJANA vers [USER_14_phone] [USER_14] reussi. ID transaction: PP240916.1229.B83647, Montant Transaction: 1200 FCFA, Frais: 6 FCFA, Commission: 0 FCFA, Montant Net: 1206 FCFA, Nouveau Solde: 371.8 FCFA."
USER_14,2024-09-16,12:29:17,OrangeMoney,transfert,OUT,1200.0,FCFA,1323.0,"Transfert de [PHONE_7944] [CONTACT_7896] epouse NDJANA vers [USER_14_phone] [USER_14] reussi. Details: ID transaction: PP240916.1229.B83647, Montant Transaction: 1200FCFA, Frais: 0 FCFA, Commission: 0 FCFA, Montant Net: 1200 FCFA, Nouveau Solde: 1323 FCFA."
USER_14,2024-09-16,14:02:33,OrangeMoney,transfert,OUT,7200.0,FCFA,7571.8,"Transfert de [PHONE_7712] [CONTACT_BAF2] vers [PHONE_7944] [CONTACT_7896] epouse NDJANA reussi. Details: ID transaction: PP240916.1402.D40602, Montant Transaction: 7200FCFA, Frais: 0 FCFA, Commission: 0 FCFA, Montant Net: 7200 FCFA, Nouveau Solde: 7571.8 FCFA."
USER_14,2024-09-17,16:10:42,OrangeMoney,transfert,OUT,5200.0,FCFA,12771.8,"Transfert de [PHONE_7712] [CONTACT_BAF2] vers [PHONE_7944] [CONTACT_7896] epouse NDJANA reussi. Details: ID transaction: PP240917.1610.A93004, Montant Transaction: 5200FCFA, Frais: 0 FCFA, Commission: 0 FCFA, Montant Net: 5200 FCFA, Nouveau Solde: 12771.8 FCFA."
USER_14,2024-09-17,16:22:07,OrangeMoney,transfert,OUT,7200.0,FCFA,5535.8,"Transfert de [PHONE_7944] [CONTACT_7896] epouse NDJANA vers [PHONE_1956] [CONTACT_2A97] reussi. ID transaction: PP240917.1622.C92189, Montant Transaction: 7200 FCFA, Frais: 36 FCFA, Commission: 0 FCFA, Montant Net: 7236 FCFA, Nouveau Solde: 5535.8 FCFA."
USER_14,2024-09-17,17:05:14,OrangeMoney,retrait,OUT,1100.0,FCFA,4385.8,"Retrait d'argent reussi par le [PHONE_4834] avec le Code : 266192. Informations detaillees : Montant: 1100 FCFA, Frais: 50 FCFA, No de transaction CO240917.1705.C89266, montant net debite 1150 FCFA, Nouveau solde: 4385.8 FCFA."
USER_14,2024-09-17,18:16:08,OrangeMoney,transfert,OUT,2000.0,FCFA,2375.8,"Transfert de [PHONE_7944] [CONTACT_7896] epouse NDJANA vers [PHONE_1956] [CONTACT_2A97] reussi. ID transaction: PP240917.1816.C69926, Montant Transaction: 2000 FCFA, Frais: 10 FCFA, Commission: 0 FCFA, Montant Net: 2010 FCFA, Nouveau Solde: 2375.8 FCFA."
USER_14,2024-09-18,07:37:07,OrangeMoney,transfert,OUT,2050.0,FCFA,315.55,"Transfert de [PHONE_7944] [CONTACT_7896] epouse NDJANA vers [PHONE_5102] Laurent reussi. ID transaction: PP240918.0737.B42093, Montant Transaction: 2050 FCFA, Frais: 10.25 FCFA, Commission: 0 FCFA, Montant Net: 2060.25 FCFA, Nouveau Solde: 315.55 FCFA."
USER_14,2024-09-19,16:44:59,OrangeMoney,transfert,OUT,10200.0,FCFA,10515.55,"Transfert de [PHONE_7712] [CONTACT_BAF2] vers [PHONE_7944] [CONTACT_7896] epouse NDJANA reussi. Details: ID transaction: PP240919.1644.A37284, Montant Transaction: 10200FCFA, Frais: 0 FCFA, Commission: 0 FCFA, Montant Net: 10200 FCFA, Nouveau Solde: 10515.55 FCFA."
USER_14,2024-09-22,18:23:22,OrangeMoney,transfert,OUT,3100.0,FCFA,3223.0,"Transfert de [PHONE_7690] ebessa vers [USER_14_phone] [USER_14] reussi. Details: ID transaction: PP240922.1823.A35383, Montant Transaction: 3100FCFA, Frais: 0 FCFA, Commission: 0 FCFA, Montant Net: 3100 FCFA, Nouveau Solde: 3223 FCFA."
USER_14,2024-09-24,19:55:03,OrangeMoney,transfert,OUT,300.0,FCFA,1721.5,"Transfert de [USER_14_phone] [USER_14] vers [PHONE_2645] [CONTACT_FAEA] reussi. ID transaction: PP240924.1955.A97550, Montant Transaction: 300 FCFA, Frais: 1.5 FCFA, Commission: 0 FCFA, Montant Net: 301.5 FCFA, Nouveau Solde: 1721.5 FCFA."
USER_14,2024-09-24,19:56:31,OrangeMoney,transfert,OUT,300.0,FCFA,1420.0,"Transfert de [USER_14_phone] [USER_14] vers [PHONE_9689] [CONTACT_7DC7] reussi. ID transaction: PP240924.1956.A98463, Montant Transaction: 300 FCFA, Frais: 1.5 FCFA, Commission: 0 FCFA, Montant Net: 301.5 FCFA, Nouveau Solde: 1420 FCFA."
USER_14,2024-09-25,14:35:06,OrangeMoney,transfert,OUT,300.0,FCFA,1118.5,"Transfert de [USER_14_phone] [USER_14] vers [PHONE_2645] [CONTACT_FAEA] reussi. ID transaction: PP240925.1435.D58379, Montant Transaction: 300 FCFA, Frais: 1.5 FCFA, Commission: 0 FCFA, Montant Net: 301.5 FCFA, Nouveau Solde: 1118.5 FCFA."
USER_14,2024-09-26,12:02:41,OrangeMoney,transfert,OUT,100.0,FCFA,715.05,"Transfert de [PHONE_7944] [CONTACT_7896] epouse NDJANA vers [USER_14_phone] [USER_14] reussi. ID transaction: PP240926.1202.A82843, Montant Transaction: 100 FCFA, Frais: 0.5 FCFA, Commission: 0 FCFA, Montant Net: 100.5 FCFA, Nouveau Solde: 715.05 FCFA."
USER_14,2024-09-26,12:03:10,OrangeMoney,transfert,OUT,100.0,FCFA,1218.5,"Transfert de [PHONE_7944] [CONTACT_7896] epouse NDJANA vers [USER_14_phone] [USER_14] reussi. Details: ID transaction: PP240926.1202.A82843, Montant Transaction: 100FCFA, Frais: 0 FCFA, Commission: 0 FCFA, Montant Net: 100 FCFA, Nouveau Solde: 1218.5 FCFA."
USER_14,2024-09-26,17:44:00,OrangeMoney,transfert,OUT,1050.0,FCFA,1068.5,"Transfert de [PHONE_6829] [CONTACT_32E7] vers [USER_14_phone] [USER_14] reussi. Details: ID transaction: PP240926.1743.B00985, Montant Transaction: 1050FCFA, Frais: 0 FCFA, Commission: 0 FCFA, Montant Net: 1050 FCFA, Nouveau Solde: 1068.5 FCFA."
USER_14,2024-09-27,12:40:03,OrangeMoney,transfert,OUT,1050.0,FCFA,13.25,"Transfert de [USER_14_phone] [USER_14] vers [PHONE_6829] [CONTACT_32E7] reussi. ID transaction: PP240927.1240.D99164, Montant Transaction: 1050 FCFA, Frais: 5.25 FCFA, Commission: 0 FCFA, Montant Net: 1055.25 FCFA, Nouveau Solde: 13.25 FCFA."
USER_14,2024-09-27,13:07:21,OrangeMoney,transfert,OUT,500.0,FCFA,212.55,"Transfert de [PHONE_7944] [CONTACT_7896] epouse NDJANA vers [PHONE_7690] ebessa reussi. ID transaction: PP240927.1307.A28702, Montant Transaction: 500 FCFA, Frais: 2.5 FCFA, Commission: 0 FCFA, Montant Net: 502.5 FCFA, Nouveau Solde: 212.55 FCFA."
USER_14,2024-09-28,13:12:37,OrangeMoney,transfert,OUT,163500.0,FCFA,163712.55,"Transfert de [PHONE_7712] [CONTACT_BAF2] vers [PHONE_7944] [CONTACT_7896] epouse NDJANA reussi. Details: ID transaction: PP240928.1302.A75306, Montant Transaction: 163500FCFA, Frais: 0 FCFA, Commission: 0 FCFA, Montant Net: 163500 FCFA, Nouveau Solde: 163712.55 FCFA."
USER_14,2024-09-28,13:29:12,OrangeMoney,retrait,OUT,160000.0,FCFA,1312.55,"Retrait d'argent reussi par le [PHONE_8423] avec le Code : 156742. Informations detaillees : Montant: 160000 FCFA, Frais: 2400 FCFA, No de transaction CO240928.1329.D98468, montant net debite 162400 FCFA, Nouveau solde: 1312.55 FCFA."
USER_14,2024-09-28,18:24:14,OrangeMoney,transfert,OUT,1200.0,FCFA,106.55,"Transfert de [PHONE_7944] [CONTACT_7896] epouse NDJANA vers [USER_14_phone] [USER_14] reussi. ID transaction: PP240928.1824.C99766, Montant Transaction: 1200 FCFA, Frais: 6 FCFA, Commission: 0 FCFA, Montant Net: 1206 FCFA, Nouveau Solde: 106.55 FCFA."
USER_14,2024-09-28,18:24:19,OrangeMoney,transfert,OUT,1200.0,FCFA,1213.25,"Transfert de [PHONE_7944] [CONTACT_7896] epouse NDJANA vers [USER_14_phone] [USER_14] reussi. Details: ID transaction: PP240928.1824.C99766, Montant Transaction: 1200FCFA, Frais: 0 FCFA, Commission: 0 FCFA, Montant Net: 1200 FCFA, Nouveau Solde: 1213.25 FCFA."
USER_14,2024-09-28,18:31:14,OrangeMoney,transfert,OUT,68000.0,FCFA,68013.25,"Transfert de [PHONE_2981] [CONTACT_B341] vers [USER_14_phone] [USER_14] reussi. Details: ID transaction: PP240928.1831.B06206, Montant Transaction: 68000FCFA, Frais: 0 FCFA, Commission: 0 FCFA, Montant Net: 68000 FCFA, Nouveau Solde: 68013.25 FCFA."
USER_14,2024-09-30,10:30:20,OrangeMoney,transfert,OUT,35500.0,FCFA,35606.55,"Transfert de [PHONE_1956] [CONTACT_2A97] vers [PHONE_7944] [CONTACT_7896] epouse NDJANA reussi. Details: ID transaction: PP240930.1030.A22809, Montant Transaction: 35500FCFA, Frais: 0 FCFA, Commission: 0 FCFA, Montant Net: 35500 FCFA, Nouveau Solde: 35606.55 FCFA."
USER_14,2024-09-30,10:36:56,OrangeMoney,retrait,OUT,60000.0,FCFA,2513.25,"Retrait d'argent reussi par le [PHONE_8661] avec le Code : 852985. Informations detaillees : Montant: 60000 FCFA, Frais: 900 FCFA, No de transaction CO240930.1036.A94304, montant net debite 60900 FCFA, Nouveau solde: 2513.25 FCFA."
USER_14,2024-09-30,10:37:45,OrangeMoney,retrait,OUT,35000.0,FCFA,81.55,"Retrait d'argent reussi par le [PHONE_8661] avec le Code : 852985. Informations detaillees : Montant: 35000 FCFA, Frais: 525 FCFA, No de transaction CO240930.1037.A94753, montant net debite 35525 FCFA, Nouveau solde: 81.55 FCFA."
USER_14,2024-09-30,13:27:48,OrangeMoney,depot,IN,5000.0,FCFA,7513.25,"Depot effectue par [PHONE_2860] [CONTACT_BB47] to [USER_14_phone] [USER_14]. Informations detaillees: Montant de transaction : 5000 FCFA, ID transaction : CI240930.1327.A90832, Frais : 0 FCFA, Commission : 0 FCFA, Montant Net du Credit : 5000 FCFA, Nouveau Solde : 7513.25 FCFA."
USER_14,2024-09-30,13:30:28,OrangeMoney,transfert,OUT,5100.0,FCFA,2387.75,"Transfert de [USER_14_phone] [USER_14] vers [PHONE_1956] [CONTACT_2A97] reussi. ID transaction: PP240930.1330.C28654, Montant Transaction: 5100 FCFA, Frais: 25.5 FCFA, Commission: 0 FCFA, Montant Net: 5125.5 FCFA, Nouveau Solde: 2387.75 FCFA."
USER_14,2024-09-30,14:06:36,OrangeMoney,transfert,OUT,1050.0,FCFA,1332.5,"Transfert de [USER_14_phone] [USER_14] vers [PHONE_6562] [CONTACT_98DA] reussi. ID transaction: PP240930.1406.B54366, Montant Transaction: 1050 FCFA, Frais: 5.25 FCFA, Commission: 0 FCFA, Montant Net: 1055.25 FCFA, Nouveau Solde: 1332.5 FCFA."
USER_14,2024-09-30,20:11:16,OrangeMoney,transfert,OUT,1200.0,FCFA,126.5,"Transfert de [USER_14_phone] [USER_14] vers [PHONE_7690] ebessa reussi. ID transaction: PP240930.2011.B25980, Montant Transaction: 1200 FCFA, Frais: 6 FCFA, Commission: 0 FCFA, Montant Net: 1206 FCFA, Nouveau Solde: 126.5 FCFA."
USER_14,2024-10-02,13:01:17,OrangeMoney,depot,IN,5000.0,FCFA,5126.5,"Depot effectue par [PHONE_3133] [CONTACT_AE7E] to [USER_14_phone] [USER_14]. Informations detaillees: Montant de transaction : 5000 FCFA, ID transaction : CI241002.1301.A56523, Frais : 0 FCFA, Commission : 0 FCFA, Montant Net du Credit : 5000 FCFA, Nouveau Solde : 5126.5 FCFA."
USER_14,2024-10-02,17:55:57,OrangeMoney,transfert,OUT,2700.0,FCFA,2413.0,"Transfert de [USER_14_phone] [USER_14] vers [PHONE_7621] [CONTACT_51D1] reussi. ID transaction: PP241002.1755.C45828, Montant Transaction: 2700 FCFA, Frais: 13.5 FCFA, Commission: 0 FCFA, Montant Net: 2713.5 FCFA, Nouveau Solde: 2413 FCFA."
USER_14,2024-10-03,15:08:36,OrangeMoney,transfert,OUT,1500.0,FCFA,2713.0,"Transfert de [PHONE_1140] [CONTACT_CB85] vers [USER_14_phone] [USER_14] reussi. Details: ID transaction: PP241003.1508.B10866, Montant Transaction: 1500FCFA, Frais: 0 FCFA, Commission: 0 FCFA, Montant Net: 1500 FCFA, Nouveau Solde: 2713 FCFA."
USER_14,2024-10-04,12:48:33,OrangeMoney,transfert,OUT,500.0,FCFA,2210.5,"Transfert de [USER_14_phone] [USER_14] vers [PHONE_1150] Akono reussi. ID transaction: PP241004.1248.A30873, Montant Transaction: 500 FCFA, Frais: 2.5 FCFA, Commission: 0 FCFA, Montant Net: 502.5 FCFA, Nouveau Solde: 2210.5 FCFA."
USER_14,2024-10-05,09:24:37,OrangeMoney,transfert,OUT,20500.0,FCFA,20581.55,"Transfert de [PHONE_1956] [CONTACT_2A97] vers [PHONE_7944] [CONTACT_7896] epouse NDJANA reussi. Details: ID transaction: PP241005.0924.A22205, Montant Transaction: 20500FCFA, Frais: 0 FCFA, Commission: 0 FCFA, Montant Net: 20500 FCFA, Nouveau Solde: 20581.55 FCFA."
USER_14,2024-10-05,09:44:07,OrangeMoney,transfert,OUT,2600.0,FCFA,17968.55,"Transfert de [PHONE_7944] [CONTACT_7896] epouse NDJANA vers [PHONE_8325] [CONTACT_619D] reussi. ID transaction: PP241005.0944.A34795, Montant Transaction: 2600 FCFA, Frais: 13 FCFA, Commission: 0 FCFA, Montant Net: 2613 FCFA, Nouveau Solde: 17968.55 FCFA."
USER_14,2024-10-05,13:14:05,OrangeMoney,transfert,OUT,10000.0,FCFA,11210.5,"Transfert de [PHONE_3416] [CONTACT_FEB1] vers [USER_14_phone] [USER_14] reussi. Details: ID transaction: PP241005.1314.B71561, Montant Transaction: 10000FCFA, Frais: 0 FCFA, Commission: 0 FCFA, Montant Net: 10000 FCFA, Nouveau Solde: 11210.5 FCFA."
USER_14,2024-10-05,18:00:23,OrangeMoney,transfert,OUT,10200.0,FCFA,20210.5,"Transfert de [PHONE_7712] [CONTACT_BAF2] vers [USER_14_phone] [USER_14] reussi. Details: ID transaction: PP241005.1800.B81796, Montant Transaction: 10200FCFA, Frais: 0 FCFA, Commission: 0 FCFA, Montant Net: 10200 FCFA, Nouveau Solde: 20210.5 FCFA."
USER_14,2024-10-05,20:01:13,OrangeMoney,transfert,OUT,10000.0,FCFA,7918.55,"Transfert de [PHONE_7944] [CONTACT_7896] epouse NDJANA vers [PHONE_4693] [CONTACT_29FC] reussi. ID transaction: PP241005.2001.A81025, Montant Transaction: 10000 FCFA, Frais: 50 FCFA, Commission: 0 FCFA, Montant Net: 10050 FCFA, Nouveau Solde: 7918.55 FCFA."
USER_14,2024-10-07,09:49:40,OrangeMoney,transfert,OUT,1050.0,FCFA,6305.25,"Transfert de [USER_14_phone] [USER_14] vers [PHONE_6829] [CONTACT_32E7] reussi. ID transaction: PP241007.0949.D52158, Montant Transaction: 1050 FCFA, Frais: 5.25 FCFA, Commission: 0 FCFA, Montant Net: 1055.25 FCFA, Nouveau Solde: 6305.25 FCFA."
USER_14,2024-10-09,14:06:06,OrangeMoney,transfert,OUT,7000.0,FCFA,883.55,"Transfert de [PHONE_7944] [CONTACT_7896] epouse NDJANA vers [USER_14_phone] [USER_14] reussi. ID transaction: PP241009.1406.B74861, Montant Transaction: 7000 FCFA, Frais: 35 FCFA, Commission: 0 FCFA, Montant Net: 7035 FCFA, Nouveau Solde: 883.55 FCFA."
USER_14,2024-10-09,14:06:21,OrangeMoney,transfert,OUT,7000.0,FCFA,11105.25,"Transfert de [PHONE_7944] [CONTACT_7896] epouse NDJANA vers [USER_14_phone] [USER_14] reussi. Details: ID transaction: PP241009.1406.B74861, Montant Transaction: 7000FCFA, Frais: 0 FCFA, Commission: 0 FCFA, Montant Net: 7000 FCFA, Nouveau Solde: 11105.25 FCFA."
USER_14,2024-10-09,14:08:04,OrangeMoney,transfert,OUT,1000.0,FCFA,12105.25,"Transfert de [PHONE_7690] ebessa vers [USER_14_phone] [USER_14] reussi. Details: ID transaction: PP241009.1408.D73158, Montant Transaction: 1000FCFA, Frais: 0 FCFA, Commission: 0 FCFA, Montant Net: 1000 FCFA, Nouveau Solde: 12105.25 FCFA."
USER_14,2024-10-09,20:52:10,OrangeMoney,transfert,OUT,500.0,FCFA,605.25,"Transfert de [PHONE_1956] [CONTACT_2A97] vers [USER_14_phone] [USER_14] reussi. Details: ID transaction: PP241009.2052.A59942, Montant Transaction: 500FCFA, Frais: 0 FCFA, Commission: 0 FCFA, Montant Net: 500 FCFA, Nouveau Solde: 605.25 FCFA."
USER_14,2024-10-09,20:53:01,OrangeMoney,transfert,OUT,600.0,FCFA,280.55,"Transfert de [PHONE_7944] [CONTACT_7896] epouse NDJANA vers [USER_14_phone] [USER_14] reussi. ID transaction: PP241009.2052.D45343, Montant Transaction: 600 FCFA, Frais: 3 FCFA, Commission: 0 FCFA, Montant Net: 603 FCFA, Nouveau Solde: 280.55 FCFA."
USER_14,2024-10-09,20:54:11,OrangeMoney,transfert,OUT,600.0,FCFA,1205.25,"Transfert de [PHONE_7944] [CONTACT_7896] epouse NDJANA vers [USER_14_phone] [USER_14] reussi. Details: ID transaction: PP241009.2052.D45343, Montant Transaction: 600FCFA, Frais: 0 FCFA, Commission: 0 FCFA, Montant Net: 600 FCFA, Nouveau Solde: 1205.25 FCFA."
USER_14,2024-10-10,07:42:26,OrangeMoney,depot,IN,1000.0,FCFA,1005.25,"Depot effectue par [PHONE_1808] jeanne makougoum to [USER_14_phone] [USER_14]. Informations detaillees: Montant de transaction : 1000 FCFA, ID transaction : CI241010.0742.B85569, Frais : 0 FCFA, Commission : 0 FCFA, Montant Net du Credit : 1000 FCFA, Nouveau Solde : 1005.25 FCFA."
USER_14,2024-10-10,08:11:13,OrangeMoney,transfert,OUT,100.0,FCFA,180.05,"Transfert de [PHONE_7944] [CONTACT_7896] epouse NDJANA vers [USER_14_phone] [USER_14] reussi. ID transaction: PP241010.0811.C48062, Montant Transaction: 100 FCFA, Frais: 0.5 FCFA, Commission: 0 FCFA, Montant Net: 100.5 FCFA, Nouveau Solde: 180.05 FCFA."
USER_14,2024-10-10,08:11:19,OrangeMoney,transfert,OUT,100.0,FCFA,1105.25,"Transfert de [PHONE_7944] [CONTACT_7896] epouse NDJANA vers [USER_14_phone] [USER_14] reussi. Details: ID transaction: PP241010.0811.C48062, Montant Transaction: 100FCFA, Frais: 0 FCFA, Commission: 0 FCFA, Montant Net: 100 FCFA, Nouveau Solde: 1105.25 FCFA."
USER_14,2024-10-10,08:12:02,OrangeMoney,transfert,OUT,1050.0,FCFA,50.0,"Transfert de [USER_14_phone] [USER_14] vers [PHONE_0866] [CONTACT_CD1E] reussi. ID transaction: PP241010.0812.C48451, Montant Transaction: 1050 FCFA, Frais: 5.25 FCFA, Commission: 0 FCFA, Montant Net: 1055.25 FCFA, Nouveau Solde: 50 FCFA."
USER_14,2024-10-10,12:31:33,OrangeMoney,transfert,OUT,2000.0,FCFA,2050.0,"Transfert de [PHONE_9550] [CONTACT_1D46] vers [USER_14_phone] [USER_14] reussi. Details: ID transaction: PP241010.1231.C01578, Montant Transaction: 2000FCFA, Frais: 0 FCFA, Commission: 0 FCFA, Montant Net: 2000 FCFA, Nouveau Solde: 2050 FCFA."
USER_14,2024-10-11,16:55:12,OrangeMoney,retrait,OUT,1500.0,FCFA,500.0,"Retrait d'argent reussi par le [PHONE_9009] avec le Code : 121093. Informations detaillees : Montant: 1500 FCFA, Frais: 50 FCFA, No de transaction CO241011.1655.D39736, montant net debite 1550 FCFA, Nouveau solde: 500 FCFA."
USER_14,2024-10-12,14:42:49,OrangeMoney,transfert,OUT,1200.0,FCFA,1700.0,"Transfert de [PHONE_1956] [CONTACT_2A97] vers [USER_14_phone] [USER_14] reussi. Details: ID transaction: PP241012.1442.B24867, Montant Transaction: 1200FCFA, Frais: 0 FCFA, Commission: 0 FCFA, Montant Net: 1200 FCFA, Nouveau Solde: 1700 FCFA."
USER_14,2024-10-14,13:36:17,OrangeMoney,transfert,OUT,450.0,FCFA,47.75,"Transfert de [USER_14_phone] [USER_14] vers [PHONE_1058] [CONTACT_4071] reussi. ID transaction: PP241014.1336.C54288, Montant Transaction: 450 FCFA, Frais: 2.25 FCFA, Commission: 0 FCFA, Montant Net: 452.25 FCFA, Nouveau Solde: 47.75 FCFA."
USER_14,2024-10-15,18:08:27,OrangeMoney,transfert,OUT,1200.0,FCFA,1247.75,"Transfert de [PHONE_1956] [CONTACT_2A97] vers [USER_14_phone] [USER_14] reussi. Details: ID transaction: PP241015.1808.D26778, Montant Transaction: 1200FCFA, Frais: 0 FCFA, Commission: 0 FCFA, Montant Net: 1200 FCFA, Nouveau Solde: 1247.75 FCFA."
USER_14,2024-10-17,10:38:58,OrangeMoney,transfert,OUT,5000.0,FCFA,5047.75,"Transfert de [PHONE_9044] Ibrahim vers [USER_14_phone] [USER_14] reussi. Details: ID transaction: PP241017.1038.C12503, Montant Transaction: 5000FCFA, Frais: 0 FCFA, Commission: 0 FCFA, Montant Net: 5000 FCFA, Nouveau Solde: 5047.75 FCFA."
USER_14,2024-10-17,11:17:14,OrangeMoney,transfert,OUT,5000.0,FCFA,22.75,"Transfert de [USER_14_phone] [USER_14] vers [PHONE_4176] [CONTACT_D2E5] reussi. ID transaction: PP241017.1117.B43227, Montant Transaction: 5000 FCFA, Frais: 25 FCFA, Commission: 0 FCFA, Montant Net: 5025 FCFA, Nouveau Solde: 22.75 FCFA."
USER_14,2024-10-18,21:11:40,OrangeMoney,transfert,OUT,1200.0,FCFA,1222.75,"Transfert de [PHONE_1956] [CONTACT_2A97] vers [USER_14_phone] [USER_14] reussi. Details: ID transaction: PP241018.2111.A51884, Montant Transaction: 1200FCFA, Frais: 0 FCFA, Commission: 0 FCFA, Montant Net: 1200 FCFA, Nouveau Solde: 1222.75 FCFA."
USER_14,2024-10-23,09:39:01,OrangeMoney,transfert,OUT,150.0,FCFA,29.3,"Transfert de [PHONE_7944] [CONTACT_7896] epouse NDJANA vers [USER_14_phone] [USER_14] reussi. ID transaction: PP241023.0938.L84126, Montant Transaction: 150 FCFA, Frais: 0.75 FCFA, Commission: 0 FCFA, Montant Net: 150.75 FCFA, Nouveau Solde: 29.3 FCFA."
USER_14,2024-10-23,09:40:37,OrangeMoney,transfert,OUT,150.0,FCFA,172.75,"Transfert de [PHONE_7944] [CONTACT_7896] epouse NDJANA vers [USER_14_phone] [USER_14] reussi. Details: ID transaction: PP241023.0938.L84126, Montant Transaction: 150FCFA, Frais: 0 FCFA, Commission: 0 FCFA, Montant Net: 150 FCFA, Nouveau Solde: 172.75 FCFA."
USER_14,2024-10-25,08:06:18,OrangeMoney,depot,IN,3500.0,FCFA,3572.75,"Depot effectue par [PHONE_8661] [CONTACT_048A] to [USER_14_phone] [USER_14]. Informations detaillees: Montant de transaction : 3500 FCFA, ID transaction : CI241025.0806.B35967, Frais : 0 FCFA, Commission : 0 FCFA, Montant Net du Credit : 3500 FCFA, Nouveau Solde : 3572.75 FCFA."
USER_14,2024-10-25,08:24:30,OrangeMoney,transfert,OUT,1050.0,FCFA,2517.5,"Transfert de [USER_14_phone] [USER_14] vers [PHONE_9158] [CONTACT_0F04] reussi. ID transaction: PP241025.0824.A11033, Montant Transaction: 1050 FCFA, Frais: 5.25 FCFA, Commission: 0 FCFA, Montant Net: 1055.25 FCFA, Nouveau Solde: 2517.5 FCFA."
USER_14,2024-10-25,08:25:35,OrangeMoney,rechargement,OUT,500.0,FCFA,2017.5,"Rechargement reussi. Montant de la transaction: 500 FCFA, ID transaction: RC241025.0825.C68945, Frais: 0 FCFA, Commission: 0 FCFA, Nouveau solde: 2017.5 FCFA"
USER_14,2024-10-31,19:04:41,OrangeMoney,rechargement,OUT,200.0,FCFA,67.5,"Rechargement reussi. Montant de la transaction: 200 FCFA, ID transaction: RC241031.1904.A68864, Frais: 0 FCFA, Commission: 0 FCFA, Nouveau solde: 67.5 FCFA"
USER_14,2024-11-01,10:47:38,OrangeMoney,transfert,OUT,5100.0,FCFA,5167.5,"Transfert de [PHONE_2981] [CONTACT_B341] vers [USER_14_phone] [USER_14] reussi. Details: ID transaction: PP241101.1047.C63883, Montant Transaction: 5100FCFA, Frais: 0 FCFA, Commission: 0 FCFA, Montant Net: 5100 FCFA, Nouveau Solde: 5167.5 FCFA."
USER_14,2024-11-03,17:28:42,OrangeMoney,transfert,OUT,2150.0,FCFA,2417.5,"Transfert de [PHONE_0474] [CONTACT_4529] vers [USER_14_phone] [USER_14] reussi. Details: ID transaction: PP241103.1728.D21287, Montant Transaction: 2150FCFA, Frais: 0 FCFA, Commission: 0 FCFA, Montant Net: 2150 FCFA, Nouveau Solde: 2417.5 FCFA."
USER_14,2024-11-03,22:00:10,OrangeMoney,rechargement,OUT,1200.0,FCFA,1217.5,"Rechargement reussi. Montant de la transaction: 1200 FCFA, ID transaction: RC241103.2200.B22334, Frais: 0 FCFA, Commission: 0 FCFA, Nouveau solde: 1217.5 FCFA"
USER_14,2024-11-04,10:14:32,OrangeMoney,transfert,OUT,300.0,FCFA,317.5,"Transfert de [PHONE_0395] [CONTACT_EE62] vers [USER_14_phone] [USER_14] reussi. Details: ID transaction: PP241104.1014.D10565, Montant Transaction: 300FCFA, Frais: 0 FCFA, Commission: 0 FCFA, Montant Net: 300 FCFA, Nouveau Solde: 317.5 FCFA."
USER_14,2024-11-05,00:26:27,OrangeMoney,transfert,OUT,1000.0,FCFA,1317.5,"Transfert de [PHONE_2981] [CONTACT_B341] vers [USER_14_phone] [USER_14] reussi. Details: ID transaction: PP241105.0026.C61526, Montant Transaction: 1000FCFA, Frais: 0 FCFA, Commission: 0 FCFA, Montant Net: 1000 FCFA, Nouveau Solde: 1317.5 FCFA."
USER_14,2024-11-05,19:58:33,OrangeMoney,transfert,OUT,5000.0,FCFA,5317.5,"Transfert de [PHONE_6856] [CONTACT_6A80] vers [USER_14_phone] [USER_14] reussi. Details: ID transaction: PP241105.1958.A74040, Montant Transaction: 5000FCFA, Frais: 0 FCFA, Commission: 0 FCFA, Montant Net: 5000 FCFA, Nouveau Solde: 5317.5 FCFA."
USER_14,2024-11-06,08:27:15,OrangeMoney,rechargement,OUT,500.0,FCFA,4817.5,"Rechargement reussi. Montant de la transaction: 500 FCFA, ID transaction: RC241106.0827.A60452, Frais: 0 FCFA, Commission: 0 FCFA, Nouveau solde: 4817.5 FCFA"
USER_14,2024-11-06,10:05:17,OrangeMoney,transfert,OUT,2100.0,FCFA,2707.0,"Transfert de [USER_14_phone] [USER_14] vers [PHONE_0345] [CONTACT_2DAC] reussi. ID transaction: PP241106.1005.C50848, Montant Transaction: 2100 FCFA, Frais: 10.5 FCFA, Commission: 0 FCFA, Montant Net: 2110.5 FCFA, Nouveau Solde: 2707 FCFA."
USER_14,2024-11-06,19:39:51,OrangeMoney,transfert,OUT,5000.0,FCFA,7707.0,"Transfert de [PHONE_6856] [CONTACT_6A80] vers [USER_14_phone] [USER_14] reussi. Details: ID transaction: PP241106.1939.B06525, Montant Transaction: 5000FCFA, Frais: 0 FCFA, Commission: 0 FCFA, Montant Net: 5000 FCFA, Nouveau Solde: 7707 FCFA."
USER_14,2024-11-07,07:22:38,OrangeMoney,transfert,OUT,200.0,FCFA,7506.0,"Transfert de [USER_14_phone] [USER_14] vers [PHONE_0756] [CONTACT_6112] reussi. ID transaction: PP241107.0722.A57735, Montant Transaction: 200 FCFA, Frais: 1 FCFA, Commission: 0 FCFA, Montant Net: 201 FCFA, Nouveau Solde: 7506 FCFA."
USER_14,2024-11-07,19:59:36,OrangeMoney,transfert,OUT,5000.0,FCFA,7906.0,"Transfert de [PHONE_6856] [CONTACT_6A80] vers [USER_14_phone] [USER_14] reussi. Details: ID transaction: PP241107.1959.A17861, Montant Transaction: 5000FCFA, Frais: 0 FCFA, Commission: 0 FCFA, Montant Net: 5000 FCFA, Nouveau Solde: 7906 FCFA."
USER_14,2024-11-08,15:28:09,OrangeMoney,depot,IN,7000.0,FCFA,13706.0,"Depot effectue par [PHONE_3319] [CONTACT_5D4A] to [USER_14_phone] [USER_14]. Informations detaillees: Montant de transaction : 7000 FCFA, ID transaction : CI241108.1528.B84876, Frais : 0 FCFA, Commission : 0 FCFA, Montant Net du Credit : 7000 FCFA, Nouveau Solde : 13706 FCFA."
USER_14,2024-11-08,16:06:20,OrangeMoney,transfert,OUT,200.0,FCFA,13505.0,"Transfert de [USER_14_phone] [USER_14] vers [PHONE_0756] [CONTACT_6112] reussi. ID transaction: PP241108.1606.C32734, Montant Transaction: 200 FCFA, Frais: 1 FCFA, Commission: 0 FCFA, Montant Net: 201 FCFA, Nouveau Solde: 13505 FCFA."
USER_14,2024-11-08,22:10:13,OrangeMoney,transfert,OUT,5075.0,FCFA,18580.0,"Transfert de [PHONE_6856] [CONTACT_6A80] vers [USER_14_phone] [USER_14] reussi. Details: ID transaction: PP241108.2210.D60833, Montant Transaction: 5075FCFA, Frais: 0 FCFA, Commission: 0 FCFA, Montant Net: 5075 FCFA, Nouveau Solde: 18580 FCFA."
USER_14,2024-11-09,19:28:34,OrangeMoney,transfert,OUT,5000.0,FCFA,23580.0,"Transfert de [PHONE_6856] [CONTACT_6A80] vers [USER_14_phone] [USER_14] reussi. Details: ID transaction: PP241109.1928.A03117, Montant Transaction: 5000FCFA, Frais: 0 FCFA, Commission: 0 FCFA, Montant Net: 5000 FCFA, Nouveau Solde: 23580 FCFA."
USER_14,2024-11-10,10:56:44,OrangeMoney,rechargement,OUT,1200.0,FCFA,22380.0,"Rechargement reussi. Montant de la transaction: 1200 FCFA, ID transaction: RC241110.1056.D76098, Frais: 0 FCFA, Commission: 0 FCFA, Nouveau solde: 22380 FCFA"
USER_14,2024-11-10,19:23:57,OrangeMoney,transfert,OUT,5000.0,FCFA,27380.0,"Transfert de [PHONE_6856] [CONTACT_6A80] vers [USER_14_phone] [USER_14] reussi. Details: ID transaction: PP241110.1923.C58570, Montant Transaction: 5000FCFA, Frais: 0 FCFA, Commission: 0 FCFA, Montant Net: 5000 FCFA, Nouveau Solde: 27380 FCFA."
USER_14,2024-11-11,20:23:50,OrangeMoney,transfert,OUT,5075.0,FCFA,32455.0,"Transfert de [PHONE_6856] [CONTACT_6A80] vers [USER_14_phone] [USER_14] reussi. Details: ID transaction: PP241111.2023.A95913, Montant Transaction: 5075FCFA, Frais: 0 FCFA, Commission: 0 FCFA, Montant Net: 5075 FCFA, Nouveau Solde: 32455 FCFA."
USER_14,2024-11-11,20:48:41,OrangeMoney,transfert,OUT,2000.0,FCFA,34455.0,"Transfert de [PHONE_7690] ebessa vers [USER_14_phone] [USER_14] reussi. Details: ID transaction: PP241111.2048.C86365, Montant Transaction: 2000FCFA, Frais: 0 FCFA, Commission: 0 FCFA, Montant Net: 2000 FCFA, Nouveau Solde: 34455 FCFA."
USER_14,2024-11-12,14:24:18,OrangeMoney,transfert,OUT,6500.0,FCFA,23322.5,"Transfert de [USER_14_phone] [USER_14] vers [PHONE_9133] [CONTACT_CB6F] reussi. ID transaction: PP241112.1424.D98900, Montant Transaction: 6500 FCFA, Frais: 32.5 FCFA, Commission: 0 FCFA, Montant Net: 6532.5 FCFA, Nouveau Solde: 23322.5 FCFA."
USER_14,2024-11-13,09:18:36,OrangeMoney,transfert,OUT,5000.0,FCFA,27122.5,"Transfert de [PHONE_6856] [CONTACT_6A80] vers [USER_14_phone] [USER_14] reussi. Details: ID transaction: PP241113.0918.A04554, Montant Transaction: 5000FCFA, Frais: 0 FCFA, Commission: 0 FCFA, Montant Net: 5000 FCFA, Nouveau Solde: 27122.5 FCFA."
USER_14,2024-11-13,10:27:01,OrangeMoney,transfert,OUT,5075.0,FCFA,22022.13,"Transfert de [USER_14_phone] [USER_14] vers [PHONE_2981] [CONTACT_B341] reussi. ID transaction: PP241113.1026.A43098, Montant Transaction: 5075 FCFA, Frais: 25.37 FCFA, Commission: 0 FCFA, Montant Net: 5100.37 FCFA, Nouveau Solde: 22022.13 FCFA."
USER_14,2024-11-13,21:33:10,OrangeMoney,rechargement,OUT,500.0,FCFA,21522.13,"Rechargement reussi. Montant de la transaction: 500 FCFA, ID transaction: RC241113.2133.B89162, Frais: 0 FCFA, Commission: 0 FCFA, Nouveau solde: 21522.13 FCFA"
USER_14,2024-11-14,09:29:28,OrangeMoney,transfert,OUT,10000.0,FCFA,31522.13,"Transfert de [PHONE_6856] [CONTACT_6A80] vers [USER_14_phone] [USER_14] reussi. Details: ID transaction: PP241114.0929.B40097, Montant Transaction: 10000FCFA, Frais: 0 FCFA, Commission: 0 FCFA, Montant Net: 10000 FCFA, Nouveau Solde: 31522.13 FCFA."
USER_14,2024-11-14,19:29:13,OrangeMoney,rechargement,OUT,500.0,FCFA,31022.13,"Rechargement reussi. Montant de la transaction: 500 FCFA, ID transaction: RC241114.1929.B09756, Frais: 0 FCFA, Commission: 0 FCFA, Nouveau solde: 31022.13 FCFA"
USER_14,2024-11-17,13:13:52,OrangeMoney,transfert,OUT,5000.0,FCFA,31422.13,"Transfert de [PHONE_7933] [CONTACT_B476] vers [USER_14_phone] [USER_14] reussi. Details: ID transaction: PP241117.1313.D78072, Montant Transaction: 5000FCFA, Frais: 0 FCFA, Commission: 0 FCFA, Montant Net: 5000 FCFA, Nouveau Solde: 31422.13 FCFA."
USER_14,2024-11-17,13:33:23,OrangeMoney,transfert,OUT,2550.0,FCFA,28859.38,"Transfert de [USER_14_phone] [USER_14] vers [PHONE_8748] [CONTACT_FCB8] reussi. ID transaction: PP241117.1333.D90411, Montant Transaction: 2550 FCFA, Frais: 12.75 FCFA, Commission: 0 FCFA, Montant Net: 2562.75 FCFA, Nouveau Solde: 28859.38 FCFA."
USER_14,2024-11-18,16:12:32,OrangeMoney,retrait,OUT,26000.0,FCFA,269.38,"Retrait d'argent reussi par le [PHONE_8661] avec le Code : 852985. Informations detaillees : Montant: 26000 FCFA, Frais: 390 FCFA, No de transaction CO241118.1612.B99310, montant net debite 26390 FCFA, Nouveau solde: 269.38 FCFA."
USER_14,2024-11-19,18:26:15,OrangeMoney,depot,IN,5000.0,FCFA,5269.38,"Depot effectue par [PHONE_8661] [CONTACT_048A] to [USER_14_phone] [USER_14]. Informations detaillees: Montant de transaction : 5000 FCFA, ID transaction : CI241119.1826.C20823, Frais : 0 FCFA, Commission : 0 FCFA, Montant Net du Credit : 5000 FCFA, Nouveau Solde : 5269.38 FCFA."
USER_14,2024-11-19,21:05:53,OrangeMoney,rechargement,OUT,500.0,FCFA,169.38,"Rechargement reussi. Montant de la transaction: 500 FCFA, ID transaction: RC241119.2105.C88763, Frais: 0 FCFA, Commission: 0 FCFA, Nouveau solde: 169.38 FCFA"
USER_14,2024-11-21,06:48:53,OrangeMoney,transfert,OUT,10353.0,FCFA,10522.38,"Transfert de [PHONE_4700] [CONTACT_6A6F] vers [USER_14_phone] [USER_14] reussi. Details: ID transaction: PP241121.0648.B29737, Montant Transaction: 10353FCFA, Frais: 0 FCFA, Commission: 0 FCFA, Montant Net: 10353 FCFA, Nouveau Solde: 10522.38 FCFA."
USER_14,2024-11-21,14:18:29,OrangeMoney,transfert,OUT,550.0,FCFA,9922.38,"Transfert de [USER_14_phone] [USER_14] vers [PHONE_9133] [CONTACT_CB6F] reussi. ID transaction: PP241121.1418.A94882, Montant Transaction: 550 FCFA, Frais: 50 FCFA, Commission: 0 FCFA, Montant Net: 600 FCFA, Nouveau Solde: 9922.38 FCFA."
USER_14,2024-11-22,09:31:37,OrangeMoney,transfert,OUT,1050.0,FCFA,10972.38,"Transfert de [PHONE_0345] [CONTACT_2DAC] vers [USER_14_phone] [USER_14] reussi. Details: ID transaction: PP241122.0931.B79030, Montant Transaction: 1050FCFA, Frais: 0 FCFA, Commission: 0 FCFA, Montant Net: 1050 FCFA, Nouveau Solde: 10972.38 FCFA."
USER_14,2024-11-22,10:32:31,OrangeMoney,rechargement,OUT,500.0,FCFA,10472.38,"Rechargement reussi. Montant de la transaction: 500 FCFA, ID transaction: RC241122.1032.C28602, Frais: 0 FCFA, Commission: 0 FCFA, Nouveau solde: 10472.38 FCFA"
USER_14,2024-11-23,18:09:34,OrangeMoney,retrait,OUT,8000.0,FCFA,1152.38,"Retrait d'argent reussi par le [PHONE_9709] avec le Code : 264639. Informations detaillees : Montant: 8000 FCFA, Frais: 120 FCFA, No de transaction CO241123.1809.B19135, montant net debite 8120 FCFA, Nouveau solde: 1152.38 FCFA."
USER_14,2024-11-24,16:49:32,OrangeMoney,transfert,OUT,550.0,FCFA,552.38,"Transfert de [USER_14_phone] [USER_14] vers [PHONE_8416] [CONTACT_0BC9] reussi. ID transaction: PP241124.1649.D54570, Montant Transaction: 550 FCFA, Frais: 50 FCFA, Commission: 0 FCFA, Montant Net: 600 FCFA, Nouveau Solde: 552.38 FCFA."
USER_14,2024-11-25,19:10:08,OrangeMoney,rechargement,OUT,500.0,FCFA,52.38,"Rechargement reussi. Montant de la transaction: 500 FCFA, ID transaction: RC241125.1910.C42039, Frais: 0 FCFA, Commission: 0 FCFA, Nouveau solde: 52.38 FCFA"
USER_14,2024-11-28,13:06:57,OrangeMoney,transfert,OUT,1550.0,FCFA,1602.38,"Transfert de [PHONE_0345] [CONTACT_2DAC] vers [USER_14_phone] [USER_14] reussi. Details: ID transaction: PP241128.1306.B00658, Montant Transaction: 1550FCFA, Frais: 0 FCFA, Commission: 0 FCFA, Montant Net: 1550 FCFA, Nouveau Solde: 1602.38 FCFA."
USER_14,2024-11-28,17:36:01,OrangeMoney,retrait,OUT,1500.0,FCFA,52.38,"Retrait d'argent reussi par le [PHONE_6239] avec le Code : 804419. Informations detaillees : Montant: 1500 FCFA, Frais: 50 FCFA, No de transaction CO241128.1736.C98835, montant net debite 1550 FCFA, Nouveau solde: 52.38 FCFA."
USER_14,2024-11-28,18:28:54,OrangeMoney,transfert,OUT,1600.0,FCFA,1652.38,"Transfert de [PHONE_4952] [CONTACT_A02D] vers [USER_14_phone] [USER_14] reussi. Details: ID transaction: PP241128.1828.B23689, Montant Transaction: 1600FCFA, Frais: 0 FCFA, Commission: 0 FCFA, Montant Net: 1600 FCFA, Nouveau Solde: 1652.38 FCFA."
USER_14,2024-11-30,10:29:20,OrangeMoney,depot,IN,30500.0,FCFA,30952.38,"Depot effectue par [PHONE_8661] [CONTACT_048A] to [USER_14_phone] [USER_14]. Informations detaillees: Montant de transaction : 30500 FCFA, ID transaction : CI241130.1029.A54744, Frais : 0 FCFA, Commission : 0 FCFA, Montant Net du Credit : 30500 FCFA, Nouveau Solde : 30952.38 FCFA."
USER_14,2024-11-30,10:32:21,OrangeMoney,transfert,OUT,30450.0,FCFA,350.13,"Transfert de [USER_14_phone] [USER_14] vers [PHONE_7968] [CONTACT_2254] reussi. ID transaction: PP241130.1032.B45394, Montant Transaction: 30450 FCFA, Frais: 152.25 FCFA, Commission: 0 FCFA, Montant Net: 30602.25 FCFA, Nouveau Solde: 350.13 FCFA."
USER_14,2024-11-30,18:55:49,OrangeMoney,transfert,OUT,1000.0,FCFA,1350.13,"Transfert de [PHONE_2645] [CONTACT_FAEA] vers [USER_14_phone] [USER_14] reussi. Details: ID transaction: PP241130.1855.C99342, Montant Transaction: 1000FCFA, Frais: 0 FCFA, Commission: 0 FCFA, Montant Net: 1000 FCFA, Nouveau Solde: 1350.13 FCFA."
USER_14,2024-12-02,11:16:06,OrangeMoney,transfert,OUT,100.0,FCFA,0.13,"Transfert de [USER_14_phone] [USER_14] vers [PHONE_0756] [CONTACT_6112] reussi. ID transaction: PP241202.1116.B80319, Montant Transaction: 100 FCFA, Frais: 50 FCFA, Commission: 0 FCFA, Montant Net: 150 FCFA, Nouveau Solde: 0.13 FCFA."
USER_14,2024-12-03,14:57:23,OrangeMoney,transfert,OUT,23000.0,FCFA,23029.3,"Transfert de [PHONE_7712] [CONTACT_BAF2] vers [PHONE_7944] [CONTACT_7896] epouse NDJANA reussi. Details: ID transaction: PP241203.1457.D76353, Montant Transaction: 23000FCFA, Frais: 0 FCFA, Commission: 0 FCFA, Montant Net: 23000 FCFA, Nouveau Solde: 23029.3 FCFA."
USER_14,2024-12-03,17:29:18,OrangeMoney,transfert,OUT,1200.0,FCFA,21779.3,"Transfert de [PHONE_7944] [CONTACT_7896] epouse NDJANA vers [USER_14_phone] [USER_14] reussi. ID transaction: PP241203.1729.B74287, Montant Transaction: 1200 FCFA, Frais: 50 FCFA, Commission: 0 FCFA, Montant Net: 1250 FCFA, Nouveau Solde: 21779.3 FCFA."
USER_14,2024-12-03,17:29:24,OrangeMoney,transfert,OUT,1200.0,FCFA,1200.13,"Transfert de [PHONE_7944] [CONTACT_7896] epouse NDJANA vers [USER_14_phone] [USER_14] reussi. Details: ID transaction: PP241203.1729.B74287, Montant Transaction: 1200FCFA, Frais: 0 FCFA, Commission: 0 FCFA, Montant Net: 1200 FCFA, Nouveau Solde: 1200.13 FCFA."
USER_14,2024-12-04,10:52:57,OrangeMoney,transfert,OUT,20300.0,FCFA,1377.8,"Transfert de [PHONE_7944] [CONTACT_7896] epouse NDJANA vers [PHONE_7712] [CONTACT_BAF2] reussi. ID transaction: PP241204.1052.D97633, Montant Transaction: 20300 FCFA, Frais: 101.5 FCFA, Commission: 0 FCFA, Montant Net: 20401.5 FCFA, Nouveau Solde: 1377.8 FCFA."
USER_14,2024-12-04,10:54:18,OrangeMoney,transfert,OUT,1000.0,FCFA,327.8,"Transfert de [PHONE_7944] [CONTACT_7896] epouse NDJANA vers [PHONE_1493] [CONTACT_18DE] reussi. ID transaction: PP241204.1054.B05391, Montant Transaction: 1000 FCFA, Frais: 50 FCFA, Commission: 0 FCFA, Montant Net: 1050 FCFA, Nouveau Solde: 327.8 FCFA."
USER_14,2024-12-04,12:21:42,OrangeMoney,transfert,OUT,2000.0,FCFA,2000.13,"Transfert de [PHONE_6829] [CONTACT_32E7] vers [USER_14_phone] [USER_14] reussi. Details: ID transaction: PP241204.1221.B60778, Montant Transaction: 2000FCFA, Frais: 0 FCFA, Commission: 0 FCFA, Montant Net: 2000 FCFA, Nouveau Solde: 2000.13 FCFA."
USER_14,2024-12-04,12:39:17,OrangeMoney,depot,IN,5000.0,FCFA,5800.13,"Depot effectue par [PHONE_4933] [CONTACT_60C7] to [USER_14_phone] [USER_14]. Informations detaillees: Montant de transaction : 5000 FCFA, ID transaction : CI241204.1239.D39535, Frais : 0 FCFA, Commission : 0 FCFA, Montant Net du Credit : 5000 FCFA, Nouveau Solde : 5800.13 FCFA."
USER_14,2024-12-04,12:41:35,OrangeMoney,transfert,OUT,2050.0,FCFA,3700.13,"Transfert de [USER_14_phone] [USER_14] vers [PHONE_9485] [CONTACT_0088] reussi. ID transaction: PP241204.1241.D66855, Montant Transaction: 2050 FCFA, Frais: 50 FCFA, Commission: 0 FCFA, Montant Net: 2100 FCFA, Nouveau Solde: 3700.13 FCFA."
USER_14,2024-12-04,14:30:34,OrangeMoney,rechargement,OUT,300.0,FCFA,27.8,"Rechargement reussi. Montant de la transaction: 300 FCFA, ID transaction: RC241204.1430.C15512, Frais: 0 FCFA, Commission: 0 FCFA, Nouveau solde: 27.8 FCFA"
USER_14,2024-12-04,18:22:13,OrangeMoney,transfert,OUT,2000.0,FCFA,1650.13,"Transfert de [USER_14_phone] [USER_14] vers [PHONE_6829] [CONTACT_32E7] reussi. ID transaction: PP241204.1822.A97811, Montant Transaction: 2000 FCFA, Frais: 50 FCFA, Commission: 0 FCFA, Montant Net: 2050 FCFA, Nouveau Solde: 1650.13 FCFA."
USER_14,2024-12-08,19:08:14,OrangeMoney,rechargement,OUT,200.0,FCFA,250.13,"Rechargement reussi. Montant de la transaction: 200 FCFA, ID transaction: RC241208.1908.D52873, Frais: 0 FCFA, Commission: 0 FCFA, Nouveau solde: 250.13 FCFA"
USER_14,2024-12-09,13:33:34,OrangeMoney,transfert,OUT,3000.0,FCFA,3250.13,"Transfert de [PHONE_4935] [CONTACT_B709] vers [USER_14_phone] [USER_14] reussi. Details: ID transaction: PP241209.1333.A53977, Montant Transaction: 3000FCFA, Frais: 0 FCFA, Commission: 0 FCFA, Montant Net: 3000 FCFA, Nouveau Solde: 3250.13 FCFA."
USER_14,2024-12-10,15:19:17,OrangeMoney,rechargement,OUT,500.0,FCFA,2750.13,"Rechargement reussi. Montant de la transaction: 500 FCFA, ID transaction: RC241210.1519.A23723, Frais: 0 FCFA, Commission: 0 FCFA, Nouveau solde: 2750.13 FCFA"
USER_14,2024-12-11,15:56:37,OrangeMoney,transfert,OUT,500.0,FCFA,2200.13,"Transfert de [USER_14_phone] [USER_14] vers [PHONE_5102] Laurent reussi. ID transaction: PP241211.1556.C25545, Montant Transaction: 500 FCFA, Frais: 50 FCFA, Commission: 0 FCFA, Montant Net: 550 FCFA, Nouveau Solde: 2200.13 FCFA."
USER_14,2024-12-12,17:04:51,OrangeMoney,transfert,OUT,500.0,FCFA,450.13,"Transfert de [USER_14_phone] [USER_14] vers [PHONE_9133] [CONTACT_CB6F] reussi. ID transaction: PP241212.1704.D48648, Montant Transaction: 500 FCFA, Frais: 50 FCFA, Commission: 0 FCFA, Montant Net: 550 FCFA, Nouveau Solde: 450.13 FCFA."
USER_14,2024-12-12,19:10:37,OrangeMoney,transfert,OUT,400.0,FCFA,0.13,"Transfert de [USER_14_phone] [USER_14] vers [PHONE_9485] [CONTACT_0088] reussi. ID transaction: PP241212.1910.D37178, Montant Transaction: 400 FCFA, Frais: 50 FCFA, Commission: 0 FCFA, Montant Net: 450 FCFA, Nouveau Solde: 0.13 FCFA."
USER_14,2024-12-14,07:01:31,OrangeMoney,transfert,OUT,36540.0,FCFA,36540.13,"Transfert de [PHONE_3793] lekoua adouma vers [USER_14_phone] [USER_14] reussi. Details: ID transaction: PP241214.0701.B05707, Montant Transaction: 36540FCFA, Frais: 0 FCFA, Commission: 0 FCFA, Montant Net: 36540 FCFA, Nouveau Solde: 36540.13 FCFA."
USER_14,2024-12-14,09:56:59,OrangeMoney,transfert,OUT,5000.0,FCFA,31490.13,"Transfert de [USER_14_phone] [USER_14] vers [PHONE_2981] [CONTACT_B341] reussi. ID transaction: PP241214.0956.D86869, Montant Transaction: 5000 FCFA, Frais: 50 FCFA, Commission: 0 FCFA, Montant Net: 5050 FCFA, Nouveau Solde: 31490.13 FCFA."
USER_14,2024-12-14,19:59:23,OrangeMoney,transfert,OUT,5100.0,FCFA,30990.13,"Transfert de [PHONE_2981] [CONTACT_B341] vers [USER_14_phone] [USER_14] reussi. Details: ID transaction: PP241214.1959.A90158, Montant Transaction: 5100FCFA, Frais: 0 FCFA, Commission: 0 FCFA, Montant Net: 5100 FCFA, Nouveau Solde: 30990.13 FCFA."
USER_14,2024-12-14,20:06:13,OrangeMoney,transfert,OUT,4060.0,FCFA,35050.13,"Transfert de [PHONE_2981] [CONTACT_B341] vers [USER_14_phone] [USER_14] reussi. Details: ID transaction: PP241214.2006.B90004, Montant Transaction: 4060FCFA, Frais: 0 FCFA, Commission: 0 FCFA, Montant Net: 4060 FCFA, Nouveau Solde: 35050.13 FCFA."
USER_14,2024-12-16,07:06:51,OrangeMoney,transfert,OUT,34500.0,FCFA,377.63,"Transfert de [USER_14_phone] [USER_14] vers [PHONE_1956] [CONTACT_2A97] reussi. ID transaction: PP241216.0706.B58670, Montant Transaction: 34500 FCFA, Frais: 172.5 FCFA, Commission: 0 FCFA, Montant Net: 34672.5 FCFA, Nouveau Solde: 377.63 FCFA."
USER_14,2024-12-16,11:19:24,OrangeMoney,transfert,OUT,1500.0,FCFA,1877.63,"Transfert de [PHONE_1956] [CONTACT_2A97] vers [USER_14_phone] [USER_14] reussi. Details: ID transaction: PP241216.1119.B88687, Montant Transaction: 1500FCFA, Frais: 0 FCFA, Commission: 0 FCFA, Montant Net: 1500 FCFA, Nouveau Solde: 1877.63 FCFA."
USER_14,2024-12-16,14:21:14,OrangeMoney,transfert,OUT,200.0,FCFA,1627.63,"Transfert de [USER_14_phone] [USER_14] vers [PHONE_9485] [CONTACT_0088] reussi. ID transaction: PP241216.1421.A03654, Montant Transaction: 200 FCFA, Frais: 50 FCFA, Commission: 0 FCFA, Montant Net: 250 FCFA, Nouveau Solde: 1627.63 FCFA."
USER_14,2024-12-18,18:19:06,OrangeMoney,transfert,OUT,20300.0,FCFA,20327.8,"Transfert de [PHONE_7712] [CONTACT_BAF2] vers [PHONE_7944] [CONTACT_7896] epouse NDJANA reussi. Details: ID transaction: PP241218.1819.A99537, Montant Transaction: 20300FCFA, Frais: 0 FCFA, Commission: 0 FCFA, Montant Net: 20300 FCFA, Nouveau Solde: 20327.8 FCFA."
USER_14,2024-12-18,21:11:12,OrangeMoney,transfert,OUT,2050.0,FCFA,18227.8,"Transfert de [PHONE_7944] [CONTACT_7896] epouse NDJANA vers [PHONE_9044] Ibrahim reussi. ID transaction: PP241218.2111.B03673, Montant Transaction: 2050 FCFA, Frais: 50 FCFA, Commission: 0 FCFA, Montant Net: 2100 FCFA, Nouveau Solde: 18227.8 FCFA."
USER_14,2024-12-19,07:24:35,OrangeMoney,transfert,OUT,3050.0,FCFA,15127.8,"Transfert de [PHONE_7944] [CONTACT_7896] epouse NDJANA vers [PHONE_4952] [CONTACT_A02D] reussi. ID transaction: PP241219.0724.C78113, Montant Transaction: 3050 FCFA, Frais: 50 FCFA, Commission: 0 FCFA, Montant Net: 3100 FCFA, Nouveau Solde: 15127.8 FCFA."
USER_14,2024-12-19,11:43:13,OrangeMoney,transfert,OUT,1300.0,FCFA,13777.8,"Transfert de [PHONE_7944] [CONTACT_7896] epouse NDJANA vers [USER_14_phone] [USER_14] reussi. ID transaction: PP241219.1143.C19655, Montant Transaction: 1300 FCFA, Frais: 50 FCFA, Commission: 0 FCFA, Montant Net: 1350 FCFA, Nouveau Solde: 13777.8 FCFA."
USER_14,2024-12-19,11:43:18,OrangeMoney,transfert,OUT,1300.0,FCFA,1427.63,"Transfert de [PHONE_7944] [CONTACT_7896] epouse NDJANA vers [USER_14_phone] [USER_14] reussi. Details: ID transaction: PP241219.1143.C19655, Montant Transaction: 1300FCFA, Frais: 0 FCFA, Commission: 0 FCFA, Montant Net: 1300 FCFA, Nouveau Solde: 1427.63 FCFA."
USER_14,2024-12-19,19:08:03,OrangeMoney,transfert,OUT,1050.0,FCFA,12677.8,"Transfert de [PHONE_7944] [CONTACT_7896] epouse NDJANA vers [PHONE_8325] [CONTACT_619D] reussi. ID transaction: PP241219.1908.C21246, Montant Transaction: 1050 FCFA, Frais: 50 FCFA, Commission: 0 FCFA, Montant Net: 1100 FCFA, Nouveau Solde: 12677.8 FCFA."
USER_14,2024-12-20,15:13:34,OrangeMoney,transfert,OUT,5075.0,FCFA,7552.8,"Transfert de [PHONE_7944] [CONTACT_7896] epouse NDJANA vers [PHONE_1121] [CONTACT_B3B8] reussi. ID transaction: PP241220.1513.A28970, Montant Transaction: 5075 FCFA, Frais: 50 FCFA, Commission: 0 FCFA, Montant Net: 5125 FCFA, Nouveau Solde: 7552.8 FCFA."
USER_14,2024-12-20,15:29:01,OrangeMoney,retrait,OUT,6000.0,FCFA,1462.8,"Retrait d'argent reussi par le [PHONE_3667] avec le Code : 148751. Informations detaillees : Montant: 6000 FCFA, Frais: 90 FCFA, No de transaction CO241220.1528.D97710, montant net debite 6090 FCFA, Nouveau solde: 1462.8 FCFA."
USER_14,2024-12-22,01:06:25,OrangeMoney,transfert,OUT,1200.0,FCFA,212.8,"Transfert de [PHONE_7944] [CONTACT_7896] epouse NDJANA vers [USER_14_phone] [USER_14] reussi. ID transaction: PP241222.0106.C66899, Montant Transaction: 1200 FCFA, Frais: 50 FCFA, Commission: 0 FCFA, Montant Net: 1250 FCFA, Nouveau Solde: 212.8 FCFA."
USER_14,2024-12-22,01:06:30,OrangeMoney,transfert,OUT,1200.0,FCFA,1427.63,"Transfert de [PHONE_7944] [CONTACT_7896] epouse NDJANA vers [USER_14_phone] [USER_14] reussi. Details: ID transaction: PP241222.0106.C66899, Montant Transaction: 1200FCFA, Frais: 0 FCFA, Commission: 0 FCFA, Montant Net: 1200 FCFA, Nouveau Solde: 1427.63 FCFA."
USER_14,2024-12-23,07:20:51,OrangeMoney,depot,IN,8000.0,FCFA,8227.63,"Depot effectue par [PHONE_9011] [CONTACT_7B9E] to [USER_14_phone] [USER_14]. Informations detaillees: Montant de transaction : 8000 FCFA, ID transaction : CI241223.0720.A28001, Frais : 0 FCFA, Commission : 0 FCFA, Montant Net du Credit : 8000 FCFA, Nouveau Solde : 8227.63 FCFA."
USER_14,2024-12-23,08:11:58,OrangeMoney,transfert,OUT,8120.0,FCFA,57.63,"Transfert de [USER_14_phone] [USER_14] vers [PHONE_1956] [CONTACT_2A97] reussi. ID transaction: PP241223.0811.B26426, Montant Transaction: 8120 FCFA, Frais: 50 FCFA, Commission: 0 FCFA, Montant Net: 8170 FCFA, Nouveau Solde: 57.63 FCFA."
USER_14,2024-12-23,13:42:02,OrangeMoney,rechargement,OUT,200.0,FCFA,12.8,"Rechargement reussi. Montant de la transaction: 200 FCFA, ID transaction: RC241223.1342.B78447, Frais: 0 FCFA, Commission: 0 FCFA, Nouveau solde: 12.8 FCFA"
USER_14,2024-12-24,22:15:20,OrangeMoney,transfert,OUT,1000.0,FCFA,1057.63,"Transfert de [PHONE_6562] [CONTACT_98DA] vers [USER_14_phone] [USER_14] reussi. Details: ID transaction: PP241224.2215.B17106, Montant Transaction: 1000FCFA, Frais: 0 FCFA, Commission: 0 FCFA, Montant Net: 1000 FCFA, Nouveau Solde: 1057.63 FCFA."
USER_14,2024-12-26,10:08:32,OrangeMoney,transfert,OUT,500.0,FCFA,1557.63,"Transfert de [PHONE_8667] [CONTACT_A811] vers [USER_14_phone] [USER_14] reussi. Details: ID transaction: PP241226.1008.A32891, Montant Transaction: 500FCFA, Frais: 0 FCFA, Commission: 0 FCFA, Montant Net: 500 FCFA, Nouveau Solde: 1557.63 FCFA."
USER_14,2024-12-27,14:41:35,OrangeMoney,transfert,OUT,500.0,FCFA,857.63,"Transfert de [PHONE_9133] [CONTACT_CB6F] vers [USER_14_phone] [USER_14] reussi. Details: ID transaction: PP241227.1441.C17260, Montant Transaction: 500FCFA, Frais: 0 FCFA, Commission: 0 FCFA, Montant Net: 500 FCFA, Nouveau Solde: 857.63 FCFA."
USER_14,2024-12-27,14:54:42,OrangeMoney,transfert,OUT,500.0,FCFA,1357.63,"Transfert de [PHONE_1956] [CONTACT_2A97] vers [USER_14_phone] [USER_14] reussi. Details: ID transaction: PP241227.1454.C26191, Montant Transaction: 500FCFA, Frais: 0 FCFA, Commission: 0 FCFA, Montant Net: 500 FCFA, Nouveau Solde: 1357.63 FCFA."
USER_14,2024-12-29,17:52:14,OrangeMoney,transfert,OUT,5100.0,FCFA,5257.63,"Transfert de [PHONE_1956] [CONTACT_2A97] vers [USER_14_phone] [USER_14] reussi. Details: ID transaction: PP241229.1752.A14737, Montant Transaction: 5100FCFA, Frais: 0 FCFA, Commission: 0 FCFA, Montant Net: 5100 FCFA, Nouveau Solde: 5257.63 FCFA."
USER_14,2024-12-29,18:43:32,OrangeMoney,retrait,OUT,5000.0,FCFA,182.63,"Retrait d'argent reussi par le [PHONE_9655] avec le Code : 797330. Informations detaillees : Montant: 5000 FCFA, Frais: 75 FCFA, No de transaction CO241229.1843.C73250, montant net debite 5075 FCFA, Nouveau solde: 182.63 FCFA."
USER_14,2024-12-30,10:58:17,OrangeMoney,transfert,OUT,450.0,FCFA,632.63,"Transfert de [PHONE_6829] [CONTACT_32E7] vers [USER_14_phone] [USER_14] reussi. Details: ID transaction: PP241230.1058.D66785, Montant Transaction: 450FCFA, Frais: 0 FCFA, Commission: 0 FCFA, Montant Net: 450 FCFA, Nouveau Solde: 632.63 FCFA."
USER_14,2024-12-30,11:05:29,OrangeMoney,rechargement,OUT,500.0,FCFA,132.63,"Rechargement reussi. Montant de la transaction: 500 FCFA, ID transaction: RC241230.1105.D53886, Frais: 0 FCFA, Commission: 0 FCFA, Nouveau solde: 132.63 FCFA"
USER_14,2024-12-30,13:56:24,OrangeMoney,transfert,OUT,4060.0,FCFA,4192.63,"Transfert de [PHONE_4952] [CONTACT_A02D] vers [USER_14_phone] [USER_14] reussi. Details: ID transaction: PP241230.1356.B98263, Montant Transaction: 4060FCFA, Frais: 0 FCFA, Commission: 0 FCFA, Montant Net: 4060 FCFA, Nouveau Solde: 4192.63 FCFA."
USER_14,2024-12-30,16:02:34,OrangeMoney,transfert,OUT,1550.0,FCFA,2592.63,"Transfert de [USER_14_phone] [USER_14] vers [PHONE_8748] [CONTACT_FCB8] reussi. ID transaction: PP241230.1602.C84267, Montant Transaction: 1550 FCFA, Frais: 50 FCFA, Commission: 0 FCFA, Montant Net: 1600 FCFA, Nouveau Solde: 2592.63 FCFA."
USER_14,2024-12-31,10:47:35,OrangeMoney,rechargement,OUT,100.0,FCFA,2492.63,"Rechargement reussi. Montant de la transaction: 100 FCFA, ID transaction: RC241231.1047.B13010, Frais: 0 FCFA, Commission: 0 FCFA, Nouveau solde: 2492.63 FCFA"
USER_14,2025-01-02,13:47:30,OrangeMoney,transfert,OUT,1200.0,FCFA,2492.63,"Transfert de [PHONE_7712] [CONTACT_BAF2] vers [USER_14_phone] [USER_14] reussi. Details: ID transaction: PP250102.1347.B18496, Montant Transaction: 1200FCFA, Frais: 0 FCFA, Commission: 0 FCFA, Montant Net: 1200 FCFA, Nouveau Solde: 2492.63 FCFA."
USER_14,2025-01-02,17:20:14,OrangeMoney,transfert,OUT,2000.0,FCFA,4492.63,"Transfert de [PHONE_6829] [CONTACT_32E7] vers [USER_14_phone] [USER_14] reussi. Details: ID transaction: PP250102.1707.A59193, Montant Transaction: 2000FCFA, Frais: 0 FCFA, Commission: 0 FCFA, Montant Net: 2000 FCFA, Nouveau Solde: 4492.63 FCFA."
USER_14,2025-01-03,11:17:29,OrangeMoney,retrait,OUT,2000.0,FCFA,1242.63,"Retrait d'argent reussi par le [PHONE_2774] avec le Code : 291672. Informations detaillees : Montant: 2000 FCFA, Frais: 50 FCFA, No de transaction CO250103.1117.D04074, montant net debite 2050 FCFA, Nouveau solde: 1242.63 FCFA."
USER_14,2025-01-03,13:53:08,OrangeMoney,depot,IN,10000.0,FCFA,10242.63,"Depot effectue par [PHONE_6239] [CONTACT_FC80] to [USER_14_phone] [USER_14]. Informations detaillees: Montant de transaction : 10000 FCFA, ID transaction : CI250103.1353.A52222, Frais : 0 FCFA, Commission : 0 FCFA, Montant Net du Credit : 10000 FCFA, Nouveau Solde : 10242.63 FCFA."
USER_14,2025-01-03,13:55:05,OrangeMoney,transfert,OUT,10150.0,FCFA,41.88,"Transfert de [USER_14_phone] [USER_14] vers [PHONE_8538] [CONTACT_7EEA] reussi. ID transaction: PP250103.1355.D31441, Montant Transaction: 10150 FCFA, Frais: 50.75 FCFA, Commission: 0 FCFA, Montant Net: 10200.75 FCFA, Nouveau Solde: 41.88 FCFA."
USER_14,2025-01-03,17:24:59,OrangeMoney,transfert,OUT,1000.0,FCFA,1041.88,"Transfert de [PHONE_8667] [CONTACT_A811] vers [USER_14_phone] [USER_14] reussi. Details: ID transaction: PP250103.1724.B75438, Montant Transaction: 1000FCFA, Frais: 0 FCFA, Commission: 0 FCFA, Montant Net: 1000 FCFA, Nouveau Solde: 1041.88 FCFA."
USER_14,2025-01-04,13:43:48,OrangeMoney,rechargement,OUT,700.0,FCFA,341.88,"Rechargement reussi. Montant de la transaction: 700 FCFA, ID transaction: RC250104.1343.C71909, Frais: 0 FCFA, Commission: 0 FCFA, Nouveau solde: 341.88 FCFA"
USER_14,2025-01-06,14:41:11,OrangeMoney,depot,IN,5000.0,FCFA,5341.88,"Depot effectue par [PHONE_3430] [CONTACT_FAAB] to [USER_14_phone] [USER_14]. Informations detaillees: Montant de transaction : 5000 FCFA, ID transaction : CI250106.1441.A61585, Frais : 0 FCFA, Commission : 0 FCFA, Montant Net du Credit : 5000 FCFA, Nouveau Solde : 5341.88 FCFA."
USER_14,2025-01-06,14:42:42,OrangeMoney,transfert,OUT,5079.0,FCFA,208.88,"Transfert de [USER_14_phone] [USER_14] vers [PHONE_8538] [CONTACT_7EEA] reussi. ID transaction: PP250106.1442.D90663, Montant Transaction: 5079 FCFA, Frais: 54 FCFA, Commission: 0 FCFA, Montant Net: 5133 FCFA, Nouveau Solde: 208.88 FCFA."
USER_14,2025-01-07,09:02:24,OrangeMoney,depot,IN,10000.0,FCFA,10208.88,"Depot effectue par [PHONE_6239] [CONTACT_FC80] to [USER_14_phone] [USER_14]. Informations detaillees: Montant de transaction : 10000 FCFA, ID transaction : CI250107.0902.A93066, Frais : 0 FCFA, Commission : 0 FCFA, Montant Net du Credit : 10000 FCFA, Nouveau Solde : 10208.88 FCFA."
USER_14,2025-01-07,13:36:57,OrangeMoney,transfert,OUT,5000.0,FCFA,3954.88,"Transfert de [USER_14_phone] [USER_14] vers [PHONE_1517] [CONTACT_564D] reussi. ID transaction: PP250107.1336.D73455, Montant Transaction: 5000 FCFA, Frais: 54 FCFA, Commission: 0 FCFA, Montant Net: 5054 FCFA, Nouveau Solde: 3954.88 FCFA."
USER_14,2025-01-07,13:49:42,OrangeMoney,retrait,OUT,1500.0,FCFA,2400.88,"Retrait d'argent reussi par le [PHONE_9006] avec le Code : 453414. Informations detaillees : Montant: 1500 FCFA, Frais: 54 FCFA, No de transaction CO250107.1349.D15003, montant net debite 1554 FCFA, Nouveau solde: 2400.88 FCFA."
USER_14,2025-01-07,17:51:42,OrangeMoney,transfert,OUT,5079.0,FCFA,7173.88,"Transfert de [PHONE_1517] [CONTACT_564D] vers [USER_14_phone] [USER_14] reussi. Details: ID transaction: PP250107.1751.B30411, Montant Transaction: 5079FCFA, Frais: 0 FCFA, Commission: 0 FCFA, Montant Net: 5079 FCFA, Nouveau Solde: 7173.88 FCFA."
USER_14,2025-01-08,14:11:42,OrangeMoney,transfert,OUT,3556.5,FCFA,2363.38,"Transfert de [USER_14_phone] [USER_14] vers [PHONE_7690] ebessa reussi. ID transaction: PP250108.1411.A52137, Montant Transaction: 3556.5 FCFA, Frais: 54 FCFA, Commission: 0 FCFA, Montant Net: 3610.5 FCFA, Nouveau Solde: 2363.38 FCFA."
USER_14,2025-01-10,13:18:50,OrangeMoney,transfert,OUT,200.0,FCFA,909.38,"Transfert de [USER_14_phone] [USER_14] vers [PHONE_9158] [CONTACT_0F04] reussi. ID transaction: PP250110.1318.D52098, Montant Transaction: 200 FCFA, Frais: 54 FCFA, Commission: 0 FCFA, Montant Net: 254 FCFA, Nouveau Solde: 909.38 FCFA."
USER_14,2025-01-10,13:33:03,OrangeMoney,transfert,OUT,554.0,FCFA,301.38,"Transfert de [USER_14_phone] [USER_14] vers [PHONE_1039] [CONTACT_4952] reussi. ID transaction: PP250110.1333.A92947, Montant Transaction: 554 FCFA, Frais: 54 FCFA, Commission: 0 FCFA, Montant Net: 608 FCFA, Nouveau Solde: 301.38 FCFA."
USER_14,2025-01-10,18:28:19,OrangeMoney,transfert,OUT,554.0,FCFA,855.38,"Transfert de [PHONE_1956] [CONTACT_2A97] vers [USER_14_phone] [USER_14] reussi. Details: ID transaction: PP250110.1828.A83933, Montant Transaction: 554FCFA, Frais: 0 FCFA, Commission: 0 FCFA, Montant Net: 554 FCFA, Nouveau Solde: 855.38 FCFA."
USER_14,2025-01-10,18:30:52,OrangeMoney,transfert,OUT,700.0,FCFA,101.38,"Transfert de [USER_14_phone] [USER_14] vers [PHONE_9871] [CONTACT_4F71] reussi. ID transaction: PP250110.1830.C53216, Montant Transaction: 700 FCFA, Frais: 54 FCFA, Commission: 0 FCFA, Montant Net: 754 FCFA, Nouveau Solde: 101.38 FCFA."
USER_14,2025-01-11,15:31:46,OrangeMoney,transfert,OUT,5100.0,FCFA,5201.38,"Transfert de [PHONE_2776] [CONTACT_197E] vers [USER_14_phone] [USER_14] reussi. Details: ID transaction: PP250111.1531.C95631, Montant Transaction: 5100FCFA, Frais: 0 FCFA, Commission: 0 FCFA, Montant Net: 5100 FCFA, Nouveau Solde: 5201.38 FCFA."
USER_14,2025-01-11,15:46:00,OrangeMoney,retrait,OUT,5000.0,FCFA,122.38,"Retrait d'argent reussi par le [PHONE_8661] avec le Code : 852985. Informations detaillees : Montant: 5000 FCFA, Frais: 79 FCFA, No de transaction CO250111.1545.D16495, montant net debite 5079 FCFA, Nouveau solde: 122.38 FCFA."
USER_14,2025-01-11,19:17:04,OrangeMoney,transfert,OUT,2600.0,FCFA,2722.38,"Transfert de [PHONE_6194] [CONTACT_E335] vers [USER_14_phone] [USER_14] reussi. Details: ID transaction: PP250111.1812.A26819, Montant Transaction: 2600FCFA, Frais: 0 FCFA, Commission: 0 FCFA, Montant Net: 2600 FCFA, Nouveau Solde: 2722.38 FCFA."
USER_14,2025-01-13,07:49:51,OrangeMoney,depot,IN,2100.0,FCFA,4822.38,"Depot effectue par [PHONE_9011] [CONTACT_7B9E] to [USER_14_phone] [USER_14]. Informations detaillees: Montant de transaction : 2100 FCFA, ID transaction : CI250113.0749.A79825, Frais : 0 FCFA, Commission : 0 FCFA, Montant Net du Credit : 2100 FCFA, Nouveau Solde : 4822.38 FCFA."
USER_14,2025-01-13,16:42:43,OrangeMoney,transfert,OUT,5079.0,FCFA,8489.38,"Transfert de [USER_14_phone] [USER_14] vers [PHONE_1915] [CONTACT_34C3] reussi. ID transaction: PP250113.1642.D92113, Montant Transaction: 5079 FCFA, Frais: 54 FCFA, Commission: 0 FCFA, Montant Net: 5133 FCFA, Nouveau Solde: 8489.38 FCFA."
USER_14,2025-01-13,18:59:51,OrangeMoney,transfert,OUT,6094.0,FCFA,2341.38,"Transfert de [USER_14_phone] [USER_14] vers [PHONE_2903] [CONTACT_057E] reussi. ID transaction: PP250113.1859.C83194, Montant Transaction: 6094 FCFA, Frais: 54 FCFA, Commission: 0 FCFA, Montant Net: 6148 FCFA, Nouveau Solde: 2341.38 FCFA."
USER_14,2025-01-14,13:01:49,OrangeMoney,transfert,OUT,5000.0,FCFA,6141.38,"Transfert de [PHONE_3626] [CONTACT_078B] vers [USER_14_phone] [USER_14] reussi. Details: ID transaction: PP250114.1301.D73223, Montant Transaction: 5000FCFA, Frais: 0 FCFA, Commission: 0 FCFA, Montant Net: 5000 FCFA, Nouveau Solde: 6141.38 FCFA."
USER_14,2025-01-15,10:56:01,OrangeMoney,retrait,OUT,5000.0,FCFA,1062.38,"Retrait d'argent reussi par le [PHONE_5116] avec le Code : 587223. Informations detaillees : Montant: 5000 FCFA, Frais: 79 FCFA, No de transaction CO250115.1055.B59803, montant net debite 5079 FCFA, Nouveau solde: 1062.38 FCFA."
USER_14,2025-01-15,15:55:02,OrangeMoney,retrait,OUT,1000.0,FCFA,8.38,"Retrait d'argent reussi par le [PHONE_9011] avec le Code : 287436. Informations detaillees : Montant: 1000 FCFA, Frais: 54 FCFA, No de transaction CO250115.1554.D27370, montant net debite 1054 FCFA, Nouveau solde: 8.38 FCFA."
USER_14,2025-01-15,17:04:16,OrangeMoney,depot,IN,1500.0,FCFA,1508.38,"Depot effectue par [PHONE_7236] [CONTACT_C3BE] to [USER_14_phone] [USER_14]. Informations detaillees: Montant de transaction : 1500 FCFA, ID transaction : CI250115.1704.B13608, Frais : 0 FCFA, Commission : 0 FCFA, Montant Net du Credit : 1500 FCFA, Nouveau Solde : 1508.38 FCFA."
USER_14,2025-01-16,07:44:09,OrangeMoney,transfert,OUT,1450.0,FCFA,4.38,"Transfert de [USER_14_phone] [USER_14] vers [PHONE_1956] [CONTACT_2A97] reussi. ID transaction: PP250116.0744.D79537, Montant Transaction: 1450 FCFA, Frais: 54 FCFA, Commission: 0 FCFA, Montant Net: 1504 FCFA, Nouveau Solde: 4.38 FCFA."
USER_14,2025-01-21,19:02:56,OrangeMoney,transfert,OUT,1200.0,FCFA,1204.38,"Transfert de [PHONE_1956] [CONTACT_2A97] vers [USER_14_phone] [USER_14] reussi. Details: ID transaction: PP250121.1902.D96903, Montant Transaction: 1200FCFA, Frais: 0 FCFA, Commission: 0 FCFA, Montant Net: 1200 FCFA, Nouveau Solde: 1204.38 FCFA."
USER_14,2025-01-22,23:49:51,OrangeMoney,transfert,OUT,700.0,FCFA,704.38,"Transfert de [PHONE_9044] Ibrahim vers [USER_14_phone] [USER_14] reussi. Details: ID transaction: PP250122.2349.D29813, Montant Transaction: 700FCFA, Frais: 0 FCFA, Commission: 0 FCFA, Montant Net: 700 FCFA, Nouveau Solde: 704.38 FCFA."
USER_14,2025-01-23,18:57:41,OrangeMoney,depot,IN,3000.0,FCFA,3704.38,"Depot effectue par [PHONE_5251] [CONTACT_17F2] to [USER_14_phone] [USER_14]. Informations detaillees: Montant de transaction : 3000 FCFA, ID transaction : CI250123.1857.C55604, Frais : 0 FCFA, Commission : 0 FCFA, Montant Net du Credit : 3000 FCFA, Nouveau Solde : 3704.38 FCFA."
USER_14,2025-01-23,19:02:57,OrangeMoney,transfert,OUT,3100.0,FCFA,550.38,"Transfert de [USER_14_phone] [USER_14] vers [PHONE_9405] [CONTACT_68F8] A reussi. ID transaction: PP250123.1902.B36174, Montant Transaction: 3100 FCFA, Frais: 54 FCFA, Commission: 0 FCFA, Montant Net: 3154 FCFA, Nouveau Solde: 550.38 FCFA."
USER_14,2025-01-24,19:50:34,OrangeMoney,rechargement,OUT,500.0,FCFA,50.38,"Rechargement reussi. Montant de la transaction: 500 FCFA, ID transaction: RC250124.1950.D56944, Frais: 0 FCFA, Commission: 0 FCFA, Nouveau solde: 50.38 FCFA"
USER_14,2025-01-25,19:42:39,OrangeMoney,transfert,OUT,550.0,FCFA,600.38,"Transfert de [PHONE_1956] [CONTACT_2A97] vers [USER_14_phone] [USER_14] reussi. Details: ID transaction: PP250125.1942.B84570, Montant Transaction: 550FCFA, Frais: 0 FCFA, Commission: 0 FCFA, Montant Net: 550 FCFA, Nouveau Solde: 600.38 FCFA."
USER_14,2025-01-25,19:46:54,OrangeMoney,transfert,OUT,500.0,FCFA,46.38,"Transfert de [USER_14_phone] [USER_14] vers [PHONE_9133] [CONTACT_CB6F] reussi. ID transaction: PP250125.1946.D88300, Montant Transaction: 500 FCFA, Frais: 54 FCFA, Commission: 0 FCFA, Montant Net: 554 FCFA, Nouveau Solde: 46.38 FCFA."
USER_14,2025-01-28,11:38:00,OrangeMoney,depot,IN,1000.0,FCFA,1046.38,"Depot effectue par [PHONE_0019] [CONTACT_65BA] to [USER_14_phone] [USER_14]. Informations detaillees: Montant de transaction : 1000 FCFA, ID transaction : CI250128.1137.D78204, Frais : 0 FCFA, Commission : 0 FCFA, Montant Net du Credit : 1000 FCFA, Nouveau Solde : 1046.38 FCFA."
USER_14,2025-01-28,11:43:25,OrangeMoney,rechargement,OUT,1000.0,FCFA,46.38,"Rechargement reussi. Montant de la transaction: 1000 FCFA, ID transaction: RC250128.1143.B80514, Frais: 0 FCFA, Commission: 0 FCFA, Nouveau solde: 46.38 FCFA"
USER_14,2025-01-30,20:07:22,OrangeMoney,transfert,OUT,1200.0,FCFA,1246.38,"Transfert de [PHONE_1956] [CONTACT_2A97] vers [USER_14_phone] [USER_14] reussi. Details: ID transaction: PP250130.2007.D77469, Montant Transaction: 1200FCFA, Frais: 0 FCFA, Commission: 0 FCFA, Montant Net: 1200 FCFA, Nouveau Solde: 1246.38 FCFA."
USER_14,2025-02-04,19:15:33,OrangeMoney,depot,IN,6500.0,FCFA,6546.38,"Depot effectue par [PHONE_9709] [CONTACT_F128] to [USER_14_phone] [USER_14]. Informations detaillees: Montant de transaction : 6500 FCFA, ID transaction : CI250204.1915.D95640, Frais : 0 FCFA, Commission : 0 FCFA, Montant Net du Credit : 6500 FCFA, Nouveau Solde : 6546.38 FCFA."
USER_14,2025-02-04,19:29:47,OrangeMoney,transfert,OUT,2654.0,FCFA,9200.38,"Transfert de [PHONE_1956] [CONTACT_2A97] vers [USER_14_phone] [USER_14] reussi. Details: ID transaction: PP250204.1929.C60774, Montant Transaction: 2654FCFA, Frais: 0 FCFA, Commission: 0 FCFA, Montant Net: 2654 FCFA, Nouveau Solde: 9200.38 FCFA."
USER_14,2025-02-04,19:31:30,OrangeMoney,transfert,OUT,6500.0,FCFA,2646.38,"Transfert de [USER_14_phone] [USER_14] vers [PHONE_9405] [CONTACT_68F8] A reussi. ID transaction: PP250204.1931.B70889, Montant Transaction: 6500 FCFA, Frais: 54 FCFA, Commission: 0 FCFA, Montant Net: 6554 FCFA, Nouveau Solde: 2646.38 FCFA."
USER_14,2025-02-04,19:32:50,OrangeMoney,rechargement,OUT,1200.0,FCFA,1446.38,"Rechargement reussi. Montant de la transaction: 1200 FCFA, ID transaction: RC250204.1932.B83321, Frais: 0 FCFA, Commission: 0 FCFA, Nouveau solde: 1446.38 FCFA"
USER_14,2025-02-04,20:21:37,OrangeMoney,transfert,OUT,1054.0,FCFA,338.38,"Transfert de [USER_14_phone] [USER_14] vers [PHONE_6856] [CONTACT_6A80] reussi. ID transaction: PP250204.2021.B01618, Montant Transaction: 1054 FCFA, Frais: 54 FCFA, Commission: 0 FCFA, Montant Net: 1108 FCFA, Nouveau Solde: 338.38 FCFA."
USER_14,2025-02-04,20:37:46,OrangeMoney,transfert,OUT,1054.0,FCFA,1392.38,"Transfert de [PHONE_1956] [CONTACT_2A97] vers [USER_14_phone] [USER_14] reussi. Details: ID transaction: PP250204.2037.D12996, Montant Transaction: 1054FCFA, Frais: 0 FCFA, Commission: 0 FCFA, Montant Net: 1054 FCFA, Nouveau Solde: 1392.38 FCFA."
USER_14,2025-02-10,09:10:34,OrangeMoney,transfert,OUT,3100.0,FCFA,3292.38,"Transfert de [PHONE_1956] [CONTACT_2A97] vers [USER_14_phone] [USER_14] reussi. Details: ID transaction: PP250210.0910.A39487, Montant Transaction: 3100FCFA, Frais: 0 FCFA, Commission: 0 FCFA, Montant Net: 3100 FCFA, Nouveau Solde: 3292.38 FCFA."
USER_14,2025-02-10,09:15:23,OrangeMoney,retrait,OUT,2000.0,FCFA,1238.38,"Retrait d'argent reussi par le [PHONE_8661] avec le Code : 852985. Informations detaillees : Montant: 2000 FCFA, Frais: 54 FCFA, No de transaction CO250210.0915.D56164, montant net debite 2054 FCFA, Nouveau solde: 1238.38 FCFA."
USER_14,2025-02-10,09:23:59,OrangeMoney,transfert,OUT,2100.0,FCFA,3338.38,"Transfert de [PHONE_1956] [CONTACT_2A97] vers [USER_14_phone] [USER_14] reussi. Details: ID transaction: PP250210.0923.D56510, Montant Transaction: 2100FCFA, Frais: 0 FCFA, Commission: 0 FCFA, Montant Net: 2100 FCFA, Nouveau Solde: 3338.38 FCFA."
USER_14,2025-02-10,09:25:56,OrangeMoney,transfert,OUT,3100.0,FCFA,184.38,"Transfert de [USER_14_phone] [USER_14] vers [PHONE_9405] [CONTACT_68F8] A reussi. ID transaction: PP250210.0925.C45483, Montant Transaction: 3100 FCFA, Frais: 54 FCFA, Commission: 0 FCFA, Montant Net: 3154 FCFA, Nouveau Solde: 184.38 FCFA."
USER_14,2025-02-10,18:23:31,OrangeMoney,depot,IN,2000.0,FCFA,2184.38,"Depot effectue par [PHONE_9709] [CONTACT_F128] to [USER_14_phone] [USER_14]. Informations detaillees: Montant de transaction : 2000 FCFA, ID transaction : CI250210.1823.B03814, Frais : 0 FCFA, Commission : 0 FCFA, Montant Net du Credit : 2000 FCFA, Nouveau Solde : 2184.38 FCFA."
USER_14,2025-02-10,19:29:47,OrangeMoney,transfert,OUT,2054.0,FCFA,76.38,"Transfert de [USER_14_phone] [USER_14] vers [PHONE_5102] Laurent reussi. ID transaction: PP250210.1929.B41497, Montant Transaction: 2054 FCFA, Frais: 54 FCFA, Commission: 0 FCFA, Montant Net: 2108 FCFA, Nouveau Solde: 76.38 FCFA."
USER_14,2025-02-12,13:53:54,OrangeMoney,depot,IN,1000.0,FCFA,1076.38,"Depot effectue par [PHONE_9768] [CONTACT_BC30] to [USER_14_phone] [USER_14]. Informations detaillees: Montant de transaction : 1000 FCFA, ID transaction : CI250212.1353.A55983, Frais : 0 FCFA, Commission : 0 FCFA, Montant Net du Credit : 1000 FCFA, Nouveau Solde : 1076.38 FCFA."
USER_14,2025-02-12,15:25:48,OrangeMoney,transfert,OUT,1000.0,FCFA,2076.38,"Transfert de [PHONE_1956] [CONTACT_2A97] vers [USER_14_phone] [USER_14] reussi. Details: ID transaction: PP250212.1525.A60124, Montant Transaction: 1000FCFA, Frais: 0 FCFA, Commission: 0 FCFA, Montant Net: 1000 FCFA, Nouveau Solde: 2076.38 FCFA."
USER_14,2025-02-14,10:36:01,OrangeMoney,transfert,OUT,2100.0,FCFA,2976.38,"Transfert de [PHONE_1956] [CONTACT_2A97] vers [USER_14_phone] [USER_14] reussi. Details: ID transaction: PP250214.1035.A84232, Montant Transaction: 2100FCFA, Frais: 0 FCFA, Commission: 0 FCFA, Montant Net: 2100 FCFA, Nouveau Solde: 2976.38 FCFA."
USER_14,2025-02-14,12:11:14,OrangeMoney,depot,IN,5000.0,FCFA,7976.38,"Depot effectue par [PHONE_8347] [CONTACT_A817] to [USER_14_phone] [USER_14]. Informations detaillees: Montant de transaction : 5000 FCFA, ID transaction : CI250214.1211.D96258, Frais : 0 FCFA, Commission : 0 FCFA, Montant Net du Credit : 5000 FCFA, Nouveau Solde : 7976.38 FCFA."
USER_14,2025-02-14,16:10:33,OrangeMoney,depot,IN,50000.0,FCFA,57976.38,"Depot effectue par [PHONE_2267] [CONTACT_305D] to [USER_14_phone] [USER_14]. Informations detaillees: Montant de transaction : 50000 FCFA, ID transaction : CI250214.1607.D97267, Frais : 0 FCFA, Commission : 0 FCFA, Montant Net du Credit : 50000 FCFA, Nouveau Solde : 57976.38 FCFA."
USER_14,2025-02-14,21:51:17,OrangeMoney,transfert,OUT,4571.5,FCFA,52050.88,"Transfert de [USER_14_phone] [USER_14] vers [PHONE_9485] [CONTACT_0088] reussi. ID transaction: PP250214.2151.B21492, Montant Transaction: 4571.5 FCFA, Frais: 54 FCFA, Commission: 0 FCFA, Montant Net: 4625.5 FCFA, Nouveau Solde: 52050.88 FCFA."
USER_14,2025-02-17,12:33:06,OrangeMoney,transfert,OUT,307.0,FCFA,51857.88,"Transfert de [PHONE_8667] [CONTACT_A811] vers [USER_14_phone] [USER_14] reussi. Details: ID transaction: PP250217.1233.C96195, Montant Transaction: 307FCFA, Frais: 0 FCFA, Commission: 0 FCFA, Montant Net: 307 FCFA, Nouveau Solde: 51857.88 FCFA."
USER_14,2025-02-17,12:34:27,OrangeMoney,transfert,OUT,50754.0,FCFA,846.11,"Transfert de [USER_14_phone] [USER_14] vers [PHONE_8667] [CONTACT_A811] reussi. ID transaction: PP250217.1234.C96975, Montant Transaction: 50754 FCFA, Frais: 257.77 FCFA, Commission: 0 FCFA, Montant Net: 51011.77 FCFA, Nouveau Solde: 846.11 FCFA."
USER_14,2025-02-18,19:09:31,OrangeMoney,transfert,OUT,500.0,FCFA,1346.11,"Transfert de [PHONE_1956] [CONTACT_2A97] vers [USER_14_phone] [USER_14] reussi. Details: ID transaction: PP250218.1909.B87429, Montant Transaction: 500FCFA, Frais: 0 FCFA, Commission: 0 FCFA, Montant Net: 500 FCFA, Nouveau Solde: 1346.11 FCFA."
USER_14,2025-02-21,13:03:01,OrangeMoney,transfert,OUT,2100.0,FCFA,2246.11,"Transfert de [PHONE_9133] [CONTACT_CB6F] vers [USER_14_phone] [USER_14] reussi. Details: ID transaction: PP250221.1302.A52791, Montant Transaction: 2100FCFA, Frais: 0 FCFA, Commission: 0 FCFA, Montant Net: 2100 FCFA, Nouveau Solde: 2246.11 FCFA."
USER_14,2025-02-21,14:26:33,OrangeMoney,transfert,OUT,2000.0,FCFA,192.11,"Transfert de [USER_14_phone] [USER_14] vers [PHONE_1956] [CONTACT_2A97] reussi. ID transaction: PP250221.1426.C01437, Montant Transaction: 2000 FCFA, Frais: 54 FCFA, Commission: 0 FCFA, Montant Net: 2054 FCFA, Nouveau Solde: 192.11 FCFA."
USER_14,2025-02-22,11:33:15,OrangeMoney,transfert,OUT,1200.0,FCFA,1392.11,"Transfert de [PHONE_1956] [CONTACT_2A97] vers [USER_14_phone] [USER_14] reussi. Details: ID transaction: PP250222.1128.D51427, Montant Transaction: 1200FCFA, Frais: 0 FCFA, Commission: 0 FCFA, Montant Net: 1200 FCFA, Nouveau Solde: 1392.11 FCFA."
USER_14,2025-02-23,15:03:02,OrangeMoney,transfert,OUT,27300.0,FCFA,27492.11,"Transfert de [PHONE_9405] [CONTACT_68F8] A vers [USER_14_phone] [USER_14] reussi. Details: ID transaction: PP250223.1359.D65876, Montant Transaction: 27300FCFA, Frais: 0 FCFA, Commission: 0 FCFA, Montant Net: 27300 FCFA, Nouveau Solde: 27492.11 FCFA."
USER_14,2025-02-23,15:09:40,OrangeMoney,transfert,OUT,13000.0,FCFA,14423.11,"Transfert de [USER_14_phone] [USER_14] vers [PHONE_8667] [CONTACT_A811] reussi. ID transaction: PP250223.1509.A06802, Montant Transaction: 13000 FCFA, Frais: 69 FCFA, Commission: 0 FCFA, Montant Net: 13069 FCFA, Nouveau Solde: 14423.11 FCFA."
USER_14,2025-02-23,15:35:37,OrangeMoney,transfert,OUT,5079.0,FCFA,9290.11,"Transfert de [USER_14_phone] [USER_14] vers [PHONE_9078] [CONTACT_CB59] reussi. ID transaction: PP250223.1535.D22240, Montant Transaction: 5079 FCFA, Frais: 54 FCFA, Commission: 0 FCFA, Montant Net: 5133 FCFA, Nouveau Solde: 9290.11 FCFA."
USER_14,2025-02-23,17:16:37,OrangeMoney,transfert,OUT,4500.0,FCFA,136.11,"Transfert de [USER_14_phone] [USER_14] vers [PHONE_1956] [CONTACT_2A97] reussi. ID transaction: PP250223.1716.B81610, Montant Transaction: 4500 FCFA, Frais: 54 FCFA, Commission: 0 FCFA, Montant Net: 4554 FCFA, Nouveau Solde: 136.11 FCFA."
USER_14,2025-02-24,13:40:09,OrangeMoney,transfert,OUT,1000.0,FCFA,1136.11,"Transfert de [PHONE_1956] [CONTACT_2A97] vers [USER_14_phone] [USER_14] reussi. Details: ID transaction: PP250224.1340.D75158, Montant Transaction: 1000FCFA, Frais: 0 FCFA, Commission: 0 FCFA, Montant Net: 1000 FCFA, Nouveau Solde: 1136.11 FCFA."
USER_14,2025-02-24,13:41:17,OrangeMoney,transfert,OUT,1054.0,FCFA,28.11,"Transfert de [USER_14_phone] [USER_14] vers [PHONE_9485] [CONTACT_0088] reussi. ID transaction: PP250224.1341.C74701, Montant Transaction: 1054 FCFA, Frais: 54 FCFA, Commission: 0 FCFA, Montant Net: 1108 FCFA, Nouveau Solde: 28.11 FCFA."
USER_14,2025-02-24,18:40:58,OrangeMoney,transfert,OUT,1054.0,FCFA,1082.11,"Transfert de [PHONE_1956] [CONTACT_2A97] vers [USER_14_phone] [USER_14] reussi. Details: ID transaction: PP250224.1840.C50323, Montant Transaction: 1054FCFA, Frais: 0 FCFA, Commission: 0 FCFA, Montant Net: 1054 FCFA, Nouveau Solde: 1082.11 FCFA."
USER_14,2025-02-24,18:43:59,OrangeMoney,transfert,OUT,1000.0,FCFA,28.11,"Transfert de [USER_14_phone] [USER_14] vers [PHONE_9133] [CONTACT_CB6F] reussi. ID transaction: PP250224.1843.D52992, Montant Transaction: 1000 FCFA, Frais: 54 FCFA, Commission: 0 FCFA, Montant Net: 1054 FCFA, Nouveau Solde: 28.11 FCFA."
USER_14,2025-02-26,16:13:30,OrangeMoney,transfert,OUT,1200.0,FCFA,1228.11,"Transfert de [PHONE_1956] [CONTACT_2A97] vers [USER_14_phone] [USER_14] reussi. Details: ID transaction: PP250226.1613.A57658, Montant Transaction: 1200FCFA, Frais: 0 FCFA, Commission: 0 FCFA, Montant Net: 1200 FCFA, Nouveau Solde: 1228.11 FCFA."
USER_14,2025-02-28,07:22:11,OrangeMoney,transfert,OUT,5150.0,FCFA,5178.11,"Transfert de [PHONE_4642] [CONTACT_474D] vers [USER_14_phone] [USER_14] reussi. Details: ID transaction: PP250228.0722.D14752, Montant Transaction: 5150FCFA, Frais: 0 FCFA, Commission: 0 FCFA, Montant Net: 5150 FCFA, Nouveau Solde: 5178.11 FCFA."
USER_14,2025-02-28,10:23:39,OrangeMoney,transfert,OUT,5000.0,FCFA,124.11,"Transfert de [USER_14_phone] [USER_14] vers [PHONE_1956] [CONTACT_2A97] reussi. ID transaction: PP250228.1023.A15563, Montant Transaction: 5000 FCFA, Frais: 54 FCFA, Commission: 0 FCFA, Montant Net: 5054 FCFA, Nouveau Solde: 124.11 FCFA."
USER_14,2025-03-01,18:57:51,OrangeMoney,transfert,OUT,2000.0,FCFA,2024.11,"Transfert de [PHONE_5758] [CONTACT_7EF2] vers [USER_14_phone] [USER_14] reussi. Details: ID transaction: PP250301.1857.C93126, Montant Transaction: 2000FCFA, Frais: 0 FCFA, Commission: 0 FCFA, Montant Net: 2000 FCFA, Nouveau Solde: 2024.11 FCFA."
USER_14,2025-03-01,18:58:53,OrangeMoney,transfert,OUT,500.0,FCFA,1470.11,"Transfert de [USER_14_phone] [USER_14] vers [PHONE_9485] [CONTACT_0088] reussi. ID transaction: PP250301.1858.B93867, Montant Transaction: 500 FCFA, Frais: 54 FCFA, Commission: 0 FCFA, Montant Net: 554 FCFA, Nouveau Solde: 1470.11 FCFA."
USER_14,2025-03-02,10:41:27,OrangeMoney,transfert,OUT,3200.0,FCFA,3470.11,"Transfert de [PHONE_1956] [CONTACT_2A97] vers [USER_14_phone] [USER_14] reussi. Details: ID transaction: PP250302.1041.D44171, Montant Transaction: 3200FCFA, Frais: 0 FCFA, Commission: 0 FCFA, Montant Net: 3200 FCFA, Nouveau Solde: 3470.11 FCFA."
USER_14,2025-03-02,10:43:17,OrangeMoney,transfert,OUT,3100.0,FCFA,316.11,"Transfert de [USER_14_phone] [USER_14] vers [PHONE_9405] [CONTACT_68F8] A reussi. ID transaction: PP250302.1043.A48099, Montant Transaction: 3100 FCFA, Frais: 54 FCFA, Commission: 0 FCFA, Montant Net: 3154 FCFA, Nouveau Solde: 316.11 FCFA."
USER_14,2025-03-03,18:11:55,OrangeMoney,transfert,OUT,2054.0,FCFA,2370.11,"Transfert de [PHONE_9044] Ibrahim vers [USER_14_phone] [USER_14] reussi. Details: ID transaction: PP250303.1811.C90339, Montant Transaction: 2054FCFA, Frais: 0 FCFA, Commission: 0 FCFA, Montant Net: 2054 FCFA, Nouveau Solde: 2370.11 FCFA."
USER_14,2025-03-03,18:24:30,OrangeMoney,transfert,OUT,500.0,FCFA,1816.11,"Transfert de [USER_14_phone] [USER_14] vers [PHONE_9485] [CONTACT_0088] reussi. ID transaction: PP250303.1824.D97054, Montant Transaction: 500 FCFA, Frais: 54 FCFA, Commission: 0 FCFA, Montant Net: 554 FCFA, Nouveau Solde: 1816.11 FCFA."
USER_14,2025-03-05,11:07:06,OrangeMoney,transfert,OUT,200.0,FCFA,1062.11,"Transfert de [USER_14_phone] [USER_14] vers [PHONE_0756] [CONTACT_6112] reussi. ID transaction: PP250305.1107.C40668, Montant Transaction: 200 FCFA, Frais: 54 FCFA, Commission: 0 FCFA, Montant Net: 254 FCFA, Nouveau Solde: 1062.11 FCFA."
USER_14,2025-03-06,06:35:41,OrangeMoney,transfert,OUT,1000.0,FCFA,8.11,"Transfert de [USER_14_phone] [USER_14] vers [PHONE_1956] [CONTACT_2A97] reussi. ID transaction: PP250306.0635.D77793, Montant Transaction: 1000 FCFA, Frais: 54 FCFA, Commission: 0 FCFA, Montant Net: 1054 FCFA, Nouveau Solde: 8.11 FCFA."
USER_14,2025-03-06,06:40:21,OrangeMoney,transfert,OUT,1254.0,FCFA,1262.11,"Transfert de [PHONE_1956] [CONTACT_2A97] vers [USER_14_phone] [USER_14] reussi. Details: ID transaction: PP250306.0640.A81106, Montant Transaction: 1254FCFA, Frais: 0 FCFA, Commission: 0 FCFA, Montant Net: 1254 FCFA, Nouveau Solde: 1262.11 FCFA."
USER_14,2025-03-09,11:02:43,OrangeMoney,transfert,OUT,105000.0,FCFA,105062.11,"Transfert de [PHONE_9462] [CONTACT_32E7] vers [USER_14_phone] [USER_14] reussi. Details: ID transaction: PP250309.0952.C02440, Montant Transaction: 105000FCFA, Frais: 0 FCFA, Commission: 0 FCFA, Montant Net: 105000 FCFA, Nouveau Solde: 105062.11 FCFA."
USER_14,2025-03-09,11:06:18,OrangeMoney,transfert,OUT,85000.0,FCFA,19633.11,"Transfert de [USER_14_phone] [USER_14] vers [PHONE_1564] [CONTACT_A0FE] reussi. ID transaction: PP250309.1106.D44035, Montant Transaction: 85000 FCFA, Frais: 429 FCFA, Commission: 0 FCFA, Montant Net: 85429 FCFA, Nouveau Solde: 19633.11 FCFA."
USER_14,2025-03-10,07:20:24,OrangeMoney,transfert,OUT,5100.0,FCFA,14479.11,"Transfert de [USER_14_phone] [USER_14] vers [PHONE_9405] [CONTACT_68F8] A reussi. ID transaction: PP250310.0720.C80109, Montant Transaction: 5100 FCFA, Frais: 54 FCFA, Commission: 0 FCFA, Montant Net: 5154 FCFA, Nouveau Solde: 14479.11 FCFA."
USER_14,2025-03-11,20:31:16,OrangeMoney,transfert,OUT,1000.0,FCFA,15479.11,"Transfert de [PHONE_8416] [CONTACT_0BC9] vers [USER_14_phone] [USER_14] reussi. Details: ID transaction: PP250311.2031.B80007, Montant Transaction: 1000FCFA, Frais: 0 FCFA, Commission: 0 FCFA, Montant Net: 1000 FCFA, Nouveau Solde: 15479.11 FCFA."
USER_14,2025-03-12,15:44:10,OrangeMoney,depot,IN,1000.0,FCFA,16479.11,"Depot effectue par [PHONE_9011] [CONTACT_7B9E] to [USER_14_phone] [USER_14]. Informations detaillees: Montant de transaction : 1000 FCFA, ID transaction : CI250312.1302.B79379, Frais : 0 FCFA, Commission : 0 FCFA, Montant Net du Credit : 1000 FCFA, Nouveau Solde : 16479.11 FCFA."
USER_14,2025-03-13,16:50:50,OrangeMoney,transfert,OUT,12500.0,FCFA,2712.61,"Transfert de [USER_14_phone] [USER_14] vers [PHONE_2615] Abata mendi reussi. ID transaction: PP250313.1650.C22235, Montant Transaction: 12500 FCFA, Frais: 66.5 FCFA, Commission: 0 FCFA, Montant Net: 12566.5 FCFA, Nouveau Solde: 2712.61 FCFA."
USER_14,2025-03-13,16:52:40,OrangeMoney,transfert,OUT,1500.0,FCFA,1158.61,"Transfert de [USER_14_phone] [USER_14] vers [PHONE_9405] [CONTACT_68F8] A reussi. ID transaction: PP250313.1652.C23432, Montant Transaction: 1500 FCFA, Frais: 54 FCFA, Commission: 0 FCFA, Montant Net: 1554 FCFA, Nouveau Solde: 1158.61 FCFA."
USER_14,2025-03-13,19:31:51,OrangeMoney,transfert,OUT,950.0,FCFA,2108.61,"Transfert de [PHONE_6829] [CONTACT_32E7] vers [USER_14_phone] [USER_14] reussi. Details: ID transaction: PP250313.1931.B20377, Montant Transaction: 950FCFA, Frais: 0 FCFA, Commission: 0 FCFA, Montant Net: 950 FCFA, Nouveau Solde: 2108.61 FCFA."
USER_14,2025-03-13,20:23:57,OrangeMoney,transfert,OUT,1054.0,FCFA,3162.61,"Transfert de [PHONE_8416] [CONTACT_0BC9] vers [USER_14_phone] [USER_14] reussi. Details: ID transaction: PP250313.2023.C52839, Montant Transaction: 1054FCFA, Frais: 0 FCFA, Commission: 0 FCFA, Montant Net: 1054 FCFA, Nouveau Solde: 3162.61 FCFA."
USER_14,2025-03-14,06:40:11,OrangeMoney,transfert,OUT,3000.0,FCFA,108.61,"Transfert de [USER_14_phone] [USER_14] vers [PHONE_1956] [CONTACT_2A97] reussi. ID transaction: PP250314.0640.A43719, Montant Transaction: 3000 FCFA, Frais: 54 FCFA, Commission: 0 FCFA, Montant Net: 3054 FCFA, Nouveau Solde: 108.61 FCFA."
USER_14,2025-03-15,12:08:09,OrangeMoney,depot,IN,1050.0,FCFA,1158.61,"Depot effectue par [PHONE_9011] [CONTACT_7B9E] to [USER_14_phone] [USER_14]. Informations detaillees: Montant de transaction : 1050 FCFA, ID transaction : CI250315.1208.B29037, Frais : 0 FCFA, Commission : 0 FCFA, Montant Net du Credit : 1050 FCFA, Nouveau Solde : 1158.61 FCFA."
USER_14,2025-03-15,12:28:48,OrangeMoney,depot,IN,10000.0,FCFA,11158.61,"Depot effectue par [PHONE_1321] [CONTACT_A728] to [USER_14_phone] [USER_14]. Informations detaillees: Montant de transaction : 10000 FCFA, ID transaction : CI250315.1228.D35772, Frais : 0 FCFA, Commission : 0 FCFA, Montant Net du Credit : 10000 FCFA, Nouveau Solde : 11158.61 FCFA."
USER_14,2025-03-15,14:41:39,OrangeMoney,retrait,OUT,1000.0,FCFA,10104.61,"Retrait d'argent reussi par le [PHONE_3718] avec le Code : 395487. Informations detaillees : Montant: 1000 FCFA, Frais: 54 FCFA, No de transaction CO250315.1441.C02156, montant net debite 1054 FCFA, Nouveau solde: 10104.61 FCFA."
USER_14,2025-03-15,15:07:25,OrangeMoney,transfert,OUT,1054.0,FCFA,8996.61,"Transfert de [USER_14_phone] [USER_14] vers [PHONE_9133] [CONTACT_CB6F] reussi. ID transaction: PP250315.1507.D87878, Montant Transaction: 1054 FCFA, Frais: 54 FCFA, Commission: 0 FCFA, Montant Net: 1108 FCFA, Nouveau Solde: 8996.61 FCFA."
USER_14,2025-03-19,19:25:13,OrangeMoney,transfert,OUT,2000.0,FCFA,4542.61,"Transfert de [USER_14_phone] [USER_14] vers [PHONE_5371] [CONTACT_5339] A reussi. ID transaction: PP250319.1925.B59281, Montant Transaction: 2000 FCFA, Frais: 54 FCFA, Commission: 0 FCFA, Montant Net: 2054 FCFA, Nouveau Solde: 4542.61 FCFA."
USER_14,2025-03-21,18:32:12,OrangeMoney,transfert,OUT,3100.0,FCFA,1388.61,"Transfert de [USER_14_phone] [USER_14] vers [PHONE_9405] [CONTACT_68F8] A reussi. ID transaction: PP250321.1832.C86088, Montant Transaction: 3100 FCFA, Frais: 54 FCFA, Commission: 0 FCFA, Montant Net: 3154 FCFA, Nouveau Solde: 1388.61 FCFA."
USER_14,2025-03-23,20:36:40,OrangeMoney,transfert,OUT,2000.0,FCFA,2188.61,"Transfert de [PHONE_5371] [CONTACT_5339] A vers [USER_14_phone] [USER_14] reussi. Details: ID transaction: PP250323.2036.A12480, Montant Transaction: 2000FCFA, Frais: 0 FCFA, Commission: 0 FCFA, Montant Net: 2000 FCFA, Nouveau Solde: 2188.61 FCFA."
USER_14,2025-03-26,07:55:36,OrangeMoney,transfert,OUT,2100.0,FCFA,34.61,"Transfert de [USER_14_phone] [USER_14] vers [PHONE_6349] [CONTACT_DC12] reussi. ID transaction: PP250326.0755.D03371, Montant Transaction: 2100 FCFA, Frais: 54 FCFA, Commission: 0 FCFA, Montant Net: 2154 FCFA, Nouveau Solde: 34.61 FCFA."
USER_14,2025-03-26,12:57:49,OrangeMoney,depot,IN,2100.0,FCFA,2134.61,"Depot effectue par [PHONE_0019] [CONTACT_65BA] to [USER_14_phone] [USER_14]. Informations detaillees: Montant de transaction : 2100 FCFA, ID transaction : CI250326.1257.B96430, Frais : 0 FCFA, Commission : 0 FCFA, Montant Net du Credit : 2100 FCFA, Nouveau Solde : 2134.61 FCFA."
USER_14,2025-03-27,22:27:51,OrangeMoney,transfert,OUT,500.0,FCFA,1580.61,"Transfert de [USER_14_phone] [USER_14] vers [PHONE_3626] [CONTACT_078B] reussi. ID transaction: PP250327.2227.C93160, Montant Transaction: 500 FCFA, Frais: 54 FCFA, Commission: 0 FCFA, Montant Net: 554 FCFA, Nouveau Solde: 1580.61 FCFA."
USER_14,2025-03-31,19:35:18,OrangeMoney,transfert,OUT,1600.0,FCFA,1980.61,"Transfert de [PHONE_1956] [CONTACT_2A97] vers [USER_14_phone] [USER_14] reussi. Details: ID transaction: PP250331.1935.D03210, Montant Transaction: 1600FCFA, Frais: 0 FCFA, Commission: 0 FCFA, Montant Net: 1600 FCFA, Nouveau Solde: 1980.61 FCFA."
USER_14,2025-03-31,21:25:57,OrangeMoney,transfert,OUT,500.0,FCFA,1426.61,"Transfert de [USER_14_phone] [USER_14] vers [PHONE_9133] [CONTACT_CB6F] reussi. ID transaction: PP250331.2125.C53142, Montant Transaction: 500 FCFA, Frais: 54 FCFA, Commission: 0 FCFA, Montant Net: 554 FCFA, Nouveau Solde: 1426.61 FCFA."
USER_14,2025-03-31,22:06:02,OrangeMoney,transfert,OUT,250.0,FCFA,1122.61,"Transfert de [USER_14_phone] [USER_14] vers [PHONE_4360] [CONTACT_4723] reussi. ID transaction: PP250331.2206.B70940, Montant Transaction: 250 FCFA, Frais: 54 FCFA, Commission: 0 FCFA, Montant Net: 304 FCFA, Nouveau Solde: 1122.61 FCFA."
USER_14,2025-04-04,13:13:06,OrangeMoney,transfert,OUT,500.0,FCFA,1622.61,"Transfert de [PHONE_9133] [CONTACT_CB6F] vers [USER_14_phone] [USER_14] reussi. Details: ID transaction: PP250404.1313.C16750, Montant Transaction: 500FCFA, Frais: 0 FCFA, Commission: 0 FCFA, Montant Net: 500 FCFA, Nouveau Solde: 1622.61 FCFA."
USER_14,2025-04-04,16:47:37,OrangeMoney,transfert,OUT,25000.0,FCFA,25422.61,"Transfert de [PHONE_8667] [CONTACT_A811] vers [USER_14_phone] [USER_14] reussi. Details: ID transaction: PP250404.1647.D56466, Montant Transaction: 25000FCFA, Frais: 0 FCFA, Commission: 0 FCFA, Montant Net: 25000 FCFA, Nouveau Solde: 25422.61 FCFA."
USER_14,2025-04-05,10:58:49,OrangeMoney,transfert,OUT,3100.0,FCFA,22268.61,"Transfert de [USER_14_phone] [USER_14] vers [PHONE_1150] Akono reussi. ID transaction: PP250405.1058.D18964, Montant Transaction: 3100 FCFA, Frais: 54 FCFA, Commission: 0 FCFA, Montant Net: 3154 FCFA, Nouveau Solde: 22268.61 FCFA."
USER_14,2025-04-06,17:47:54,OrangeMoney,transfert,OUT,5000.0,FCFA,17214.61,"Transfert de [USER_14_phone] [USER_14] vers [PHONE_5371] [CONTACT_5339] A reussi. ID transaction: PP250406.1747.D21935, Montant Transaction: 5000 FCFA, Frais: 54 FCFA, Commission: 0 FCFA, Montant Net: 5054 FCFA, Nouveau Solde: 17214.61 FCFA."
USER_14,2025-04-07,18:27:02,OrangeMoney,transfert,OUT,5079.0,FCFA,21093.61,"Transfert de [PHONE_0474] [CONTACT_4529] vers [USER_14_phone] [USER_14] reussi. Details: ID transaction: PP250407.1826.B95302, Montant Transaction: 5079FCFA, Frais: 0 FCFA, Commission: 0 FCFA, Montant Net: 5079 FCFA, Nouveau Solde: 21093.61 FCFA."
USER_14,2025-04-07,19:18:38,OrangeMoney,retrait,OUT,20000.0,FCFA,789.61,"Retrait d'argent reussi par le [PHONE_6239] avec le Code : 804419. Informations detaillees : Montant: 20000 FCFA, Frais: 304 FCFA, No de transaction CO250407.1918.A65438, montant net debite 20304 FCFA, Nouveau solde: 789.61 FCFA."
USER_14,2025-04-08,14:20:55,OrangeMoney,transfert,OUT,400.0,FCFA,1189.61,"Transfert de [PHONE_9133] [CONTACT_CB6F] vers [USER_14_phone] [USER_14] reussi. Details: ID transaction: PP250408.1420.D88385, Montant Transaction: 400FCFA, Frais: 0 FCFA, Commission: 0 FCFA, Montant Net: 400 FCFA, Nouveau Solde: 1189.61 FCFA."
USER_14,2025-04-08,17:12:08,OrangeMoney,transfert,OUT,1000.0,FCFA,135.61,"Transfert de [USER_14_phone] [USER_14] vers [PHONE_9058] [CONTACT_078B] reussi. ID transaction: PP250408.1712.A96115, Montant Transaction: 1000 FCFA, Frais: 54 FCFA, Commission: 0 FCFA, Montant Net: 1054 FCFA, Nouveau Solde: 135.61 FCFA."
USER_14,2025-04-09,17:23:36,OrangeMoney,transfert,OUT,1200.0,FCFA,1335.61,"Transfert de [PHONE_1956] [CONTACT_2A97] vers [USER_14_phone] [USER_14] reussi. Details: ID transaction: PP250409.1723.B39387, Montant Transaction: 1200FCFA, Frais: 0 FCFA, Commission: 0 FCFA, Montant Net: 1200 FCFA, Nouveau Solde: 1335.61 FCFA."
USER_14,2025-04-10,15:14:05,OrangeMoney,transfert,OUT,2500.0,FCFA,2635.61,"Transfert de [PHONE_1150] Akono vers [USER_14_phone] [USER_14] reussi. Details: ID transaction: PP250410.1514.A97430, Montant Transaction: 2500FCFA, Frais: 0 FCFA, Commission: 0 FCFA, Montant Net: 2500 FCFA, Nouveau Solde: 2635.61 FCFA."
USER_14,2025-04-12,21:43:15,OrangeMoney,transfert,OUT,10154.0,FCFA,10389.61,"Transfert de [PHONE_1956] [CONTACT_2A97] vers [USER_14_phone] [USER_14] reussi. Details: ID transaction: PP250412.2143.A42892, Montant Transaction: 10154FCFA, Frais: 0 FCFA, Commission: 0 FCFA, Montant Net: 10154 FCFA, Nouveau Solde: 10389.61 FCFA."
USER_14,2025-04-12,21:57:57,OrangeMoney,transfert,OUT,10154.0,FCFA,180.84,"Transfert de [USER_14_phone] [USER_14] vers [PHONE_9018] [CONTACT_7CAB] reussi. ID transaction: PP250412.2157.D43008, Montant Transaction: 10154 FCFA, Frais: 54.77 FCFA, Commission: 0 FCFA, Montant Net: 10208.77 FCFA, Nouveau Solde: 180.84 FCFA."
USER_14,2025-04-13,16:32:33,OrangeMoney,transfert,OUT,100.0,FCFA,26.84,"Transfert de [USER_14_phone] [USER_14] vers [PHONE_5896] [CONTACT_2368] reussi. ID transaction: PP250413.1632.A05711, Montant Transaction: 100 FCFA, Frais: 54 FCFA, Commission: 0 FCFA, Montant Net: 154 FCFA, Nouveau Solde: 26.84 FCFA."
USER_14,2025-04-14,09:44:40,OrangeMoney,transfert,OUT,800.0,FCFA,826.84,"Transfert de [PHONE_9133] [CONTACT_CB6F] vers [USER_14_phone] [USER_14] reussi. Details: ID transaction: PP250414.0944.C89553, Montant Transaction: 800FCFA, Frais: 0 FCFA, Commission: 0 FCFA, Montant Net: 800 FCFA, Nouveau Solde: 826.84 FCFA."
USER_14,2025-04-14,09:57:11,OrangeMoney,transfert,OUT,11200.0,FCFA,12026.84,"Transfert de [PHONE_1956] [CONTACT_2A97] vers [USER_14_phone] [USER_14] reussi. Details: ID transaction: PP250414.0957.C96686, Montant Transaction: 11200FCFA, Frais: 0 FCFA, Commission: 0 FCFA, Montant Net: 11200 FCFA, Nouveau Solde: 12026.84 FCFA."
USER_14,2025-04-14,10:00:26,OrangeMoney,retrait,OUT,9000.0,FCFA,2887.84,"Retrait d'argent reussi par le [PHONE_6239] avec le Code : 804419. Informations detaillees : Montant: 9000 FCFA, Frais: 139 FCFA, No de transaction CO250414.1000.A51302, montant net debite 9139 FCFA, Nouveau solde: 2887.84 FCFA."
USER_14,2025-04-14,22:28:30,OrangeMoney,transfert,OUT,7400.0,FCFA,8710.84,"Transfert de [PHONE_7944] [CONTACT_7896] epouse NDJANA vers [USER_14_phone] [USER_14] reussi. Details: ID transaction: PP250414.2228.B27645, Montant Transaction: 7400FCFA, Frais: 0 FCFA, Commission: 0 FCFA, Montant Net: 7400 FCFA, Nouveau Solde: 8710.84 FCFA."
USER_14,2025-04-15,08:13:12,OrangeMoney,transfert,OUT,2100.0,FCFA,6556.84,"Transfert de [USER_14_phone] [USER_14] vers [PHONE_6385] [CONTACT_2177] reussi. ID transaction: PP250415.0813.D84596, Montant Transaction: 2100 FCFA, Frais: 54 FCFA, Commission: 0 FCFA, Montant Net: 2154 FCFA, Nouveau Solde: 6556.84 FCFA."
USER_14,2025-04-15,12:48:36,OrangeMoney,retrait,OUT,6000.0,FCFA,462.84,"Retrait d'argent reussi par le [PHONE_5116] avec le Code : 587223. Informations detaillees : Montant: 6000 FCFA, Frais: 94 FCFA, No de transaction CO250415.1248.D45152, montant net debite 6094 FCFA, Nouveau solde: 462.84 FCFA."
USER_14,2025-04-15,20:17:09,OrangeMoney,transfert,OUT,6100.0,FCFA,6562.84,"Transfert de [PHONE_7690] ebessa vers [USER_14_phone] [USER_14] reussi. Details: ID transaction: PP250415.2017.A13984, Montant Transaction: 6100FCFA, Frais: 0 FCFA, Commission: 0 FCFA, Montant Net: 6100 FCFA, Nouveau Solde: 6562.84 FCFA."
USER_14,2025-04-16,18:24:39,OrangeMoney,transfert,OUT,1054.0,FCFA,5454.84,"Transfert de [USER_14_phone] [USER_14] vers [PHONE_9133] [CONTACT_CB6F] reussi. ID transaction: PP250416.1824.D56439, Montant Transaction: 1054 FCFA, Frais: 54 FCFA, Commission: 0 FCFA, Montant Net: 1108 FCFA, Nouveau Solde: 5454.84 FCFA."
USER_14,2025-04-16,21:10:45,OrangeMoney,transfert,OUT,2000.0,FCFA,3400.84,"Transfert de [USER_14_phone] [USER_14] vers [PHONE_9133] [CONTACT_CB6F] reussi. ID transaction: PP250416.2110.B53019, Montant Transaction: 2000 FCFA, Frais: 54 FCFA, Commission: 0 FCFA, Montant Net: 2054 FCFA, Nouveau Solde: 3400.84 FCFA."
USER_14,2025-04-17,08:06:55,OrangeMoney,depot,IN,15000.0,FCFA,18400.84,"Depot effectue par [PHONE_8661] [CONTACT_048A] to [USER_14_phone] [USER_14]. Informations detaillees: Montant de transaction : 15000 FCFA, ID transaction : CI250417.0806.B77659, Frais : 0 FCFA, Commission : 0 FCFA, Montant Net du Credit : 15000 FCFA, Nouveau Solde : 18400.84 FCFA."
USER_14,2025-04-17,08:09:50,OrangeMoney,transfert,OUT,14000.0,FCFA,4326.84,"Transfert de [USER_14_phone] [USER_14] vers [PHONE_2645] [CONTACT_FAEA] reussi. ID transaction: PP250417.0809.A42663, Montant Transaction: 14000 FCFA, Frais: 74 FCFA, Commission: 0 FCFA, Montant Net: 14074 FCFA, Nouveau Solde: 4326.84 FCFA."
USER_14,2025-04-18,09:03:15,OrangeMoney,transfert,OUT,10200.0,FCFA,12326.84,"Transfert de [PHONE_0762] [CONTACT_BAF2] vers [USER_14_phone] [USER_14] reussi. Details: ID transaction: PP250418.0903.B00506, Montant Transaction: 10200FCFA, Frais: 0 FCFA, Commission: 0 FCFA, Montant Net: 10200 FCFA, Nouveau Solde: 12326.84 FCFA."
USER_14,2025-04-18,09:28:46,OrangeMoney,depot,IN,5000.0,FCFA,17326.84,"Depot effectue par [PHONE_6419] [CONTACT_9BE2] to [USER_14_phone] [USER_14]. Informations detaillees: Montant de transaction : 5000 FCFA, ID transaction : CI250418.0928.A76126, Frais : 0 FCFA, Commission : 0 FCFA, Montant Net du Credit : 5000 FCFA, Nouveau Solde : 17326.84 FCFA."
USER_14,2025-04-18,10:55:00,OrangeMoney,transfert,OUT,5000.0,FCFA,12272.84,"Transfert de [USER_14_phone] [USER_14] vers [PHONE_1956] [CONTACT_2A97] reussi. ID transaction: PP250418.1054.A66345, Montant Transaction: 5000 FCFA, Frais: 54 FCFA, Commission: 0 FCFA, Montant Net: 5054 FCFA, Nouveau Solde: 12272.84 FCFA."
USER_14,2025-04-18,22:40:13,OrangeMoney,transfert,OUT,500.0,FCFA,11718.84,"Transfert de [USER_14_phone] [USER_14] vers [PHONE_6829] [CONTACT_32E7] reussi. ID transaction: PP250418.2240.D47701, Montant Transaction: 500 FCFA, Frais: 54 FCFA, Commission: 0 FCFA, Montant Net: 554 FCFA, Nouveau Solde: 11718.84 FCFA."
USER_14,2025-04-19,12:36:51,OrangeMoney,transfert,OUT,500.0,FCFA,11164.84,"Transfert de [USER_14_phone] [USER_14] vers [PHONE_8667] [CONTACT_A811] reussi. ID transaction: PP250419.1236.A76712, Montant Transaction: 500 FCFA, Frais: 54 FCFA, Commission: 0 FCFA, Montant Net: 554 FCFA, Nouveau Solde: 11164.84 FCFA."
USER_14,2025-04-19,14:56:48,OrangeMoney,transfert,OUT,1054.0,FCFA,10056.84,"Transfert de [USER_14_phone] [USER_14] vers [PHONE_9133] [CONTACT_CB6F] reussi. ID transaction: PP250419.1456.C53239, Montant Transaction: 1054 FCFA, Frais: 54 FCFA, Commission: 0 FCFA, Montant Net: 1108 FCFA, Nouveau Solde: 10056.84 FCFA."
USER_14,2025-04-20,12:37:22,OrangeMoney,transfert,OUT,5000.0,FCFA,5002.84,"Transfert de [USER_14_phone] [USER_14] vers [PHONE_5102] Laurent reussi. ID transaction: PP250420.1237.A35738, Montant Transaction: 5000 FCFA, Frais: 54 FCFA, Commission: 0 FCFA, Montant Net: 5054 FCFA, Nouveau Solde: 5002.84 FCFA."
USER_14,2025-04-21,11:22:17,OrangeMoney,transfert,OUT,4571.5,FCFA,173.34,"Transfert de [USER_14_phone] [USER_14] vers [PHONE_2645] [CONTACT_FAEA] reussi. ID transaction: PP250421.1122.B91287, Montant Transaction: 4571.5 FCFA, Frais: 54 FCFA, Commission: 0 FCFA, Montant Net: 4625.5 FCFA, Nouveau Solde: 173.34 FCFA."
USER_14,2025-04-21,12:32:47,OrangeMoney,transfert,OUT,500.0,FCFA,673.34,"Transfert de [PHONE_2981] [CONTACT_B341] vers [USER_14_phone] [USER_14] reussi. Details: ID transaction: PP250421.1232.A35215, Montant Transaction: 500FCFA, Frais: 0 FCFA, Commission: 0 FCFA, Montant Net: 500 FCFA, Nouveau Solde: 673.34 FCFA."
USER_14,2025-04-21,12:34:41,OrangeMoney,transfert,OUT,500.0,FCFA,119.34,"Transfert de [USER_14_phone] [USER_14] vers [PHONE_2778] [CONTACT_F2B7] reussi. ID transaction: PP250421.1234.B31676, Montant Transaction: 500 FCFA, Frais: 54 FCFA, Commission: 0 FCFA, Montant Net: 554 FCFA, Nouveau Solde: 119.34 FCFA."
USER_14,2025-04-22,08:34:33,OrangeMoney,transfert,OUT,10000.0,FCFA,10119.34,"Transfert de [PHONE_2670] [CONTACT_A89D] vers [USER_14_phone] [USER_14] reussi. Details: ID transaction: PP250422.0834.D10927, Montant Transaction: 10000FCFA, Frais: 0 FCFA, Commission: 0 FCFA, Montant Net: 10000 FCFA, Nouveau Solde: 10119.34 FCFA."
USER_14,2025-04-22,11:27:48,OrangeMoney,transfert,OUT,500.0,FCFA,9565.34,"Transfert de [USER_14_phone] [USER_14] vers [PHONE_2645] [CONTACT_FAEA] reussi. ID transaction: PP250422.1127.B01049, Montant Transaction: 500 FCFA, Frais: 54 FCFA, Commission: 0 FCFA, Montant Net: 554 FCFA, Nouveau Solde: 9565.34 FCFA."
USER_14,2025-04-23,20:00:30,OrangeMoney,transfert,OUT,1000.0,FCFA,7311.34,"Transfert de [USER_14_phone] [USER_14] vers [PHONE_9133] [CONTACT_CB6F] reussi. ID transaction: PP250423.2000.D76687, Montant Transaction: 1000 FCFA, Frais: 54 FCFA, Commission: 0 FCFA, Montant Net: 1054 FCFA, Nouveau Solde: 7311.34 FCFA."
USER_14,2025-04-24,13:58:12,OrangeMoney,transfert,OUT,2550.0,FCFA,9861.34,"Transfert de [PHONE_1150] Akono vers [USER_14_phone] [USER_14] reussi. Details: ID transaction: PP250424.1358.B65944, Montant Transaction: 2550FCFA, Frais: 0 FCFA, Commission: 0 FCFA, Montant Net: 2550 FCFA, Nouveau Solde: 9861.34 FCFA."
USER_14,2025-04-24,19:03:36,OrangeMoney,transfert,OUT,1500.0,FCFA,8307.34,"Transfert de [USER_14_phone] [USER_14] vers [PHONE_6562] [CONTACT_98DA] reussi. ID transaction: PP250424.1903.A49558, Montant Transaction: 1500 FCFA, Frais: 54 FCFA, Commission: 0 FCFA, Montant Net: 1554 FCFA, Nouveau Solde: 8307.34 FCFA."
USER_14,2025-04-24,20:38:25,OrangeMoney,transfert,OUT,1500.0,FCFA,6753.34,"Transfert de [USER_14_phone] [USER_14] vers [PHONE_0787] [CONTACT_F0F8] reussi. ID transaction: PP250424.2038.D97456, Montant Transaction: 1500 FCFA, Frais: 54 FCFA, Commission: 0 FCFA, Montant Net: 1554 FCFA, Nouveau Solde: 6753.34 FCFA."
USER_14,2025-04-26,09:51:47,OrangeMoney,transfert,OUT,2000.0,FCFA,3499.34,"Transfert de [USER_14_phone] [USER_14] vers [PHONE_4952] [CONTACT_A02D] reussi. ID transaction: PP250426.0951.D44308, Montant Transaction: 2000 FCFA, Frais: 54 FCFA, Commission: 0 FCFA, Montant Net: 2054 FCFA, Nouveau Solde: 3499.34 FCFA."
USER_14,2025-04-26,18:22:58,OrangeMoney,transfert,OUT,2054.0,FCFA,1391.34,"Transfert de [USER_14_phone] [USER_14] vers [PHONE_2981] [CONTACT_B341] reussi. ID transaction: PP250426.1822.C68431, Montant Transaction: 2054 FCFA, Frais: 54 FCFA, Commission: 0 FCFA, Montant Net: 2108 FCFA, Nouveau Solde: 1391.34 FCFA."
USER_14,2025-04-26,19:13:21,OrangeMoney,transfert,OUT,500.0,FCFA,691.34,"Transfert de [PHONE_8667] [CONTACT_A811] vers [USER_14_phone] [USER_14] reussi. Details: ID transaction: PP250426.1913.D05309, Montant Transaction: 500FCFA, Frais: 0 FCFA, Commission: 0 FCFA, Montant Net: 500 FCFA, Nouveau Solde: 691.34 FCFA."
USER_14,2025-04-28,17:15:25,OrangeMoney,depot,IN,6000.0,FCFA,6691.34,"Depot effectue par [PHONE_4812] [CONTACT_EDE0] to [USER_14_phone] [USER_14]. Informations detaillees: Montant de transaction : 6000 FCFA, ID transaction : CI250428.1715.C98404, Frais : 0 FCFA, Commission : 0 FCFA, Montant Net du Credit : 6000 FCFA, Nouveau Solde : 6691.34 FCFA."
USER_14,2025-04-29,15:19:11,OrangeMoney,transfert,OUT,3054.0,FCFA,3583.34,"Transfert de [USER_14_phone] [USER_14] vers [PHONE_8983] [CONTACT_272B] reussi. ID transaction: PP250429.1519.B12094, Montant Transaction: 3054 FCFA, Frais: 54 FCFA, Commission: 0 FCFA, Montant Net: 3108 FCFA, Nouveau Solde: 3583.34 FCFA."
USER_14,2025-04-29,17:21:25,OrangeMoney,depot,IN,2100.0,FCFA,5683.34,"Depot effectue par [PHONE_1845] [CONTACT_EAD2] to [USER_14_phone] [USER_14]. Informations detaillees: Montant de transaction : 2100 FCFA, ID transaction : CI250429.1721.D45466, Frais : 0 FCFA, Commission : 0 FCFA, Montant Net du Credit : 2100 FCFA, Nouveau Solde : 5683.34 FCFA."
USER_14,2025-04-30,18:33:33,OrangeMoney,transfert,OUT,3000.0,FCFA,8683.34,"Transfert de [PHONE_8416] [CONTACT_0BC9] vers [USER_14_phone] [USER_14] reussi. Details: ID transaction: PP250430.1833.D21760, Montant Transaction: 3000FCFA, Frais: 0 FCFA, Commission: 0 FCFA, Montant Net: 3000 FCFA, Nouveau Solde: 8683.34 FCFA."
USER_14,2025-04-30,18:54:51,OrangeMoney,rechargement,OUT,500.0,FCFA,8183.34,"Rechargement reussi. Montant de la transaction: 500 FCFA, ID transaction: RC250430.1854.B67126, Frais: 0 FCFA, Commission: 0 FCFA, Nouveau solde: 8183.34 FCFA"
USER_14,2025-04-30,19:47:46,OrangeMoney,transfert,OUT,3000.0,FCFA,11183.34,"Transfert de [PHONE_7933] [CONTACT_B476] vers [USER_14_phone] [USER_14] reussi. Details: ID transaction: PP250430.1947.C66666, Montant Transaction: 3000FCFA, Frais: 0 FCFA, Commission: 0 FCFA, Montant Net: 3000 FCFA, Nouveau Solde: 11183.34 FCFA."
USER_14,2025-04-30,20:07:34,OrangeMoney,retrait,OUT,11000.0,FCFA,14.34,"Retrait d'argent reussi par le [PHONE_4366] avec le Code : 121413. Informations detaillees : Montant: 11000 FCFA, Frais: 169 FCFA, No de transaction CO250430.2007.D84346, montant net debite 11169 FCFA, Nouveau solde: 14.34 FCFA."
USER_14,2025-05-01,17:15:04,OrangeMoney,transfert,OUT,1200.0,FCFA,1214.34,"Transfert de [PHONE_1956] [CONTACT_2A97] vers [USER_14_phone] [USER_14] reussi. Details: ID transaction: PP250501.1715.C15826, Montant Transaction: 1200FCFA, Frais: 0 FCFA, Commission: 0 FCFA, Montant Net: 1200 FCFA, Nouveau Solde: 1214.34 FCFA."
USER_14,2025-05-01,19:15:36,OrangeMoney,transfert,OUT,5000.0,FCFA,5014.34,"Transfert de [PHONE_9078] [CONTACT_CB59] vers [USER_14_phone] [USER_14] reussi. Details: ID transaction: PP250501.1915.A96465, Montant Transaction: 5000FCFA, Frais: 0 FCFA, Commission: 0 FCFA, Montant Net: 5000 FCFA, Nouveau Solde: 5014.34 FCFA."
USER_14,2025-05-03,13:51:46,OrangeMoney,transfert,OUT,1050.0,FCFA,2710.34,"Transfert de [USER_14_phone] [USER_14] vers [PHONE_0997] [CONTACT_136E] reussi. ID transaction: PP250503.1351.B12455, Montant Transaction: 1050 FCFA, Frais: 54 FCFA, Commission: 0 FCFA, Montant Net: 1104 FCFA, Nouveau Solde: 2710.34 FCFA."
USER_14,2025-05-03,20:30:03,OrangeMoney,depot,IN,1000.0,FCFA,3710.34,"Depot effectue par [PHONE_0716] [CONTACT_96CC] to [USER_14_phone] [USER_14]. Informations detaillees: Montant de transaction : 1000 FCFA, ID transaction : CI250503.2030.B77826, Frais : 0 FCFA, Commission : 0 FCFA, Montant Net du Credit : 1000 FCFA, Nouveau Solde : 3710.34 FCFA."
USER_14,2025-05-06,18:22:59,OrangeMoney,transfert,OUT,500.0,FCFA,3156.34,"Transfert de [USER_14_phone] [USER_14] vers [PHONE_9133] [CONTACT_CB6F] reussi. ID transaction: PP250506.1822.C42906, Montant Transaction: 500 FCFA, Frais: 54 FCFA, Commission: 0 FCFA, Montant Net: 554 FCFA, Nouveau Solde: 3156.34 FCFA."
USER_14,2025-05-07,10:01:31,OrangeMoney,transfert,OUT,500.0,FCFA,2602.34,"Transfert de [USER_14_phone] [USER_14] vers [PHONE_5637] [CONTACT_DB2C] reussi. ID transaction: PP250507.1001.D03052, Montant Transaction: 500 FCFA, Frais: 54 FCFA, Commission: 0 FCFA, Montant Net: 554 FCFA, Nouveau Solde: 2602.34 FCFA."
USER_14,2025-05-08,07:57:31,OrangeMoney,depot,IN,5000.0,FCFA,7102.34,"Depot effectue par [PHONE_0984] [CONTACT_F743] to [USER_14_phone] [USER_14]. Informations detaillees: Montant de transaction : 5000 FCFA, ID transaction : CI250508.0757.D60554, Frais : 0 FCFA, Commission : 0 FCFA, Montant Net du Credit : 5000 FCFA, Nouveau Solde : 7102.34 FCFA."
USER_14,2025-05-08,08:23:39,OrangeMoney,transfert,OUT,13000.0,FCFA,20102.34,"Transfert de [PHONE_1956] [CONTACT_2A97] vers [USER_14_phone] [USER_14] reussi. Details: ID transaction: PP250508.0823.D02805, Montant Transaction: 13000FCFA, Frais: 0 FCFA, Commission: 0 FCFA, Montant Net: 13000 FCFA, Nouveau Solde: 20102.34 FCFA."
USER_14,2025-05-08,08:27:55,OrangeMoney,transfert,OUT,19796.5,FCFA,202.86,"Transfert de [USER_14_phone] [USER_14] vers [PHONE_8667] [CONTACT_A811] reussi. ID transaction: PP250508.0827.D04737, Montant Transaction: 19796.5 FCFA, Frais: 102.98 FCFA, Commission: 0 FCFA, Montant Net: 19899.48 FCFA, Nouveau Solde: 202.86 FCFA."
USER_14,2025-05-09,07:56:42,OrangeMoney,transfert,OUT,3100.0,FCFA,3302.86,"Transfert de [PHONE_0727] [CONTACT_A93A] vers [USER_14_phone] [USER_14] reussi. Details: ID transaction: PP250509.0756.B30354, Montant Transaction: 3100FCFA, Frais: 0 FCFA, Commission: 0 FCFA, Montant Net: 3100 FCFA, Nouveau Solde: 3302.86 FCFA."
USER_14,2025-05-09,18:19:58,OrangeMoney,transfert,OUT,1054.0,FCFA,994.86,"Transfert de [USER_14_phone] [USER_14] vers [PHONE_6679] [CONTACT_6AFF] reussi. ID transaction: PP250509.1819.A16574, Montant Transaction: 1054 FCFA, Frais: 54 FCFA, Commission: 0 FCFA, Montant Net: 1108 FCFA, Nouveau Solde: 994.86 FCFA."
USER_14,2025-05-11,07:40:00,OrangeMoney,transfert,OUT,16244.0,FCFA,17238.86,"Transfert de [PHONE_8667] [CONTACT_A811] vers [USER_14_phone] [USER_14] reussi. Details: ID transaction: PP250511.0739.C63951, Montant Transaction: 16244FCFA, Frais: 0 FCFA, Commission: 0 FCFA, Montant Net: 16244 FCFA, Nouveau Solde: 17238.86 FCFA."
USER_14,2025-05-11,08:58:02,OrangeMoney,transfert,OUT,16000.0,FCFA,1154.86,"Transfert de [USER_14_phone] [USER_14] vers [PHONE_1956] [CONTACT_2A97] reussi. ID transaction: PP250511.0857.C96048, Montant Transaction: 16000 FCFA, Frais: 84 FCFA, Commission: 0 FCFA, Montant Net: 16084 FCFA, Nouveau Solde: 1154.86 FCFA."
USER_14,2025-05-12,08:52:01,OrangeMoney,rechargement,OUT,1150.0,FCFA,4.86,"Rechargement reussi. Montant de la transaction: 1150 FCFA, ID transaction: RC250512.0851.D57854, Frais: 0 FCFA, Commission: 0 FCFA, Nouveau solde: 4.86 FCFA"
USER_14,2025-05-14,10:11:40,OrangeMoney,transfert,OUT,200.0,FCFA,204.86,"Transfert de [PHONE_9133] [CONTACT_CB6F] vers [USER_14_phone] [USER_14] reussi. Details: ID transaction: PP250514.1011.D73580, Montant Transaction: 200FCFA, Frais: 0 FCFA, Commission: 0 FCFA, Montant Net: 200 FCFA, Nouveau Solde: 204.86 FCFA."
USER_14,2025-05-14,10:13:44,OrangeMoney,rechargement,OUT,200.0,FCFA,4.86,"Rechargement reussi. Montant de la transaction: 200 FCFA, ID transaction: RC250514.1013.B45367, Frais: 0 FCFA, Commission: 0 FCFA, Nouveau solde: 4.86 FCFA"
USER_14,2025-05-14,10:17:13,OrangeMoney,transfert,OUT,500.0,FCFA,504.86,"Transfert de [PHONE_1956] [CONTACT_2A97] vers [USER_14_phone] [USER_14] reussi. Details: ID transaction: PP250514.1017.A80600, Montant Transaction: 500FCFA, Frais: 0 FCFA, Commission: 0 FCFA, Montant Net: 500 FCFA, Nouveau Solde: 504.86 FCFA."
USER_14,2025-05-16,15:17:44,OrangeMoney,transfert,OUT,200.0,FCFA,250.86,"Transfert de [USER_14_phone] [USER_14] vers [PHONE_7690] ebessa reussi. ID transaction: PP250516.1517.D43378, Montant Transaction: 200 FCFA, Frais: 54 FCFA, Commission: 0 FCFA, Montant Net: 254 FCFA, Nouveau Solde: 250.86 FCFA."
USER_14,2025-05-16,17:45:09,OrangeMoney,depot,IN,1500.0,FCFA,1750.86,"Depot effectue par [PHONE_8468] [CONTACT_F100] to [USER_14_phone] [USER_14]. Informations detaillees: Montant de transaction : 1500 FCFA, ID transaction : CI250516.1745.B88471, Frais : 0 FCFA, Commission : 0 FCFA, Montant Net du Credit : 1500 FCFA, Nouveau Solde : 1750.86 FCFA."
USER_14,2025-05-18,22:33:34,OrangeMoney,transfert,OUT,150.0,FCFA,346.86,"Transfert de [USER_14_phone] [USER_14] vers [PHONE_9158] [CONTACT_0F04] reussi. ID transaction: PP250518.2233.B79619, Montant Transaction: 150 FCFA, Frais: 54 FCFA, Commission: 0 FCFA, Montant Net: 204 FCFA, Nouveau Solde: 346.86 FCFA."
USER_14,2025-05-19,09:00:06,OrangeMoney,depot,IN,5000.0,FCFA,5346.86,"Depot effectue par [PHONE_8661] [CONTACT_048A] to [USER_14_phone] [USER_14]. Informations detaillees: Montant de transaction : 5000 FCFA, ID transaction : CI250519.0900.A28811, Frais : 0 FCFA, Commission : 0 FCFA, Montant Net du Credit : 5000 FCFA, Nouveau Solde : 5346.86 FCFA."
USER_14,2025-05-22,17:38:29,OrangeMoney,transfert,OUT,500.0,FCFA,1246.86,"Transfert de [PHONE_8416] [CONTACT_0BC9] vers [USER_14_phone] [USER_14] reussi. Details: ID transaction: PP250522.1738.B68674, Montant Transaction: 500FCFA, Frais: 0 FCFA, Commission: 0 FCFA, Montant Net: 500 FCFA, Nouveau Solde: 1246.86 FCFA."
USER_14,2025-05-24,11:11:55,OrangeMoney,transfert,OUT,61500.0,FCFA,61546.86,"Transfert de [PHONE_7712] [CONTACT_BAF2] vers [USER_14_phone] [USER_14] reussi. Details: ID transaction: PP250524.1111.D28472, Montant Transaction: 61500FCFA, Frais: 0 FCFA, Commission: 0 FCFA, Montant Net: 61500 FCFA, Nouveau Solde: 61546.86 FCFA."
USER_14,2025-05-24,13:49:59,OrangeMoney,transfert,OUT,11500.0,FCFA,49985.36,"Transfert de [USER_14_phone] [USER_14] vers [PHONE_4892] [CONTACT_AEAD] reussi. ID transaction: PP250524.1349.D25260, Montant Transaction: 11500 FCFA, Frais: 61.5 FCFA, Commission: 0 FCFA, Montant Net: 11561.5 FCFA, Nouveau Solde: 49985.36 FCFA."
USER_14,2025-05-24,15:14:15,OrangeMoney,transfert,OUT,5079.0,FCFA,44852.36,"Transfert de [USER_14_phone] [USER_14] vers [PHONE_4892] [CONTACT_AEAD] reussi. ID transaction: PP250524.1514.B65550, Montant Transaction: 5079 FCFA, Frais: 54 FCFA, Commission: 0 FCFA, Montant Net: 5133 FCFA, Nouveau Solde: 44852.36 FCFA."
USER_14,2025-05-24,15:14:53,OrangeMoney,retrait,OUT,4500.0,FCFA,40280.86,"Retrait d'argent reussi par le [PHONE_9011] avec le Code : 287436. Informations detaillees : Montant: 4500 FCFA, Frais: 71.5 FCFA, No de transaction CO250524.1514.A45566, montant net debite 4571.5 FCFA, Nouveau solde: 40280.86 FCFA."
USER_14,2025-05-24,19:03:41,OrangeMoney,transfert,OUT,5079.0,FCFA,5759.86,"Transfert de [PHONE_9133] [CONTACT_CB6F] vers [USER_14_phone] [USER_14] reussi. Details: ID transaction: PP250524.1903.A27223, Montant Transaction: 5079FCFA, Frais: 0 FCFA, Commission: 0 FCFA, Montant Net: 5079 FCFA, Nouveau Solde: 5759.86 FCFA."
USER_14,2025-05-25,10:47:53,OrangeMoney,transfert,OUT,25500.0,FCFA,31259.86,"Transfert de [PHONE_7712] [CONTACT_BAF2] vers [USER_14_phone] [USER_14] reussi. Details: ID transaction: PP250525.1047.B57915, Montant Transaction: 25500FCFA, Frais: 0 FCFA, Commission: 0 FCFA, Montant Net: 25500 FCFA, Nouveau Solde: 31259.86 FCFA."
USER_14,2025-05-25,10:49:30,OrangeMoney,retrait,OUT,25000.0,FCFA,5880.86,"Retrait d'argent reussi par le [PHONE_5251] avec le Code : 264683. Informations detaillees : Montant: 25000 FCFA, Frais: 379 FCFA, No de transaction CO250525.1049.D86557, montant net debite 25379 FCFA, Nouveau solde: 5880.86 FCFA."
USER_14,2025-05-25,13:17:37,OrangeMoney,transfert,OUT,10000.0,FCFA,15880.86,"Transfert de [PHONE_1956] [CONTACT_2A97] vers [USER_14_phone] [USER_14] reussi. Details: ID transaction: PP250525.1317.B46929, Montant Transaction: 10000FCFA, Frais: 0 FCFA, Commission: 0 FCFA, Montant Net: 10000 FCFA, Nouveau Solde: 15880.86 FCFA."
USER_14,2025-05-25,14:47:08,OrangeMoney,transfert,OUT,11676.5,FCFA,4141.98,"Transfert de [USER_14_phone] [USER_14] vers [PHONE_8718] [CONTACT_8C66] reussi. ID transaction: PP250525.1447.B02284, Montant Transaction: 11676.5 FCFA, Frais: 62.38 FCFA, Commission: 0 FCFA, Montant Net: 11738.88 FCFA, Nouveau Solde: 4141.98 FCFA."
USER_14,2025-05-25,14:49:14,OrangeMoney,transfert,OUT,500.0,FCFA,3587.98,"Transfert de [USER_14_phone] [USER_14] vers [PHONE_3626] [CONTACT_078B] reussi. ID transaction: PP250525.1449.D14916, Montant Transaction: 500 FCFA, Frais: 54 FCFA, Commission: 0 FCFA, Montant Net: 554 FCFA, Nouveau Solde: 3587.98 FCFA."
USER_14,2025-05-26,19:05:41,OrangeMoney,transfert,OUT,9150.0,FCFA,11537.98,"Transfert de [PHONE_9133] [CONTACT_CB6F] vers [USER_14_phone] [USER_14] reussi. Details: ID transaction: PP250526.1905.B40474, Montant Transaction: 9150FCFA, Frais: 0 FCFA, Commission: 0 FCFA, Montant Net: 9150 FCFA, Nouveau Solde: 11537.98 FCFA."
USER_14,2025-05-26,19:15:15,OrangeMoney,transfert,OUT,11000.0,FCFA,478.98,"Transfert de [USER_14_phone] [USER_14] vers [PHONE_1956] [CONTACT_2A97] reussi. ID transaction: PP250526.1915.A66245, Montant Transaction: 11000 FCFA, Frais: 59 FCFA, Commission: 0 FCFA, Montant Net: 11059 FCFA, Nouveau Solde: 478.98 FCFA."
USER_14,2025-05-28,11:20:40,OrangeMoney,transfert,OUT,1000.0,FCFA,1478.98,"Transfert de [PHONE_1956] [CONTACT_2A97] vers [USER_14_phone] [USER_14] reussi. Details: ID transaction: PP250528.1120.A07302, Montant Transaction: 1000FCFA, Frais: 0 FCFA, Commission: 0 FCFA, Montant Net: 1000 FCFA, Nouveau Solde: 1478.98 FCFA."
USER_14,2025-05-28,12:00:05,OrangeMoney,transfert,OUT,13100.0,FCFA,15378.98,"Transfert de [PHONE_2778] [CONTACT_F2B7] vers [USER_14_phone] [USER_14] reussi. Details: ID transaction: PP250528.1200.D25434, Montant Transaction: 13100FCFA, Frais: 0 FCFA, Commission: 0 FCFA, Montant Net: 13100 FCFA, Nouveau Solde: 15378.98 FCFA."
USER_14,2025-05-30,13:59:51,OrangeMoney,depot,IN,4500.0,FCFA,5878.98,"Depot effectue par [PHONE_8661] [CONTACT_048A] to [USER_14_phone] [USER_14]. Informations detaillees: Montant de transaction : 4500 FCFA, ID transaction : CI250530.1359.A68626, Frais : 0 FCFA, Commission : 0 FCFA, Montant Net du Credit : 4500 FCFA, Nouveau Solde : 5878.98 FCFA."
USER_14,2025-05-30,18:28:51,OrangeMoney,transfert,OUT,500.0,FCFA,1206.98,"Transfert de [USER_14_phone] [USER_14] vers [PHONE_8667] [CONTACT_A811] reussi. ID transaction: PP250530.1828.C94781, Montant Transaction: 500 FCFA, Frais: 54 FCFA, Commission: 0 FCFA, Montant Net: 554 FCFA, Nouveau Solde: 1206.98 FCFA."
USER_14,2025-06-03,21:03:39,OrangeMoney,transfert,OUT,1200.0,FCFA,1206.98,"Transfert de [PHONE_1956] [CONTACT_2A97] vers [USER_14_phone] [USER_14] reussi. Details: ID transaction: PP250603.2103.C34039, Montant Transaction: 1200FCFA, Frais: 0 FCFA, Commission: 0 FCFA, Montant Net: 1200 FCFA, Nouveau Solde: 1206.98 FCFA."
USER_14,2025-06-04,09:48:15,OrangeMoney,transfert,OUT,1050.0,FCFA,1056.98,"Transfert de [PHONE_0990] [CONTACT_1EBB] vers [USER_14_phone] [USER_14] reussi. Details: ID transaction: PP250604.0948.B73323, Montant Transaction: 1050FCFA, Frais: 0 FCFA, Commission: 0 FCFA, Montant Net: 1050 FCFA, Nouveau Solde: 1056.98 FCFA."
USER_14,2025-06-04,15:43:46,OrangeMoney,transfert,OUT,1600.0,FCFA,2656.98,"Transfert de [PHONE_1956] [CONTACT_2A97] vers [USER_14_phone] [USER_14] reussi. Details: ID transaction: PP250604.1543.D99027, Montant Transaction: 1600FCFA, Frais: 0 FCFA, Commission: 0 FCFA, Montant Net: 1600 FCFA, Nouveau Solde: 2656.98 FCFA."
USER_14,2025-06-04,15:44:53,OrangeMoney,transfert,OUT,1554.0,FCFA,1048.98,"Transfert de [USER_14_phone] [USER_14] vers [PHONE_5696] Biloa reussi. ID transaction: PP250604.1544.D99684, Montant Transaction: 1554 FCFA, Frais: 54 FCFA, Commission: 0 FCFA, Montant Net: 1608 FCFA, Nouveau Solde: 1048.98 FCFA."
USER_14,2025-06-05,07:50:07,OrangeMoney,transfert,OUT,200.0,FCFA,1248.98,"Transfert de [PHONE_9133] [CONTACT_CB6F] vers [USER_14_phone] [USER_14] reussi. Details: ID transaction: PP250605.0750.C75179, Montant Transaction: 200FCFA, Frais: 0 FCFA, Commission: 0 FCFA, Montant Net: 200 FCFA, Nouveau Solde: 1248.98 FCFA."
USER_14,2025-06-08,14:11:48,OrangeMoney,transfert,OUT,500.0,FCFA,548.98,"Transfert de [PHONE_9133] [CONTACT_CB6F] vers [USER_14_phone] [USER_14] reussi. Details: ID transaction: PP250608.1411.D78185, Montant Transaction: 500FCFA, Frais: 0 FCFA, Commission: 0 FCFA, Montant Net: 500 FCFA, Nouveau Solde: 548.98 FCFA."
USER_14,2025-06-08,14:32:49,OrangeMoney,transfert,OUT,1000.0,FCFA,1548.98,"Transfert de [PHONE_4330] [CONTACT_3F20] vers [USER_14_phone] [USER_14] reussi. Details: ID transaction: PP250608.1432.D90680, Montant Transaction: 1000FCFA, Frais: 0 FCFA, Commission: 0 FCFA, Montant Net: 1000 FCFA, Nouveau Solde: 1548.98 FCFA."
USER_14,2025-06-11,18:30:56,OrangeMoney,transfert,OUT,1000.0,FCFA,1348.98,"Transfert de [PHONE_1956] [CONTACT_2A97] vers [USER_14_phone] [USER_14] reussi. Details: ID transaction: PP250611.1830.D33543, Montant Transaction: 1000FCFA, Frais: 0 FCFA, Commission: 0 FCFA, Montant Net: 1000 FCFA, Nouveau Solde: 1348.98 FCFA."
USER_14,2025-06-12,19:56:05,OrangeMoney,transfert,OUT,2054.0,FCFA,2402.98,"Transfert de [PHONE_0704] [CONTACT_46D9] vers [USER_14_phone] [USER_14] reussi. Details: ID transaction: PP250612.1956.D17134, Montant Transaction: 2054FCFA, Frais: 0 FCFA, Commission: 0 FCFA, Montant Net: 2054 FCFA, Nouveau Solde: 2402.98 FCFA."
USER_14,2025-06-12,20:00:41,OrangeMoney,transfert,OUT,1000.0,FCFA,1348.98,"Transfert de [USER_14_phone] [USER_14] vers [PHONE_0704] [CONTACT_46D9] reussi. ID transaction: PP250612.2000.D19808, Montant Transaction: 1000 FCFA, Frais: 54 FCFA, Commission: 0 FCFA, Montant Net: 1054 FCFA, Nouveau Solde: 1348.98 FCFA."
USER_14,2025-06-12,20:01:51,OrangeMoney,transfert,OUT,1000.0,FCFA,294.98,"Transfert de [USER_14_phone] [USER_14] vers [PHONE_5696] Biloa reussi. ID transaction: PP250612.2001.C10008, Montant Transaction: 1000 FCFA, Frais: 54 FCFA, Commission: 0 FCFA, Montant Net: 1054 FCFA, Nouveau Solde: 294.98 FCFA."
USER_14,2025-06-12,20:07:43,OrangeMoney,transfert,OUT,1054.0,FCFA,1348.98,"Transfert de [PHONE_1956] [CONTACT_2A97] vers [USER_14_phone] [USER_14] reussi. Details: ID transaction: PP250612.2007.C13325, Montant Transaction: 1054FCFA, Frais: 0 FCFA, Commission: 0 FCFA, Montant Net: 1054 FCFA, Nouveau Solde: 1348.98 FCFA."
USER_14,2025-06-14,20:25:43,OrangeMoney,transfert,OUT,2500.0,FCFA,2648.98,"Transfert de [PHONE_7933] [CONTACT_B476] vers [USER_14_phone] [USER_14] reussi. Details: ID transaction: PP250614.2025.C45287, Montant Transaction: 2500FCFA, Frais: 0 FCFA, Commission: 0 FCFA, Montant Net: 2500 FCFA, Nouveau Solde: 2648.98 FCFA."
USER_14,2025-06-14,20:28:52,OrangeMoney,transfert,OUT,1000.0,FCFA,3648.98,"Transfert de [PHONE_7933] [CONTACT_B476] vers [USER_14_phone] [USER_14] reussi. Details: ID transaction: PP250614.2028.D57349, Montant Transaction: 1000FCFA, Frais: 0 FCFA, Commission: 0 FCFA, Montant Net: 1000 FCFA, Nouveau Solde: 3648.98 FCFA."
USER_14,2025-06-16,15:55:03,OrangeMoney,transfert,OUT,2054.0,FCFA,1540.98,"Transfert de [USER_14_phone] [USER_14] vers [PHONE_9133] [CONTACT_CB6F] reussi. ID transaction: PP250616.1555.A43857, Montant Transaction: 2054 FCFA, Frais: 54 FCFA, Commission: 0 FCFA, Montant Net: 2108 FCFA, Nouveau Solde: 1540.98 FCFA."
USER_14,2025-06-18,10:40:39,OrangeMoney,depot,IN,1000.0,FCFA,1240.98,"Depot effectue par [PHONE_5916] [CONTACT_2BAC] to [USER_14_phone] [USER_14]. Informations detaillees: Montant de transaction : 1000 FCFA, ID transaction : CI250618.1040.B26796, Frais : 0 FCFA, Commission : 0 FCFA, Montant Net du Credit : 1000 FCFA, Nouveau Solde : 1240.98 FCFA."
USER_14,2025-06-21,19:45:36,OrangeMoney,transfert,OUT,2354.0,FCFA,2394.98,"Transfert de [PHONE_1956] [CONTACT_2A97] vers [USER_14_phone] [USER_14] reussi. Details: ID transaction: PP250621.1945.B19244, Montant Transaction: 2354FCFA, Frais: 0 FCFA, Commission: 0 FCFA, Montant Net: 2354 FCFA, Nouveau Solde: 2394.98 FCFA."
USER_14,2025-06-21,21:49:22,OrangeMoney,transfert,OUT,1054.0,FCFA,86.98,"Transfert de [USER_14_phone] [USER_14] vers [PHONE_3048] [CONTACT_1AEA] reussi. ID transaction: PP250621.2149.C76961, Montant Transaction: 1054 FCFA, Frais: 54 FCFA, Commission: 0 FCFA, Montant Net: 1108 FCFA, Nouveau Solde: 86.98 FCFA."
USER_14,2025-06-22,21:14:16,OrangeMoney,transfert,OUT,500.0,FCFA,586.98,"Transfert de [PHONE_1956] [CONTACT_2A97] vers [USER_14_phone] [USER_14] reussi. Details: ID transaction: PP250622.2114.C62916, Montant Transaction: 500FCFA, Frais: 0 FCFA, Commission: 0 FCFA, Montant Net: 500 FCFA, Nouveau Solde: 586.98 FCFA."
USER_14,2025-06-22,21:16:03,OrangeMoney,transfert,OUT,500.0,FCFA,32.98,"Transfert de [USER_14_phone] [USER_14] vers [PHONE_9133] [CONTACT_CB6F] reussi. ID transaction: PP250622.2115.A74654, Montant Transaction: 500 FCFA, Frais: 54 FCFA, Commission: 0 FCFA, Montant Net: 554 FCFA, Nouveau Solde: 32.98 FCFA."
USER_14,2025-06-25,12:42:51,OrangeMoney,depot,IN,2650.0,FCFA,2682.98,"Depot effectue par [PHONE_4493] [CONTACT_7B9E] to [USER_14_phone] [USER_14]. Informations detaillees: Montant de transaction : 2650 FCFA, ID transaction : CI250625.1242.D68246, Frais : 0 FCFA, Commission : 0 FCFA, Montant Net du Credit : 2650 FCFA, Nouveau Solde : 2682.98 FCFA."
USER_14,2025-06-25,19:00:35,OrangeMoney,transfert,OUT,1254.0,FCFA,1336.98,"Transfert de [PHONE_1956] [CONTACT_2A97] vers [USER_14_phone] [USER_14] reussi. Details: ID transaction: PP250625.1900.A62897, Montant Transaction: 1254FCFA, Frais: 0 FCFA, Commission: 0 FCFA, Montant Net: 1254 FCFA, Nouveau Solde: 1336.98 FCFA."
USER_14,2025-06-28,17:50:06,OrangeMoney,depot,IN,2500.0,FCFA,2636.98,"Depot effectue par [PHONE_9709] [CONTACT_F128] to [USER_14_phone] [USER_14]. Informations detaillees: Montant de transaction : 2500 FCFA, ID transaction : CI250628.1750.D10669, Frais : 0 FCFA, Commission : 0 FCFA, Montant Net du Credit : 2500 FCFA, Nouveau Solde : 2636.98 FCFA."
USER_14,2025-06-28,17:59:30,OrangeMoney,transfert,OUT,1000.0,FCFA,1582.98,"Transfert de [USER_14_phone] [USER_14] vers [PHONE_1012] [CONTACT_12BD] reussi. ID transaction: PP250628.1759.D68220, Montant Transaction: 1000 FCFA, Frais: 54 FCFA, Commission: 0 FCFA, Montant Net: 1054 FCFA, Nouveau Solde: 1582.98 FCFA."
USER_14,2025-06-28,18:02:25,OrangeMoney,transfert,OUT,1000.0,FCFA,528.98,"Transfert de [USER_14_phone] [USER_14] vers [PHONE_1072] [CONTACT_5296] reussi. ID transaction: PP250628.1802.A69691, Montant Transaction: 1000 FCFA, Frais: 54 FCFA, Commission: 0 FCFA, Montant Net: 1054 FCFA, Nouveau Solde: 528.98 FCFA."
USER_14,2025-06-28,18:12:30,OrangeMoney,transfert,OUT,200.0,FCFA,728.98,"Transfert de [PHONE_2981] [CONTACT_B341] vers [USER_14_phone] [USER_14] reussi. Details: ID transaction: PP250628.1812.B66618, Montant Transaction: 200FCFA, Frais: 0 FCFA, Commission: 0 FCFA, Montant Net: 200 FCFA, Nouveau Solde: 728.98 FCFA."
USER_14,2025-06-28,18:17:33,OrangeMoney,transfert,OUT,500.0,FCFA,174.98,"Transfert de [USER_14_phone] [USER_14] vers [PHONE_9133] [CONTACT_CB6F] reussi. ID transaction: PP250628.1817.D80682, Montant Transaction: 500 FCFA, Frais: 54 FCFA, Commission: 0 FCFA, Montant Net: 554 FCFA, Nouveau Solde: 174.98 FCFA."
USER_14,2025-06-28,18:17:41,OrangeMoney,depot,IN,1100.0,FCFA,1274.98,"Depot effectue par [PHONE_5426] ndogo dilane dalvina to [USER_14_phone] [USER_14]. Informations detaillees: Montant de transaction : 1100 FCFA, ID transaction : CI250628.1817.B23538, Frais : 0 FCFA, Commission : 0 FCFA, Montant Net du Credit : 1100 FCFA, Nouveau Solde : 1274.98 FCFA."
USER_14,2025-06-29,13:34:26,OrangeMoney,transfert,OUT,7500.0,FCFA,7574.98,"Transfert de [PHONE_7712] [CONTACT_BAF2] vers [USER_14_phone] [USER_14] reussi. Details: ID transaction: PP250629.1334.C42311, Montant Transaction: 7500FCFA, Frais: 0 FCFA, Commission: 0 FCFA, Montant Net: 7500 FCFA, Nouveau Solde: 7574.98 FCFA."
USER_14,2025-06-30,07:41:44,OrangeMoney,transfert,OUT,6500.0,FCFA,1020.98,"Transfert de [USER_14_phone] [USER_14] vers [PHONE_1956] [CONTACT_2A97] reussi. ID transaction: PP250630.0741.A97485, Montant Transaction: 6500 FCFA, Frais: 54 FCFA, Commission: 0 FCFA, Montant Net: 6554 FCFA, Nouveau Solde: 1020.98 FCFA."
USER_14,2025-06-30,18:18:53,OrangeMoney,depot,IN,11000.0,FCFA,12020.98,"Depot effectue par [PHONE_9011] [CONTACT_7B9E] to [USER_14_phone] [USER_14]. Informations detaillees: Montant de transaction : 11000 FCFA, ID transaction : CI250630.1818.B85235, Frais : 0 FCFA, Commission : 0 FCFA, Montant Net du Credit : 11000 FCFA, Nouveau Solde : 12020.98 FCFA."
USER_14,2025-06-30,18:44:49,OrangeMoney,transfert,OUT,10661.5,FCFA,1302.18,"Transfert de [USER_14_phone] [USER_14] vers [PHONE_8718] [CONTACT_8C66] reussi. ID transaction: PP250630.1844.D07515, Montant Transaction: 10661.5 FCFA, Frais: 57.3 FCFA, Commission: 0 FCFA, Montant Net: 10718.8 FCFA, Nouveau Solde: 1302.18 FCFA."
USER_14,2025-07-07,13:23:35,OrangeMoney,transfert,OUT,500.0,FCFA,602.18,"Transfert de [PHONE_1956] [CONTACT_2A97] vers [USER_14_phone] [USER_14] reussi. Details: ID transaction: PP250707.1323.C36698, Montant Transaction: 500FCFA, Frais: 0 FCFA, Commission: 0 FCFA, Montant Net: 500 FCFA, Nouveau Solde: 602.18 FCFA."
USER_14,2025-07-07,13:49:58,OrangeMoney,rechargement,OUT,600.0,FCFA,2.18,"Rechargement reussi. Montant de la transaction: 600 FCFA, ID transaction: RC250707.1349.A57454, Frais: 0 FCFA, Commission: 0 FCFA, Nouveau solde: 2.18 FCFA"
USER_14,2025-07-09,11:06:08,OrangeMoney,transfert,OUT,1554.0,FCFA,1556.18,"Transfert de [PHONE_6829] [CONTACT_32E7] vers [USER_14_phone] [USER_14] reussi. Details: ID transaction: PP250709.1106.A48808, Montant Transaction: 1554FCFA, Frais: 0 FCFA, Commission: 0 FCFA, Montant Net: 1554 FCFA, Nouveau Solde: 1556.18 FCFA."
USER_14,2025-07-14,15:25:51,OrangeMoney,transfert,OUT,1000.0,FCFA,1356.18,"Transfert de [PHONE_1956] [CONTACT_2A97] vers [USER_14_phone] [USER_14] reussi. Details: ID transaction: PP250714.1525.A63759, Montant Transaction: 1000FCFA, Frais: 0 FCFA, Commission: 0 FCFA, Montant Net: 1000 FCFA, Nouveau Solde: 1356.18 FCFA."
USER_14,2025-07-15,22:34:15,OrangeMoney,transfert,OUT,15200.0,FCFA,15258.8,"Transfert de [PHONE_7712] [CONTACT_BAF2] vers [PHONE_7944] [CONTACT_7896] epouse NDJANA reussi. Details: ID transaction: PP250715.2234.A28044, Montant Transaction: 15200FCFA, Frais: 0 FCFA, Commission: 0 FCFA, Montant Net: 15200 FCFA, Nouveau Solde: 15258.8 FCFA."
USER_14,2025-07-16,08:30:35,OrangeMoney,transfert,OUT,15000.0,FCFA,179.8,"Transfert de [PHONE_7944] [CONTACT_7896] epouse NDJANA vers [USER_14_phone] [USER_14] reussi. ID transaction: PP250716.0830.B80515, Montant Transaction: 15000 FCFA, Frais: 79 FCFA, Commission: 0 FCFA, Montant Net: 15079 FCFA, Nouveau Solde: 179.8 FCFA."
USER_14,2025-07-16,08:30:38,OrangeMoney,transfert,OUT,15000.0,FCFA,15156.18,"Transfert de [PHONE_7944] [CONTACT_7896] epouse NDJANA vers [USER_14_phone] [USER_14] reussi. Details: ID transaction: PP250716.0830.B80515, Montant Transaction: 15000FCFA, Frais: 0 FCFA, Commission: 0 FCFA, Montant Net: 15000 FCFA, Nouveau Solde: 15156.18 FCFA."
USER_14,2025-07-16,09:12:34,OrangeMoney,retrait,OUT,13500.0,FCFA,249.68,"Retrait d'argent reussi par le [PHONE_8661] avec le Code : 852985. Informations detaillees : Montant: 13500 FCFA, Frais: 206.5 FCFA, No de transaction CO250716.0912.A06082, montant net debite 13706.5 FCFA, Nouveau solde: 249.68 FCFA."
USER_14,2025-07-18,13:04:57,OrangeMoney,rechargement,OUT,100.0,FCFA,149.68,"Rechargement reussi. Montant de la transaction: 100 FCFA, ID transaction: RC250718.1304.B71427, Frais: 0 FCFA, Commission: 0 FCFA, Nouveau solde: 149.68 FCFA"
USER_14,2025-07-18,13:07:10,OrangeMoney,rechargement,OUT,100.0,FCFA,49.68,"Rechargement reussi. Montant de la transaction: 100 FCFA, ID transaction: RC250718.1307.A68126, Frais: 0 FCFA, Commission: 0 FCFA, Nouveau solde: 49.68 FCFA"
USER_14,2025-07-18,13:09:14,OrangeMoney,rechargement,OUT,100.0,FCFA,79.8,"Rechargement reussi. Montant de la transaction: 100 FCFA, ID transaction: RC250718.1309.B71873, Frais: 0 FCFA, Commission: 0 FCFA, Nouveau solde: 79.8 FCFA"
USER_14,2025-07-18,13:11:17,OrangeMoney,transfert,OUT,900.0,FCFA,949.68,"Transfert de [PHONE_1956] [CONTACT_2A97] vers [USER_14_phone] [USER_14] reussi. Details: ID transaction: PP250718.1311.A91801, Montant Transaction: 900FCFA, Frais: 0 FCFA, Commission: 0 FCFA, Montant Net: 900 FCFA, Nouveau Solde: 949.68 FCFA."
USER_14,2025-07-18,13:12:20,OrangeMoney,rechargement,OUT,900.0,FCFA,49.68,"Rechargement reussi. Montant de la transaction: 900 FCFA, ID transaction: RC250718.1312.A68631, Frais: 0 FCFA, Commission: 0 FCFA, Nouveau solde: 49.68 FCFA"
USER_14,2025-07-22,13:57:53,OrangeMoney,transfert,OUT,1000.0,FCFA,1049.68,"Transfert de [PHONE_1956] [CONTACT_2A97] vers [USER_14_phone] [USER_14] reussi. Details: ID transaction: PP250722.1357.C04708, Montant Transaction: 1000FCFA, Frais: 0 FCFA, Commission: 0 FCFA, Montant Net: 1000 FCFA, Nouveau Solde: 1049.68 FCFA."
USER_14,2025-07-22,14:03:32,OrangeMoney,rechargement,OUT,1000.0,FCFA,49.68,"Rechargement reussi. Montant de la transaction: 1000 FCFA, ID transaction: RC250722.1403.D60354, Frais: 0 FCFA, Commission: 0 FCFA, Nouveau solde: 49.68 FCFA"
USER_14,2025-07-26,21:38:26,OrangeMoney,transfert,OUT,5000.0,FCFA,5049.68,"Transfert de [PHONE_8416] [CONTACT_0BC9] vers [USER_14_phone] [USER_14] reussi. Details: ID transaction: PP250726.2138.B32763, Montant Transaction: 5000FCFA, Frais: 0 FCFA, Commission: 0 FCFA, Montant Net: 5000 FCFA, Nouveau Solde: 5049.68 FCFA."
USER_14,2025-07-27,16:35:01,OrangeMoney,depot,IN,5000.0,FCFA,10049.68,"Depot effectue par [PHONE_0019] [CONTACT_65BA] to [USER_14_phone] [USER_14]. Informations detaillees: Montant de transaction : 5000 FCFA, ID transaction : CI250727.1634.C72678, Frais : 0 FCFA, Commission : 0 FCFA, Montant Net du Credit : 5000 FCFA, Nouveau Solde : 10049.68 FCFA."
USER_14,2025-07-27,16:52:44,OrangeMoney,transfert,OUT,500.0,FCFA,579.8,"Transfert de [PHONE_1956] [CONTACT_2A97] vers [PHONE_7944] [CONTACT_7896] epouse NDJANA reussi. Details: ID transaction: PP250727.1641.C95715, Montant Transaction: 500FCFA, Frais: 0 FCFA, Commission: 0 FCFA, Montant Net: 500 FCFA, Nouveau Solde: 579.8 FCFA."
USER_14,2025-07-27,16:54:03,OrangeMoney,transfert,OUT,100.0,FCFA,10149.68,"Transfert de [PHONE_8748] [CONTACT_FCB8] vers [USER_14_phone] [USER_14] reussi. Details: ID transaction: PP250727.1653.C03083, Montant Transaction: 100FCFA, Frais: 0 FCFA, Commission: 0 FCFA, Montant Net: 100 FCFA, Nouveau Solde: 10149.68 FCFA."
USER_14,2025-07-27,17:03:55,OrangeMoney,transfert,OUT,10054.0,FCFA,41.41,"Transfert de [USER_14_phone] [USER_14] vers [PHONE_8718] [CONTACT_8C66] reussi. ID transaction: PP250727.1703.C08894, Montant Transaction: 10054 FCFA, Frais: 54.27 FCFA, Commission: 0 FCFA, Montant Net: 10108.27 FCFA, Nouveau Solde: 41.41 FCFA."
USER_14,2025-07-27,17:10:15,OrangeMoney,transfert,OUT,254.0,FCFA,271.8,"Transfert de [PHONE_7944] [CONTACT_7896] epouse NDJANA vers [PHONE_8718] [CONTACT_8C66] reussi. ID transaction: PP250727.1710.A24675, Montant Transaction: 254 FCFA, Frais: 54 FCFA, Commission: 0 FCFA, Montant Net: 308 FCFA, Nouveau Solde: 271.8 FCFA."
USER_14,2025-07-29,09:10:22,OrangeMoney,rechargement,OUT,100.0,FCFA,21.8,"Rechargement reussi. Montant de la transaction: 100 FCFA, ID transaction: RC250729.0910.B24949, Frais: 0 FCFA, Commission: 0 FCFA, Nouveau solde: 21.8 FCFA"
USER_14,2025-07-29,10:39:30,OrangeMoney,transfert,OUT,1000.0,FCFA,1041.41,"Transfert de [PHONE_1956] [CONTACT_2A97] vers [USER_14_phone] [USER_14] reussi. Details: ID transaction: PP250729.1039.B43679, Montant Transaction: 1000FCFA, Frais: 0 FCFA, Commission: 0 FCFA, Montant Net: 1000 FCFA, Nouveau Solde: 1041.41 FCFA."
USER_14,2025-07-29,11:02:20,OrangeMoney,transfert,OUT,1000.0,FCFA,2041.41,"Transfert de [PHONE_0990] [CONTACT_1EBB] vers [USER_14_phone] [USER_14] reussi. Details: ID transaction: PP250729.1102.A64989, Montant Transaction: 1000FCFA, Frais: 0 FCFA, Commission: 0 FCFA, Montant Net: 1000 FCFA, Nouveau Solde: 2041.41 FCFA."
USER_14,2025-07-29,11:52:01,OrangeMoney,rechargement,OUT,1200.0,FCFA,841.41,"Rechargement reussi. Montant de la transaction: 1200 FCFA, ID transaction: RC250729.1151.D42819, Frais: 0 FCFA, Commission: 0 FCFA, Nouveau solde: 841.41 FCFA"
USER_14,2025-07-31,18:37:09,OrangeMoney,rechargement,OUT,800.0,FCFA,41.41,"Rechargement reussi. Montant de la transaction: 800 FCFA, ID transaction: RC250731.1836.D56667, Frais: 0 FCFA, Commission: 0 FCFA, Nouveau solde: 41.41 FCFA"
USER_14,2025-08-03,21:12:27,OrangeMoney,transfert,OUT,500.0,FCFA,541.41,"Transfert de [PHONE_8416] [CONTACT_0BC9] vers [USER_14_phone] [USER_14] reussi. Details: ID transaction: PP250803.1944.A24187, Montant Transaction: 500FCFA, Frais: 0 FCFA, Commission: 0 FCFA, Montant Net: 500 FCFA, Nouveau Solde: 541.41 FCFA."
USER_14,2025-08-04,03:17:53,OrangeMoney,transfert,OUT,1254.0,FCFA,1295.41,"Transfert de [PHONE_5966] [CONTACT_7208] vers [USER_14_phone] [USER_14] reussi. Details: ID transaction: PP250804.0317.B11626, Montant Transaction: 1254FCFA, Frais: 0 FCFA, Commission: 0 FCFA, Montant Net: 1254 FCFA, Nouveau Solde: 1295.41 FCFA."
USER_14,2025-08-07,20:12:08,OrangeMoney,transfert,OUT,1254.0,FCFA,1349.41,"Transfert de [PHONE_1956] [CONTACT_2A97] vers [USER_14_phone] [USER_14] reussi. Details: ID transaction: PP250807.2012.D87464, Montant Transaction: 1254FCFA, Frais: 0 FCFA, Commission: 0 FCFA, Montant Net: 1254 FCFA, Nouveau Solde: 1349.41 FCFA."
USER_14,2025-08-10,01:10:01,OrangeMoney,transfert,OUT,1254.0,FCFA,1403.41,"Transfert de [PHONE_1956] [CONTACT_2A97] vers [USER_14_phone] [USER_14] reussi. Details: ID transaction: PP250810.0109.A79629, Montant Transaction: 1254FCFA, Frais: 0 FCFA, Commission: 0 FCFA, Montant Net: 1254 FCFA, Nouveau Solde: 1403.41 FCFA."
USER_14,2025-08-11,18:15:40,OrangeMoney,transfert,OUT,12691.5,FCFA,12894.91,"Transfert de [PHONE_1956] [CONTACT_2A97] vers [USER_14_phone] [USER_14] reussi. Details: ID transaction: PP250811.1815.D83323, Montant Transaction: 12691.5FCFA, Frais: 0 FCFA, Commission: 0 FCFA, Montant Net: 12691.5 FCFA, Nouveau Solde: 12894.91 FCFA."
USER_14,2025-08-11,18:17:57,OrangeMoney,transfert,OUT,12184.0,FCFA,645.99,"Transfert de [USER_14_phone] [USER_14] vers [PHONE_8987] [CONTACT_4463] reussi. ID transaction: PP250811.1817.B75185, Montant Transaction: 12184 FCFA, Frais: 64.92 FCFA, Commission: 0 FCFA, Montant Net: 12248.92 FCFA, Nouveau Solde: 645.99 FCFA."
USER_14,2025-08-12,19:15:41,OrangeMoney,transfert,OUT,1000.0,FCFA,1645.99,"Transfert de [PHONE_1956] [CONTACT_2A97] vers [USER_14_phone] [USER_14] reussi. Details: ID transaction: PP250812.1915.C34663, Montant Transaction: 1000FCFA, Frais: 0 FCFA, Commission: 0 FCFA, Montant Net: 1000 FCFA, Nouveau Solde: 1645.99 FCFA."
USER_14,2025-08-18,14:33:59,OrangeMoney,rechargement,OUT,400.0,FCFA,45.99,"Rechargement reussi. Montant de la transaction: 400 FCFA, ID transaction: RC250818.1433.C06254, Frais: 0 FCFA, Commission: 0 FCFA, Nouveau solde: 45.99 FCFA"
USER_14,2025-08-19,19:18:55,OrangeMoney,transfert,OUT,1200.0,FCFA,1245.99,"Transfert de [PHONE_1956] [CONTACT_2A97] vers [USER_14_phone] [USER_14] reussi. Details: ID transaction: PP250819.1918.A75235, Montant Transaction: 1200FCFA, Frais: 0 FCFA, Commission: 0 FCFA, Montant Net: 1200 FCFA, Nouveau Solde: 1245.99 FCFA."
USER_14,2025-08-24,15:52:55,OrangeMoney,transfert,OUT,1500.0,FCFA,1545.99,"Transfert de [PHONE_1956] [CONTACT_2A97] vers [USER_14_phone] [USER_14] reussi. Details: ID transaction: PP250824.1552.A12741, Montant Transaction: 1500FCFA, Frais: 0 FCFA, Commission: 0 FCFA, Montant Net: 1500 FCFA, Nouveau Solde: 1545.99 FCFA."
USER_14,2025-08-27,16:13:24,OrangeMoney,transfert,OUT,1000.0,FCFA,1345.99,"Transfert de [PHONE_1956] [CONTACT_2A97] vers [USER_14_phone] [USER_14] reussi. Details: ID transaction: PP250827.1613.A01922, Montant Transaction: 1000FCFA, Frais: 0 FCFA, Commission: 0 FCFA, Montant Net: 1000 FCFA, Nouveau Solde: 1345.99 FCFA."
USER_14,2025-08-29,06:55:10,OrangeMoney,transfert,OUT,1200.0,FCFA,1245.99,"Transfert de [PHONE_1956] [CONTACT_2A97] vers [USER_14_phone] [USER_14] reussi. Details: ID transaction: PP250829.0655.D37016, Montant Transaction: 1200FCFA, Frais: 0 FCFA, Commission: 0 FCFA, Montant Net: 1200 FCFA, Nouveau Solde: 1245.99 FCFA."
USER_14,2025-08-31,16:43:52,OrangeMoney,transfert,OUT,1000.0,FCFA,1045.99,"Transfert de [PHONE_1956] [CONTACT_2A97] vers [USER_14_phone] [USER_14] reussi. Details: ID transaction: PP250831.1643.C65480, Montant Transaction: 1000FCFA, Frais: 0 FCFA, Commission: 0 FCFA, Montant Net: 1000 FCFA, Nouveau Solde: 1045.99 FCFA."
USER_14,2025-08-31,18:39:15,OrangeMoney,transfert,OUT,200.0,FCFA,1245.99,"Transfert de [PHONE_7280] [CONTACT_0E05] vers [USER_14_phone] [USER_14] reussi. Details: ID transaction: PP250831.1839.C32113, Montant Transaction: 200FCFA, Frais: 0 FCFA, Commission: 0 FCFA, Montant Net: 200 FCFA, Nouveau Solde: 1245.99 FCFA."
USER_14,2025-09-01,19:10:02,OrangeMoney,transfert,OUT,554.0,FCFA,599.99,"Transfert de [PHONE_1956] [CONTACT_2A97] vers [USER_14_phone] [USER_14] reussi. Details: ID transaction: PP250901.1910.D33020, Montant Transaction: 554FCFA, Frais: 0 FCFA, Commission: 0 FCFA, Montant Net: 554 FCFA, Nouveau Solde: 599.99 FCFA."
USER_14,2025-09-01,19:12:33,OrangeMoney,transfert,OUT,500.0,FCFA,45.99,"Transfert de [USER_14_phone] [USER_14] vers [PHONE_1144] [CONTACT_4422] reussi. ID transaction: PP250901.1912.C17045, Montant Transaction: 500 FCFA, Frais: 54 FCFA, Commission: 0 FCFA, Montant Net: 554 FCFA, Nouveau Solde: 45.99 FCFA."
USER_14,2025-09-02,09:03:14,OrangeMoney,transfert,OUT,1254.0,FCFA,1299.99,"Transfert de [PHONE_7712] [CONTACT_BAF2] vers [USER_14_phone] [USER_14] reussi. Details: ID transaction: PP250902.0903.A14383, Montant Transaction: 1254FCFA, Frais: 0 FCFA, Commission: 0 FCFA, Montant Net: 1254 FCFA, Nouveau Solde: 1299.99 FCFA."
USER_14,2025-09-02,10:25:42,OrangeMoney,rechargement,OUT,50.0,FCFA,1249.99,"Rechargement reussi. Montant de la transaction: 50 FCFA, ID transaction: RC250902.1025.B13787, Frais: 0 FCFA, Commission: 0 FCFA, Nouveau solde: 1249.99 FCFA"
USER_14,2025-09-05,21:13:53,OrangeMoney,transfert,OUT,1200.0,FCFA,1249.99,"Transfert de [PHONE_1956] [CONTACT_2A97] vers [USER_14_phone] [USER_14] reussi. Details: ID transaction: PP250905.2113.D30107, Montant Transaction: 1200FCFA, Frais: 0 FCFA, Commission: 0 FCFA, Montant Net: 1200 FCFA, Nouveau Solde: 1249.99 FCFA."
USER_14,2025-09-08,21:56:33,OrangeMoney,transfert,OUT,1200.0,FCFA,1249.99,"Transfert de [PHONE_1956] [CONTACT_2A97] vers [USER_14_phone] [USER_14] reussi. Details: ID transaction: PP250908.2156.D56760, Montant Transaction: 1200FCFA, Frais: 0 FCFA, Commission: 0 FCFA, Montant Net: 1200 FCFA, Nouveau Solde: 1249.99 FCFA."
USER_14,2025-09-10,09:29:58,OrangeMoney,transfert,OUT,1554.0,FCFA,1603.99,"Transfert de [PHONE_7712] [CONTACT_BAF2] vers [USER_14_phone] [USER_14] reussi. Details: ID transaction: PP250910.0929.D86733, Montant Transaction: 1554FCFA, Frais: 0 FCFA, Commission: 0 FCFA, Montant Net: 1554 FCFA, Nouveau Solde: 1603.99 FCFA."
USER_14,2025-09-12,09:37:42,OrangeMoney,depot,IN,25000.0,FCFA,25403.99,"Depot effectue par [PHONE_4812] [CONTACT_EDE0] to [USER_14_phone] [USER_14]. Informations detaillees: Montant de transaction : 25000 FCFA, ID transaction : CI250912.0937.A26005, Frais : 0 FCFA, Commission : 0 FCFA, Montant Net du Credit : 25000 FCFA, Nouveau Solde : 25403.99 FCFA."
USER_14,2025-09-12,10:31:56,OrangeMoney,retrait,OUT,20000.0,FCFA,5099.99,"Retrait d'argent reussi par le [PHONE_1941] avec le Code : 264971. Informations detaillees : Montant: 20000 FCFA, Frais: 304 FCFA, No de transaction CO250912.1031.D37561, montant net debite 20304 FCFA, Nouveau solde: 5099.99 FCFA."
USER_14,2025-09-13,15:43:12,OrangeMoney,transfert,OUT,5180.5,FCFA,10280.49,"Transfert de [PHONE_2216] [CONTACT_FF20] vers [USER_14_phone] [USER_14] reussi. Details: ID transaction: PP250913.1543.D90556, Montant Transaction: 5180.5FCFA, Frais: 0 FCFA, Commission: 0 FCFA, Montant Net: 5180.5 FCFA, Nouveau Solde: 10280.49 FCFA."
USER_14,2025-09-13,15:51:55,OrangeMoney,depot,IN,20200.0,FCFA,30480.49,"Depot effectue par [PHONE_5094] [CONTACT_ADDA] 42 to [USER_14_phone] [USER_14]. Informations detaillees: Montant de transaction : 20200 FCFA, ID transaction : CI250913.1551.A50153, Frais : 0 FCFA, Commission : 0 FCFA, Montant Net du Credit : 20200 FCFA, Nouveau Solde : 30480.49 FCFA."
USER_14,2025-09-13,17:14:26,OrangeMoney,transfert,OUT,86000.0,FCFA,116480.49,"Transfert de [PHONE_3995] [CONTACT_E082] vers [USER_14_phone] [USER_14] reussi. Details: ID transaction: PP250913.1714.C27658, Montant Transaction: 86000FCFA, Frais: 0 FCFA, Commission: 0 FCFA, Montant Net: 86000 FCFA, Nouveau Solde: 116480.49 FCFA."
USER_14,2025-09-13,17:16:38,OrangeMoney,transfert,OUT,100000.0,FCFA,15976.49,"Transfert de [USER_14_phone] [USER_14] vers [PHONE_8828] [CONTACT_6754] reussi. ID transaction: PP250913.1716.C28946, Montant Transaction: 100000 FCFA, Frais: 504 FCFA, Commission: 0 FCFA, Montant Net: 100504 FCFA, Nouveau Solde: 15976.49 FCFA."
USER_14,2025-09-14,17:15:25,OrangeMoney,transfert,OUT,1054.0,FCFA,14868.49,"Transfert de [USER_14_phone] [USER_14] vers [PHONE_9158] [CONTACT_0F04] reussi. ID transaction: PP250914.1715.B64395, Montant Transaction: 1054 FCFA, Frais: 54 FCFA, Commission: 0 FCFA, Montant Net: 1108 FCFA, Nouveau Solde: 14868.49 FCFA."
USER_14,2025-09-19,07:49:19,OrangeMoney,retrait,OUT,7000.0,FCFA,249.49,"Retrait d'argent reussi par le [PHONE_9709] avec le Code : 264639. Informations detaillees : Montant: 7000 FCFA, Frais: 109 FCFA, No de transaction CO250919.0749.B89244, montant net debite 7109 FCFA, Nouveau solde: 249.49 FCFA."
USER_14,2025-09-19,09:32:40,OrangeMoney,rechargement,OUT,100.0,FCFA,149.49,"Rechargement reussi. Montant de la transaction: 100 FCFA, ID transaction: RC250919.0932.C71519, Frais: 0 FCFA, Commission: 0 FCFA, Nouveau solde: 149.49 FCFA"
USER_14,2025-09-19,09:46:34,OrangeMoney,depot,IN,9140.0,FCFA,9289.49,"Depot effectue par [PHONE_4345] [CONTACT_90E9] to [USER_14_phone] [USER_14]. Informations detaillees: Montant de transaction : 9140 FCFA, ID transaction : CI250919.0946.A58554, Frais : 0 FCFA, Commission : 0 FCFA, Montant Net du Credit : 9140 FCFA, Nouveau Solde : 9289.49 FCFA."
USER_14,2025-09-19,10:04:47,OrangeMoney,depot,IN,1000.0,FCFA,10289.49,"Depot effectue par [PHONE_6577] [CONTACT_7B9E] to [USER_14_phone] [USER_14]. Informations detaillees: Montant de transaction : 1000 FCFA, ID transaction : CI250919.1004.C63244, Frais : 0 FCFA, Commission : 0 FCFA, Montant Net du Credit : 1000 FCFA, Nouveau Solde : 10289.49 FCFA."
USER_14,2025-09-19,10:11:22,OrangeMoney,retrait,OUT,10000.0,FCFA,135.49,"Retrait d'argent reussi par le [PHONE_9648] avec le Code : 226785. Informations detaillees : Montant: 10000 FCFA, Frais: 154 FCFA, No de transaction CO250919.1011.D33144, montant net debite 10154 FCFA, Nouveau solde: 135.49 FCFA."
USER_14,2025-09-19,10:25:19,OrangeMoney,transfert,OUT,16000.0,FCFA,16021.8,"Transfert de [PHONE_7712] [CONTACT_BAF2] vers [PHONE_7944] [CONTACT_7896] epouse NDJANA reussi. Details: ID transaction: PP250919.1025.D52153, Montant Transaction: 16000FCFA, Frais: 0 FCFA, Commission: 0 FCFA, Montant Net: 16000 FCFA, Nouveau Solde: 16021.8 FCFA."
USER_14,2025-09-19,12:27:19,OrangeMoney,retrait,OUT,2500.0,FCFA,13467.8,"Retrait d'argent reussi par le [PHONE_5576] avec le Code : 514864. Informations detaillees : Montant: 2500 FCFA, Frais: 54 FCFA, No de transaction CO250919.1227.B45227, montant net debite 2554 FCFA, Nouveau solde: 13467.8 FCFA."
USER_14,2025-09-21,16:42:20,OrangeMoney,rechargement,OUT,1200.0,FCFA,12267.8,"Rechargement reussi. Montant de la transaction: 1200 FCFA, ID transaction: RC250921.1642.C38928, Frais: 0 FCFA, Commission: 0 FCFA, Nouveau solde: 12267.8 FCFA"
USER_14,2025-09-21,19:40:08,OrangeMoney,transfert,OUT,10154.0,FCFA,2059.03,"Transfert de [PHONE_7944] [CONTACT_7896] epouse NDJANA vers [PHONE_2670] [CONTACT_A89D] reussi. ID transaction: PP250921.1940.D58868, Montant Transaction: 10154 FCFA, Frais: 54.77 FCFA, Commission: 0 FCFA, Montant Net: 10208.77 FCFA, Nouveau Solde: 2059.03 FCFA."
USER_14,2025-09-21,19:42:51,OrangeMoney,transfert,OUT,1000.0,FCFA,1005.03,"Transfert de [PHONE_7944] [CONTACT_7896] epouse NDJANA vers [PHONE_8416] [CONTACT_0BC9] reussi. ID transaction: PP250921.1942.D60301, Montant Transaction: 1000 FCFA, Frais: 54 FCFA, Commission: 0 FCFA, Montant Net: 1054 FCFA, Nouveau Solde: 1005.03 FCFA."
USER_14,2025-09-23,12:06:29,OrangeMoney,rechargement,OUT,1000.0,FCFA,5.03,"Rechargement reussi. Montant de la transaction: 1000 FCFA, ID transaction: RC250923.1206.A30984, Frais: 0 FCFA, Commission: 0 FCFA, Nouveau solde: 5.03 FCFA"
USER_14,2025-09-23,12:09:59,OrangeMoney,rechargement,OUT,135.0,FCFA,0.49,"Rechargement reussi. Montant de la transaction: 135 FCFA, ID transaction: RC250923.1209.A31311, Frais: 0 FCFA, Commission: 0 FCFA, Nouveau solde: 0.49 FCFA"
USER_14,2025-09-23,12:35:16,OrangeMoney,transfert,OUT,200.0,FCFA,200.49,"Transfert de [PHONE_9158] [CONTACT_0F04] vers [USER_14_phone] [USER_14] reussi. Details: ID transaction: PP250923.1235.B52930, Montant Transaction: 200FCFA, Frais: 0 FCFA, Commission: 0 FCFA, Montant Net: 200 FCFA, Nouveau Solde: 200.49 FCFA."
USER_14,2025-09-23,13:01:35,OrangeMoney,transfert,OUT,500.0,FCFA,700.49,"Transfert de [PHONE_1956] [CONTACT_2A97] vers [USER_14_phone] [USER_14] reussi. Details: ID transaction: PP250923.1301.C65937, Montant Transaction: 500FCFA, Frais: 0 FCFA, Commission: 0 FCFA, Montant Net: 500 FCFA, Nouveau Solde: 700.49 FCFA."
USER_14,2025-09-23,13:51:55,OrangeMoney,rechargement,OUT,200.0,FCFA,500.49,"Rechargement reussi. Montant de la transaction: 200 FCFA, ID transaction: RC250923.1351.C39925, Frais: 0 FCFA, Commission: 0 FCFA, Nouveau solde: 500.49 FCFA"
USER_14,2025-09-24,21:07:57,OrangeMoney,transfert,OUT,1000.0,FCFA,1500.49,"Transfert de [PHONE_1956] [CONTACT_2A97] vers [USER_14_phone] [USER_14] reussi. Details: ID transaction: PP250924.2107.D37739, Montant Transaction: 1000FCFA, Frais: 0 FCFA, Commission: 0 FCFA, Montant Net: 1000 FCFA, Nouveau Solde: 1500.49 FCFA."
USER_14,2025-09-25,14:35:31,OrangeMoney,transfert,OUT,3500.0,FCFA,3800.49,"Transfert de [PHONE_2981] [CONTACT_B341] vers [USER_14_phone] [USER_14] reussi. Details: ID transaction: PP250925.1435.D39322, Montant Transaction: 3500FCFA, Frais: 0 FCFA, Commission: 0 FCFA, Montant Net: 3500 FCFA, Nouveau Solde: 3800.49 FCFA."
USER_14,2025-09-25,18:02:59,OrangeMoney,depot,IN,10000.0,FCFA,12600.49,"Depot effectue par [PHONE_0940] [CONTACT_C096] 1 to [USER_14_phone] [USER_14]. Informations detaillees: Montant de transaction : 10000 FCFA, ID transaction : CI250925.1802.B12624, Frais : 0 FCFA, Commission : 0 FCFA, Montant Net du Credit : 10000 FCFA, Nouveau Solde : 12600.49 FCFA."
USER_14,2025-09-26,11:05:36,OrangeMoney,retrait,OUT,6000.0,FCFA,2206.49,"Retrait d'argent reussi par le [PHONE_8661] avec le Code : 852985. Informations detaillees : Montant: 6000 FCFA, Frais: 94 FCFA, No de transaction CO250926.1105.A39412, montant net debite 6094 FCFA, Nouveau solde: 2206.49 FCFA."
USER_14,2025-09-30,17:51:33,OrangeMoney,transfert,OUT,200.0,FCFA,1206.49,"Transfert de [PHONE_1956] [CONTACT_2A97] vers [USER_14_phone] [USER_14] reussi. Details: ID transaction: PP250930.1751.B76414, Montant Transaction: 200FCFA, Frais: 0 FCFA, Commission: 0 FCFA, Montant Net: 200 FCFA, Nouveau Solde: 1206.49 FCFA."
USER_14,2025-10-02,17:54:33,OrangeMoney,transfert,OUT,10000.0,FCFA,10006.49,"Transfert de [PHONE_0787] [CONTACT_F0F8] vers [USER_14_phone] [USER_14] reussi. Details: ID transaction: PP251002.1754.D44922, Montant Transaction: 10000FCFA, Frais: 0 FCFA, Commission: 0 FCFA, Montant Net: 10000 FCFA, Nouveau Solde: 10006.49 FCFA."
USER_14,2025-10-03,09:08:39,OrangeMoney,transfert,OUT,4571.5,FCFA,5380.99,"Transfert de [USER_14_phone] [USER_14] vers [PHONE_2091] [CONTACT_D1FB] reussi. ID transaction: PP251003.0908.A70798, Montant Transaction: 4571.5 FCFA, Frais: 54 FCFA, Commission: 0 FCFA, Montant Net: 4625.5 FCFA, Nouveau Solde: 5380.99 FCFA."
USER_14,2025-10-05,16:57:28,OrangeMoney,transfert,OUT,2000.0,FCFA,4980.99,"Transfert de [PHONE_3472] [CONTACT_C370] vers [USER_14_phone] [USER_14] reussi. Details: ID transaction: PP251005.1657.C70529, Montant Transaction: 2000FCFA, Frais: 0 FCFA, Commission: 0 FCFA, Montant Net: 2000 FCFA, Nouveau Solde: 4980.99 FCFA."
USER_14,2025-10-06,10:46:18,OrangeMoney,transfert,OUT,4000.0,FCFA,8980.99,"Transfert de [PHONE_0990] [CONTACT_1EBB] vers [USER_14_phone] [USER_14] reussi. Details: ID transaction: PP251006.1046.B02792, Montant Transaction: 4000FCFA, Frais: 0 FCFA, Commission: 0 FCFA, Montant Net: 4000 FCFA, Nouveau Solde: 8980.99 FCFA."
USER_14,2025-10-06,18:39:32,OrangeMoney,transfert,OUT,3054.0,FCFA,4672.99,"Transfert de [USER_14_phone] [USER_14] vers [PHONE_4952] [CONTACT_A02D] reussi. ID transaction: PP251006.1839.C11927, Montant Transaction: 3054 FCFA, Frais: 54 FCFA, Commission: 0 FCFA, Montant Net: 3108 FCFA, Nouveau Solde: 4672.99 FCFA."
USER_14,2025-10-06,20:29:09,OrangeMoney,transfert,OUT,3556.5,FCFA,1062.49,"Transfert de [USER_14_phone] [USER_14] vers [PHONE_2645] [CONTACT_FAEA] reussi. ID transaction: PP251006.2029.B66298, Montant Transaction: 3556.5 FCFA, Frais: 54 FCFA, Commission: 0 FCFA, Montant Net: 3610.5 FCFA, Nouveau Solde: 1062.49 FCFA."
USER_14,2025-10-07,18:32:04,OrangeMoney,transfert,OUT,200.0,FCFA,1262.49,"Transfert de [PHONE_1956] [CONTACT_2A97] vers [USER_14_phone] [USER_14] reussi. Details: ID transaction: PP251007.1832.C36561, Montant Transaction: 200FCFA, Frais: 0 FCFA, Commission: 0 FCFA, Montant Net: 200 FCFA, Nouveau Solde: 1262.49 FCFA."
USER_14,2025-10-11,18:42:32,OrangeMoney,transfert,OUT,10154.0,FCFA,10216.49,"Transfert de [PHONE_0112] [CONTACT_DB17] BILOUNGA vers [USER_14_phone] [USER_14] reussi. Details: ID transaction: PP251011.1842.A72397, Montant Transaction: 10154FCFA, Frais: 0 FCFA, Commission: 0 FCFA, Montant Net: 10154 FCFA, Nouveau Solde: 10216.49 FCFA."
USER_14,2025-10-11,18:46:09,OrangeMoney,transfert,OUT,15300.0,FCFA,25516.49,"Transfert de [PHONE_6052] [CONTACT_75E3] vers [USER_14_phone] [USER_14] reussi. Details: ID transaction: PP251011.1846.D97425, Montant Transaction: 15300FCFA, Frais: 0 FCFA, Commission: 0 FCFA, Montant Net: 15300 FCFA, Nouveau Solde: 25516.49 FCFA."
USER_14,2025-10-11,19:27:34,OrangeMoney,transfert,OUT,8000.0,FCFA,17462.49,"Transfert de [USER_14_phone] [USER_14] vers [PHONE_5207] [CONTACT_C8BA] reussi. ID transaction: PP251011.1927.A05049, Montant Transaction: 8000 FCFA, Frais: 54 FCFA, Commission: 0 FCFA, Montant Net: 8054 FCFA, Nouveau Solde: 17462.49 FCFA."
USER_14,2025-10-11,19:31:37,OrangeMoney,transfert,OUT,16751.5,FCFA,623.24,"Transfert de [USER_14_phone] [USER_14] vers [PHONE_5778] [CONTACT_0239] reussi. ID transaction: PP251011.1931.D30254, Montant Transaction: 16751.5 FCFA, Frais: 87.75 FCFA, Commission: 0 FCFA, Montant Net: 16839.25 FCFA, Nouveau Solde: 623.24 FCFA."
USER_14,2025-10-13,22:34:27,OrangeMoney,rechargement,OUT,300.0,FCFA,323.24,"Rechargement reussi. Montant de la transaction: 300 FCFA, ID transaction: RC251013.2233.A03643, Frais: 0 FCFA, Commission: 0 FCFA, Nouveau solde: 323.24 FCFA"
USER_14,2025-10-14,19:24:24,OrangeMoney,transfert,OUT,1000.0,FCFA,1323.24,"Transfert de [PHONE_1956] [CONTACT_2A97] vers [USER_14_phone] [USER_14] reussi. Details: ID transaction: PP251014.1924.D28067, Montant Transaction: 1000FCFA, Frais: 0 FCFA, Commission: 0 FCFA, Montant Net: 1000 FCFA, Nouveau Solde: 1323.24 FCFA."
USER_14,2025-10-14,21:15:12,OrangeMoney,autre,unknown,26238.0,FCFA,,"Transfert d argent de 26238 FCFA recu du +4915781447397 (Allemagne) le 2025-10-14 21:15:08. Nouveau solde OM : 26361.24 FCFA, Frais : 0 FCFA"
USER_14,2025-10-14,21:28:25,OrangeMoney,transfert,OUT,3000.0,FCFA,23351.24,"Transfert de [USER_14_phone] [USER_14] vers [PHONE_8987] [CONTACT_4463] reussi. ID transaction: PP251014.2128.D86997, Montant Transaction: 3000 FCFA, Frais: 10 FCFA, Commission: 0 FCFA, Montant Net: 3010 FCFA, Nouveau Solde: 23351.24 FCFA."
USER_14,2025-10-14,21:43:52,OrangeMoney,transfert,OUT,10154.0,FCFA,13172.94,"Transfert de [USER_14_phone] [USER_14] vers [PHONE_8416] [CONTACT_0BC9] reussi. ID transaction: PP251014.2143.D92062, Montant Transaction: 10154 FCFA, Frais: 24.3 FCFA, Commission: 0 FCFA, Montant Net: 10178.3 FCFA, Nouveau Solde: 13172.94 FCFA."
USER_14,2025-10-15,12:31:03,OrangeMoney,retrait,OUT,2000.0,FCFA,11118.94,"Retrait d'argent reussi par le [PHONE_9365] avec le Code : 204357. Informations detaillees : Montant: 2000 FCFA, Frais: 54 FCFA, No de transaction CO251015.1230.D16826, montant net debite 2054 FCFA, Nouveau solde: 11118.94 FCFA."
USER_14,2025-10-15,12:53:21,OrangeMoney,transfert,OUT,2654.0,FCFA,8455.64,"Transfert de [USER_14_phone] [USER_14] vers [PHONE_6320] [CONTACT_6932] reussi. ID transaction: PP251015.1253.A77984, Montant Transaction: 2654 FCFA, Frais: 9.3 FCFA, Commission: 0 FCFA, Montant Net: 2663.3 FCFA, Nouveau Solde: 8455.64 FCFA."
USER_14,2025-10-16,11:23:54,OrangeMoney,retrait,OUT,3000.0,FCFA,4201.64,"Retrait d'argent reussi par le [PHONE_8661] avec le Code : 852985. Informations detaillees : Montant: 3000 FCFA, Frais: 54 FCFA, No de transaction CO251016.1123.D17396, montant net debite 3054 FCFA, Nouveau solde: 4201.64 FCFA."
USER_14,2025-10-16,12:59:03,OrangeMoney,transfert,OUT,500.0,FCFA,3696.64,"Transfert de [USER_14_phone] [USER_14] vers [PHONE_9236] [CONTACT_EAD4] reussi. ID transaction: PP251016.1259.A75825, Montant Transaction: 500 FCFA, Frais: 5 FCFA, Commission: 0 FCFA, Montant Net: 505 FCFA, Nouveau Solde: 3696.64 FCFA."
USER_14,2025-10-17,08:06:52,OrangeMoney,transfert,OUT,1054.0,FCFA,2636.54,"Transfert de [USER_14_phone] [USER_14] vers [PHONE_4345] [CONTACT_62C5] reussi. ID transaction: PP251017.0806.C50833, Montant Transaction: 1054 FCFA, Frais: 6.1 FCFA, Commission: 0 FCFA, Montant Net: 1060.1 FCFA, Nouveau Solde: 2636.54 FCFA."
USER_14,2025-10-17,14:06:51,OrangeMoney,transfert,OUT,1000.0,FCFA,3636.54,"Transfert de [PHONE_4345] [CONTACT_62C5] vers [USER_14_phone] [USER_14] reussi. Details: ID transaction: PP251017.1406.A18026, Montant Transaction: 1000FCFA, Frais: 0 FCFA, Commission: 0 FCFA, Montant Net: 1000 FCFA, Nouveau Solde: 3636.54 FCFA."
USER_14,2025-10-17,22:47:17,OrangeMoney,transfert,OUT,14214.0,FCFA,17750.54,"Transfert de [PHONE_6320] [CONTACT_6932] vers [USER_14_phone] [USER_14] reussi. Details: ID transaction: PP251017.2247.B06620, Montant Transaction: 14214FCFA, Frais: 0 FCFA, Commission: 0 FCFA, Montant Net: 14214 FCFA, Nouveau Solde: 17750.54 FCFA."
USER_14,2025-10-17,23:00:51,OrangeMoney,transfert,OUT,10154.0,FCFA,7572.24,"Transfert de [USER_14_phone] [USER_14] vers [PHONE_4892] [CONTACT_AEAD] reussi. ID transaction: PP251017.2300.D22128, Montant Transaction: 10154 FCFA, Frais: 24.3 FCFA, Commission: 0 FCFA, Montant Net: 10178.3 FCFA, Nouveau Solde: 7572.24 FCFA."
USER_14,2025-10-18,16:46:55,OrangeMoney,transfert,OUT,1000.0,FCFA,6566.24,"Transfert de [USER_14_phone] [USER_14] vers [PHONE_8667] [CONTACT_A811] reussi. ID transaction: PP251018.1646.B55952, Montant Transaction: 1000 FCFA, Frais: 6 FCFA, Commission: 0 FCFA, Montant Net: 1006 FCFA, Nouveau Solde: 6566.24 FCFA."
USER_14,2025-10-19,16:37:08,OrangeMoney,transfert,OUT,2054.0,FCFA,3504.14,"Transfert de [USER_14_phone] [USER_14] vers [PHONE_6320] [CONTACT_6932] reussi. ID transaction: PP251019.1637.C73394, Montant Transaction: 2054 FCFA, Frais: 8.1 FCFA, Commission: 0 FCFA, Montant Net: 2062.1 FCFA, Nouveau Solde: 3504.14 FCFA."
USER_14,2025-10-20,16:10:57,OrangeMoney,retrait,OUT,1100.0,FCFA,1150.14,"Retrait d'argent reussi par le [PHONE_8661] avec le Code : 852985. Informations detaillees : Montant: 1100 FCFA, Frais: 54 FCFA, No de transaction CO251020.1610.D41019, montant net debite 1154 FCFA, Nouveau solde: 1150.14 FCFA."
USER_14,2025-10-21,10:11:37,OrangeMoney,transfert,OUT,5150.0,FCFA,6300.14,"Transfert de [PHONE_7712] [CONTACT_BAF2] vers [USER_14_phone] [USER_14] reussi. Details: ID transaction: PP251021.1011.A19992, Montant Transaction: 5150FCFA, Frais: 0 FCFA, Commission: 0 FCFA, Montant Net: 5150 FCFA, Nouveau Solde: 6300.14 FCFA."
USER_14,2025-10-21,10:49:50,OrangeMoney,retrait,OUT,3000.0,FCFA,3246.14,"Retrait d'argent reussi par le [PHONE_8661] avec le Code : 852985. Informations detaillees : Montant: 3000 FCFA, Frais: 54 FCFA, No de transaction CO251021.1049.B64909, montant net debite 3054 FCFA, Nouveau solde: 3246.14 FCFA."
USER_14,2025-10-21,16:08:14,OrangeMoney,transfert,OUT,200.0,FCFA,3041.74,"Transfert de [USER_14_phone] [USER_14] vers [PHONE_1523] [CONTACT_FF93] reussi. ID transaction: PP251021.1608.D32058, Montant Transaction: 200 FCFA, Frais: 4.4 FCFA, Commission: 0 FCFA, Montant Net: 204.4 FCFA, Nouveau Solde: 3041.74 FCFA."
USER_14,2025-10-22,09:48:52,OrangeMoney,transfert,OUT,2054.0,FCFA,979.64,"Transfert de [USER_14_phone] [USER_14] vers [PHONE_1049] [CONTACT_0AC7] A NEKE reussi. ID transaction: PP251022.0948.A01356, Montant Transaction: 2054 FCFA, Frais: 8.1 FCFA, Commission: 0 FCFA, Montant Net: 2062.1 FCFA, Nouveau Solde: 979.64 FCFA."
USER_14,2025-10-22,19:09:35,OrangeMoney,transfert,OUT,500.0,FCFA,1479.64,"Transfert de [PHONE_1956] [CONTACT_2A97] vers [USER_14_phone] [USER_14] reussi. Details: ID transaction: PP251022.1909.B40919, Montant Transaction: 500FCFA, Frais: 0 FCFA, Commission: 0 FCFA, Montant Net: 500 FCFA, Nouveau Solde: 1479.64 FCFA."
USER_14,2025-10-24,07:33:10,OrangeMoney,transfert,OUT,1054.0,FCFA,1333.64,"Transfert de [PHONE_1956] [CONTACT_2A97] vers [USER_14_phone] [USER_14] reussi. Details: ID transaction: PP251024.0733.A69531, Montant Transaction: 1054FCFA, Frais: 0 FCFA, Commission: 0 FCFA, Montant Net: 1054 FCFA, Nouveau Solde: 1333.64 FCFA."
USER_14,2025-10-24,07:35:23,OrangeMoney,transfert,OUT,1054.0,FCFA,273.54,"Transfert de [USER_14_phone] [USER_14] vers [PHONE_8416] [CONTACT_0BC9] reussi. ID transaction: PP251024.0735.D66515, Montant Transaction: 1054 FCFA, Frais: 6.1 FCFA, Commission: 0 FCFA, Montant Net: 1060.1 FCFA, Nouveau Solde: 273.54 FCFA."
USER_14,2025-10-25,07:57:02,OrangeMoney,transfert,OUT,1000.0,FCFA,1273.54,"Transfert de [PHONE_1956] [CONTACT_2A97] vers [USER_14_phone] [USER_14] reussi. Details: ID transaction: PP251025.0757.C76776, Montant Transaction: 1000FCFA, Frais: 0 FCFA, Commission: 0 FCFA, Montant Net: 1000 FCFA, Nouveau Solde: 1273.54 FCFA."
USER_14,2025-10-25,19:06:07,OrangeMoney,transfert,OUT,1000.0,FCFA,1073.54,"Transfert de [PHONE_8416] [CONTACT_0BC9] vers [USER_14_phone] [USER_14] reussi. Details: ID transaction: PP251025.1906.C81083, Montant Transaction: 1000FCFA, Frais: 0 FCFA, Commission: 0 FCFA, Montant Net: 1000 FCFA, Nouveau Solde: 1073.54 FCFA."
USER_14,2025-10-27,12:50:36,OrangeMoney,transfert,OUT,2354.0,FCFA,3427.54,"Transfert de [PHONE_1956] [CONTACT_2A97] vers [USER_14_phone] [USER_14] reussi. Details: ID transaction: PP251027.1250.B43679, Montant Transaction: 2354FCFA, Frais: 0 FCFA, Commission: 0 FCFA, Montant Net: 2354 FCFA, Nouveau Solde: 3427.54 FCFA."
USER_14,2025-10-27,13:10:35,OrangeMoney,transfert,OUT,2054.0,FCFA,1365.44,"Transfert de [USER_14_phone] [USER_14] vers [PHONE_7273] [CONTACT_B6FA] reussi. ID transaction: PP251027.1310.A50434, Montant Transaction: 2054 FCFA, Frais: 8.1 FCFA, Commission: 0 FCFA, Montant Net: 2062.1 FCFA, Nouveau Solde: 1365.44 FCFA."
USER_14,2025-10-29,17:51:57,OrangeMoney,transfert,OUT,2000.0,FCFA,2165.44,"Transfert de [PHONE_7273] [CONTACT_B6FA] vers [USER_14_phone] [USER_14] reussi. Details: ID transaction: PP251029.1751.B77623, Montant Transaction: 2000FCFA, Frais: 0 FCFA, Commission: 0 FCFA, Montant Net: 2000 FCFA, Nouveau Solde: 2165.44 FCFA."
USER_14,2025-10-30,11:01:37,OrangeMoney,retrait,OUT,1000.0,FCFA,1111.44,"Retrait d'argent reussi par le [PHONE_8244] avec le Code : 936308. Informations detaillees : Montant: 1000 FCFA, Frais: 54 FCFA, No de transaction CO251030.1101.D56085, montant net debite 1054 FCFA, Nouveau solde: 1111.44 FCFA."
USER_14,2025-10-31,08:37:46,OrangeMoney,transfert,OUT,200.0,FCFA,1311.44,"Transfert de [PHONE_1956] [CONTACT_2A97] vers [USER_14_phone] [USER_14] reussi. Details: ID transaction: PP251031.0834.B35482, Montant Transaction: 200FCFA, Frais: 0 FCFA, Commission: 0 FCFA, Montant Net: 200 FCFA, Nouveau Solde: 1311.44 FCFA."
USER_14,2025-11-03,22:19:39,OrangeMoney,transfert,OUT,1754.0,FCFA,1865.44,"Transfert de [PHONE_1956] [CONTACT_2A97] vers [USER_14_phone] [USER_14] reussi. Details: ID transaction: PP251103.2219.D14440, Montant Transaction: 1754FCFA, Frais: 0 FCFA, Commission: 0 FCFA, Montant Net: 1754 FCFA, Nouveau Solde: 1865.44 FCFA."
USER_14,2025-11-03,22:25:54,OrangeMoney,transfert,OUT,500.0,FCFA,1360.44,"Transfert de [USER_14_phone] [USER_14] vers [PHONE_8416] [CONTACT_0BC9] reussi. ID transaction: PP251103.2225.D15475, Montant Transaction: 500 FCFA, Frais: 5 FCFA, Commission: 0 FCFA, Montant Net: 505 FCFA, Nouveau Solde: 1360.44 FCFA."
USER_14,2025-11-05,10:33:37,OrangeMoney,transfert,OUT,1154.0,FCFA,1314.44,"Transfert de [PHONE_1956] [CONTACT_2A97] vers [USER_14_phone] [USER_14] reussi. Details: ID transaction: PP251105.1033.A03074, Montant Transaction: 1154FCFA, Frais: 0 FCFA, Commission: 0 FCFA, Montant Net: 1154 FCFA, Nouveau Solde: 1314.44 FCFA."
USER_14,2025-11-06,18:31:42,OrangeMoney,autre,unknown,1968.0,FCFA,,"Transfert d argent de 1968 FCFA recu du +4915781447397 (Allemagne) le 2025-11-06 18:31:37. Nouveau solde OM : 2082.44 FCFA, Frais : 0 FCFA"
USER_14,2025-11-07,10:16:23,OrangeMoney,transfert,OUT,3054.0,FCFA,5136.44,"Transfert de [PHONE_4952] [CONTACT_A02D] vers [USER_14_phone] [USER_14] reussi. Details: ID transaction: PP251107.1016.A26704, Montant Transaction: 3054FCFA, Frais: 0 FCFA, Commission: 0 FCFA, Montant Net: 3054 FCFA, Nouveau Solde: 5136.44 FCFA."
USER_14,2025-11-07,17:17:00,OrangeMoney,transfert,OUT,1054.0,FCFA,2876.34,"Transfert de [USER_14_phone] [USER_14] vers [PHONE_0066] [CONTACT_07AA] reussi. ID transaction: PP251107.1716.D74052, Montant Transaction: 1054 FCFA, Frais: 6.1 FCFA, Commission: 0 FCFA, Montant Net: 1060.1 FCFA, Nouveau Solde: 2876.34 FCFA."
USER_14,2025-11-08,18:35:28,OrangeMoney,transfert,OUT,20304.0,FCFA,21980.34,"Transfert de [PHONE_7023] [CONTACT_B2A6] vers [USER_14_phone] [USER_14] reussi. Details: ID transaction: PP251108.1835.C87462, Montant Transaction: 20304FCFA, Frais: 0 FCFA, Commission: 0 FCFA, Montant Net: 20304 FCFA, Nouveau Solde: 21980.34 FCFA."
USER_14,2025-11-08,19:28:08,OrangeMoney,transfert,OUT,15300.0,FCFA,37280.34,"Transfert de [PHONE_5207] [CONTACT_C8BA] vers [USER_14_phone] [USER_14] reussi. Details: ID transaction: PP251108.1928.C19915, Montant Transaction: 15300FCFA, Frais: 0 FCFA, Commission: 0 FCFA, Montant Net: 15300 FCFA, Nouveau Solde: 37280.34 FCFA."
USER_14,2025-11-09,16:52:03,OrangeMoney,transfert,OUT,35600.0,FCFA,405.14,"Transfert de [USER_14_phone] [USER_14] vers [PHONE_1956] [CONTACT_2A97] reussi. ID transaction: PP251109.1652.C43999, Montant Transaction: 35600 FCFA, Frais: 75.2 FCFA, Commission: 0 FCFA, Montant Net: 35675.2 FCFA, Nouveau Solde: 405.14 FCFA."
USER_14,2025-11-11,10:45:28,OrangeMoney,transfert,OUT,1154.0,FCFA,1559.14,"Transfert de [PHONE_1956] [CONTACT_2A97] vers [USER_14_phone] [USER_14] reussi. Details: ID transaction: PP251111.1045.B61863, Montant Transaction: 1154FCFA, Frais: 0 FCFA, Commission: 0 FCFA, Montant Net: 1154 FCFA, Nouveau Solde: 1559.14 FCFA."
USER_14,2025-11-12,13:07:17,OrangeMoney,transfert,OUT,1000.0,FCFA,1359.14,"Transfert de [PHONE_1956] [CONTACT_2A97] vers [USER_14_phone] [USER_14] reussi. Details: ID transaction: PP251112.1307.C50727, Montant Transaction: 1000FCFA, Frais: 0 FCFA, Commission: 0 FCFA, Montant Net: 1000 FCFA, Nouveau Solde: 1359.14 FCFA."
USER_14,2025-11-12,16:15:10,OrangeMoney,autre,unknown,16399.0,FCFA,,"Transfert d'argent de 16399 FCFA re��u de Frank Valence Menoubong Fotsing provenant du pays DE le 12/11/2025 �� 15:14:44. Nouveau solde OM : 16558.14 FCFA, Frais : 0 FCFA, CI251112.1615.A22991 Orange Money vous remercie"
USER_14,2025-11-12,18:02:43,OrangeMoney,transfert,OUT,5586.5,FCFA,10956.47,"Transfert de [USER_14_phone] [USER_14] vers [PHONE_0345] [CONTACT_2DAC] reussi. ID transaction: PP251112.1802.B22853, Montant Transaction: 5586.5 FCFA, Frais: 15.17 FCFA, Commission: 0 FCFA, Montant Net: 5601.67 FCFA, Nouveau Solde: 10956.47 FCFA."
USER_14,2025-11-12,21:29:12,OrangeMoney,transfert,OUT,5079.0,FCFA,5863.32,"Transfert de [USER_14_phone] [USER_14] vers [PHONE_5167] [CONTACT_C15E] reussi. ID transaction: PP251112.2129.A37873, Montant Transaction: 5079 FCFA, Frais: 14.15 FCFA, Commission: 0 FCFA, Montant Net: 5093.15 FCFA, Nouveau Solde: 5863.32 FCFA."
USER_14,2025-11-13,10:15:49,OrangeMoney,depot,IN,4100.0,FCFA,9963.32,"Depot effectue par [PHONE_9120] [CONTACT_FE34] to [USER_14_phone] [USER_14]. Informations detaillees: Montant de transaction : 4100 FCFA, ID transaction : CI251113.1015.C25071, Frais : 0 FCFA, Commission : 0 FCFA, Montant Net du Credit : 4100 FCFA, Nouveau Solde : 9963.32 FCFA."
USER_14,2025-11-13,10:40:02,OrangeMoney,retrait,OUT,7000.0,FCFA,2854.32,"Retrait d'argent reussi par le [PHONE_8661] avec le Code : 852985. Informations detaillees : Montant: 7000 FCFA, Frais: 109 FCFA, No de transaction CO251113.1039.B64345, montant net debite 7109 FCFA, Nouveau solde: 2854.32 FCFA."
USER_14,2025-11-16,14:36:32,OrangeMoney,transfert,OUT,3054.0,FCFA,3508.32,"Transfert de [PHONE_1144] [CONTACT_4422] vers [USER_14_phone] [USER_14] reussi. Details: ID transaction: PP251116.1436.D66251, Montant Transaction: 3054FCFA, Frais: 0 FCFA, Commission: 0 FCFA, Montant Net: 3054 FCFA, Nouveau Solde: 3508.32 FCFA."
USER_14,2025-11-16,15:02:03,OrangeMoney,retrait,OUT,3000.0,FCFA,454.32,"Retrait d'argent reussi par le [PHONE_0019] avec le Code : 150309. Informations detaillees : Montant: 3000 FCFA, Frais: 54 FCFA, No de transaction CO251116.1502.D89499, montant net debite 3054 FCFA, Nouveau solde: 454.32 FCFA."
USER_14,2025-11-17,12:50:56,OrangeMoney,transfert,OUT,1200.0,FCFA,1654.32,"Transfert de [PHONE_1956] [CONTACT_2A97] vers [USER_14_phone] [USER_14] reussi. Details: ID transaction: PP251117.1250.C20651, Montant Transaction: 1200FCFA, Frais: 0 FCFA, Commission: 0 FCFA, Montant Net: 1200 FCFA, Nouveau Solde: 1654.32 FCFA."
USER_14,2025-11-19,07:10:40,OrangeMoney,transfert,OUT,1000.0,FCFA,1454.32,"Transfert de [PHONE_1956] [CONTACT_2A97] vers [USER_14_phone] [USER_14] reussi. Details: ID transaction: PP251119.0710.B94002, Montant Transaction: 1000FCFA, Frais: 0 FCFA, Commission: 0 FCFA, Montant Net: 1000 FCFA, Nouveau Solde: 1454.32 FCFA."
USER_14,2025-11-20,16:20:36,OrangeMoney,transfert,OUT,1000.0,FCFA,1254.32,"Transfert de [PHONE_1956] [CONTACT_2A97] vers [USER_14_phone] [USER_14] reussi. Details: ID transaction: PP251120.1620.A71121, Montant Transaction: 1000FCFA, Frais: 0 FCFA, Commission: 0 FCFA, Montant Net: 1000 FCFA, Nouveau Solde: 1254.32 FCFA."
USER_14,2025-11-22,16:19:39,OrangeMoney,transfert,OUT,3500.0,FCFA,3554.32,"Transfert de [PHONE_1956] [CONTACT_2A97] vers [USER_14_phone] [USER_14] reussi. Details: ID transaction: PP251122.1619.C33912, Montant Transaction: 3500FCFA, Frais: 0 FCFA, Commission: 0 FCFA, Montant Net: 3500 FCFA, Nouveau Solde: 3554.32 FCFA."
USER_14,2025-11-23,14:51:52,OrangeMoney,autre,unknown,14435.0,FCFA,,"Transfert d argent de 14435 FCFA recu du +4915781447397 (Allemagne) le 2025-11-23 14:51:47. Nouveau solde OM : 14889.32 FCFA, Frais : 0 FCFA"
USER_14,2025-11-23,14:56:28,OrangeMoney,transfert,OUT,4064.0,FCFA,10813.2,"Transfert de [USER_14_phone] [USER_14] vers [PHONE_8416] [CONTACT_0BC9] reussi. ID transaction: PP251123.1456.D96154, Montant Transaction: 4064 FCFA, Frais: 12.12 FCFA, Commission: 0 FCFA, Montant Net: 4076.12 FCFA, Nouveau Solde: 10813.2 FCFA."
USER_14,2025-11-24,14:12:51,OrangeMoney,retrait,OUT,1500.0,FCFA,7059.2,"Retrait d'argent reussi par le [PHONE_8661] avec le Code : 852985. Informations detaillees : Montant: 1500 FCFA, Frais: 54 FCFA, No de transaction CO251124.1412.B22389, montant net debite 1554 FCFA, Nouveau solde: 7059.2 FCFA."
USER_14,2025-11-25,11:06:00,OrangeMoney,transfert,OUT,5079.0,FCFA,1966.05,"Transfert de [USER_14_phone] [USER_14] vers [PHONE_2670] [CONTACT_A89D] reussi. ID transaction: PP251125.1105.A72839, Montant Transaction: 5079 FCFA, Frais: 14.15 FCFA, Commission: 0 FCFA, Montant Net: 5093.15 FCFA, Nouveau Solde: 1966.05 FCFA."
USER_14,2025-11-26,10:59:13,OrangeMoney,transfert,OUT,5100.0,FCFA,5866.05,"Transfert de [PHONE_2670] [CONTACT_A89D] vers [USER_14_phone] [USER_14] reussi. Details: ID transaction: PP251126.1059.D27198, Montant Transaction: 5100FCFA, Frais: 0 FCFA, Commission: 0 FCFA, Montant Net: 5100 FCFA, Nouveau Solde: 5866.05 FCFA."
USER_14,2025-11-26,21:03:05,OrangeMoney,transfert,OUT,3054.0,FCFA,2801.95,"Transfert de [USER_14_phone] [USER_14] vers [PHONE_0787] [CONTACT_F0F8] reussi. ID transaction: PP251126.2103.B97198, Montant Transaction: 3054 FCFA, Frais: 10.1 FCFA, Commission: 0 FCFA, Montant Net: 3064.1 FCFA, Nouveau Solde: 2801.95 FCFA."
USER_14,2025-11-28,13:12:09,OrangeMoney,transfert,OUT,17259.0,FCFA,18860.95,"Transfert de [PHONE_1956] [CONTACT_2A97] vers [USER_14_phone] [USER_14] reussi. Details: ID transaction: PP251128.1312.D80929, Montant Transaction: 17259FCFA, Frais: 0 FCFA, Commission: 0 FCFA, Montant Net: 17259 FCFA, Nouveau Solde: 18860.95 FCFA."
USER_14,2025-11-28,17:57:14,OrangeMoney,retrait,OUT,16500.0,FCFA,909.45,"Retrait d'argent reussi par le [PHONE_5137] avec le Code : 265918. Informations detaillees : Montant: 16500 FCFA, Frais: 251.5 FCFA, No de transaction CO251128.1757.A48363, montant net debite 16751.5 FCFA, Nouveau solde: 909.45 FCFA."
USER_14,2025-11-30,13:31:51,OrangeMoney,transfert,OUT,15000.0,FCFA,15909.45,"Transfert de [PHONE_6052] [CONTACT_75E3] vers [USER_14_phone] [USER_14] reussi. Details: ID transaction: PP251130.1331.D86370, Montant Transaction: 15000FCFA, Frais: 0 FCFA, Commission: 0 FCFA, Montant Net: 15000 FCFA, Nouveau Solde: 15909.45 FCFA."
USER_14,2025-12-01,09:09:44,OrangeMoney,transfert,OUT,15229.0,FCFA,646.0,"Transfert de [USER_14_phone] [USER_14] vers [PHONE_1956] [CONTACT_2A97] reussi. ID transaction: PP251201.0909.C96723, Montant Transaction: 15229 FCFA, Frais: 34.45 FCFA, Commission: 0 FCFA, Montant Net: 15263.45 FCFA, Nouveau Solde: 646 FCFA."
USER_14,2025-12-01,11:31:47,OrangeMoney,transfert,OUT,15229.0,FCFA,15875.0,"Transfert de [PHONE_1956] [CONTACT_2A97] vers [USER_14_phone] [USER_14] reussi. Details: ID transaction: PP251201.1131.B72339, Montant Transaction: 15229FCFA, Frais: 0 FCFA, Commission: 0 FCFA, Montant Net: 15229 FCFA, Nouveau Solde: 15875 FCFA."
USER_14,2025-12-01,11:40:58,OrangeMoney,retrait,OUT,15000.0,FCFA,646.0,"Retrait d'argent reussi par le [PHONE_5137] avec le Code : 265918. Informations detaillees : Montant: 15000 FCFA, Frais: 229 FCFA, No de transaction CO251201.1140.D09626, montant net debite 15229 FCFA, Nouveau solde: 646 FCFA."
USER_14,2025-12-01,21:17:36,OrangeMoney,transfert,OUT,1000.0,FCFA,1646.0,"Transfert de [PHONE_1956] [CONTACT_2A97] vers [USER_14_phone] [USER_14] reussi. Details: ID transaction: PP251201.2117.B35346, Montant Transaction: 1000FCFA, Frais: 0 FCFA, Commission: 0 FCFA, Montant Net: 1000 FCFA, Nouveau Solde: 1646 FCFA."
USER_14,2025-12-02,20:28:11,OrangeMoney,transfert,OUT,1000.0,FCFA,1446.0,"Transfert de [PHONE_1956] [CONTACT_2A97] vers [USER_14_phone] [USER_14] reussi. Details: ID transaction: PP251202.2028.A69598, Montant Transaction: 1000FCFA, Frais: 0 FCFA, Commission: 0 FCFA, Montant Net: 1000 FCFA, Nouveau Solde: 1446 FCFA."
USER_14,2025-12-04,16:13:16,OrangeMoney,transfert,OUT,1054.0,FCFA,1300.0,"Transfert de [PHONE_1956] [CONTACT_2A97] vers [USER_14_phone] [USER_14] reussi. Details: ID transaction: PP251204.1613.A94475, Montant Transaction: 1054FCFA, Frais: 0 FCFA, Commission: 0 FCFA, Montant Net: 1054 FCFA, Nouveau Solde: 1300 FCFA."
USER_14,2025-12-06,17:48:15,OrangeMoney,transfert,OUT,1354.0,FCFA,1454.0,"Transfert de [PHONE_1956] [CONTACT_2A97] vers [USER_14_phone] [USER_14] reussi. Details: ID transaction: PP251206.1748.A75918, Montant Transaction: 1354FCFA, Frais: 0 FCFA, Commission: 0 FCFA, Montant Net: 1354 FCFA, Nouveau Solde: 1454 FCFA."
USER_14,2025-12-06,17:56:58,OrangeMoney,transfert,OUT,100.0,FCFA,149.8,"Transfert de [USER_14_phone] [USER_14] vers [PHONE_7988] [CONTACT_BDDE] reussi. ID transaction: PP251206.1756.B81457, Montant Transaction: 100 FCFA, Frais: 4.2 FCFA, Commission: 0 FCFA, Montant Net: 104.2 FCFA, Nouveau Solde: 149.8 FCFA."
USER_14,2025-12-07,17:52:29,OrangeMoney,transfert,OUT,5079.0,FCFA,5084.03,"Transfert de [PHONE_2566] [CONTACT_A26C] vers [PHONE_7944] [CONTACT_7896] epouse NDJANA reussi. Details: ID transaction: PP251207.1752.C33957, Montant Transaction: 5079FCFA, Frais: 0 FCFA, Commission: 0 FCFA, Montant Net: 5079 FCFA, Nouveau Solde: 5084.03 FCFA."
USER_14,2025-12-07,18:05:57,OrangeMoney,transfert,OUT,50.0,FCFA,55.03,"Transfert de [USER_14_phone] [USER_14] vers [PHONE_7944] [CONTACT_7896] epouse NDJANA reussi. Details: ID transaction: PP251207.1805.D44860, Montant Transaction: 50FCFA, Frais: 0 FCFA, Commission: 0 FCFA, Montant Net: 50 FCFA, Nouveau Solde: 55.03 FCFA."
USER_14,2025-12-07,18:06:04,OrangeMoney,transfert,OUT,50.0,FCFA,45.8,"Transfert de [USER_14_phone] [USER_14] vers [PHONE_7944] [CONTACT_7896] epouse NDJANA reussi. ID transaction: PP251207.1805.D44860, Montant Transaction: 50 FCFA, Frais: 54 FCFA, Commission: 0 FCFA, Montant Net: 104 FCFA, Nouveau Solde: 45.8 FCFA."
USER_14,2025-12-10,15:26:33,OrangeMoney,depot,IN,5500.0,FCFA,5555.03,"Depot effectue par [PHONE_0782] [CONTACT_4AE3] to [PHONE_7944] [CONTACT_7896] epouse NDJANA. Informations detaillees: Montant de transaction : 5500 FCFA, ID transaction : CI251210.1526.D74424, Frais : 0 FCFA, Commission : 0 FCFA, Montant Net du Credit : 5500 FCFA, Nouveau Solde : 5555.03 FCFA."
USER_14,2025-12-10,15:49:58,OrangeMoney,retrait,OUT,5000.0,FCFA,476.03,"Retrait d'argent reussi par le [PHONE_3978] avec le Code : 265652. Informations detaillees : Montant: 5000 FCFA, Frais: 79 FCFA, No de transaction CO251210.1549.C70591, montant net debite 5079 FCFA, Nouveau solde: 476.03 FCFA."
USER_14,2025-12-11,13:16:41,OrangeMoney,transfert,OUT,400.0,FCFA,22.03,"Transfert de [PHONE_7944] [CONTACT_7896] epouse NDJANA vers [PHONE_8667] [CONTACT_A811] reussi. ID transaction: PP251211.1316.A18365, Montant Transaction: 400 FCFA, Frais: 54 FCFA, Commission: 0 FCFA, Montant Net: 454 FCFA, Nouveau Solde: 22.03 FCFA."
USER_14,2025-12-12,12:42:50,OrangeMoney,depot,IN,15212.0,FCFA,15257.8,"Depot effectue par [PHONE_8294] [CONTACT_3070] to [USER_14_phone] [USER_14]. Informations detaillees: Montant de transaction : 15212 FCFA, ID transaction : CI251212.1242.D58209, Frais : 0 FCFA, Commission : 0 FCFA, Montant Net du Credit : 15212 FCFA, Nouveau Solde : 15257.8 FCFA."
USER_14,2025-12-12,17:29:29,OrangeMoney,retrait,OUT,5000.0,FCFA,10178.8,"Retrait d'argent reussi par le [PHONE_5137] avec le Code : 265918. Informations detaillees : Montant: 5000 FCFA, Frais: 79 FCFA, No de transaction CO251212.1729.C99804, montant net debite 5079 FCFA, Nouveau solde: 10178.8 FCFA."
USER_14,2025-12-13,08:42:11,OrangeMoney,retrait,OUT,5000.0,FCFA,5099.8,"Retrait d'argent reussi par le [PHONE_8661] avec le Code : 852985. Informations detaillees : Montant: 5000 FCFA, Frais: 79 FCFA, No de transaction CO251213.0842.C04401, montant net debite 5079 FCFA, Nouveau solde: 5099.8 FCFA."
USER_14,2025-12-13,10:09:11,OrangeMoney,transfert,OUT,500.0,FCFA,4594.8,"Transfert de [USER_14_phone] [USER_14] vers [PHONE_8416] [CONTACT_0BC9] reussi. ID transaction: PP251213.1009.C04691, Montant Transaction: 500 FCFA, Frais: 5 FCFA, Commission: 0 FCFA, Montant Net: 505 FCFA, Nouveau Solde: 4594.8 FCFA."
USER_14,2025-12-16,16:14:34,OrangeMoney,depot,IN,153000.0,FCFA,156594.8,"Depot effectue par [PHONE_3978] [CONTACT_432B] to [USER_14_phone] [USER_14]. Informations detaillees: Montant de transaction : 153000 FCFA, ID transaction : CI251216.1614.A94154, Frais : 0 FCFA, Commission : 0 FCFA, Montant Net du Credit : 153000 FCFA, Nouveau Solde : 156594.8 FCFA."
USER_14,2025-12-16,16:16:52,OrangeMoney,retrait,OUT,150000.0,FCFA,4340.8,"Retrait d'argent reussi par le [PHONE_1381] avec le Code : 287559. Informations detaillees : Montant: 150000 FCFA, Frais: 2254 FCFA, No de transaction CO251216.1616.A95987, montant net debite 152254 FCFA, Nouveau solde: 4340.8 FCFA."
USER_14,2025-12-17,13:25:36,OrangeMoney,transfert,OUT,3100.0,FCFA,7440.8,"Transfert de [PHONE_1956] [CONTACT_2A97] vers [USER_14_phone] [USER_14] reussi. Details: ID transaction: PP251217.1325.B43212, Montant Transaction: 3100FCFA, Frais: 0 FCFA, Commission: 0 FCFA, Montant Net: 3100 FCFA, Nouveau Solde: 7440.8 FCFA."
USER_14,2025-12-17,16:20:37,OrangeMoney,retrait,OUT,6000.0,FCFA,1346.8,"Retrait d'argent reussi par le [PHONE_7649] avec le Code : 170170. Informations detaillees : Montant: 6000 FCFA, Frais: 94 FCFA, No de transaction CO251217.1620.C61418, montant net debite 6094 FCFA, Nouveau solde: 1346.8 FCFA."
USER_14,2025-12-18,18:58:22,OrangeMoney,transfert,OUT,2054.0,FCFA,2993.03,"Transfert de [PHONE_7944] [CONTACT_7896] epouse NDJANA vers [PHONE_7280] [CONTACT_0E05] reussi. ID transaction: PP251218.1858.B51467, Montant Transaction: 2054 FCFA, Frais: 54 FCFA, Commission: 0 FCFA, Montant Net: 2108 FCFA, Nouveau Solde: 2993.03 FCFA."
USER_14,2025-12-20,09:59:52,OrangeMoney,transfert,OUT,554.0,FCFA,2385.03,"Transfert de [PHONE_7944] [CONTACT_7896] epouse NDJANA vers [PHONE_9158] [CONTACT_0F04] reussi. ID transaction: PP251220.0959.B21429, Montant Transaction: 554 FCFA, Frais: 54 FCFA, Commission: 0 FCFA, Montant Net: 608 FCFA, Nouveau Solde: 2385.03 FCFA."
USER_14,2025-12-21,10:17:22,OrangeMoney,depot,IN,6560.0,FCFA,6906.8,"Depot effectue par [PHONE_8294] [CONTACT_3070] to [USER_14_phone] [USER_14]. Informations detaillees: Montant de transaction : 6560 FCFA, ID transaction : CI251221.1017.C73994, Frais : 0 FCFA, Commission : 0 FCFA, Montant Net du Credit : 6560 FCFA, Nouveau Solde : 6906.8 FCFA."
USER_14,2025-12-21,13:36:21,OrangeMoney,transfert,OUT,254.0,FCFA,6648.3,"Transfert de [USER_14_phone] [USER_14] vers [PHONE_9485] [CONTACT_6209] reussi. ID transaction: PP251221.1336.A80967, Montant Transaction: 254 FCFA, Frais: 4.5 FCFA, Commission: 0 FCFA, Montant Net: 258.5 FCFA, Nouveau Solde: 6648.3 FCFA."
USER_14,2025-12-21,16:50:30,OrangeMoney,transfert,OUT,1054.0,FCFA,5588.2,"Transfert de [USER_14_phone] [USER_14] vers [PHONE_7829] [CONTACT_9D41] reussi. ID transaction: PP251221.1650.B13884, Montant Transaction: 1054 FCFA, Frais: 6.1 FCFA, Commission: 0 FCFA, Montant Net: 1060.1 FCFA, Nouveau Solde: 5588.2 FCFA."
USER_14,2025-12-22,15:14:18,OrangeMoney,transfert,OUT,554.0,FCFA,5029.1,"Transfert de [USER_14_phone] [USER_14] vers [PHONE_3026] [CONTACT_777E] reussi. ID transaction: PP251222.1514.C79387, Montant Transaction: 554 FCFA, Frais: 5.1 FCFA, Commission: 0 FCFA, Montant Net: 559.1 FCFA, Nouveau Solde: 5029.1 FCFA."
USER_14,2025-12-22,16:37:14,OrangeMoney,transfert,OUT,4064.0,FCFA,952.98,"Transfert de [USER_14_phone] [USER_14] vers [PHONE_2645] [CONTACT_FAEA] reussi. ID transaction: PP251222.1637.C40609, Montant Transaction: 4064 FCFA, Frais: 12.12 FCFA, Commission: 0 FCFA, Montant Net: 4076.12 FCFA, Nouveau Solde: 952.98 FCFA."
USER_14,2025-12-22,18:09:59,OrangeMoney,transfert,OUT,2054.0,FCFA,277.03,"Transfert de [PHONE_7944] [CONTACT_7896] epouse NDJANA vers [USER_14_phone] [USER_14] reussi. ID transaction: PP251222.1809.A00569, Montant Transaction: 2054 FCFA, Frais: 54 FCFA, Commission: 0 FCFA, Montant Net: 2108 FCFA, Nouveau Solde: 277.03 FCFA."
USER_14,2025-12-22,18:10:01,OrangeMoney,transfert,OUT,2054.0,FCFA,3006.98,"Transfert de [PHONE_7944] [CONTACT_7896] epouse NDJANA vers [USER_14_phone] [USER_14] reussi. Details: ID transaction: PP251222.1809.A00569, Montant Transaction: 2054FCFA, Frais: 0 FCFA, Commission: 0 FCFA, Montant Net: 2054 FCFA, Nouveau Solde: 3006.98 FCFA."
USER_14,2025-12-22,18:14:03,OrangeMoney,retrait,OUT,2050.0,FCFA,902.98,"Retrait d'argent reussi par le [PHONE_1845] avec le Code : 199713. Informations detaillees : Montant: 2050 FCFA, Frais: 54 FCFA, No de transaction CO251222.1813.B04533, montant net debite 2104 FCFA, Nouveau solde: 902.98 FCFA."
USER_14,2025-12-23,10:50:09,OrangeMoney,transfert,OUT,200.0,FCFA,23.03,"Transfert de [PHONE_7944] [CONTACT_7896] epouse NDJANA vers [USER_14_phone] [USER_14] reussi. ID transaction: PP251223.1050.D51333, Montant Transaction: 200 FCFA, Frais: 54 FCFA, Commission: 0 FCFA, Montant Net: 254 FCFA, Nouveau Solde: 23.03 FCFA."
USER_14,2025-12-23,10:50:13,OrangeMoney,transfert,OUT,200.0,FCFA,1102.98,"Transfert de [PHONE_7944] [CONTACT_7896] epouse NDJANA vers [USER_14_phone] [USER_14] reussi. Details: ID transaction: PP251223.1050.D51333, Montant Transaction: 200FCFA, Frais: 0 FCFA, Commission: 0 FCFA, Montant Net: 200 FCFA, Nouveau Solde: 1102.98 FCFA."
USER_14,2025-12-23,11:18:43,OrangeMoney,transfert,OUT,1054.0,FCFA,42.88,"Transfert de [USER_14_phone] [USER_14] vers [PHONE_9158] [CONTACT_0F04] reussi. ID transaction: PP251223.1118.C72267, Montant Transaction: 1054 FCFA, Frais: 6.1 FCFA, Commission: 0 FCFA, Montant Net: 1060.1 FCFA, Nouveau Solde: 42.88 FCFA."
USER_14,2025-12-27,16:12:55,OrangeMoney,transfert,OUT,15200.0,FCFA,15242.88,"Transfert de [PHONE_6052] [CONTACT_75E3] vers [USER_14_phone] [USER_14] reussi. Details: ID transaction: PP251227.1612.A02611, Montant Transaction: 15200FCFA, Frais: 0 FCFA, Commission: 0 FCFA, Montant Net: 15200 FCFA, Nouveau Solde: 15242.88 FCFA."
USER_14,2025-12-27,16:57:49,OrangeMoney,transfert,OUT,10200.0,FCFA,25442.88,"Transfert de [PHONE_1998] [CONTACT_5FF2] vers [USER_14_phone] [USER_14] reussi. Details: ID transaction: PP251227.1657.B38776, Montant Transaction: 10200FCFA, Frais: 0 FCFA, Commission: 0 FCFA, Montant Net: 10200 FCFA, Nouveau Solde: 25442.88 FCFA."
USER_14,2025-12-28,08:29:56,OrangeMoney,transfert,OUT,25379.0,FCFA,9.13,"Transfert de [USER_14_phone] [USER_14] vers [PHONE_1956] [CONTACT_2A97] reussi. ID transaction: PP251228.0829.D04709, Montant Transaction: 25379 FCFA, Frais: 54.75 FCFA, Commission: 0 FCFA, Montant Net: 25433.75 FCFA, Nouveau Solde: 9.13 FCFA."
USER_14,2025-12-30,08:44:31,OrangeMoney,transfert,OUT,10200.0,FCFA,10223.03,"Transfert de [PHONE_7712] [CONTACT_BAF2] vers [PHONE_7944] [CONTACT_7896] epouse NDJANA reussi. Details: ID transaction: PP251230.0844.C39496, Montant Transaction: 10200FCFA, Frais: 0 FCFA, Commission: 0 FCFA, Montant Net: 10200 FCFA, Nouveau Solde: 10223.03 FCFA."
USER_14,2025-12-30,10:40:01,OrangeMoney,retrait,OUT,10000.0,FCFA,69.03,"Retrait d'argent reussi par le [PHONE_9365] avec le Code : 204357. Informations detaillees : Montant: 10000 FCFA, Frais: 154 FCFA, No de transaction CO251230.1039.A27431, montant net debite 10154 FCFA, Nouveau solde: 69.03 FCFA."
USER_14,2025-12-30,13:28:23,OrangeMoney,transfert,OUT,50000.0,FCFA,50009.13,"Transfert de [PHONE_1956] [CONTACT_2A97] vers [USER_14_phone] [USER_14] reussi. Details: ID transaction: PP251230.1328.A20907, Montant Transaction: 50000FCFA, Frais: 0 FCFA, Commission: 0 FCFA, Montant Net: 50000 FCFA, Nouveau Solde: 50009.13 FCFA."
USER_14,2025-12-30,13:33:47,OrangeMoney,retrait,OUT,48000.0,FCFA,1285.13,"Retrait d'argent reussi par le [PHONE_3978] avec le Code : 265652. Informations detaillees : Montant: 48000 FCFA, Frais: 724 FCFA, No de transaction CO251230.1333.B58309, montant net debite 48724 FCFA, Nouveau solde: 1285.13 FCFA."
USER_14,2025-12-30,13:34:01,OrangeMoney,transfert,OUT,50700.0,FCFA,50769.03,"Transfert de [PHONE_7712] [CONTACT_BAF2] vers [PHONE_7944] [CONTACT_7896] epouse NDJANA reussi. Details: ID transaction: PP251230.1333.A24845, Montant Transaction: 50700FCFA, Frais: 0 FCFA, Commission: 0 FCFA, Montant Net: 50700 FCFA, Nouveau Solde: 50769.03 FCFA."
USER_14,2025-12-30,20:27:17,OrangeMoney,transfert,OUT,1054.0,FCFA,225.03,"Transfert de [USER_14_phone] [USER_14] vers [PHONE_2981] [CONTACT_B341] reussi. ID transaction: PP251230.2027.C30937, Montant Transaction: 1054 FCFA, Frais: 6.1 FCFA, Commission: 0 FCFA, Montant Net: 1060.1 FCFA, Nouveau Solde: 225.03 FCFA."
USER_14,2025-12-31,17:57:03,OrangeMoney,depot,IN,5100.0,FCFA,55869.03,"Depot effectue par [PHONE_2148] [CONTACT_FD84] to [PHONE_7944] [CONTACT_7896] epouse NDJANA. Informations detaillees: Montant de transaction : 5100 FCFA, ID transaction : CI251231.1757.C51123, Frais : 0 FCFA, Commission : 0 FCFA, Montant Net du Credit : 5100 FCFA, Nouveau Solde : 55869.03 FCFA."
USER_14,2025-12-31,19:28:35,OrangeMoney,transfert,OUT,1000.0,FCFA,54815.03,"Transfert de [PHONE_7944] [CONTACT_7896] epouse NDJANA vers [USER_14_phone] [USER_14] reussi. ID transaction: PP251231.1928.D37246, Montant Transaction: 1000 FCFA, Frais: 54 FCFA, Commission: 0 FCFA, Montant Net: 1054 FCFA, Nouveau Solde: 54815.03 FCFA."
USER_14,2025-12-31,19:28:40,OrangeMoney,transfert,OUT,1000.0,FCFA,1225.03,"Transfert de [PHONE_7944] [CONTACT_7896] epouse NDJANA vers [USER_14_phone] [USER_14] reussi. Details: ID transaction: PP251231.1928.D37246, Montant Transaction: 1000FCFA, Frais: 0 FCFA, Commission: 0 FCFA, Montant Net: 1000 FCFA, Nouveau Solde: 1225.03 FCFA."
USER_14,2025-12-31,20:02:01,OrangeMoney,transfert,OUT,850.0,FCFA,53911.03,"Transfert de [PHONE_7944] [CONTACT_7896] epouse NDJANA vers [PHONE_9838] [CONTACT_38E3] reussi. ID transaction: PP251231.2001.C62372, Montant Transaction: 850 FCFA, Frais: 54 FCFA, Commission: 0 FCFA, Montant Net: 904 FCFA, Nouveau Solde: 53911.03 FCFA."
USER_14,2025-12-31,22:20:00,OrangeMoney,transfert,OUT,500.0,FCFA,53357.03,"Transfert de [PHONE_7944] [CONTACT_7896] epouse NDJANA vers [PHONE_9078] [CONTACT_CB59] reussi. ID transaction: PP251231.2219.A28538, Montant Transaction: 500 FCFA, Frais: 54 FCFA, Commission: 0 FCFA, Montant Net: 554 FCFA, Nouveau Solde: 53357.03 FCFA."
USER_14,2026-01-02,11:05:38,OrangeMoney,rechargement,OUT,1200.0,FCFA,52157.03,"Rechargement reussi. Montant de la transaction: 1200 FCFA, ID transaction: RC260102.1105.B62091, Frais: 0 FCFA, Commission: 0 FCFA, Nouveau solde: 52157.03 FCFA"
USER_14,2026-01-02,13:54:08,OrangeMoney,transfert,OUT,1554.0,FCFA,50549.03,"Transfert de [PHONE_7944] [CONTACT_7896] epouse NDJANA vers [PHONE_2170] [CONTACT_63F0] reussi. ID transaction: PP260102.1354.B45691, Montant Transaction: 1554 FCFA, Frais: 54 FCFA, Commission: 0 FCFA, Montant Net: 1608 FCFA, Nouveau Solde: 50549.03 FCFA."
USER_14,2026-01-02,14:18:48,OrangeMoney,transfert,OUT,3054.0,FCFA,47441.03,"Transfert de [PHONE_7944] [CONTACT_7896] epouse NDJANA vers [PHONE_2338] Mengue Minfoumou reussi. ID transaction: PP260102.1418.D66010, Montant Transaction: 3054 FCFA, Frais: 54 FCFA, Commission: 0 FCFA, Montant Net: 3108 FCFA, Nouveau Solde: 47441.03 FCFA."
USER_14,2026-01-02,14:19:05,OrangeMoney,transfert,OUT,5100.0,FCFA,5325.03,"Transfert de [PHONE_1956] [CONTACT_2A97] vers [USER_14_phone] [USER_14] reussi. Details: ID transaction: PP260102.1419.B61139, Montant Transaction: 5100FCFA, Frais: 0 FCFA, Commission: 0 FCFA, Montant Net: 5100 FCFA, Nouveau Solde: 5325.03 FCFA."
USER_14,2026-01-02,14:49:46,OrangeMoney,transfert,OUT,3054.0,FCFA,50495.03,"Transfert de [USER_14_phone] [USER_14] vers [PHONE_7944] [CONTACT_7896] epouse NDJANA reussi. Details: ID transaction: PP260102.1449.B80397, Montant Transaction: 3054FCFA, Frais: 0 FCFA, Commission: 0 FCFA, Montant Net: 3054 FCFA, Nouveau Solde: 50495.03 FCFA."
USER_14,2026-01-02,14:49:47,OrangeMoney,transfert,OUT,3054.0,FCFA,2260.93,"Transfert de [USER_14_phone] [USER_14] vers [PHONE_7944] [CONTACT_7896] epouse NDJANA reussi. ID transaction: PP260102.1449.B80397, Montant Transaction: 3054 FCFA, Frais: 10.1 FCFA, Commission: 0 FCFA, Montant Net: 3064.1 FCFA, Nouveau Solde: 2260.93 FCFA."
USER_14,2026-01-02,15:03:13,OrangeMoney,transfert,OUT,2054.0,FCFA,198.83,"Transfert de [USER_14_phone] [USER_14] vers [PHONE_7360] [CONTACT_3B3F] reussi. ID transaction: PP260102.1503.B88916, Montant Transaction: 2054 FCFA, Frais: 8.1 FCFA, Commission: 0 FCFA, Montant Net: 2062.1 FCFA, Nouveau Solde: 198.83 FCFA."
USER_14,2026-01-04,09:45:43,OrangeMoney,transfert,OUT,500.0,FCFA,698.83,"Transfert de [PHONE_1956] [CONTACT_2A97] vers [USER_14_phone] [USER_14] reussi. Details: ID transaction: PP260104.0945.A88869, Montant Transaction: 500FCFA, Frais: 0 FCFA, Commission: 0 FCFA, Montant Net: 500 FCFA, Nouveau Solde: 698.83 FCFA."
USER_14,2026-01-04,09:48:30,OrangeMoney,transfert,OUT,500.0,FCFA,50995.03,"Transfert de [USER_14_phone] [USER_14] vers [PHONE_7944] [CONTACT_7896] epouse NDJANA reussi. Details: ID transaction: PP260104.0948.B96081, Montant Transaction: 500FCFA, Frais: 0 FCFA, Commission: 0 FCFA, Montant Net: 500 FCFA, Nouveau Solde: 50995.03 FCFA."
USER_14,2026-01-04,09:48:32,OrangeMoney,transfert,OUT,500.0,FCFA,193.83,"Transfert de [USER_14_phone] [USER_14] vers [PHONE_7944] [CONTACT_7896] epouse NDJANA reussi. ID transaction: PP260104.0948.B96081, Montant Transaction: 500 FCFA, Frais: 5 FCFA, Commission: 0 FCFA, Montant Net: 505 FCFA, Nouveau Solde: 193.83 FCFA."
USER_14,2026-01-04,09:48:39,OrangeMoney,transfert,OUT,500.0,FCFA,51495.03,"Transfert de [PHONE_1956] [CONTACT_2A97] vers [PHONE_7944] [CONTACT_7896] epouse NDJANA reussi. Details: ID transaction: PP260104.0948.A90345, Montant Transaction: 500FCFA, Frais: 0 FCFA, Commission: 0 FCFA, Montant Net: 500 FCFA, Nouveau Solde: 51495.03 FCFA."
USER_14,2026-01-04,09:50:05,OrangeMoney,transfert,OUT,50754.0,FCFA,483.26,"Transfert de [PHONE_7944] [CONTACT_7896] epouse NDJANA vers [PHONE_5098] [CONTACT_F779] reussi. ID transaction: PP260104.0950.D02986, Montant Transaction: 50754 FCFA, Frais: 257.77 FCFA, Commission: 0 FCFA, Montant Net: 51011.77 FCFA, Nouveau Solde: 483.26 FCFA."
USER_14,2026-01-04,12:34:35,OrangeMoney,transfert,OUT,300.0,FCFA,129.26,"Transfert de [PHONE_7944] [CONTACT_7896] epouse NDJANA vers [USER_14_phone] [USER_14] reussi. ID transaction: PP260104.1234.C97225, Montant Transaction: 300 FCFA, Frais: 54 FCFA, Commission: 0 FCFA, Montant Net: 354 FCFA, Nouveau Solde: 129.26 FCFA."
USER_14,2026-01-04,12:34:49,OrangeMoney,transfert,OUT,300.0,FCFA,493.83,"Transfert de [PHONE_7944] [CONTACT_7896] epouse NDJANA vers [USER_14_phone] [USER_14] reussi. Details: ID transaction: PP260104.1234.C97225, Montant Transaction: 300FCFA, Frais: 0 FCFA, Commission: 0 FCFA, Montant Net: 300 FCFA, Nouveau Solde: 493.83 FCFA."
USER_14,2026-01-04,12:50:32,OrangeMoney,depot,IN,10000.0,FCFA,10493.83,"Depot effectue par [PHONE_5137] [CONTACT_7271] to [USER_14_phone] [USER_14]. Informations detaillees: Montant de transaction : 10000 FCFA, ID transaction : CI260104.1250.D57376, Frais : 0 FCFA, Commission : 0 FCFA, Montant Net du Credit : 10000 FCFA, Nouveau Solde : 10493.83 FCFA."
USER_14,2026-01-04,13:00:39,OrangeMoney,transfert,OUT,10154.0,FCFA,315.53,"Transfert de [USER_14_phone] [USER_14] vers [PHONE_8987] [CONTACT_4463] reussi. ID transaction: PP260104.1300.A03283, Montant Transaction: 10154 FCFA, Frais: 24.3 FCFA, Commission: 0 FCFA, Montant Net: 10178.3 FCFA, Nouveau Solde: 315.53 FCFA."
USER_14,2026-01-05,11:57:07,OrangeMoney,depot,IN,10000.0,FCFA,10315.53,"Depot effectue par [PHONE_3268] noumbi anne chantal to [USER_14_phone] [USER_14]. Informations detaillees: Montant de transaction : 10000 FCFA, ID transaction : CI260105.1157.B87116, Frais : 0 FCFA, Commission : 0 FCFA, Montant Net du Credit : 10000 FCFA, Nouveau Solde : 10315.53 FCFA."
USER_14,2026-01-05,12:00:21,OrangeMoney,transfert,OUT,10154.0,FCFA,137.23,"Transfert de [USER_14_phone] [USER_14] vers [PHONE_8987] [CONTACT_4463] reussi. ID transaction: PP260105.1200.A12418, Montant Transaction: 10154 FCFA, Frais: 24.3 FCFA, Commission: 0 FCFA, Montant Net: 10178.3 FCFA, Nouveau Solde: 137.23 FCFA."
USER_14,2026-01-06,09:27:06,OrangeMoney,transfert,OUT,4000.0,FCFA,4137.23,"Transfert de [PHONE_8718] [CONTACT_8C66] vers [USER_14_phone] [USER_14] reussi. Details: ID transaction: PP260106.0927.C83639, Montant Transaction: 4000FCFA, Frais: 0 FCFA, Commission: 0 FCFA, Montant Net: 4000 FCFA, Nouveau Solde: 4137.23 FCFA."
USER_14,2026-01-06,10:54:37,OrangeMoney,transfert,OUT,2054.0,FCFA,2075.13,"Transfert de [USER_14_phone] [USER_14] vers [PHONE_8667] [CONTACT_A811] reussi. ID transaction: PP260106.1054.C31851, Montant Transaction: 2054 FCFA, Frais: 8.1 FCFA, Commission: 0 FCFA, Montant Net: 2062.1 FCFA, Nouveau Solde: 2075.13 FCFA."
USER_14,2026-01-06,23:23:36,OrangeMoney,transfert,OUT,1000.0,FCFA,1069.13,"Transfert de [USER_14_phone] [USER_14] vers [PHONE_8416] [CONTACT_0BC9] reussi. ID transaction: PP260106.2323.C44585, Montant Transaction: 1000 FCFA, Frais: 6 FCFA, Commission: 0 FCFA, Montant Net: 1006 FCFA, Nouveau Solde: 1069.13 FCFA."
USER_14,2026-01-07,15:20:00,OrangeMoney,transfert,OUT,1000.0,FCFA,2069.13,"Transfert de [PHONE_8416] [CONTACT_0BC9] vers [USER_14_phone] [USER_14] reussi. Details: ID transaction: PP260107.1519.B41359, Montant Transaction: 1000FCFA, Frais: 0 FCFA, Commission: 0 FCFA, Montant Net: 1000 FCFA, Nouveau Solde: 2069.13 FCFA."
USER_14,2026-01-07,16:25:13,OrangeMoney,transfert,OUT,5150.0,FCFA,7219.13,"Transfert de [PHONE_7712] [CONTACT_BAF2] vers [USER_14_phone] [USER_14] reussi. Details: ID transaction: PP260107.1625.C86379, Montant Transaction: 5150FCFA, Frais: 0 FCFA, Commission: 0 FCFA, Montant Net: 5150 FCFA, Nouveau Solde: 7219.13 FCFA."
USER_14,2026-01-07,17:01:20,OrangeMoney,retrait,OUT,3000.0,FCFA,4165.13,"Retrait d'argent reussi par le [PHONE_3978] avec le Code : 265652. Informations detaillees : Montant: 3000 FCFA, Frais: 54 FCFA, No de transaction CO260107.1701.D33804, montant net debite 3054 FCFA, Nouveau solde: 4165.13 FCFA."
USER_14,2026-01-08,11:57:19,OrangeMoney,retrait,OUT,3000.0,FCFA,1111.13,"Retrait d'argent reussi par le [PHONE_6339] avec le Code : 265620. Informations detaillees : Montant: 3000 FCFA, Frais: 54 FCFA, No de transaction CO260108.1157.C58119, montant net debite 3054 FCFA, Nouveau solde: 1111.13 FCFA."
USER_14,2026-01-08,15:52:34,OrangeMoney,retrait,OUT,1000.0,FCFA,57.13,"Retrait d'argent reussi par le [PHONE_2602] avec le Code : 264664. Informations detaillees : Montant: 1000 FCFA, Frais: 54 FCFA, No de transaction CO260108.1552.D04895, montant net debite 1054 FCFA, Nouveau solde: 57.13 FCFA."
USER_14,2026-01-09,18:06:01,OrangeMoney,depot,IN,10000.0,FCFA,10057.13,"Depot effectue par [PHONE_9745] [CONTACT_87E0] to [USER_14_phone] [USER_14]. Informations detaillees: Montant de transaction : 10000 FCFA, ID transaction : CI260109.1805.C98077, Frais : 0 FCFA, Commission : 0 FCFA, Montant Net du Credit : 10000 FCFA, Nouveau Solde : 10057.13 FCFA."
USER_14,2026-01-09,18:12:59,OrangeMoney,transfert,OUT,10000.0,FCFA,33.13,"Transfert de [USER_14_phone] [USER_14] vers [PHONE_1956] [CONTACT_2A97] reussi. ID transaction: PP260109.1812.A90840, Montant Transaction: 10000 FCFA, Frais: 24 FCFA, Commission: 0 FCFA, Montant Net: 10024 FCFA, Nouveau Solde: 33.13 FCFA."
USER_14,2026-01-09,19:38:33,OrangeMoney,transfert,OUT,1104.0,FCFA,1137.13,"Transfert de [PHONE_1956] [CONTACT_2A97] vers [USER_14_phone] [USER_14] reussi. Details: ID transaction: PP260109.1938.C62486, Montant Transaction: 1104FCFA, Frais: 0 FCFA, Commission: 0 FCFA, Montant Net: 1104 FCFA, Nouveau Solde: 1137.13 FCFA."
USER_14,2026-01-09,19:39:51,OrangeMoney,transfert,OUT,1054.0,FCFA,77.03,"Transfert de [USER_14_phone] [USER_14] vers [PHONE_0787] [CONTACT_F0F8] reussi. ID transaction: PP260109.1939.C63422, Montant Transaction: 1054 FCFA, Frais: 6.1 FCFA, Commission: 0 FCFA, Montant Net: 1060.1 FCFA, Nouveau Solde: 77.03 FCFA."
USER_14,2026-01-10,12:59:46,OrangeMoney,transfert,OUT,10154.0,FCFA,10231.03,"Transfert de [PHONE_3793] [CONTACT_B95A] vers [USER_14_phone] [USER_14] reussi. Details: ID transaction: PP260110.1259.C70929, Montant Transaction: 10154FCFA, Frais: 0 FCFA, Commission: 0 FCFA, Montant Net: 10154 FCFA, Nouveau Solde: 10231.03 FCFA."
USER_14,2026-01-10,14:51:15,OrangeMoney,transfert,OUT,10154.0,FCFA,52.73,"Transfert de [USER_14_phone] [USER_14] vers [PHONE_1956] [CONTACT_2A97] reussi. ID transaction: PP260110.1451.D45416, Montant Transaction: 10154 FCFA, Frais: 24.3 FCFA, Commission: 0 FCFA, Montant Net: 10178.3 FCFA, Nouveau Solde: 52.73 FCFA."
USER_14,2026-01-10,16:39:28,OrangeMoney,transfert,OUT,101504.0,FCFA,101556.73,"Transfert de [PHONE_4375] [CONTACT_1CAD] vers [USER_14_phone] [USER_14] reussi. Details: ID transaction: PP260110.1639.A99060, Montant Transaction: 101504FCFA, Frais: 0 FCFA, Commission: 0 FCFA, Montant Net: 101504 FCFA, Nouveau Solde: 101556.73 FCFA."
USER_14,2026-01-10,16:40:49,OrangeMoney,transfert,OUT,5100.0,FCFA,106656.73,"Transfert de [PHONE_1401] [CONTACT_4B6D] vers [USER_14_phone] [USER_14] reussi. Details: ID transaction: PP260110.1640.C12615, Montant Transaction: 5100FCFA, Frais: 0 FCFA, Commission: 0 FCFA, Montant Net: 5100 FCFA, Nouveau Solde: 106656.73 FCFA."
USER_14,2026-01-10,16:50:27,OrangeMoney,depot,IN,101500.0,FCFA,208156.73,"Depot effectue par [PHONE_8095] [CONTACT_A69F] to [USER_14_phone] [USER_14]. Informations detaillees: Montant de transaction : 101500 FCFA, ID transaction : CI260110.1650.B27724, Frais : 0 FCFA, Commission : 0 FCFA, Montant Net du Credit : 101500 FCFA, Nouveau Solde : 208156.73 FCFA."
USER_14,2026-01-10,17:00:01,OrangeMoney,retrait,OUT,200000.0,FCFA,5152.73,"Retrait d'argent reussi par le [PHONE_8661] avec le Code : 852985. Informations detaillees : Montant: 200000 FCFA, Frais: 3004 FCFA, No de transaction CO260110.1659.D02257, montant net debite 203004 FCFA, Nouveau solde: 5152.73 FCFA."
USER_14,2026-01-10,17:12:53,OrangeMoney,transfert,OUT,10154.0,FCFA,15306.73,"Transfert de [PHONE_0112] [CONTACT_DB17] BILOUNGA vers [USER_14_phone] [USER_14] reussi. Details: ID transaction: PP260110.1712.C34177, Montant Transaction: 10154FCFA, Frais: 0 FCFA, Commission: 0 FCFA, Montant Net: 10154 FCFA, Nouveau Solde: 15306.73 FCFA."
USER_14,2026-01-10,17:19:49,OrangeMoney,transfert,OUT,5100.0,FCFA,20406.73,"Transfert de [PHONE_3340] [CONTACT_AEA6] vers [USER_14_phone] [USER_14] reussi. Details: ID transaction: PP260110.1719.C38719, Montant Transaction: 5100FCFA, Frais: 0 FCFA, Commission: 0 FCFA, Montant Net: 5100 FCFA, Nouveau Solde: 20406.73 FCFA."
USER_14,2026-01-10,17:46:51,OrangeMoney,transfert,OUT,20200.0,FCFA,40606.73,"Transfert de [PHONE_9133] [CONTACT_0369] vers [USER_14_phone] [USER_14] reussi. Details: ID transaction: PP260110.1746.D59474, Montant Transaction: 20200FCFA, Frais: 0 FCFA, Commission: 0 FCFA, Montant Net: 20200 FCFA, Nouveau Solde: 40606.73 FCFA."
USER_14,2026-01-10,19:57:00,OrangeMoney,transfert,OUT,10000.0,FCFA,30582.73,"Transfert de [USER_14_phone] [USER_14] vers [PHONE_1564] [CONTACT_A0FE] reussi. ID transaction: PP260110.1956.A28618, Montant Transaction: 10000 FCFA, Frais: 24 FCFA, Commission: 0 FCFA, Montant Net: 10024 FCFA, Nouveau Solde: 30582.73 FCFA."
USER_14,2026-01-11,08:56:09,OrangeMoney,transfert,OUT,15200.0,FCFA,45782.73,"Transfert de [PHONE_6052] [CONTACT_75E3] vers [USER_14_phone] [USER_14] reussi. Details: ID transaction: PP260111.0856.D96706, Montant Transaction: 15200FCFA, Frais: 0 FCFA, Commission: 0 FCFA, Montant Net: 15200 FCFA, Nouveau Solde: 45782.73 FCFA."
USER_14,2026-01-11,10:59:56,OrangeMoney,transfert,OUT,45679.0,FCFA,8.38,"Transfert de [USER_14_phone] [USER_14] vers [PHONE_1956] [CONTACT_2A97] reussi. ID transaction: PP260111.1059.C60640, Montant Transaction: 45679 FCFA, Frais: 95.35 FCFA, Commission: 0 FCFA, Montant Net: 45774.35 FCFA, Nouveau Solde: 8.38 FCFA."
USER_14,2026-01-11,11:07:11,OrangeMoney,transfert,OUT,2054.0,FCFA,2062.38,"Transfert de [PHONE_2981] [CONTACT_B341] vers [USER_14_phone] [USER_14] reussi. Details: ID transaction: PP260111.1107.B58568, Montant Transaction: 2054FCFA, Frais: 0 FCFA, Commission: 0 FCFA, Montant Net: 2054 FCFA, Nouveau Solde: 2062.38 FCFA."
USER_14,2026-01-11,11:54:39,OrangeMoney,transfert,OUT,1000.0,FCFA,1056.38,"Transfert de [USER_14_phone] [USER_14] vers [PHONE_2981] [CONTACT_B341] reussi. ID transaction: PP260111.1154.B86706, Montant Transaction: 1000 FCFA, Frais: 6 FCFA, Commission: 0 FCFA, Montant Net: 1006 FCFA, Nouveau Solde: 1056.38 FCFA."
USER_14,2026-01-14,05:03:03,OrangeMoney,transfert,OUT,1054.0,FCFA,1110.38,"Transfert de [PHONE_6587] [CONTACT_CB59] vers [USER_14_phone] [USER_14] reussi. Details: ID transaction: PP260114.0503.A92170, Montant Transaction: 1054FCFA, Frais: 0 FCFA, Commission: 0 FCFA, Montant Net: 1054 FCFA, Nouveau Solde: 1110.38 FCFA."
USER_14,2026-01-15,11:34:01,OrangeMoney,transfert,OUT,1100.0,FCFA,1210.38,"Transfert de [PHONE_1956] [CONTACT_2A97] vers [USER_14_phone] [USER_14] reussi. Details: ID transaction: PP260115.1133.A96025, Montant Transaction: 1100FCFA, Frais: 0 FCFA, Commission: 0 FCFA, Montant Net: 1100 FCFA, Nouveau Solde: 1210.38 FCFA."
USER_14,2026-01-15,12:19:53,OrangeMoney,retrait,OUT,1050.0,FCFA,106.38,"Retrait d'argent reussi par le [PHONE_6339] avec le Code : 265620. Informations detaillees : Montant: 1050 FCFA, Frais: 54 FCFA, No de transaction CO260115.1219.A45644, montant net debite 1104 FCFA, Nouveau solde: 106.38 FCFA."
USER_14,2026-01-15,20:23:16,OrangeMoney,transfert,OUT,1000.0,FCFA,1106.38,"Transfert de [PHONE_8718] [CONTACT_8C66] vers [USER_14_phone] [USER_14] reussi. Details: ID transaction: PP260115.2023.C43790, Montant Transaction: 1000FCFA, Frais: 0 FCFA, Commission: 0 FCFA, Montant Net: 1000 FCFA, Nouveau Solde: 1106.38 FCFA."
USER_14,2026-01-16,19:41:10,OrangeMoney,transfert,OUT,2100.0,FCFA,2206.38,"Transfert de [PHONE_8416] [CONTACT_0BC9] vers [USER_14_phone] [USER_14] reussi. Details: ID transaction: PP260116.1941.D31319, Montant Transaction: 2100FCFA, Frais: 0 FCFA, Commission: 0 FCFA, Montant Net: 2100 FCFA, Nouveau Solde: 2206.38 FCFA."
USER_14,2026-01-17,18:43:59,OrangeMoney,transfert,OUT,1000.0,FCFA,1200.38,"Transfert de [USER_14_phone] [USER_14] vers [PHONE_8667] [CONTACT_A811] reussi. ID transaction: PP260117.1843.D86202, Montant Transaction: 1000 FCFA, Frais: 6 FCFA, Commission: 0 FCFA, Montant Net: 1006 FCFA, Nouveau Solde: 1200.38 FCFA."
USER_14,2026-01-22,11:42:43,OrangeMoney,transfert,OUT,1000.0,FCFA,1200.38,"Transfert de [PHONE_9158] [CONTACT_0F04] vers [USER_14_phone] [USER_14] reussi. Details: ID transaction: PP260122.1142.D76884, Montant Transaction: 1000FCFA, Frais: 0 FCFA, Commission: 0 FCFA, Montant Net: 1000 FCFA, Nouveau Solde: 1200.38 FCFA."
USER_14,2026-01-22,17:27:54,OrangeMoney,transfert,OUT,100.0,FCFA,1096.18,"Transfert de [USER_14_phone] [USER_14] vers [PHONE_8667] [CONTACT_A811] reussi. ID transaction: PP260122.1727.C98754, Montant Transaction: 100 FCFA, Frais: 4.2 FCFA, Commission: 0 FCFA, Montant Net: 104.2 FCFA, Nouveau Solde: 1096.18 FCFA."
USER_14,2026-01-24,15:11:48,OrangeMoney,transfert,OUT,50.0,FCFA,42.08,"Transfert de [USER_14_phone] [USER_14] vers [PHONE_0756] [CONTACT_6112] reussi. ID transaction: PP260124.1511.D41409, Montant Transaction: 50 FCFA, Frais: 4.1 FCFA, Commission: 0 FCFA, Montant Net: 54.1 FCFA, Nouveau Solde: 42.08 FCFA."
USER_14,2026-01-28,10:52:04,OrangeMoney,transfert,OUT,3100.0,FCFA,3142.08,"Transfert de [PHONE_1956] [CONTACT_2A97] vers [USER_14_phone] [USER_14] reussi. Details: ID transaction: PP260128.1052.B06256, Montant Transaction: 3100FCFA, Frais: 0 FCFA, Commission: 0 FCFA, Montant Net: 3100 FCFA, Nouveau Solde: 3142.08 FCFA."
USER_14,2026-01-28,10:58:11,OrangeMoney,retrait,OUT,3000.0,FCFA,88.08,"Retrait d'argent reussi par le [PHONE_0730] avec le Code : 264650. Informations detaillees : Montant: 3000 FCFA, Frais: 54 FCFA, No de transaction CO260128.1058.D93619, montant net debite 3054 FCFA, Nouveau solde: 88.08 FCFA."
USER_14,2026-01-28,20:26:29,OrangeMoney,transfert,OUT,1000.0,FCFA,1088.08,"Transfert de [PHONE_1956] [CONTACT_2A97] vers [USER_14_phone] [USER_14] reussi. Details: ID transaction: PP260128.2026.C10017, Montant Transaction: 1000FCFA, Frais: 0 FCFA, Commission: 0 FCFA, Montant Net: 1000 FCFA, Nouveau Solde: 1088.08 FCFA."
USER_14,2026-01-31,10:52:07,OrangeMoney,transfert,OUT,30600.0,FCFA,30729.26,"Transfert de [PHONE_7712] [CONTACT_BAF2] vers [PHONE_7944] [CONTACT_7896] epouse NDJANA reussi. Details: ID transaction: PP260131.1052.C56652, Montant Transaction: 30600FCFA, Frais: 0 FCFA, Commission: 0 FCFA, Montant Net: 30600 FCFA, Nouveau Solde: 30729.26 FCFA."
USER_14,2026-01-31,11:04:30,OrangeMoney,retrait,OUT,20000.0,FCFA,10425.26,"Retrait d'argent reussi par le [PHONE_8661] avec le Code : 852985. Informations detaillees : Montant: 20000 FCFA, Frais: 304 FCFA, No de transaction CO260131.1104.D06276, montant net debite 20304 FCFA, Nouveau solde: 10425.26 FCFA."
USER_14,2026-01-31,11:06:01,OrangeMoney,transfert,OUT,10000.0,FCFA,371.26,"Transfert de [PHONE_7944] [CONTACT_7896] epouse NDJANA vers [PHONE_4700] [CONTACT_6A6F] reussi. ID transaction: PP260131.1105.B59882, Montant Transaction: 10000 FCFA, Frais: 54 FCFA, Commission: 0 FCFA, Montant Net: 10054 FCFA, Nouveau Solde: 371.26 FCFA."
USER_14,2026-02-01,10:30:40,OrangeMoney,transfert,OUT,1000.0,FCFA,1088.08,"Transfert de [PHONE_1956] [CONTACT_2A97] vers [USER_14_phone] [USER_14] reussi. Details: ID transaction: PP260201.1030.D65168, Montant Transaction: 1000FCFA, Frais: 0 FCFA, Commission: 0 FCFA, Montant Net: 1000 FCFA, Nouveau Solde: 1088.08 FCFA."
USER_14,2026-02-05,09:02:02,OrangeMoney,transfert,OUT,1000.0,FCFA,1088.08,"Transfert de [PHONE_1956] [CONTACT_2A97] vers [USER_14_phone] [USER_14] reussi. Details: ID transaction: PP260205.0901.D11943, Montant Transaction: 1000FCFA, Frais: 0 FCFA, Commission: 0 FCFA, Montant Net: 1000 FCFA, Nouveau Solde: 1088.08 FCFA."
USER_14,2026-02-05,12:34:42,OrangeMoney,depot,IN,5500.0,FCFA,5871.26,"Depot effectue par [PHONE_3839] [CONTACT_0B98] to [PHONE_7944] [CONTACT_7896] epouse NDJANA. Informations detaillees: Montant de transaction : 5500 FCFA, ID transaction : CI260205.1234.A72723, Frais : 0 FCFA, Commission : 0 FCFA, Montant Net du Credit : 5500 FCFA, Nouveau Solde : 5871.26 FCFA."
USER_14,2026-02-05,14:04:05,OrangeMoney,retrait,OUT,4000.0,FCFA,1807.26,"Retrait d'argent reussi par le [PHONE_1845] avec le Code : 199713. Informations detaillees : Montant: 4000 FCFA, Frais: 64 FCFA, No de transaction CO260205.1404.D33965, montant net debite 4064 FCFA, Nouveau solde: 1807.26 FCFA."
USER_14,2026-02-05,14:05:00,OrangeMoney,retrait,OUT,100.0,FCFA,1653.26,"Retrait d'argent reussi par le [PHONE_1845] avec le Code : 199713. Informations detaillees : Montant: 100 FCFA, Frais: 54 FCFA, No de transaction CO260205.1404.A12563, montant net debite 154 FCFA, Nouveau solde: 1653.26 FCFA."
USER_14,2026-02-06,17:36:58,OrangeMoney,transfert,OUT,10154.0,FCFA,10807.26,"Transfert de [PHONE_1956] [CONTACT_2A97] vers [PHONE_7944] [CONTACT_7896] epouse NDJANA reussi. Details: ID transaction: PP260206.1736.B05860, Montant Transaction: 10154FCFA, Frais: 0 FCFA, Commission: 0 FCFA, Montant Net: 10154 FCFA, Nouveau Solde: 10807.26 FCFA."
USER_14,2026-02-06,18:56:48,OrangeMoney,retrait,OUT,10000.0,FCFA,653.26,"Retrait d'argent reussi par le [PHONE_7038] avec le Code : 853026. Informations detaillees : Montant: 10000 FCFA, Frais: 154 FCFA, No de transaction CO260206.1856.B27634, montant net debite 10154 FCFA, Nouveau solde: 653.26 FCFA."
USER_14,2026-02-07,09:11:26,OrangeMoney,depot,IN,51000.0,FCFA,51653.26,"Depot effectue par [PHONE_7376] [CONTACT_F090] to [PHONE_7944] [CONTACT_7896] epouse NDJANA. Informations detaillees: Montant de transaction : 51000 FCFA, ID transaction : CI260207.0911.C86459, Frais : 0 FCFA, Commission : 0 FCFA, Montant Net du Credit : 51000 FCFA, Nouveau Solde : 51653.26 FCFA."
USER_14,2026-02-07,09:33:14,OrangeMoney,retrait,OUT,50000.0,FCFA,899.26,"Retrait d'argent reussi par le [PHONE_9709] avec le Code : 264639. Informations detaillees : Montant: 50000 FCFA, Frais: 754 FCFA, No de transaction CO260207.0933.B15699, montant net debite 50754 FCFA, Nouveau solde: 899.26 FCFA."
USER_14,2026-02-08,18:18:52,OrangeMoney,transfert,OUT,1000.0,FCFA,1088.08,"Transfert de [PHONE_1956] [CONTACT_2A97] vers [USER_14_phone] [USER_14] reussi. Details: ID transaction: PP260208.1818.A71586, Montant Transaction: 1000FCFA, Frais: 0 FCFA, Commission: 0 FCFA, Montant Net: 1000 FCFA, Nouveau Solde: 1088.08 FCFA."
USER_14,2026-02-08,20:45:34,OrangeMoney,rechargement,OUT,100.0,FCFA,499.26,"Rechargement reussi. Montant de la transaction: 100 FCFA, ID transaction: RC260208.2045.D50931, Frais: 0 FCFA, Commission: 0 FCFA, Nouveau solde: 499.26 FCFA"
USER_14,2026-02-11,20:06:10,OrangeMoney,transfert,OUT,994.0,FCFA,1082.08,"Transfert de [PHONE_7280] [CONTACT_0E05] vers [USER_14_phone] [USER_14] reussi. Details: ID transaction: PP260211.2006.D58892, Montant Transaction: 994FCFA, Frais: 0 FCFA, Commission: 0 FCFA, Montant Net: 994 FCFA, Nouveau Solde: 1082.08 FCFA."
USER_14,2026-02-11,22:40:35,OrangeMoney,rechargement,OUT,50.0,FCFA,1032.08,"Rechargement reussi. Montant de la transaction: 50 FCFA, ID transaction: RC260211.2240.A26281, Frais: 0 FCFA, Commission: 0 FCFA, Nouveau solde: 1032.08 FCFA"
USER_14,2026-02-11,22:43:07,OrangeMoney,rechargement,OUT,200.0,FCFA,299.26,"Rechargement reussi. Montant de la transaction: 200 FCFA, ID transaction: RC260211.2243.B39446, Frais: 0 FCFA, Commission: 0 FCFA, Nouveau solde: 299.26 FCFA"
USER_14,2026-02-12,09:55:47,OrangeMoney,transfert,OUT,10154.0,FCFA,10186.08,"Transfert de [PHONE_9316] [CONTACT_9250] vers [USER_14_phone] [USER_14] reussi. Details: ID transaction: PP260212.0955.A32770, Montant Transaction: 10154FCFA, Frais: 0 FCFA, Commission: 0 FCFA, Montant Net: 10154 FCFA, Nouveau Solde: 10186.08 FCFA."
USER_14,2026-02-13,12:13:37,OrangeMoney,transfert,OUT,10154.0,FCFA,19340.08,"Transfert de [PHONE_2645] [CONTACT_FAEA] vers [USER_14_phone] [USER_14] reussi. Details: ID transaction: PP260213.1213.D57083, Montant Transaction: 10154FCFA, Frais: 0 FCFA, Commission: 0 FCFA, Montant Net: 10154 FCFA, Nouveau Solde: 19340.08 FCFA."
USER_14,2026-02-13,12:29:18,OrangeMoney,transfert,OUT,10154.0,FCFA,9161.78,"Transfert de [USER_14_phone] [USER_14] vers [PHONE_8987] [CONTACT_4463] reussi. ID transaction: PP260213.1229.D67635, Montant Transaction: 10154 FCFA, Frais: 24.3 FCFA, Commission: 0 FCFA, Montant Net: 10178.3 FCFA, Nouveau Solde: 9161.78 FCFA."
USER_14,2026-02-13,15:56:44,OrangeMoney,transfert,OUT,9139.0,FCFA,0.51,"Transfert de [USER_14_phone] [USER_14] vers [PHONE_1956] [CONTACT_2A97] reussi. ID transaction: PP260213.1556.C05519, Montant Transaction: 9139 FCFA, Frais: 22.27 FCFA, Commission: 0 FCFA, Montant Net: 9161.27 FCFA, Nouveau Solde: 0.51 FCFA."
USER_14,2026-02-14,09:12:36,OrangeMoney,transfert,OUT,10154.0,FCFA,10154.51,"Transfert de [PHONE_3793] [CONTACT_B95A] vers [USER_14_phone] [USER_14] reussi. Details: ID transaction: PP260214.0912.A66591, Montant Transaction: 10154FCFA, Frais: 0 FCFA, Commission: 0 FCFA, Montant Net: 10154 FCFA, Nouveau Solde: 10154.51 FCFA."
USER_14,2026-02-14,11:17:06,OrangeMoney,transfert,OUT,10000.0,FCFA,130.51,"Transfert de [USER_14_phone] [USER_14] vers [PHONE_1956] [CONTACT_2A97] reussi. ID transaction: PP260214.1117.A51450, Montant Transaction: 10000 FCFA, Frais: 24 FCFA, Commission: 0 FCFA, Montant Net: 10024 FCFA, Nouveau Solde: 130.51 FCFA."
USER_14,2026-02-14,16:38:47,OrangeMoney,transfert,OUT,122210.0,FCFA,122340.51,"Transfert de [PHONE_4375] [CONTACT_1CAD] vers [USER_14_phone] [USER_14] reussi. Details: ID transaction: PP260214.1638.D81317, Montant Transaction: 122210FCFA, Frais: 0 FCFA, Commission: 0 FCFA, Montant Net: 122210 FCFA, Nouveau Solde: 122340.51 FCFA."
USER_14,2026-02-14,16:40:19,OrangeMoney,transfert,OUT,120000.0,FCFA,242340.51,"Transfert de [PHONE_3876] [CONTACT_356A] vers [USER_14_phone] [USER_14] reussi. Details: ID transaction: PP260214.1640.A70721, Montant Transaction: 120000FCFA, Frais: 0 FCFA, Commission: 0 FCFA, Montant Net: 120000 FCFA, Nouveau Solde: 242340.51 FCFA."
USER_14,2026-02-14,17:08:29,OrangeMoney,retrait,OUT,238000.0,FCFA,766.51,"Retrait d'argent reussi par le [PHONE_6239] avec le Code : 804419. Informations detaillees : Montant: 238000 FCFA, Frais: 3574 FCFA, No de transaction CO260214.1708.A59002, montant net debite 241574 FCFA, Nouveau solde: 766.51 FCFA."
USER_14,2026-02-14,17:57:06,OrangeMoney,transfert,OUT,15300.0,FCFA,16066.51,"Transfert de [PHONE_8339] [CONTACT_4BCD] vers [USER_14_phone] [USER_14] reussi. Details: ID transaction: PP260214.1757.C32571, Montant Transaction: 15300FCFA, Frais: 0 FCFA, Commission: 0 FCFA, Montant Net: 15300 FCFA, Nouveau Solde: 16066.51 FCFA."
USER_14,2026-02-14,21:28:04,OrangeMoney,transfert,OUT,5100.0,FCFA,21166.51,"Transfert de [PHONE_7280] [CONTACT_0E05] vers [USER_14_phone] [USER_14] reussi. Details: ID transaction: PP260214.2128.C70657, Montant Transaction: 5100FCFA, Frais: 0 FCFA, Commission: 0 FCFA, Montant Net: 5100 FCFA, Nouveau Solde: 21166.51 FCFA."
USER_14,2026-02-15,07:05:17,OrangeMoney,transfert,OUT,20000.0,FCFA,122.51,"Transfert de [USER_14_phone] [USER_14] vers [PHONE_1956] [CONTACT_2A97] reussi. ID transaction: PP260215.0705.C51926, Montant Transaction: 20000 FCFA, Frais: 44 FCFA, Commission: 0 FCFA, Montant Net: 20044 FCFA, Nouveau Solde: 122.51 FCFA."
USER_14,2026-02-15,07:10:05,OrangeMoney,transfert,OUT,1000.0,FCFA,1122.51,"Transfert de [PHONE_1956] [CONTACT_2A97] vers [USER_14_phone] [USER_14] reussi. Details: ID transaction: PP260215.0710.B45028, Montant Transaction: 1000FCFA, Frais: 0 FCFA, Commission: 0 FCFA, Montant Net: 1000 FCFA, Nouveau Solde: 1122.51 FCFA."
USER_14,2026-02-16,16:08:53,OrangeMoney,depot,IN,1000.0,FCFA,1122.51,"Depot effectue par [PHONE_2602] [CONTACT_7B9E] to [USER_14_phone] [USER_14]. Informations detaillees: Montant de transaction : 1000 FCFA, ID transaction : CI260216.1608.C35269, Frais : 0 FCFA, Commission : 0 FCFA, Montant Net du Credit : 1000 FCFA, Nouveau Solde : 1122.51 FCFA."
USER_14,2026-02-18,20:01:27,OrangeMoney,transfert,OUT,500.0,FCFA,622.51,"Transfert de [PHONE_1150] Akono vers [USER_14_phone] [USER_14] reussi. Details: ID transaction: PP260218.2001.B28922, Montant Transaction: 500FCFA, Frais: 0 FCFA, Commission: 0 FCFA, Montant Net: 500 FCFA, Nouveau Solde: 622.51 FCFA."
USER_14,2026-02-19,12:37:40,OrangeMoney,transfert,OUT,300.0,FCFA,922.51,"Transfert de [PHONE_8667] [CONTACT_A811] vers [USER_14_phone] [USER_14] reussi. Details: ID transaction: PP260219.1237.C91502, Montant Transaction: 300FCFA, Frais: 0 FCFA, Commission: 0 FCFA, Montant Net: 300 FCFA, Nouveau Solde: 922.51 FCFA."
USER_14,2026-02-20,13:39:34,OrangeMoney,transfert,OUT,1000.0,FCFA,1356.51,"Transfert de [PHONE_1956] [CONTACT_2A97] vers [USER_14_phone] [USER_14] reussi. Details: ID transaction: PP260220.1339.C18825, Montant Transaction: 1000FCFA, Frais: 0 FCFA, Commission: 0 FCFA, Montant Net: 1000 FCFA, Nouveau Solde: 1356.51 FCFA."
USER_14,2026-02-25,20:04:38,OrangeMoney,autre,unknown,13119.0,FCFA,,"Transfert d argent de 13119 FCFA recu du +4915565317347 (Allemagne) le 2026-02-25 20:04:35. Nouveau solde OM : 13475.51 FCFA, Frais : 0 FCFA"
USER_14,2026-02-25,20:15:22,OrangeMoney,transfert,OUT,10154.0,FCFA,3297.21,"Transfert de [USER_14_phone] [USER_14] vers [PHONE_8987] [CONTACT_4463] reussi. ID transaction: PP260225.2015.B00521, Montant Transaction: 10154 FCFA, Frais: 24.3 FCFA, Commission: 0 FCFA, Montant Net: 10178.3 FCFA, Nouveau Solde: 3297.21 FCFA."
USER_14,2026-02-26,12:18:49,OrangeMoney,transfert,OUT,1054.0,FCFA,1851.21,"Transfert de [PHONE_8667] [CONTACT_A811] vers [USER_14_phone] [USER_14] reussi. Details: ID transaction: PP260226.1218.A80504, Montant Transaction: 1054FCFA, Frais: 0 FCFA, Commission: 0 FCFA, Montant Net: 1054 FCFA, Nouveau Solde: 1851.21 FCFA."
USER_14,2026-02-28,19:22:40,OrangeMoney,transfert,OUT,72272.0,FCFA,73047.21,"Transfert de [PHONE_4375] [CONTACT_1CAD] vers [USER_14_phone] [USER_14] reussi. Details: ID transaction: PP260228.1922.A12696, Montant Transaction: 72272FCFA, Frais: 0 FCFA, Commission: 0 FCFA, Montant Net: 72272 FCFA, Nouveau Solde: 73047.21 FCFA."
USER_14,2026-02-28,19:41:41,OrangeMoney,transfert,OUT,10200.0,FCFA,83247.21,"Transfert de [PHONE_1517] [CONTACT_564D] vers [USER_14_phone] [USER_14] reussi. Details: ID transaction: PP260228.1941.A26504, Montant Transaction: 10200FCFA, Frais: 0 FCFA, Commission: 0 FCFA, Montant Net: 10200 FCFA, Nouveau Solde: 83247.21 FCFA."
USER_14,2026-03-01,09:34:46,OrangeMoney,transfert,OUT,80500.0,FCFA,2582.21,"Transfert de [USER_14_phone] [USER_14] vers [PHONE_5778] [CONTACT_0239] reussi. ID transaction: PP260301.0934.A41943, Montant Transaction: 80500 FCFA, Frais: 165 FCFA, Commission: 0 FCFA, Montant Net: 80665 FCFA, Nouveau Solde: 2582.21 FCFA."
USER_14,2026-03-01,12:36:45,OrangeMoney,transfert,OUT,1500.0,FCFA,975.21,"Transfert de [USER_14_phone] [USER_14] vers [PHONE_7810] [CONTACT_48B1] reussi. ID transaction: PP260301.1236.D71143, Montant Transaction: 1500 FCFA, Frais: 7 FCFA, Commission: 0 FCFA, Montant Net: 1507 FCFA, Nouveau Solde: 975.21 FCFA."
USER_14,2026-03-02,09:26:30,OrangeMoney,transfert,OUT,500.0,FCFA,370.21,"Transfert de [USER_14_phone] [USER_14] vers [PHONE_2981] [CONTACT_B341] reussi. ID transaction: PP260302.0926.D87228, Montant Transaction: 500 FCFA, Frais: 5 FCFA, Commission: 0 FCFA, Montant Net: 505 FCFA, Nouveau Solde: 370.21 FCFA."
USER_14,2026-03-02,15:43:13,OrangeMoney,transfert,OUT,10500.0,FCFA,10870.21,"Transfert de [PHONE_2981] [CONTACT_B341] vers [USER_14_phone] [USER_14] reussi. Details: ID transaction: PP260302.1543.D53446, Montant Transaction: 10500FCFA, Frais: 0 FCFA, Commission: 0 FCFA, Montant Net: 10500 FCFA, Nouveau Solde: 10870.21 FCFA."
USER_14,2026-03-02,15:59:37,OrangeMoney,transfert,OUT,5079.0,FCFA,5777.06,"Transfert de [USER_14_phone] [USER_14] vers [PHONE_2645] [CONTACT_FAEA] reussi. ID transaction: PP260302.1559.A60660, Montant Transaction: 5079 FCFA, Frais: 14.15 FCFA, Commission: 0 FCFA, Montant Net: 5093.15 FCFA, Nouveau Solde: 5777.06 FCFA."
USER_14,2026-03-02,17:34:47,OrangeMoney,transfert,OUT,1054.0,FCFA,4716.96,"Transfert de [USER_14_phone] [USER_14] vers [PHONE_9158] [CONTACT_0F04] reussi. ID transaction: PP260302.1734.D39264, Montant Transaction: 1054 FCFA, Frais: 6.1 FCFA, Commission: 0 FCFA, Montant Net: 1060.1 FCFA, Nouveau Solde: 4716.96 FCFA."
USER_14,2026-03-02,21:33:16,OrangeMoney,transfert,OUT,1000.0,FCFA,3710.96,"Transfert de [USER_14_phone] [USER_14] vers [PHONE_8416] [CONTACT_0BC9] reussi. ID transaction: PP260302.2133.C77836, Montant Transaction: 1000 FCFA, Frais: 6 FCFA, Commission: 0 FCFA, Montant Net: 1006 FCFA, Nouveau Solde: 3710.96 FCFA."
USER_14,2026-03-03,19:36:40,OrangeMoney,transfert,OUT,1554.0,FCFA,2149.86,"Transfert de [USER_14_phone] [USER_14] vers [PHONE_2778] [CONTACT_F2B7] reussi. ID transaction: PP260303.1936.D35577, Montant Transaction: 1554 FCFA, Frais: 7.1 FCFA, Commission: 0 FCFA, Montant Net: 1561.1 FCFA, Nouveau Solde: 2149.86 FCFA."
USER_14,2026-03-04,14:36:31,OrangeMoney,retrait,OUT,1500.0,FCFA,595.86,"Retrait d'argent reussi par le [PHONE_2745] avec le Code : 178544. Informations detaillees : Montant: 1500 FCFA, Frais: 54 FCFA, No de transaction CO260304.1436.A52623, montant net debite 1554 FCFA, Nouveau solde: 595.86 FCFA."
USER_14,2026-03-04,19:52:47,OrangeMoney,transfert,OUT,200.0,FCFA,391.46,"Transfert de [USER_14_phone] [USER_14] vers [PHONE_4345] [CONTACT_62C5] reussi. ID transaction: PP260304.1952.C56634, Montant Transaction: 200 FCFA, Frais: 4.4 FCFA, Commission: 0 FCFA, Montant Net: 204.4 FCFA, Nouveau Solde: 391.46 FCFA."
USER_14,2026-03-06,11:21:08,OrangeMoney,transfert,OUT,300.0,FCFA,86.86,"Transfert de [USER_14_phone] [USER_14] vers [PHONE_8667] [CONTACT_A811] reussi. ID transaction: PP260306.1121.A81539, Montant Transaction: 300 FCFA, Frais: 4.6 FCFA, Commission: 0 FCFA, Montant Net: 304.6 FCFA, Nouveau Solde: 86.86 FCFA."
USER_14,2026-03-07,19:14:25,OrangeMoney,transfert,OUT,2500.0,FCFA,2586.86,"Transfert de [PHONE_1956] [CONTACT_2A97] vers [USER_14_phone] [USER_14] reussi. Details: ID transaction: PP260307.1914.A23707, Montant Transaction: 2500FCFA, Frais: 0 FCFA, Commission: 0 FCFA, Montant Net: 2500 FCFA, Nouveau Solde: 2586.86 FCFA."
USER_14,2026-03-07,20:54:04,OrangeMoney,transfert,OUT,2500.0,FCFA,77.86,"Transfert de [USER_14_phone] [USER_14] vers [PHONE_1956] [CONTACT_2A97] reussi. ID transaction: PP260307.2054.C80681, Montant Transaction: 2500 FCFA, Frais: 9 FCFA, Commission: 0 FCFA, Montant Net: 2509 FCFA, Nouveau Solde: 77.86 FCFA."
USER_14,2026-03-08,09:50:01,OrangeMoney,transfert,OUT,2054.0,FCFA,2131.86,"Transfert de [PHONE_1956] [CONTACT_2A97] vers [USER_14_phone] [USER_14] reussi. Details: ID transaction: PP260308.0949.D86141, Montant Transaction: 2054FCFA, Frais: 0 FCFA, Commission: 0 FCFA, Montant Net: 2054 FCFA, Nouveau Solde: 2131.86 FCFA."
USER_14,2026-03-08,09:51:07,OrangeMoney,transfert,OUT,2054.0,FCFA,69.76,"Transfert de [USER_14_phone] [USER_14] vers [PHONE_8667] [CONTACT_A811] reussi. ID transaction: PP260308.0951.A83923, Montant Transaction: 2054 FCFA, Frais: 8.1 FCFA, Commission: 0 FCFA, Montant Net: 2062.1 FCFA, Nouveau Solde: 69.76 FCFA."
USER_14,2026-03-10,15:37:41,OrangeMoney,transfert,OUT,2000.0,FCFA,2069.76,"Transfert de [PHONE_1956] [CONTACT_2A97] vers [USER_14_phone] [USER_14] reussi. Details: ID transaction: PP260310.1537.C69276, Montant Transaction: 2000FCFA, Frais: 0 FCFA, Commission: 0 FCFA, Montant Net: 2000 FCFA, Nouveau Solde: 2069.76 FCFA."
USER_14,2026-03-10,15:40:35,OrangeMoney,transfert,OUT,1000.0,FCFA,1063.76,"Transfert de [USER_14_phone] [USER_14] vers [PHONE_8987] [CONTACT_4463] reussi. ID transaction: PP260310.1540.D82867, Montant Transaction: 1000 FCFA, Frais: 6 FCFA, Commission: 0 FCFA, Montant Net: 1006 FCFA, Nouveau Solde: 1063.76 FCFA."
USER_14,2026-03-13,14:39:56,OrangeMoney,transfert,OUT,5079.0,FCFA,5142.76,"Transfert de [PHONE_2981] [CONTACT_B341] vers [USER_14_phone] [USER_14] reussi. Details: ID transaction: PP260313.1439.B71666, Montant Transaction: 5079FCFA, Frais: 0 FCFA, Commission: 0 FCFA, Montant Net: 5079 FCFA, Nouveau Solde: 5142.76 FCFA."
USER_14,2026-03-13,18:04:45,OrangeMoney,retrait,OUT,5000.0,FCFA,78.76,"Retrait d'argent reussi par le [PHONE_5251] avec le Code : 264683. Informations detaillees : Montant: 5000 FCFA, Frais: 64 FCFA, No de transaction CO260313.1804.D15844, montant net debite 5064 FCFA, Nouveau solde: 78.76 FCFA."
USER_14,2026-03-14,08:18:50,OrangeMoney,transfert,OUT,10100.0,FCFA,10178.76,"Transfert de [PHONE_6202] [CONTACT_1377] vers [USER_14_phone] [USER_14] reussi. Details: ID transaction: PP260314.0818.D39562, Montant Transaction: 10100FCFA, Frais: 0 FCFA, Commission: 0 FCFA, Montant Net: 10100 FCFA, Nouveau Solde: 10178.76 FCFA."
USER_14,2026-03-14,21:23:38,OrangeMoney,depot,IN,10000.0,FCFA,20178.76,"Depot effectue par [PHONE_6485] [CONTACT_58A2] to [USER_14_phone] [USER_14]. Informations detaillees: Montant de transaction : 10000 FCFA, ID transaction : CI260314.1741.C19072, Frais : 0 FCFA, Commission : 0 FCFA, Montant Net du Credit : 10000 FCFA, Nouveau Solde : 20178.76 FCFA."
USER_14,2026-03-15,12:43:06,OrangeMoney,transfert,OUT,40000.0,FCFA,60178.76,"Transfert de [PHONE_1956] [CONTACT_2A97] vers [USER_14_phone] [USER_14] reussi. Details: ID transaction: PP260315.1243.C96245, Montant Transaction: 40000FCFA, Frais: 0 FCFA, Commission: 0 FCFA, Montant Net: 40000 FCFA, Nouveau Solde: 60178.76 FCFA."
USER_14,2026-03-15,12:52:26,OrangeMoney,transfert,OUT,60000.0,FCFA,54.76,"Transfert de [USER_14_phone] [USER_14] vers [PHONE_7280] [CONTACT_0E05] reussi. ID transaction: PP260315.1252.A02375, Montant Transaction: 60000 FCFA, Frais: 124 FCFA, Commission: 0 FCFA, Montant Net: 60124 FCFA, Nouveau Solde: 54.76 FCFA."
USER_14,2026-03-16,16:52:48,OrangeMoney,transfert,OUT,1054.0,FCFA,1108.76,"Transfert de [PHONE_1956] [CONTACT_2A97] vers [USER_14_phone] [USER_14] reussi. Details: ID transaction: PP260316.1652.B69691, Montant Transaction: 1054FCFA, Frais: 0 FCFA, Commission: 0 FCFA, Montant Net: 1054 FCFA, Nouveau Solde: 1108.76 FCFA."
USER_14,2026-03-16,16:56:30,OrangeMoney,transfert,OUT,1054.0,FCFA,48.66,"Transfert de [USER_14_phone] [USER_14] vers [PHONE_2645] [CONTACT_FAEA] reussi. ID transaction: PP260316.1656.D69323, Montant Transaction: 1054 FCFA, Frais: 6.1 FCFA, Commission: 0 FCFA, Montant Net: 1060.1 FCFA, Nouveau Solde: 48.66 FCFA."
USER_14,2026-03-18,17:21:16,OrangeMoney,transfert,OUT,1000.0,FCFA,1048.66,"Transfert de [PHONE_8667] [CONTACT_A811] vers [USER_14_phone] [USER_14] reussi. Details: ID transaction: PP260318.1721.A45250, Montant Transaction: 1000FCFA, Frais: 0 FCFA, Commission: 0 FCFA, Montant Net: 1000 FCFA, Nouveau Solde: 1048.66 FCFA."
USER_14,2026-03-20,07:58:13,OrangeMoney,transfert,OUT,4054.0,FCFA,4102.66,"Transfert de [PHONE_2981] [CONTACT_B341] vers [USER_14_phone] [USER_14] reussi. Details: ID transaction: PP260320.0758.D56464, Montant Transaction: 4054FCFA, Frais: 0 FCFA, Commission: 0 FCFA, Montant Net: 4054 FCFA, Nouveau Solde: 4102.66 FCFA."
USER_14,2026-03-20,16:20:20,OrangeMoney,retrait,OUT,3000.0,FCFA,1048.66,"Retrait d'argent reussi par le [PHONE_4457] avec le Code : 131463. Informations detaillees : Montant: 3000 FCFA, Frais: 54 FCFA, No de transaction CO260320.1620.C29435, montant net debite 3054 FCFA, Nouveau solde: 1048.66 FCFA."
USER_14,2026-03-21,08:29:03,OrangeMoney,transfert,OUT,1000.0,FCFA,2048.66,"Transfert de [PHONE_0990] [CONTACT_1EBB] vers [USER_14_phone] [USER_14] reussi. Details: ID transaction: PP260321.0829.C11197, Montant Transaction: 1000FCFA, Frais: 0 FCFA, Commission: 0 FCFA, Montant Net: 1000 FCFA, Nouveau Solde: 2048.66 FCFA."
USER_14,2026-03-21,17:58:48,OrangeMoney,autre,unknown,1312.0,FCFA,,"Transfert d argent de 1312 FCFA recu du +4915781447397 (Allemagne) le 2026-03-21 17:58:45. Nouveau solde OM : 3360.66 FCFA, Frais : 0 FCFA"
USER_14,2026-03-21,20:55:29,OrangeMoney,transfert,OUT,500.0,FCFA,3860.66,"Transfert de [PHONE_8416] [CONTACT_0BC9] vers [USER_14_phone] [USER_14] reussi. Details: ID transaction: PP260321.2055.C55410, Montant Transaction: 500FCFA, Frais: 0 FCFA, Commission: 0 FCFA, Montant Net: 500 FCFA, Nouveau Solde: 3860.66 FCFA."
USER_14,2026-03-22,08:27:39,OrangeMoney,transfert,OUT,1000.0,FCFA,354.66,"Transfert de [USER_14_phone] [USER_14] vers [PHONE_1956] [CONTACT_2A97] reussi. ID transaction: PP260322.0827.B59882, Montant Transaction: 1000 FCFA, Frais: 6 FCFA, Commission: 0 FCFA, Montant Net: 1006 FCFA, Nouveau Solde: 354.66 FCFA."
