UserId,Date,Time,Operator,Transaction_type,Direction,Amount,Currency,New_balance,Anonymized_Content
USER_9,2021-09-26,12:20:18,MobileMoney,transaction,OUT,2229.0,FCFA,2229.0,"Hello, a transaction of FCFA 399 from your Mobile Money account by MTNC BUNDLES_FORFAITS   (MTN_Bundles) has been successfully completed on2021-09-26 12:19:12.New balance:2229 FCFA. Transaction ID: [PHONE_7503].External Transaction ID: 3186937355902979980."
USER_9,2021-09-30,18:45:05,MobileMoney,transaction,OUT,62330.0,FCFA,62330.0,"Hello, a transaction of FCFA 399 from your Mobile Money account by MTNC BUNDLES_FORFAITS   (MTN_Bundles) has been successfully completed on2021-09-30 16:35:35.New balance:62330 FCFA. Transaction ID: [PHONE_1586].External Transaction ID: 2794282971601114596."
USER_9,2021-09-30,18:51:08,MobileMoney,retrait,OUT,,,,"You have successfully withdrawn FCFA 10000 from your mobile money account, from [CONTACT_50CB] [CONTACT_2F31] ([PHONE_9252]) on 2021-09-30 18:48:07. Fees: FCFA 175; Transaction Id: [PHONE_1052]. New balance: FCFA 1455.Until 31st October, get up to 100% refund for all your payments via MoMo."
USER_9,2021-10-02,14:56:46,MobileMoney,transaction,OUT,1056.0,FCFA,1056.0,"Hello, a transaction of FCFA 399 from your Mobile Money account by MTNC BUNDLES_FORFAITS   (MTN_Bundles) has been successfully completed on2021-10-02 14:56:21.New balance:1056 FCFA. Transaction ID: [PHONE_2193].External Transaction ID: 5262577744070597515."
USER_9,2021-10-08,20:21:51,MobileMoney,transaction,OUT,457.0,FCFA,457.0,"Hello, a transaction of FCFA 399 from your Mobile Money account by MTNC BUNDLES_FORFAITS   (MTN_Bundles) has been successfully completed on2021-10-08 20:21:30.New balance:457 FCFA. Transaction ID: [PHONE_9188].External Transaction ID: 2241664121530013654."
USER_9,2021-10-11,16:40:38,MobileMoney,paiement,OUT,125.0,FCFA,332.0,Your payment of 125 FCFA for MTNC AIRTIME has been completed at 2021-10-11 16:40:11. Your new balance: 332 FCFA. Fee was 0 FCFA . Transaction Id: [PHONE_4515].Tuition fee payments via MoMo are refunded up to 100% in CASH or free airtime!
USER_9,2021-10-12,16:12:18,MobileMoney,paiement,OUT,125.0,FCFA,207.0,Your payment of 125 FCFA for MTNC AIRTIME has been completed at 2021-10-12 16:11:51. Your new balance: 207 FCFA. Fee was 0 FCFA . Transaction Id: [PHONE_6397].Tuition fee payments via MoMo are refunded up to 100% in CASH or free airtime!
USER_9,2021-10-13,8:15:07,MobileMoney,paiement,OUT,125.0,FCFA,82.0,Your payment of 125 FCFA for MTNC AIRTIME has been completed at 2021-10-13 08:14:38. Your new balance: 82 FCFA. Fee was 0 FCFA . Transaction Id: [PHONE_4420].Tuition fee payments via MoMo are refunded up to 100% in CASH or free airtime!
USER_9,2021-12-10,6:40:05,MobileMoney,transaction,OUT,382.0,FCFA,382.0,"Hello, a transaction of FCFA 50000 from your Mobile Money account by Maviance  (maviance) has been successfully completed on2021-12-10 06:39:36.New balance:382 FCFA. Transaction ID: [PHONE_2778].External Transaction ID: 796f632c5bc746b48fad."
USER_9,2021-12-12,20:22:12,MobileMoney,paiement,OUT,250.0,FCFA,132.0,Your payment of 250 FCFA for MTNC Bundles has been completed at 2021-12-12 20:21:44. Your new balance: 132 FCFA. Fee was 0 FCFA . Transaction Id: [PHONE_0988]. Make a transfer or a withdrawal of at least 5000F and try to win a PIECE of LAND each day.
USER_9,2021-12-14,8:47:33,MobileMoney,paiement,OUT,100.0,FCFA,32.0,Your payment of 100 FCFA for MTNC Bundles has been completed at 2021-12-14 08:44:52. Your new balance: 32 FCFA. Fee was 0 FCFA . Transaction Id: [PHONE_9305]. Make a transfer or a withdrawal of at least 5000F and try to win a PIECE of LAND each day.
USER_9,2021-12-17,7:29:07,MobileMoney,paiement,OUT,100.0,FCFA,50.0,"Votre paiement de 100 FCFA pour MTNC Bundles a ete effectue le 2021-12-17 07:28:46. Votre nouveau solde: 50 FCFA. Frais: 0 FCFA, Message: DATA. Transaction Id: [PHONE_4763]. Fais 1 transfert ou 1 retrait MoMo de 5000F min et tente de gagner 1 TERRAIN chaque jour."
USER_9,2021-12-17,17:58:48,MobileMoney,transfert,IN,,,,"You have received FCFA 1000  from [CONTACT_BF04] [CONTACT_1EE4] ([PHONE_9352]) in your Mobile Money account on 2021-12-17 17:58:45. Message from sender: . New balance: FCFA 2532. Transaction ID: [PHONE_0725]. For every MoMo withdrawal of at least 5000F, try to win a PIECE of LAND every day."
USER_9,2021-12-20,7:41:44,MobileMoney,paiement,OUT,100.0,FCFA,2182.0,Your payment of 100 FCFA for MTNC AIRTIME has been completed at 2021-12-20 07:41:00. Your new balance: 2182 FCFA. Fee was 0 FCFA . Transaction Id: [PHONE_0960]. Make a transfer or a withdrawal of at least 5000F and try to win a PIECE of LAND each day.
USER_9,2021-12-21,12:17:13,MobileMoney,paiement,OUT,100.0,FCFA,1832.0,Your payment of 100 FCFA for MTNC Bundles has been completed at 2021-12-21 12:15:17. Your new balance: 1832 FCFA. Fee was 0 FCFA . Transaction Id: [PHONE_1593]. Make a transfer or a withdrawal of at least 5000F and try to win a PIECE of LAND each day.
USER_9,2021-12-21,18:27:07,MobileMoney,paiement,OUT,250.0,FCFA,1582.0,Your payment of 250 FCFA for MTNC Bundles has been completed at 2021-12-21 18:25:27. Your new balance: 1582 FCFA. Fee was 0 FCFA . Transaction Id: [PHONE_7529]. Make a transfer or a withdrawal of at least 5000F and try to win a PIECE of LAND each day.
USER_9,2021-12-22,2:16:26,MobileMoney,paiement,OUT,200.0,FCFA,1382.0,Your payment of 200 FCFA for MTNC Bundles has been completed at 2021-12-22 02:16:04. Your new balance: 1382 FCFA. Fee was 0 FCFA . Transaction Id: [PHONE_7603]. Make a transfer or a withdrawal of at least 5000F and try to win a PIECE of LAND each day.
USER_9,2021-12-22,14:51:43,MobileMoney,paiement,OUT,100.0,FCFA,1282.0,Your payment of 100 FCFA for MTNC Bundles has been completed at 2021-12-22 14:51:13. Your new balance: 1282 FCFA. Fee was 0 FCFA . Transaction Id: [PHONE_6316]. Make a transfer or a withdrawal of at least 5000F and try to win a PIECE of LAND each day.
USER_9,2021-12-23,10:51:28,MobileMoney,paiement,OUT,100.0,FCFA,1182.0,Your payment of 100 FCFA for MTNC Bundles has been completed at 2021-12-23 10:51:06. Your new balance: 1182 FCFA. Fee was 0 FCFA . Transaction Id: [PHONE_7127]. Make a transfer or a withdrawal of at least 5000F and try to win a PIECE of LAND each day.
USER_9,2021-12-26,13:10:26,MobileMoney,paiement,OUT,250.0,FCFA,932.0,Your payment of 250 FCFA for MTNC Bundles has been completed at 2021-12-26 13:09:52. Your new balance: 932 FCFA. Fee was 0 FCFA . Transaction Id: [PHONE_3019]. Make a transfer or a withdrawal of at least 5000F and try to win a PIECE of LAND each day.
USER_9,2021-12-27,1:59:14,MobileMoney,paiement,OUT,200.0,FCFA,732.0,Your payment of 200 FCFA for MTNC Bundles has been completed at 2021-12-27 01:58:52. Your new balance: 732 FCFA. Fee was 0 FCFA . Transaction Id: [PHONE_5706]. Make a transfer or a withdrawal of at least 5000F and try to win a PIECE of LAND each day.
USER_9,2021-12-27,14:17:43,MobileMoney,paiement,OUT,100.0,FCFA,632.0,Your payment of 100 FCFA for MTNC Bundles has been completed at 2021-12-27 14:17:21. Your new balance: 632 FCFA. Fee was 0 FCFA . Transaction Id: [PHONE_5749]. Make a transfer or a withdrawal of at least 5000F and try to win a PIECE of LAND each day.
USER_9,2021-12-28,9:55:08,MobileMoney,paiement,OUT,200.0,FCFA,432.0,Your payment of 200 FCFA for MTNC AIRTIME has been completed at 2021-12-28 09:55:06. Your new balance: 432 FCFA. Fee was 0 FCFA . Transaction Id: [PHONE_4722]. Make a transfer or a withdrawal of at least 5000F and try to win a PIECE of LAND each day.
USER_9,2021-12-29,1:34:37,MobileMoney,paiement,OUT,200.0,FCFA,232.0,Your payment of 200 FCFA for MTNC Bundles has been completed at 2021-12-29 01:34:14. Your new balance: 232 FCFA. Fee was 0 FCFA . Transaction Id: [PHONE_5276]. Make a transfer or a withdrawal of at least 5000F and try to win a PIECE of LAND each day.
USER_9,2021-12-31,1:52:46,MobileMoney,paiement,OUT,200.0,FCFA,32.0,Your payment of 200 FCFA for MTNC Bundles has been completed at 2021-12-31 01:52:25. Your new balance: 32 FCFA. Fee was 0 FCFA . Transaction Id: [PHONE_9284]. Make a transfer or a withdrawal of at least 5000F and try to win a PIECE of LAND each day.
USER_9,2022-01-14,12:21:08,MobileMoney,paiement,OUT,100.0,FCFA,532.0,Your payment of 100 FCFA for MTNC Bundles has been completed at 2022-01-14 12:20:51. Your new balance: 532 FCFA. Fee was 0 FCFA . Transaction Id: [PHONE_0866]. Make a transfer or a withdrawal of at least 5000F and try to win a PIECE of LAND each day.
USER_9,2022-01-15,7:48:04,MobileMoney,paiement,OUT,100.0,FCFA,432.0,Your payment of 100 FCFA for MTNC Bundles has been completed at 2022-01-15 07:47:43. Your new balance: 432 FCFA. Fee was 0 FCFA . Transaction Id: [PHONE_4205]. Make a transfer or a withdrawal of at least 5000F and try to win a PIECE of LAND each day.
USER_9,2022-01-17,10:42:20,MobileMoney,paiement,OUT,100.0,FCFA,332.0,Your payment of 100 FCFA for MTNC Bundles has been completed at 2022-01-17 10:42:11. Your new balance: 332 FCFA. Fee was 0 FCFA . Transaction Id: [PHONE_2830]. Make a transfer or a withdrawal of at least 5000F and try to win a PIECE of LAND each day.
USER_9,2022-01-17,16:56:44,MobileMoney,paiement,OUT,100.0,FCFA,232.0,Your payment of 100 FCFA for MTNC Bundles has been completed at 2022-01-17 16:56:29. Your new balance: 232 FCFA. Fee was 0 FCFA . Transaction Id: [PHONE_7672]. Make a transfer or a withdrawal of at least 5000F and try to win a PIECE of LAND each day.
USER_9,2022-01-20,8:21:26,MobileMoney,paiement,OUT,100.0,FCFA,132.0,Your payment of 100 FCFA for MTNC Bundles has been completed at 2022-01-20 08:21:21. Your new balance: 132 FCFA. Fee was 0 FCFA . Transaction Id: [PHONE_5636]. Make a transfer or a withdrawal of at least 5000F and try to win a PIECE of LAND each day.
USER_9,2022-01-20,18:08:02,MobileMoney,paiement,OUT,100.0,FCFA,32.0,Your payment of 100 FCFA for MTNC Bundles has been completed at 2022-01-20 18:07:40. Your new balance: 32 FCFA. Fee was 0 FCFA . Transaction Id: [PHONE_3772]. Make a transfer or a withdrawal of at least 5000F and try to win a PIECE of LAND each day.
USER_9,2022-02-01,14:06:39,MobileMoney,transfert,IN,,,,"You have received FCFA 7000  from [CONTACT_7145] [CONTACT_65FE] ([PHONE_7023]) in your Mobile Money account on 2022-02-01 14:06:21. Message from sender: . New balance: FCFA 7032. Transaction ID: [PHONE_9620]. For every MoMo withdrawal of at least 5000F, try to win a PIECE of LAND every day."
USER_9,2022-02-02,10:52:57,MobileMoney,retrait,OUT,,,,"You have successfully withdrawn FCFA 5000 from your mobile money account, from BUSNESCO CEYDE_CBOX_R1_FOYET [CONTACT_BB1E] ([PHONE_9663]) on 2022-02-02 10:52:34. Fees: FCFA 160; Transaction Id: [PHONE_5449]. New balance: FCFA 1872. For every MoMo withdrawal of at [CONTACT_8451] 5000F, try to win a PIECE of LAND every day."
USER_9,2022-02-02,18:45:43,MobileMoney,paiement,OUT,300.0,FCFA,1572.0,Your payment of 300 FCFA for MTNC AIRTIME has been completed at 2022-02-02 18:45:42. Your new balance: 1572 FCFA. Fee was 0 FCFA . Transaction Id: [PHONE_8231]. Make a transfer or a withdrawal of at least 5000F and try to win a PIECE of LAND each day.
USER_9,2022-02-02,18:52:16,MobileMoney,paiement,OUT,300.0,FCFA,1272.0,Your payment of 300 FCFA for MTNC AIRTIME has been completed at 2022-02-02 18:52:16. Your new balance: 1272 FCFA. Fee was 0 FCFA . Transaction Id: [PHONE_6764]. Make a transfer or a withdrawal of at least 5000F and try to win a PIECE of LAND each day.
USER_9,2022-02-07,16:54:14,MobileMoney,paiement,OUT,100.0,FCFA,1172.0,Your payment of 100 FCFA for MTNC Bundles has been completed at 2022-02-07 16:52:30. Your new balance: 1172 FCFA. Fee was 0 FCFA . Transaction Id: [PHONE_2809]. Make a transfer or a withdrawal of at least 5000F and try to win a PIECE of LAND each day.
USER_9,2022-02-07,18:24:35,MobileMoney,retrait,OUT,,,,"You have successfully withdrawn FCFA 1000 from your mobile money account, from NGO [CONTACT_BACE] ([PHONE_5294]) on 2022-02-07 18:24:06. Fees: FCFA 32; Transaction Id: [PHONE_4057]. New balance: FCFA 140. For every MoMo withdrawal of at [CONTACT_8451] 5000F, try to win a PIECE of LAND every day."
USER_9,2022-02-15,9:54:10,MobileMoney,transfert,IN,,,,"You have received FCFA 33500  from Ets Ngassa camp Bertaud [CONTACT_F36C] ([PHONE_4880]) in your Mobile Money account on 2022-02-15 09:54:08. Message from sender: . New balance: FCFA 33640. Transaction ID: [PHONE_5291]. For every MoMo withdrawal of at least 5000F, try to win a PIECE of LAND every day."
USER_9,2022-02-16,8:31:54,MobileMoney,paiement,OUT,100.0,FCFA,33540.0,Your payment of 100 FCFA for MTNC Bundles has been completed at 2022-02-16 08:28:28. Your new balance: 33540 FCFA. Fee was 0 FCFA . Transaction Id: [PHONE_7068]. Make a transfer or a withdrawal of at least 5000F and try to win a PIECE of LAND each day.
USER_9,2022-02-16,17:38:06,MobileMoney,paiement,OUT,100.0,FCFA,33440.0,Your payment of 100 FCFA for MTNC Bundles has been completed at 2022-02-16 17:37:43. Your new balance: 33440 FCFA. Fee was 0 FCFA . Transaction Id: [PHONE_8714]. Make a transfer or a withdrawal of at least 5000F and try to win a PIECE of LAND each day.
USER_9,2022-02-18,11:39:06,MobileMoney,retrait,OUT,,,,"You have successfully withdrawn FCFA 30000 from your mobile money account, from BUSNESCO CEYDE_CBOX_R1_FOYET [CONTACT_BB1E] ([PHONE_9663]) on 2022-02-18 11:38:27. Fees: FCFA 760; Transaction Id: [PHONE_1977]. New balance: FCFA 2680. For every MoMo withdrawal of at [CONTACT_8451] 5000F, try to win a PIECE of LAND every day."
USER_9,2022-02-19,13:23:58,MobileMoney,paiement,OUT,100.0,FCFA,2580.0,Your payment of 100 FCFA for MTNC Bundles has been completed at 2022-02-19 13:23:29. Your new balance: 2580 FCFA. Fee was 0 FCFA . Transaction Id: [PHONE_5852]. Make a transfer or a withdrawal of at least 5000F and try to win a PIECE of LAND each day.
USER_9,2022-02-23,8:08:33,MobileMoney,paiement,OUT,100.0,FCFA,2480.0,Your payment of 100 FCFA for MTNC Bundles has been completed at 2022-02-23 08:08:03. Your new balance: 2480 FCFA. Fee was 0 FCFA . Transaction Id: [PHONE_3724]. Make a transfer or a withdrawal of at least 5000F and try to win a PIECE of LAND each day.
USER_9,2022-02-24,18:52:42,MobileMoney,retrait,OUT,,,,"You have successfully withdrawn FCFA 2000 from your mobile money account, from BUSNESCO CEYDE_CBOX_R1_FOYET [CONTACT_BB1E] ([PHONE_9663]) on 2022-02-24 18:49:23. Fees: FCFA 64; Transaction Id: [PHONE_5897]. New balance: FCFA 416. For every MoMo withdrawal of at [CONTACT_8451] 5000F, try to win a PIECE of LAND every day."
USER_9,2022-02-25,9:13:27,MobileMoney,paiement,OUT,100.0,FCFA,316.0,Your payment of 100 FCFA for MTNC Bundles has been completed at 2022-02-25 09:13:05. Your new balance: 316 FCFA. Fee was 0 FCFA . Transaction Id: [PHONE_2135]. Make a transfer or a withdrawal of at least 5000F and try to win a PIECE of LAND each day.
USER_9,2022-02-25,13:41:45,MobileMoney,paiement,OUT,100.0,FCFA,216.0,Your payment of 100 FCFA for MTNC AIRTIME has been completed at 2022-02-25 13:41:17. Your new balance: 216 FCFA. Fee was 0 FCFA . Transaction Id: [PHONE_6610]. Make a transfer or a withdrawal of at least 5000F and try to win a PIECE of LAND each day.
USER_9,2022-02-28,17:28:24,MobileMoney,retrait,OUT,,,,"You have successfully withdrawn FCFA 2000 from your mobile money account, from [CONTACT_C222]-CBOX-R5-[CONTACT_FDD2] ([PHONE_3202]) on 2022-02-28 17:28:01. Fees: FCFA 64; Transaction Id: [PHONE_0386]. New balance: FCFA 252. For every MoMo withdrawal of at [CONTACT_8451] 5000F, try to win a PIECE of LAND every day."
USER_9,2022-03-12,8:47:43,MobileMoney,paiement,OUT,200.0,FCFA,52.0,Your payment of 200 FCFA for MTNC AIRTIME has been completed at 2022-03-12 08:47:33. Your new balance: 52 FCFA. Fee was 0 FCFA . Transaction Id: [PHONE_0789]. EASIER and FASTER! Download MTN MoMo App http://onelink.to/8738x9
USER_9,2022-03-22,10:54:55,MobileMoney,retrait,OUT,,,,"You have successfully withdrawn FCFA 29200 from your mobile money account, from BUSNESCO CEYDE_CBOX_R1_FOYET [CONTACT_BB1E] ([PHONE_9663]) on 2022-03-22 10:54:32. Fees: FCFA 758; Transaction Id: [PHONE_1835]. New balance: FCFA 94. Buy airtime via MoMo and get 100% airtime bonus. Dial *126# or http://onelink.to/8738x9 ."
USER_9,2022-03-30,17:41:14,MobileMoney,retrait,OUT,,,,"You have successfully withdrawn FCFA 1000 from your mobile money account, from MACHA [CONTACT_4A5A] ([PHONE_4969]) on 2022-03-30 17:22:34. Fees: FCFA 32; Transaction Id: [PHONE_9746]. New balance: FCFA 15395. Buy airtime via MoMo and get 100% airtime bonus. Dial *126# or http://onelink.to/8738x9 ."
USER_9,2022-03-30,17:58:48,MobileMoney,retrait,OUT,,,,"You have successfully withdrawn FCFA 10000 from your mobile money account, from Fabrice  [CONTACT_26CC] ([PHONE_9453]) on 2022-03-30 17:58:26. Fees: FCFA 195; Transaction Id: [PHONE_8149]. New balance: FCFA 5000. Buy airtime via MoMo and get 100% airtime bonus. Dial *126# or http://onelink.to/8738x9 ."
USER_9,2022-04-05,14:25:36,MobileMoney,retrait,OUT,,,,"You have successfully withdrawn FCFA 15000 from your mobile money account, from BUSNESCO CEYDE_CBOX_R1_FOYET [CONTACT_BB1E] ([PHONE_9663]) on 2022-04-05 14:25:15. Fees: FCFA 300; Transaction Id: [PHONE_1429]. New balance: FCFA 539. Buy airtime via MoMo and get 100% airtime bonus. Dial *126# or http://onelink.to/8738x9 ."
USER_9,2022-04-10,21:11:19,MobileMoney,paiement,OUT,500.0,FCFA,539.0,Your payment of 500 FCFA for MTNC AIRTIME has been completed at 2022-04-10 21:10:58. Your new balance: 539 FCFA. Fee was 0 FCFA . Transaction Id: [PHONE_2701]. EASIER and FASTER! Download MTN MoMo App http://onelink.to/8738x9
USER_9,2022-04-19,11:57:33,MobileMoney,transaction,OUT,389.0,FCFA,389.0,"Hello, a transaction of FCFA 150 from your Mobile Money account by MTNC BUNDLES_FORFAITS   (MTN_Bundles) has been successfully completed on2022-04-19 11:57:05.New balance:389 FCFA. Transaction ID: [PHONE_6362].External Transaction ID: 1422435395609249052."
USER_9,2022-04-25,19:06:34,MobileMoney,transaction,OUT,10439.0,FCFA,10439.0,"Hello, a transaction of FCFA 150 from your Mobile Money account by MTNC BUNDLES_FORFAITS   (MTN_Bundles) has been successfully completed on2022-04-25 19:05:33.New balance:10439 FCFA. Transaction ID: [PHONE_8080].External Transaction ID: 1718446804529526547."
USER_9,2022-04-26,12:51:19,MobileMoney,transfert,IN,,,,You have received FCFA 81000  from NEW [CONTACT_8490] ([PHONE_4035]) in your Mobile Money account on 2022-04-26 12:51:17. Message from sender: . New balance: FCFA 82772. Transaction ID: [PHONE_4410]. Buy airtime via MoMo and get 100% airtime bonus. http://onelink.to/8738x9
USER_9,2022-04-26,19:05:29,MobileMoney,retrait,OUT,,,,"You have successfully withdrawn FCFA 30000 from your mobile money account, from [CONTACT_C437] [CONTACT_1076] [CONTACT_8F98] ([PHONE_7210]) on 2022-04-26 19:05:05. Fees: FCFA 600; Transaction Id: [PHONE_6940]. New balance: FCFA 67172. Buy airtime via MoMo and get 100% airtime bonus. Dial *126# or http://onelink.to/8738x9 ."
USER_9,2022-04-26,19:10:54,MobileMoney,retrait,OUT,,,,"You have successfully withdrawn FCFA 30500 from your mobile money account, from [CONTACT_AEC0] ([PHONE_2562]) on 2022-04-26 19:10:31. Fees: FCFA 610; Transaction Id: [PHONE_4926]. New balance: FCFA 36062. Buy airtime via MoMo and get 100% airtime bonus. Dial *126# or http://onelink.to/8738x9 ."
USER_9,2022-04-27,8:29:21,MobileMoney,retrait,OUT,,,,"You have successfully withdrawn FCFA 20000 from your mobile money account, from BUSNESCO CEYDE_CBOX_R1_FOYET [CONTACT_BB1E] ([PHONE_9663]) on 2022-04-27 08:28:59. Fees: FCFA 400; Transaction Id: [PHONE_2929]. New balance: FCFA 15662. Buy airtime via MoMo and get 100% airtime bonus. Dial *126# or http://onelink.to/8738x9 ."
USER_9,2022-04-29,14:33:00,MobileMoney,paiement,OUT,200.0,FCFA,12.0,Your payment of 200 FCFA for MTNC AIRTIME has been completed at 2022-04-29 14:32:57. Your new balance: 12 FCFA. Fee was 0 FCFA . Transaction Id: [PHONE_9243]. EASIER and FASTER! Download MTN MoMo App http://onelink.to/8738x9
USER_9,2022-05-05,10:34:10,MobileMoney,transfert,IN,,,,You have received FCFA 3600  from Elvis Formukong [CONTACT_6C59] ([PHONE_8325]) in your Mobile Money account on 2022-05-05 10:34:08. Message from sender: . New balance: FCFA 3612. Transaction ID: [PHONE_3621]. Buy airtime via MoMo and get 100% airtime bonus. http://onelink.to/8738x9
USER_9,2022-05-05,18:32:47,MobileMoney,retrait,OUT,,,,"You have successfully withdrawn FCFA 3500 from your mobile money account, from [CONTACT_AA65] [CONTACT_4851] ([PHONE_1008]) on 2022-05-05 17:45:12. Fees: FCFA 70; Transaction Id: [PHONE_4420]. New balance: FCFA 42. Buy airtime via MoMo and get 100% airtime bonus. Dial *126# or http://onelink.to/8738x9 ."
USER_9,2022-05-13,7:06:17,MobileMoney,transfert,IN,15300.0,XAF,15342.0,You have received 15300 XAF from jean yves nkontchou tchinkap ([PHONE_0662]) on your mobile money account at 2022-05-13 07:06:14. Message from sender: tontine. Your new balance:15342 XAF. Financial Transaction Id: [PHONE_7897].
USER_9,2022-05-13,9:22:08,MobileMoney,retrait,OUT,15000.0,XAF,42.0,"You [USER_9] ([USER_9_phone]) have via agent: [CONTACT_ED16] [CONTACT_A6CD] ([PHONE_9364] -), withdrawn 15000 XAF from your mobile money account: 80025970 at 2022-05-13 09:21:44 and you can now collect your money in cash. Your new balance: 42 XAF. Fee paid: 300 XAF. Message from agent: -. Financial Transaction Id: [PHONE_5554]."
USER_9,2022-05-13,18:12:42,MobileMoney,transfert,IN,15000.0,XAF,15042.0,You have received 15000 XAF from [CONTACT_A7C6] ([PHONE_1944]) on your mobile money account at 2022-05-13 18:12:38. Message from sender: books. Your new balance:15042 XAF. Financial Transaction Id: [PHONE_9810].
USER_9,2022-05-14,11:27:24,MobileMoney,retrait,OUT,13500.0,XAF,1272.0,"You [USER_9] ([USER_9_phone]) have via agent: BUSNESCO CEYDE_CBOX_R1_FOYET [CONTACT_BB1E] ([PHONE_9663] -), withdrawn 13500 XAF from your mobile money account: 80025970 at 2022-05-14 11:27:01 and you can now collect your money in cash. Your new balance: 1272 XAF. Fee paid: 270 XAF. Message from agent: -. Financial Transaction Id: [PHONE_8421]."
USER_9,2022-05-14,12:07:40,MobileMoney,paiement,OUT,300.0,XAF,972.0,"Your payment of 300 XAF to MTNC AIRTIME with token  has been completed at 2022-05-14 12:07:23. Your new balance: 972 XAF. Fee was 0 XAF, loyalty fee was - and loyalty reward was -. The amount was subject to a discount of - and coupons worth -. Message: -. Financial Transaction Id: [PHONE_2462]. External Transaction Id: [PHONE_2462]. Provider message: -."
USER_9,2022-05-16,11:17:07,MobileMoney,transfert,IN,15300.0,XAF,16272.0,You have received 15300 XAF from [CONTACT_BF04] [CONTACT_1EE4] ([PHONE_9352]) on your mobile money account at 2022-05-16 11:17:04. Message from sender: . Your new balance: 16272 XAF. Loyalty fee was 0 and loyalty reward was 0. Promotion was 0. Financial Transaction Id: [PHONE_7709].
USER_9,2022-05-16,12:35:58,MobileMoney,transfert,IN,2000.0,XAF,18272.0,You have received 2000 XAF from BUSNESCO CEYDE_CBOX_R1_FOYET [CONTACT_BB1E] ([PHONE_9663]) on your mobile money account at 2022-05-16 12:35:56. Message from sender: . Your new balance: 18272 XAF. Loyalty fee was 0 and loyalty reward was 0. Promotion was 0. Financial Transaction Id: [PHONE_9097].
USER_9,2022-05-16,12:42:49,MobileMoney,transfert,OUT,17100.0,XAF,1088.0,You have transferred 17100 XAF to [CONTACT_BB91] ([PHONE_3885]) from your mobile money account 80025970 at 2022-05-16 12:42:48. Your new balance: 1088 XAF. Message from sender: books bill. Message to receiver: books bill. Financial Transaction Id: [PHONE_1011].
USER_9,2022-05-16,17:49:59,MobileMoney,transaction,OUT,150.0,XAF,938.0,"Hello, A transaction of 150 XAF by MTNC BUNDLES_FORFAITS   (MTN_Bundles) on your mobile money account successfully completed at 2022-05-16 17:49:21. The amount was subject to a discount of 0 and coupons worth 0. Message from debit receiver: . Your new balance:938 XAF. Fee was 0 XAF, loyalty fee was 0 and loyalty reward was 0. Financial Transaction Id: [PHONE_8912]. External Transaction Id: 6457155478605463557."
USER_9,2022-05-27,12:26:31,MobileMoney,transaction,OUT,300.0,XAF,638.0,"Hello, A transaction of 300 XAF by MTNC BUNDLES_FORFAITS   (MTN_Bundles) on your mobile money account successfully completed at 2022-05-27 12:25:12. The amount was subject to a discount of 0 and coupons worth 0. Message from debit receiver: . Your new balance:638 XAF. Fee was 0 XAF, loyalty fee was 0 and loyalty reward was 0. Financial Transaction Id: [PHONE_7201]. External Transaction Id: 2153013755436624705."
USER_9,2022-05-30,16:13:51,MobileMoney,transfert,IN,20500.0,XAF,21138.0,You have received 20500 XAF from Eric Cho Achu ([PHONE_0374]) on your mobile money account at 2022-05-30 16:13:50. Message from sender: . Your new balance:21138 XAF. Financial Transaction Id: [PHONE_9797].
USER_9,2022-05-30,16:21:48,MobileMoney,transfert,OUT,8600.0,XAF,12471.0,You have transferred 8600 XAF to [CONTACT_BB91] ([PHONE_3885]) from your mobile money account 80025970 at 2022-05-30 16:21:48. Your new balance: 12471 XAF. Message from sender: printing. Message to receiver: printing. Financial Transaction Id: [PHONE_0501].
USER_9,2022-05-31,9:46:07,MobileMoney,transfert,OUT,3500.0,XAF,8914.0,You have transferred 3500 XAF to [CONTACT_BB91] ([PHONE_3885]) from your mobile money account 80025970 at 2022-05-31 09:46:06. Your new balance: 8914 XAF. Message from sender: printing. Message to receiver: printing. Financial Transaction Id: [PHONE_4874].
USER_9,2022-05-31,15:42:55,MobileMoney,retrait,OUT,3500.0,XAF,5344.0,"You [USER_9] ([USER_9_phone]) have via agent: BUSNESCO CEYDE_CBOX_R1_FOYET [CONTACT_BB1E] ([PHONE_9663] -), withdrawn 3500 XAF from your mobile money account: 80025970 at 2022-05-31 15:35:23 and you can now collect your money in cash. Your new balance: 5344 XAF. Fee paid: 70 XAF. Message from agent: -. Financial Transaction Id: [PHONE_7235]."
USER_9,2022-05-31,16:18:39,MobileMoney,transaction,OUT,150.0,XAF,5194.0,"Hello, A transaction of 150 XAF by MTNC BUNDLES_FORFAITS   (MTN_Bundles) on your mobile money account successfully completed at 2022-05-31 16:18:17. The amount was subject to a discount of 0 and coupons worth 0. Message from debit receiver: . Your new balance:5194 XAF. Fee was 0 XAF, loyalty fee was 0 and loyalty reward was 0. Financial Transaction Id: [PHONE_4885]. External Transaction Id: 66191314237741374."
USER_9,2022-05-31,16:57:24,MobileMoney,transfert,OUT,2100.0,XAF,3040.0,You have transferred 2100 XAF to [CONTACT_EBC2] ([PHONE_6678]) from your mobile money account 80025970 at 2022-05-31 16:57:19. Your new balance: 3040 XAF. Message from sender: transport bill. Message to receiver: transport bill. Financial Transaction Id: [PHONE_7763].
USER_9,2022-06-03,7:27:56,MobileMoney,transfert,IN,4000.0,XAF,7040.0,You have received 4000 XAF from [CONTACT_7CE6] ([PHONE_7961]) on your mobile money account at 2022-06-03 07:27:53. Message from sender: . Your new balance:7040 XAF. Financial Transaction Id: [PHONE_6648].
USER_9,2022-06-09,10:25:02,MobileMoney,transfert,IN,10200.0,XAF,17240.0,You have received 10200 XAF from [CONTACT_A14D] ([PHONE_3120]) on your mobile money account at 2022-06-09 10:24:55. Message from sender: transfert. Your new balance:17240 XAF. Financial Transaction Id: [PHONE_3297].
USER_9,2022-06-11,13:07:42,MobileMoney,retrait,OUT,16000.0,XAF,920.0,"You [USER_9] ([USER_9_phone]) have via agent: BUSNESCO CEYDE_CBOX_R1_FOYET [CONTACT_BB1E] ([PHONE_9663] -), withdrawn 16000 XAF from your mobile money account: 80025970 at 2022-06-11 13:07:20 and you can now collect your money in cash. Your new balance: 920 XAF. Fee paid: 320 XAF. Message from agent: -. Financial Transaction Id: [PHONE_9308]."
USER_9,2022-06-12,16:14:15,MobileMoney,transfert,IN,144000.0,XAF,144920.0,You have received 144000 XAF from BUSNESCO [CONTACT_1EC8] ([PHONE_3803]) on your mobile money account at 2022-06-12 16:13:58. Message from sender: . Your new balance: 144920 XAF. Loyalty fee was 0 and loyalty reward was 0. Promotion was 0. Financial Transaction Id: [PHONE_2916].
USER_9,2022-06-14,12:43:36,MobileMoney,retrait,OUT,142000.0,XAF,80.0,"You [USER_9] ([USER_9_phone]) have via agent: [CONTACT_E955] Ers Shalomes Services ([PHONE_6365] -), withdrawn 142000 XAF from your mobile money account: 80025970 at 2022-06-14 12:14:24 and you can now collect your money in cash. Your new balance: 80 XAF. Fee paid: 2840 XAF. Message from agent: -. Financial Transaction Id: [PHONE_4042]."
USER_9,2022-06-15,8:37:53,MobileMoney,transfert,IN,15000.0,XAF,15080.0,You have received 15000 XAF from [CONTACT_451E] ([PHONE_5180]) on your mobile money account at 2022-06-15 08:37:51. Message from sender: . Your new balance: 15080 XAF. Loyalty fee was 0 and loyalty reward was 0. Promotion was 0. Financial Transaction Id: [PHONE_2795].
USER_9,2022-06-15,10:21:58,MobileMoney,transfert,OUT,9550.0,XAF,5461.0,You have transferred 9550 XAF to [CONTACT_BB91] ([PHONE_3885]) from your mobile money account 80025970 at 2022-06-15 10:21:59. Your new balance: 5461 XAF. Message from sender: bill. Message to receiver: bill. Financial Transaction Id: [PHONE_5225].
USER_9,2022-06-16,10:41:38,MobileMoney,transaction,OUT,200.0,XAF,5261.0,"Hello, A transaction of 200 XAF by MTNC BUNDLES_FORFAITS   (MTN_Bundles) on your mobile money account successfully completed at 2022-06-16 10:41:32. The amount was subject to a discount of 0 and coupons worth 0. Message from debit receiver: . Your new balance:5261 XAF. Fee was 0 XAF, loyalty fee was 0 and loyalty reward was 0. Financial Transaction Id: [PHONE_5262]. External Transaction Id: 7497473763612414345."
USER_9,2022-06-17,9:52:12,MobileMoney,paiement,OUT,600.0,XAF,4661.0,"Your payment of 600 XAF to MTNC AIRTIME with token  has been completed at 2022-06-17 09:52:10. Your new balance: 4661 XAF. Fee was 0 XAF, loyalty fee was - and loyalty reward was -. The amount was subject to a discount of - and coupons worth -. Message: -. Financial Transaction Id: [PHONE_8009]. External Transaction Id: [PHONE_8009]. Provider message: -."
USER_9,2022-06-23,10:14:04,MobileMoney,retrait,OUT,2000.0,XAF,2611.0,"You [USER_9] ([USER_9_phone]) have via agent: [CONTACT_CBF9] ([PHONE_5508] -), withdrawn 2000 XAF from your mobile money account: 80025970 at 2022-06-23 10:14:02 and you can now collect your money in cash. Your new balance: 2611 XAF. Fee paid: 50 XAF. Message from agent: -. Financial Transaction Id: [PHONE_4229]."
USER_9,2022-06-24,18:58:37,MobileMoney,paiement,OUT,1100.0,XAF,1511.0,"Your payment of 1100 XAF to MTNC AIRTIME with token  has been completed at 2022-06-24 18:58:36. Your new balance: 1511 XAF. Fee was 0 XAF, loyalty fee was - and loyalty reward was -. The amount was subject to a discount of - and coupons worth -. Message: -. Financial Transaction Id: [PHONE_0073]. External Transaction Id: [PHONE_0073]. Provider message: -."
USER_9,2022-06-25,11:59:00,MobileMoney,retrait,OUT,1000.0,XAF,461.0,"You [USER_9] ([USER_9_phone]) have via agent: BUSNESCO CEYDE_CBOX_R1_FOYET [CONTACT_BB1E] ([PHONE_9663] -), withdrawn 1000 XAF from your mobile money account: 80025970 at 2022-06-25 11:58:23 and you can now collect your money in cash. Your new balance: 461 XAF. Fee paid: 50 XAF. Message from agent: -. Financial Transaction Id: [PHONE_4054]."
USER_9,2022-07-07,18:09:19,MobileMoney,paiement,OUT,200.0,XAF,261.0,"Your payment of 200 XAF to MTNC AIRTIME with token  has been completed at 2022-07-07 18:08:51. Your new balance: 261 XAF. Fee was 0 XAF, loyalty fee was - and loyalty reward was -. The amount was subject to a discount of - and coupons worth -. Message: -. Financial Transaction Id: [PHONE_3438]. External Transaction Id: [PHONE_3438]. Provider message: -."
USER_9,2022-07-10,0:49:36,MobileMoney,paiement,OUT,200.0,XAF,61.0,"Your payment of 200 XAF to MTNC AIRTIME with token  has been completed at 2022-07-10 00:49:34. Your new balance: 61 XAF. Fee was 0 XAF, loyalty fee was - and loyalty reward was -. The amount was subject to a discount of - and coupons worth -. Message: -. Financial Transaction Id: [PHONE_6279]. External Transaction Id: [PHONE_6279]. Provider message: -."
USER_9,2022-08-28,19:17:40,MobileMoney,transfert,IN,200.0,XAF,261.0,You have received 200 XAF from [CONTACT_EF4A]  (CAMCCUL) on your mobile money account at 2022-08-28 19:17:39. Message from sender: [CONTACT_B831]. Your new balance:261 XAF. Financial Transaction Id: [PHONE_6038].
USER_9,2022-09-12,1:21:28,MobileMoney,retrait,OUT,200.0,XAF,61.0,An adjustment has been made and 200 XAF has been withdrawn from your mobile money account 80025970 at 2022-09-12 01:21:26. Your new balance: 61 XAF. Message: [CONTACT_0DA4]. Financial Transaction Id: [PHONE_5330].
USER_9,2022-09-19,17:15:41,MobileMoney,depot,IN,40800.0,XAF,40861.0,"You have received a deposit of 40800 XAF from [CONTACT_41B3] ROLLAND_ [CONTACT_F218] ([PHONE_2357]) on your Mobile Money account at 2022-09-19 17:15:24 . Message from the sender: . Your new balance is 40861 FCFA. Transaction ID: [PHONE_9381]. Until September 24th, try to win 1 of the 300 scholarships worth 100,000F for your payments and withdrawals on *126# or on MTN MoMo app available for download on http://onelink.to/8738x9"
USER_9,2022-09-20,10:52:44,MobileMoney,retrait,OUT,800.0,XAF,,"You have successfully withdrawn FCFA 40000 from your mobile money account, from BUSNESCO CEYDE_CBOX_R1_FOYET [CONTACT_BB1E] ([PHONE_9663]) on 2022-09-20 10:52:44. Fees: 800 XAF . transaction Id: [PHONE_0636]. New balance: FCFA 61. Until September 24th, try to win a 100,000F scholarship everyday for all your withdrawals of 5000F and above."
USER_9,2022-09-20,19:17:50,MobileMoney,transfert,IN,10300.0,XAF,10361.0,You have received 10300 XAF from N A [CONTACT_0F33] ([PHONE_6322]) on your mobile money account at 2022-09-20 19:17:46. Message from sender: 1. Your new balance:10361 XAF. Financial Transaction Id: [PHONE_0569].
USER_9,2022-09-21,7:18:52,MobileMoney,retrait,OUT,200.0,XAF,,"You have successfully withdrawn FCFA 10000 from your mobile money account, from [CONTACT_367E]-POLAS-YDE-[CONTACT_16E1] ([PHONE_6674]) on 2022-09-21 07:18:22. Fees: 200 XAF . transaction Id: [PHONE_6226]. New balance: FCFA 161. Until September 24th, try to win a 100,000F scholarship everyday for all your withdrawals of 5000F and above."
USER_9,2022-09-23,9:34:55,MobileMoney,transfert,IN,5000.0,XAF,5161.0,You have received 5000 XAF from [CONTACT_37B2] ([PHONE_6447]) on your mobile money account at 2022-09-23 09:34:55. Message from sender: Tu sais.. Your new balance:5161 XAF. Financial Transaction Id: [PHONE_3782].
USER_9,2022-09-23,20:04:02,MobileMoney,transaction,OUT,125.0,XAF,5036.0,"Hello, A transaction of 125 XAF by MTNC BUNDLES_FORFAITS   (MTN_Bundles) on your mobile money account successfully completed at 2022-09-23 20:03:26. The amount was subject to a discount of 0 and coupons worth 0. Message from debit receiver: . Your new balance:5036 XAF. Fee was 0 XAF, loyalty fee was 0 and loyalty reward was 0. Financial Transaction Id: [PHONE_3451]. External Transaction Id: 1828017459510417232."
USER_9,2022-09-29,10:01:00,MobileMoney,transaction,OUT,200.0,XAF,4836.0,"Hello, A transaction of 200 XAF by MTNC BUNDLES_FORFAITS   (MTN_Bundles) on your mobile money account successfully completed at 2022-09-29 10:00:27. The amount was subject to a discount of 0 and coupons worth 0. Message from debit receiver: . Your new balance:4836 XAF. Fee was 0 XAF, loyalty fee was 0 and loyalty reward was 0. Financial Transaction Id: [PHONE_5264]. External Transaction Id: 6616718514261581750."
USER_9,2022-09-30,9:52:14,MobileMoney,depot,IN,60000.0,XAF,64836.0,"You have received a deposit of 60000 XAF from [CONTACT_34EA]-GOD'S [CONTACT_8459]'S [CONTACT_346F] ([PHONE_8135]) on your Mobile Money account at 2022-09-30 09:52:12 . Message from the sender: . Your new balance is 64836 FCFA. Transaction ID: [PHONE_2332]. Until September 24th, try to win 1 of the 300 scholarships worth 100,000F for your payments and withdrawals on *126# or on MTN MoMo app available for download on http://onelink.to/8738x9"
USER_9,2022-10-01,15:29:59,MobileMoney,retrait,OUT,600.0,XAF,,"You have successfully withdrawn FCFA 30000 from your mobile money account, from BUSNESCO CEYDE_CBOX_R1_FOYET [CONTACT_BB1E] ([PHONE_9663]) on 2022-10-01 14:34:35. Fees: 600 XAF . transaction Id: [PHONE_1966]. New balance: FCFA 5028. Until September 24th, try to win a 100,000F scholarship everyday for all your withdrawals of 5000F and above."
USER_9,2022-10-05,8:49:00,MobileMoney,transaction,OUT,125.0,XAF,4903.0,"Hello, A transaction of 125 XAF by MTNC BUNDLES_FORFAITS   (MTN_Bundles) on your mobile money account successfully completed at 2022-10-05 08:47:42. The amount was subject to a discount of 0 and coupons worth 0. Message from debit receiver: . Your new balance:4903 XAF. Fee was 0 XAF, loyalty fee was 0 and loyalty reward was 0. Financial Transaction Id: [PHONE_4606]. External Transaction Id: 7870283112820881880."
USER_9,2022-10-06,19:16:12,MobileMoney,depot,IN,3500.0,XAF,8403.0,"You have received a deposit of 3500 XAF from [CONTACT_F569] CEYDE_POLAS_BTQ_ECOLE [CONTACT_A079] ([PHONE_6650]) on your Mobile Money account at 2022-10-06 19:16:10 . Message from the sender: . Your new balance is 8403 FCFA. Transaction ID: [PHONE_5469]. Until September 24th, try to win 1 of the 300 scholarships worth 100,000F for your payments and withdrawals on *126# or on MTN MoMo app available for download on http://onelink.to/8738x9"
USER_9,2022-10-10,12:21:46,MobileMoney,transaction,OUT,100.0,XAF,8303.0,"Hello, A transaction of 100 XAF by MTNC BUNDLES_FORFAITS   (MTN_Bundles) on your mobile money account successfully completed at 2022-10-10 12:21:23. The amount was subject to a discount of 0 and coupons worth 0. Message from debit receiver: . Your new balance:8303 XAF. Fee was 0 XAF, loyalty fee was 0 and loyalty reward was 0. Financial Transaction Id: [PHONE_3064]. External Transaction Id: 7226950501358774358."
USER_9,2022-10-10,13:04:00,MobileMoney,retrait,OUT,140.0,XAF,,"You have successfully withdrawn FCFA 7000 from your mobile money account, from BUSNESCO CEYDE_CBOX_R1_FOYET [CONTACT_BB1E] ([PHONE_9663]) on 2022-10-10 13:03:55. Fees: 140 XAF . transaction Id: [PHONE_7897]. New balance: FCFA 1163. Until September 24th, try to win a 100,000F scholarship everyday for all your withdrawals of 5000F and above."
USER_9,2022-10-20,16:41:10,MobileMoney,retrait,OUT,580.0,XAF,,"You have successfully withdrawn FCFA 29000 from your mobile money account, from [CONTACT_367E]-POLAS-YDE-[CONTACT_16E1] ([PHONE_6674]) on 2022-10-20 16:40:49. Fees: 580 XAF . transaction Id: [PHONE_1453]. New balance: FCFA 133. Until November 4th, try to win a 100,000F scholarship everyday for all your withdrawals of 5000F and above."
USER_9,2022-11-02,18:38:05,MobileMoney,paiement,OUT,100.0,FCFA,33.0,"Your payment of 100 FCFA for MTNC AIRTIME has been completed at 2022-11-02 18:38:04. Your new balance: 33 FCFA. Fee was 0 FCFA. transaction Id: [PHONE_5919]. Till November 4th, 10 scholarships of 100,000F to be won everyday for all your payments and withdrawals of at least 5000F on *126# or MoMo App http://onelink.to/8738x9"
USER_9,2022-11-04,12:18:15,MobileMoney,transfert,IN,66547.0,XAF,66580.0,You have received 66547 XAF from Flutterwave Cameroon [CONTACT_3DD6] ([PHONE_9369]) on your mobile money account at 2022-11-04 12:14:56. Message from sender: Chi_977a5f51da504. Your new balance:66580 XAF. Financial Transaction Id: [PHONE_7833].
USER_9,2022-11-07,15:40:35,MobileMoney,retrait,OUT,1200.0,XAF,,"You have successfully withdrawn FCFA 60000 from your mobile money account, from BUSNESCO CEYDE_CBOX_R1_FOYET [CONTACT_BB1E] ([PHONE_9663]) on 2022-11-07 15:40:34. Fees: 1200 XAF . transaction Id: [PHONE_4681]. New balance: FCFA 5380. Until November 4th, try to win a 100,000F scholarship everyday for all your withdrawals of 5000F and above."
USER_9,2022-11-07,15:44:41,MobileMoney,retrait,OUT,100.0,XAF,,"You have successfully withdrawn FCFA 5000 from your mobile money account, from BUSNESCO CEYDE_CBOX_R1_FOYET [CONTACT_BB1E] ([PHONE_9663]) on 2022-11-07 15:44:41. Fees: 100 XAF . transaction Id: [PHONE_4104]. New balance: FCFA 280. Until November 4th, try to win a 100,000F scholarship everyday for all your withdrawals of 5000F and above."
USER_9,2022-11-16,16:10:07,MobileMoney,transaction,OUT,100.0,XAF,180.0,"Hello, A transaction of 100 XAF by MTNC BUNDLES_FORFAITS   (MTN_Bundles) on your mobile money account successfully completed at 2022-11-16 16:09:46. The amount was subject to a discount of 0 and coupons worth 0. Message from debit receiver: . Your new balance:180 XAF. Fee was 0 XAF, loyalty fee was 0 and loyalty reward was 0. Financial Transaction Id: [PHONE_1034]. External Transaction Id: 1202703224921736002."
USER_9,2022-12-19,18:36:59,MobileMoney,transfert,IN,15300.0,XAF,22155.0,You have received 15300 XAF from Steve Junior Yonkeu Kweya ([PHONE_3206]) on your mobile money account at 2022-12-19 18:12:10. Message from sender: . Your new balance:22155 XAF. Financial Transaction Id: [PHONE_5085].
USER_9,2022-12-20,22:34:06,MobileMoney,transfert,IN,15000.0,XAF,37155.0,You have received 15000 XAF from N A [CONTACT_E69C] ([PHONE_4201]) on your mobile money account at 2022-12-20 11:27:22. Message from sender: . Your new balance:37155 XAF. Financial Transaction Id: [PHONE_3897].
USER_9,2022-12-21,17:09:36,MobileMoney,retrait,OUT,700.0,XAF,,"You have successfully withdrawn FCFA 35000 from your mobile money account, from BUSNESCO CEYDE_CBOX_R1_FOYET [CONTACT_BB1E] ([PHONE_9663]) on 2022-12-21 17:09:18. Fees: 700 XAF . transaction Id: [PHONE_0608]. New balance: FCFA 1455. For every MoMo withdrawal of at [CONTACT_8451] 5000F, try to win A HOUSE every week."
USER_9,2022-12-22,15:53:59,MobileMoney,transfert,IN,200000.0,XAF,201455.0,You have received 200000 XAF from [CONTACT_A7C6] ([PHONE_1944]) on your mobile money account at 2022-12-22 15:53:56. Message from sender: books . Your new balance:201455 XAF. Financial Transaction Id: [PHONE_0860].
USER_9,2023-01-17,12:39:23,MobileMoney,paiement,OUT,100.0,FCFA,195155.0,Your payment of 100 FCFA for MTNC BUNDLES_FORFAITS has been completed at 2023-01-17 12:39:06. Your new balance: 195155 FCFA. Fee was 0 FCFA. transaction Id: [PHONE_7590]. Message: SUCCESS. Try to win A HOUSE for every payment on *126# or MoMo App.
USER_9,2023-01-19,7:42:46,MobileMoney,retrait,OUT,1000.0,XAF,,"You have successfully withdrawn FCFA 50000 from your mobile money account, from BUSNESCO CEYDE_CBOX_R1_FOYET [CONTACT_BB1E] ([PHONE_9663]) on 2023-01-19 07:42:44. Fees: 1000 XAF . transaction Id: [PHONE_7867]. New balance: FCFA 144155. For every MoMo withdrawal of at [CONTACT_8451] 5000F, try to win A HOUSE every week."
USER_9,2023-01-21,12:50:18,MobileMoney,retrait,OUT,60.0,XAF,,"You have successfully withdrawn FCFA 3000 from your mobile money account, from BUSNESCO CEYDE_CBOX_R1_FOYET [CONTACT_BB1E] ([PHONE_9663]) on 2023-01-21 12:50:05. Fees: 60 XAF . transaction Id: [PHONE_8380]. New balance: FCFA 141095. For every MoMo withdrawal of at [CONTACT_8451] 5000F, try to win A HOUSE every week."
USER_9,2023-01-26,14:37:42,MobileMoney,retrait,OUT,100.0,XAF,,"You have successfully withdrawn FCFA 5000 from your mobile money account, from BUSNESCO CEYDE_CBOX_R1_FOYET [CONTACT_BB1E] ([PHONE_9663]) on 2023-01-26 14:37:24. Fees: 100 XAF . transaction Id: [PHONE_6230]. New balance: FCFA 135995. For every MoMo withdrawal of at [CONTACT_8451] 5000F, try to win A HOUSE every week."
USER_9,2023-02-17,7:56:35,MobileMoney,transfert,OUT,3100.0,XAF,129244.0,Successful transfer  3100 XAF to [CONTACT_0CF3] ([PHONE_0651]) from your mobile money account 80025970 at 2023-02-17 07:56:32. Your new balance: 129244 XAF. Message from sender: recharge blue. Message to receiver: recharge blue. Financial Transaction Id: [PHONE_2671]. Water is life. Pay your CAMWATER bill at zero fees on *126# option 2.
USER_9,2023-02-18,9:19:59,MobileMoney,transfert,OUT,1000.0,XAF,128192.0,Successful transfer  1000 XAF to [CONTACT_5627] ([PHONE_5252]) from your mobile money account 80025970 at 2023-02-18 09:19:55. Your new balance: 128192 XAF. Message from sender: book difference. Message to receiver: book difference. Financial Transaction Id: [PHONE_2250]. Water is life. Pay your CAMWATER bill at zero fees on *126# option 2.
USER_9,2023-02-22,13:22:33,MobileMoney,retrait,OUT,2000.0,XAF,126142.0,You have withdrawn 2000 XAF from your mobile m[CONTACT_ED2B]ey account at  [CONTACT_ED2B] 2023-02-22 13:14:05. Your new balance:126142 XAF. Financial Transaction Id: [PHONE_0274].
USER_9,2023-02-23,20:37:45,MobileMoney,transfert,OUT,2000.0,XAF,124142.0,Successful transfer  2000 XAF to Steve Junior Yonkeu Kweya ([PHONE_3206]) from your mobile money account 80025970 at 2023-02-23 20:37:42. Your new balance: 124142 XAF. Message from sender: money for local man. Message to receiver: money for local man. Financial Transaction Id: [PHONE_7627]. Water is life. Pay your CAMWATER bill at zero fees on *126# option 2.
USER_9,2023-03-01,16:06:08,MobileMoney,retrait,OUT,25000.0,XAF,101142.0,You have withdrawn 25000 XAF from your mobile m[CONTACT_ED2B]ey account at  [CONTACT_ED2B] 2023-03-01 16:05:10. Your new balance:101142 XAF. Financial Transaction Id: [PHONE_8839].
USER_9,2023-03-30,14:46:37,MobileMoney,transfert,OUT,15400.0,XAF,85661.0,You have transferred 15400 XAF to [CONTACT_0CE8] ([PHONE_9481]) from your mobile money account 80025970 at 2023-03-30 14:46:34. Your new balance: 85661 XAF. Message from sender: chargeur. Message to receiver: chargeur. Financial Transaction Id: [PHONE_7063].
USER_9,2023-04-01,16:53:56,MobileMoney,transfert,OUT,3000.0,XAF,82605.0,You have transferred 3000 XAF to [CONTACT_1EAD] ([PHONE_8211]) from your mobile money account 80025970 at 2023-04-01 16:53:53. Your new balance: 82605 XAF. Message from sender: urgence. Message to receiver: urgence. Financial Transaction Id: [PHONE_3260].
USER_9,2023-04-02,8:44:07,MobileMoney,paiement,OUT,3000.0,XAF,79605.0,"Hello, A transaction of 3000 XAF by [CONTACT_8FC6] ([PHONE_6453]) on your mobile money account successfully completed at 2023-04-02 08:43:54. The amount was subject to a discount of 0 and coupons worth 0. Message from debit receiver: PaySikaApp. Your new balance:79605 XAF. Fee was 0 XAF, loyalty fee was 0 and loyalty reward was 0. Financial Transaction Id: [PHONE_3087]. External Transaction Id: MHDJ6386716804213977."
USER_9,2023-04-02,9:06:14,MobileMoney,paiement,OUT,1000.0,XAF,78605.0,"Hello, A transaction of 1000 XAF by [CONTACT_8FC6] ([PHONE_6453]) on your mobile money account successfully completed at 2023-04-02 09:06:02. The amount was subject to a discount of 0 and coupons worth 0. Message from debit receiver: PaySikaApp. Your new balance:78605 XAF. Fee was 0 XAF, loyalty fee was 0 and loyalty reward was 0. Financial Transaction Id: [PHONE_1698]. External Transaction Id: MAXM3053816804227478."
USER_9,2023-04-02,9:09:03,MobileMoney,paiement,OUT,500.0,XAF,78105.0,"Hello, A transaction of 500 XAF by [CONTACT_8FC6] ([PHONE_6453]) on your mobile money account successfully completed at 2023-04-02 09:08:52. The amount was subject to a discount of 0 and coupons worth 0. Message from debit receiver: PaySikaApp. Your new balance:78105 XAF. Fee was 0 XAF, loyalty fee was 0 and loyalty reward was 0. Financial Transaction Id: [PHONE_6145]. External Transaction Id: XHGA1507216804229078."
USER_9,2023-04-17,18:21:07,MobileMoney,paiement,OUT,500.0,XAF,77605.0,"Your payment of 500 XAF to MTNC AIRTIME with token  has been completed at 2023-04-17 18:21:03. Your new balance: 77605 XAF. Fee was 0 XAF, loyalty fee was - and loyalty reward was -. The amount was subject to a discount of - and coupons worth -. Message: -. Financial Transaction Id: [PHONE_3957]. External Transaction Id: [PHONE_3957]. Provider message: -. Try to be 100% refunded everyday by making a payment of at least 2000F on MoMo App."
USER_9,2023-05-02,13:22:44,MobileMoney,retrait,OUT,6200.0,XAF,69181.0,You have withdrawn 6200 XAF from your mobile m[CONTACT_ED2B]ey account at  [CONTACT_ED2B] 2023-05-02 13:22:20. Your new balance:69181 XAF. Financial Transaction Id: [PHONE_2988]. Try to win up to 25000F everyday by making a withdrawal of at least 2000F on *126*14*numero d'agent*montant#.
USER_9,2023-05-15,15:39:10,MobileMoney,paiement,OUT,50.0,XAF,69131.0,"Hello, A transaction of 50 XAF by Maealth Tech Payment  ([PHONE_5967]) on your mobile money account successfully completed at 2023-05-15 15:38:46. The amount was subject to a discount of 0 and coupons worth 0. Message from debit receiver: 426. Your new balance:69131 XAF. Fee was 0 XAF, loyalty fee was 0 and loyalty reward was 0. Financial Transaction Id: [PHONE_5845]. External Transaction Id: Nkwa_payments_426."
USER_9,2023-05-15,15:41:26,MobileMoney,retrait,OUT,5000.0,XAF,64031.0,You have withdrawn 5000 XAF from your mobile m[CONTACT_ED2B]ey account at  [CONTACT_ED2B] 2023-05-15 15:41:03. Your new balance:64031 XAF. Financial Transaction Id: [PHONE_2418]. Try to win up to 25000F everyday by making a withdrawal of at least 2000F on *126*14*numero d'agent*montant#.
USER_9,2023-05-15,15:44:41,MobileMoney,paiement,OUT,5000.0,XAF,59031.0,"Hello, A transaction of 5000 XAF by Maealth Tech Payment  ([PHONE_5967]) on your mobile money account successfully completed at 2023-05-15 15:44:17. The amount was subject to a discount of 0 and coupons worth 0. Message from debit receiver: 15368. Your new balance:59031 XAF. Fee was 0 XAF, loyalty fee was 0 and loyalty reward was 0. Financial Transaction Id: [PHONE_2121]. External Transaction Id: Nkwa_payments_15368."
USER_9,2023-06-10,0:34:37,MobileMoney,paiement,OUT,200.0,XAF,51167.0,"Your payment of 200 XAF to MTNC BUNDLES_FORFAITS with token  has been completed at 2023-06-10 00:34:18. Your new balance: 51167 XAF. Fee was 0 XAF, loyalty fee was - and loyalty reward was -. The amount was subject to a discount of - and coupons worth -. Message: -. Financial Transaction Id: [PHONE_7445]. External Transaction Id: 592750894700239234. Provider message: SUCCESS. Try to be 100% refunded everyday by making a payment of at least 2000F on MoMo App."
USER_9,2023-06-10,1:32:01,MobileMoney,paiement,OUT,200.0,XAF,50967.0,"Your payment of 200 XAF to MTNC BUNDLES_FORFAITS with token  has been completed at 2023-06-10 01:31:43. Your new balance: 50967 XAF. Fee was 0 XAF, loyalty fee was - and loyalty reward was -. The amount was subject to a discount of - and coupons worth -. Message: -. Financial Transaction Id: [PHONE_0484]. External Transaction Id: 653753680672545436. Provider message: SUCCESS. Try to be 100% refunded everyday by making a payment of at least 2000F on MoMo App."
USER_9,2023-06-12,0:02:30,MobileMoney,paiement,OUT,200.0,XAF,50767.0,"Your payment of 200 XAF to MTNC BUNDLES_FORFAITS with token  has been completed at 2023-06-12 00:02:13. Your new balance: 50767 XAF. Fee was 0 XAF, loyalty fee was - and loyalty reward was -. The amount was subject to a discount of - and coupons worth -. Message: -. Financial Transaction Id: [PHONE_4737]. External Transaction Id: 857461104242548963. Provider message: SUCCESS."
USER_9,2023-06-13,2:51:27,MobileMoney,paiement,OUT,200.0,XAF,50567.0,"Your payment of 200 XAF to MTNC BUNDLES_FORFAITS with token  has been completed at 2023-06-13 02:49:51. Your new balance: 50567 XAF. Fee was 0 XAF, loyalty fee was - and loyalty reward was -. The amount was subject to a discount of - and coupons worth -. Message: -. Financial Transaction Id: [PHONE_3617]. External Transaction Id: 8985608981570656542. Provider message: SUCCESS."
USER_9,2023-06-13,4:18:12,MobileMoney,paiement,OUT,200.0,XAF,50367.0,"Your payment of 200 XAF to MTNC BUNDLES_FORFAITS with token  has been completed at 2023-06-13 04:17:54. Your new balance: 50367 XAF. Fee was 0 XAF, loyalty fee was - and loyalty reward was -. The amount was subject to a discount of - and coupons worth -. Message: -. Financial Transaction Id: [PHONE_2055]. External Transaction Id: 7737743684509992170. Provider message: SUCCESS."
USER_9,2023-06-13,18:40:49,MobileMoney,paiement,OUT,2000.0,XAF,48367.0,"Hello, A transaction of 2000 XAF by Maealth Tech Payment  ([PHONE_5967]) on your mobile money account successfully completed at 2023-06-13 18:40:44. The amount was subject to a discount of 0 and coupons worth 0. Message from debit receiver: 92414. Your new balance:48367 XAF. Fee was 0 XAF, loyalty fee was 0 and loyalty reward was 0. Financial Transaction Id: [PHONE_0936]. External Transaction Id: Nkwa_payments_92414."
USER_9,2023-06-14,0:02:02,MobileMoney,paiement,OUT,200.0,XAF,48167.0,"Your payment of 200 XAF to MTNC BUNDLES_FORFAITS with token  has been completed at 2023-06-14 00:01:39. Your new balance: 48167 XAF. Fee was 0 XAF, loyalty fee was - and loyalty reward was -. The amount was subject to a discount of - and coupons worth -. Message: -. Financial Transaction Id: [PHONE_7558]. External Transaction Id: 1425453074315631468. Provider message: SUCCESS."
USER_9,2023-06-16,0:12:21,MobileMoney,paiement,OUT,200.0,XAF,47967.0,"Your payment of 200 XAF to MTNC BUNDLES_FORFAITS with token  has been completed at 2023-06-16 00:12:01. Your new balance: 47967 XAF. Fee was 0 XAF, loyalty fee was - and loyalty reward was -. The amount was subject to a discount of - and coupons worth -. Message: -. Financial Transaction Id: [PHONE_9671]. External Transaction Id: 6982005636290254636. Provider message: SUCCESS."
USER_9,2023-06-18,0:14:19,MobileMoney,paiement,OUT,200.0,XAF,47767.0,"Your payment of 200 XAF to MTNC BUNDLES_FORFAITS with token  has been completed at 2023-06-18 00:13:02. Your new balance: 47767 XAF. Fee was 0 XAF, loyalty fee was - and loyalty reward was -. The amount was subject to a discount of - and coupons worth -. Message: -. Financial Transaction Id: [PHONE_0542]. External Transaction Id: 3448556197138500055. Provider message: SUCCESS."
USER_9,2023-06-18,8:25:29,MobileMoney,paiement,OUT,2000.0,XAF,45767.0,"Hello, A transaction of 2000 XAF by Maealth Tech Payment  ([PHONE_5967]) on your mobile money account successfully completed at 2023-06-18 08:25:03. The amount was subject to a discount of 0 and coupons worth 0. Message from debit receiver: 93124. Your new balance:45767 XAF. Fee was 0 XAF, loyalty fee was 0 and loyalty reward was 0. Financial Transaction Id: [PHONE_4230]. External Transaction Id: Nkwa_payments_93124."
USER_9,2023-06-19,0:02:03,MobileMoney,paiement,OUT,200.0,XAF,45567.0,"Your payment of 200 XAF to MTNC BUNDLES_FORFAITS with token  has been completed at 2023-06-19 00:01:41. Your new balance: 45567 XAF. Fee was 0 XAF, loyalty fee was - and loyalty reward was -. The amount was subject to a discount of - and coupons worth -. Message: -. Financial Transaction Id: [PHONE_7241]. External Transaction Id: 3744440712856651216. Provider message: SUCCESS."
USER_9,2023-06-19,8:19:54,MobileMoney,retrait,OUT,2100.0,XAF,43417.0,"You [USER_9] ([USER_9_phone]) have via agent: [CONTACT_7D41] ([PHONE_5764] -), withdrawn 2100 XAF from your mobile money account: 80025970 at 2023-06-19 08:19:30 and you can now collect your money in cash. Your new balance: 43417 XAF. Fee paid: 50 XAF. Message from agent: -. Financial Transaction Id: [PHONE_6125]."
USER_9,2023-06-21,14:47:53,MobileMoney,retrait,OUT,3000.0,XAF,40357.0,"You [USER_9] ([USER_9_phone]) have via agent: [CONTACT_143A] [CONTACT_9314] ([PHONE_3754] -), withdrawn 3000 XAF from your mobile money account: 80025970 at 2023-06-21 14:47:30 and you can now collect your money in cash. Your new balance: 40357 XAF. Fee paid: 60 XAF. Message from agent: -. Financial Transaction Id: [PHONE_4840]. Try to win up to 25000F everyday by making a withdrawal of at [CONTACT_8451] 2000F on *126*14*numero d'agent*montant#."
USER_9,2023-06-22,19:25:44,MobileMoney,transfert,IN,1070.0,XAF,6107.0,You have received 1070 XAF from [CONTACT_6277] ([PHONE_2616]) on your mobile money account at 2023-06-22 19:25:41. Message from sender: e. Your new balance:6107 XAF. Fee was: FCFA 0. Financial Transaction Id: [PHONE_0741].
USER_9,2023-06-23,8:07:08,MobileMoney,retrait,OUT,3000.0,XAF,3047.0,You have successfully withdrawn 3000 XAF from your mobile m[CONTACT_ED2B]ey account at  [CONTACT_ED2B] 2023-06-23 08:06:44. Your new balance:3047 XAF. Financial Transaction Id: [PHONE_6491]. Try to win up to 25000F everyday by making a withdrawal of at least 2000F on *126*14*numero d'agent*montant#.
USER_9,2023-06-24,0:55:46,MobileMoney,paiement,OUT,200.0,XAF,2847.0,"Your payment of 200 XAF to MTNC BUNDLES_FORFAITS with token  has been completed at 2023-06-24 00:54:32. Your new balance: 2847 XAF. Fee was 0 XAF, loyalty fee was - and loyalty reward was -. The amount was subject to a discount of - and coupons worth -. Message: -. Financial Transaction Id: [PHONE_6134]. External Transaction Id: 7608146196620381321. Provider message: SUCCESS. Try to be 100% refunded everyday by making a payment of at least 2000F on MoMo App."
USER_9,2023-06-24,1:02:25,MobileMoney,paiement,OUT,200.0,XAF,2647.0,"Your payment of 200 XAF to MTNC BUNDLES_FORFAITS with token  has been completed at 2023-06-24 01:01:04. Your new balance: 2647 XAF. Fee was 0 XAF, loyalty fee was - and loyalty reward was -. The amount was subject to a discount of - and coupons worth -. Message: -. Financial Transaction Id: [PHONE_1620]. External Transaction Id: 7976146504910356836. Provider message: SUCCESS. Try to be 100% refunded everyday by making a payment of at least 2000F on MoMo App."
USER_9,2023-08-16,3:01:50,MobileMoney,paiement,OUT,200.0,XAF,12748.0,Your payment of 200 XAF to MTNC BUNDLES_FORFAITS has been completed at 2023-08-16 03:01:31. Your new balance: 12748 XAF. Fee was 0 XAF. Message: -. Transaction Id: [PHONE_4782]. Send money in one click to all operators on MoMo App. Download the app on onelink.to/8738x9.
USER_9,2023-08-16,3:50:13,MobileMoney,paiement,OUT,200.0,XAF,12548.0,Your payment of 200 XAF to MTNC BUNDLES_FORFAITS has been completed at 2023-08-16 03:48:59. Your new balance: 12548 XAF. Fee was 0 XAF. Message: -. Transaction Id: [PHONE_8720]. Send money in one click to all operators on MoMo App. Download the app on onelink.to/8738x9.
USER_9,2023-08-16,14:45:17,MobileMoney,paiement,OUT,100.0,XAF,12448.0,Your payment of 100 XAF to MTNC BUNDLES_FORFAITS has been completed at 2023-08-16 14:44:59. Your new balance: 12448 XAF. Fee was 0 XAF. Message: -. Transaction Id: [PHONE_5458]. Send money in one click to all operators on MoMo App. Download the app on onelink.to/8738x9.
USER_9,2023-08-16,19:57:19,MobileMoney,paiement,OUT,100.0,XAF,12348.0,Your payment of 100 XAF to MTNC BUNDLES_FORFAITS has been completed at 2023-08-16 19:56:06. Your new balance: 12348 XAF. Fee was 0 XAF. Message: -. Transaction Id: [PHONE_6070]. Send money in one click to all operators on MoMo App. Download the app on onelink.to/8738x9.
USER_9,2023-08-17,0:05:53,MobileMoney,paiement,OUT,200.0,XAF,11948.0,Your payment of 200 XAF to MTNC BUNDLES_FORFAITS has been completed at 2023-08-17 00:05:10. Your new balance: 11948 XAF. Fee was 0 XAF. Message: -. Transaction Id: [PHONE_7999]. Send money in one click to all operators on MoMo App. Download the app on onelink.to/8738x9.
USER_9,2023-08-17,0:06:08,MobileMoney,paiement,OUT,200.0,XAF,12148.0,Your payment of 200 XAF to MTNC BUNDLES_FORFAITS has been completed at 2023-08-17 00:04:37. Your new balance: 12148 XAF. Fee was 0 XAF. Message: -. Transaction Id: [PHONE_6691]. Send money in one click to all operators on MoMo App. Download the app on onelink.to/8738x9.
USER_9,2023-08-17,7:26:14,MobileMoney,paiement,OUT,100.0,XAF,11848.0,Your payment of 100 XAF to MTNC BUNDLES_FORFAITS has been completed at 2023-08-17 07:25:57. Your new balance: 11848 XAF. Fee was 0 XAF. Message: -. Transaction Id: [PHONE_4460]. Send money in one click to all operators on MoMo App. Download the app on onelink.to/8738x9.
USER_9,2023-08-17,10:24:33,MobileMoney,paiement,OUT,100.0,XAF,11748.0,Your payment of 100 XAF to MTNC BUNDLES_FORFAITS has been completed at 2023-08-17 10:22:46. Your new balance: 11748 XAF. Fee was 0 XAF. Message: -. Transaction Id: [PHONE_3328]. Send money in one click to all operators on MoMo App. Download the app on onelink.to/8738x9.
USER_9,2023-08-18,0:23:13,MobileMoney,paiement,OUT,200.0,XAF,11548.0,Your payment of 200 XAF to MTNC BUNDLES_FORFAITS has been completed at 2023-08-18 00:21:56. Your new balance: 11548 XAF. Fee was 0 XAF. Message: -. Transaction Id: [PHONE_5871]. Send money in one click to all operators on MoMo App. Download the app on onelink.to/8738x9.
USER_9,2023-08-18,0:23:15,MobileMoney,paiement,OUT,200.0,XAF,11348.0,Your payment of 200 XAF to MTNC BUNDLES_FORFAITS has been completed at 2023-08-18 00:22:31. Your new balance: 11348 XAF. Fee was 0 XAF. Message: -. Transaction Id: [PHONE_6711]. Send money in one click to all operators on MoMo App. Download the app on onelink.to/8738x9.
USER_9,2023-08-25,0:09:40,MobileMoney,paiement,OUT,200.0,XAF,11148.0,"Your payment of 200 XAF to MTNC BUNDLES_FORFAITS has been completed at 2023-08-25 00:08:22. Your new balance: 11148 XAF. Fee was 0 XAF. Message: -. Transaction Id: [PHONE_9614]. With MoMo, stand a chance to receive up to 25000F by making a payment of at least 5.000F in a merchant point via *126#. More info at 8787 or WhatsApp [PHONE_8786]."
USER_9,2023-08-25,2:15:52,MobileMoney,paiement,OUT,200.0,XAF,10948.0,"Your payment of 200 XAF to MTNC BUNDLES_FORFAITS has been completed at 2023-08-25 02:14:38. Your new balance: 10948 XAF. Fee was 0 XAF. Message: -. Transaction Id: [PHONE_8222]. With MoMo, stand a chance to receive up to 25000F by making a payment of at least 5.000F in a merchant point via *126#. More info at 8787 or WhatsApp [PHONE_8786]."
USER_9,2023-08-28,1:30:43,MobileMoney,paiement,OUT,200.0,XAF,10748.0,"Your payment of 200 XAF to MTNC BUNDLES_FORFAITS has been completed at 2023-08-28 01:29:22. Your new balance: 10748 XAF. Fee was 0 XAF. Message: -. Transaction Id: [PHONE_2184]. With MoMo, stand a chance to receive up to 25000F by making a payment of at least 5.000F in a merchant point via *126#. More info at 8787 or WhatsApp [PHONE_8786]."
USER_9,2023-09-01,0:47:50,MobileMoney,paiement,OUT,200.0,XAF,10548.0,"Your payment of 200 XAF to MTNC BUNDLES_FORFAITS with token  has been completed at 2023-09-01 00:47:43. Your new balance: 10548 XAF. Fee was 0 XAF, loyalty fee was - and loyalty reward was -. The amount was subject to a discount of - and coupons worth -. Message: -. Financial Transaction Id: [PHONE_4083]. External Transaction Id: 1767815098815469672. Provider message: SUCCESS."
USER_9,2023-09-01,3:04:38,MobileMoney,paiement,OUT,200.0,XAF,10348.0,"Your payment of 200 XAF to MTNC BUNDLES_FORFAITS with token  has been completed at 2023-09-01 03:03:24. Your new balance: 10348 XAF. Fee was 0 XAF, loyalty fee was - and loyalty reward was -. The amount was subject to a discount of - and coupons worth -. Message: -. Financial Transaction Id: [PHONE_8250]. External Transaction Id: 6143814542543466223. Provider message: SUCCESS."
USER_9,2023-09-02,0:57:01,MobileMoney,paiement,OUT,200.0,XAF,10148.0,"Your payment of 200 XAF to MTNC BUNDLES_FORFAITS with token  has been completed at 2023-09-02 00:56:43. Your new balance: 10148 XAF. Fee was 0 XAF, loyalty fee was - and loyalty reward was -. The amount was subject to a discount of - and coupons worth -. Message: -. Financial Transaction Id: [PHONE_2192]. External Transaction Id: 5993468681062904635. Provider message: SUCCESS."
USER_9,2023-09-04,0:04:08,MobileMoney,paiement,OUT,200.0,XAF,9948.0,"Your payment of 200 XAF to MTNC BUNDLES_FORFAITS with token  has been completed at 2023-09-04 00:03:51. Your new balance: 9948 XAF. Fee was 0 XAF, loyalty fee was - and loyalty reward was -. The amount was subject to a discount of - and coupons worth -. Message: -. Financial Transaction Id: [PHONE_3564]. External Transaction Id: 6703509631174630100. Provider message: SUCCESS."
USER_9,2023-09-04,1:34:30,MobileMoney,paiement,OUT,200.0,XAF,9748.0,"Your payment of 200 XAF to MTNC BUNDLES_FORFAITS with token  has been completed at 2023-09-04 01:33:13. Your new balance: 9748 XAF. Fee was 0 XAF, loyalty fee was - and loyalty reward was -. The amount was subject to a discount of - and coupons worth -. Message: -. Financial Transaction Id: [PHONE_7749]. External Transaction Id: 3574365505678978565. Provider message: SUCCESS."
USER_9,2023-09-07,0:29:59,MobileMoney,paiement,OUT,200.0,XAF,9548.0,"Your payment of 200 XAF to MTNC BUNDLES_FORFAITS with token  has been completed at 2023-09-07 00:29:47. Your new balance: 9548 XAF. Fee was 0 XAF, loyalty fee was - and loyalty reward was -. The amount was subject to a discount of - and coupons worth -. Message: -. Financial Transaction Id: [PHONE_9124]. External Transaction Id: 5309395590659936317. Provider message: SUCCESS."
USER_9,2023-09-07,2:46:03,MobileMoney,paiement,OUT,200.0,XAF,9348.0,"Your payment of 200 XAF to MTNC BUNDLES_FORFAITS with token  has been completed at 2023-09-07 02:45:47. Your new balance: 9348 XAF. Fee was 0 XAF, loyalty fee was - and loyalty reward was -. The amount was subject to a discount of - and coupons worth -. Message: -. Financial Transaction Id: [PHONE_9106]. External Transaction Id: 6938671629836143311. Provider message: SUCCESS."
USER_9,2023-09-08,4:52:07,MobileMoney,paiement,OUT,200.0,XAF,9148.0,"Your payment of 200 XAF to MTNC BUNDLES_FORFAITS with token  has been completed at 2023-09-08 04:51:49. Your new balance: 9148 XAF. Fee was 0 XAF, loyalty fee was - and loyalty reward was -. The amount was subject to a discount of - and coupons worth -. Message: -. Financial Transaction Id: [PHONE_0964]. External Transaction Id: 129315028047670827. Provider message: SUCCESS."
USER_9,2023-09-10,3:46:30,MobileMoney,paiement,OUT,200.0,XAF,8948.0,"Your payment of 200 XAF to MTNC BUNDLES_FORFAITS with token  has been completed at 2023-09-10 03:45:58. Your new balance: 8948 XAF. Fee was 0 XAF, loyalty fee was - and loyalty reward was -. The amount was subject to a discount of - and coupons worth -. Message: -. Financial Transaction Id: [PHONE_5719]. External Transaction Id: 7486163840271666839. Provider message: SUCCESS."
USER_9,2023-09-11,10:16:53,MobileMoney,retrait,OUT,2000.0,XAF,6898.0,You have withdrawn 2000 XAF from your mobile m[CONTACT_ED2B]ey account at  [CONTACT_ED2B] 2023-09-11 10:10:01. Your new balance:6898 XAF. Financial Transaction Id: [PHONE_6857].
USER_9,2023-09-12,0:04:50,MobileMoney,paiement,OUT,200.0,XAF,6698.0,"Your payment of 200 XAF to MTNC BUNDLES_FORFAITS with token  has been completed at 2023-09-12 00:02:29. Your new balance: 6698 XAF. Fee was 0 XAF, loyalty fee was - and loyalty reward was -. The amount was subject to a discount of - and coupons worth -. Message: -. Financial Transaction Id: [PHONE_2059]. External Transaction Id: 5934587826686485840. Provider message: SUCCESS."
USER_9,2023-09-12,3:09:16,MobileMoney,paiement,OUT,200.0,XAF,6498.0,"Your payment of 200 XAF to MTNC BUNDLES_FORFAITS with token  has been completed at 2023-09-12 03:08:57. Your new balance: 6498 XAF. Fee was 0 XAF, loyalty fee was - and loyalty reward was -. The amount was subject to a discount of - and coupons worth -. Message: -. Financial Transaction Id: [PHONE_5604]. External Transaction Id: 2221443862703575470. Provider message: SUCCESS."
USER_9,2023-09-14,10:01:14,MobileMoney,transfert,IN,2500.0,XAF,8998.0,You have received 2500 XAF from Steve Junior Yonkeu Kweya ([PHONE_3206]) on your mobile money account at 2023-09-14 10:01:03. Message from sender: . Your new balance:8998 XAF. Financial Transaction Id: [PHONE_0283].
USER_9,2023-09-17,21:29:20,MobileMoney,paiement,OUT,100.0,XAF,8698.0,"Your payment of 100 XAF to MTNC BUNDLES_FORFAITS has been completed at 2023-09-17 21:28:04. Your new balance: 8698 XAF. Fee was 0 XAF. Message: -. Transaction Id: [PHONE_4145]. With MoMo, stand a chance to receive up to 25000F by making a payment of at least 5.000F in a merchant point via *126#. More info at 8787 or WhatsApp [PHONE_8786]."
USER_9,2023-09-18,0:06:49,MobileMoney,paiement,OUT,200.0,XAF,8498.0,"Your payment of 200 XAF to MTNC BUNDLES_FORFAITS has been completed at 2023-09-18 00:05:33. Your new balance: 8498 XAF. Fee was 0 XAF. Message: -. Transaction Id: [PHONE_5258]. With MoMo, stand a chance to receive up to 25000F by making a payment of at least 5.000F in a merchant point via *126#. More info at 8787 or WhatsApp [PHONE_8786]."
USER_9,2023-09-18,1:03:20,MobileMoney,paiement,OUT,200.0,XAF,8298.0,"Your payment of 200 XAF to MTNC BUNDLES_FORFAITS has been completed at 2023-09-18 01:02:56. Your new balance: 8298 XAF. Fee was 0 XAF. Message: -. Transaction Id: [PHONE_2182]. With MoMo, stand a chance to receive up to 25000F by making a payment of at least 5.000F in a merchant point via *126#. More info at 8787 or WhatsApp [PHONE_8786]."
USER_9,2023-09-19,7:44:55,MobileMoney,transaction,OUT,100.0,XAF,8198.0,"Hello, A transaction of 100 XAF by MTNC BUNDLES_FORFAITS   (MTN_Bundles) on your mobile money account successfully completed at 2023-09-19 07:44:30. The amount was subject to a discount of 0 and coupons worth 0. Message from debit receiver: . Your new balance:8198 XAF. Fee was 0 XAF, loyalty fee was 0 and loyalty reward was 0. Financial Transaction Id: [PHONE_0327]. External Transaction Id: 315783850495015638. With MoMo, stand a chance to receive up to 25000F simply by making a payment of at least 5000F at any merchant point via *126# or MoMo App. More info at 8787"
USER_9,2023-09-20,7:39:52,MobileMoney,paiement,OUT,100.0,XAF,7898.0,"Your payment of 100 XAF to MTNC BUNDLES_FORFAITS has been completed at 2023-09-20 07:38:37. Your new balance: 7898 XAF. Fee was 0 XAF. Message: -. Transaction Id: [PHONE_1745]. With MoMo, stand a chance to receive up to 25000F by making a payment of at least 5.000F in a merchant point via *126#. More info at 8787 or WhatsApp [PHONE_8786]."
USER_9,2023-09-20,8:31:05,MobileMoney,paiement,OUT,100.0,XAF,7798.0,"Your payment of 100 XAF to MTNC BUNDLES_FORFAITS has been completed at 2023-09-20 08:30:42. Your new balance: 7798 XAF. Fee was 0 XAF. Message: -. Transaction Id: [PHONE_3112]. With MoMo, stand a chance to receive up to 25000F by making a payment of at least 5.000F in a merchant point via *126#. More info at 8787 or WhatsApp [PHONE_8786]."
USER_9,2023-09-21,19:13:22,MobileMoney,retrait,OUT,3000.0,XAF,2588.0,"You have successfully withdrawn 3000 XAF from your mobile m[CONTACT_ED2B]ey account at  [CONTACT_ED2B] 2023-09-21 19:12:58. Your new balance:2588 XAF. Financial Transaction Id: [PHONE_8312]. With MoMo, stand a chance to receive up to 25000F simply by paying your school fees via *126*007#. More info at 8787 or WhatsApp [PHONE_8786]."
USER_9,2023-09-22,0:21:15,MobileMoney,paiement,OUT,200.0,XAF,2388.0,"Your payment of 200 XAF to MTNC BUNDLES_FORFAITS has been completed at 2023-09-22 00:20:47. Your new balance: 2388 XAF. Fee was 0 XAF. Message: -. Transaction Id: [PHONE_9690]. With MoMo, stand a chance to receive up to 25000F by making a payment of at least 5.000F in a merchant point via *126#. More info at 8787 or WhatsApp [PHONE_8786]."
USER_9,2023-09-29,16:15:13,MobileMoney,retrait,OUT,2000.0,XAF,338.0,"You have successfully withdrawn 2000 XAF from your mobile m[CONTACT_ED2B]ey account at  [CONTACT_ED2B] 2023-09-29 16:14:50. Your new balance:338 XAF. Financial Transaction Id: [PHONE_5893]. With MoMo, stand a chance to receive up to 25000F simply by paying your school fees via *126*007#. More info at 8787 or WhatsApp [PHONE_8786]."
USER_9,2023-10-02,1:10:49,MobileMoney,paiement,OUT,200.0,XAF,138.0,"Your payment of 200 XAF to MTNC BUNDLES_FORFAITS has been completed at 2023-10-02 01:09:33. Your new balance: 138 XAF. Fee was 0 XAF. Message: -. Transaction Id: [PHONE_5998]. With MoMo, stand a chance to receive up to 25000F by making a payment of at least 5.000F in a merchant point via *126#. More info at 8787 or WhatsApp [PHONE_8786]."
USER_9,2023-11-04,0:06:25,MobileMoney,paiement,OUT,100.0,XAF,38.0,"Your payment of 100 XAF to MTNC AIRTIME has been completed at 2023-11-04 00:06:03. Your new balance: 38 XAF. Fee was 0 XAF. Message: -. Transaction Id: [PHONE_2826]. With MoMo, stand a chance to receive up to 25000F by making a payment of at least 5.000F in a merchant point via *126#. More info at 8787 or WhatsApp [PHONE_8786]."
USER_9,2023-11-04,9:25:06,MobileMoney,transfert,IN,40000.0,XAF,40038.0,"You have received 40000 XAF from [CONTACT_D890] ([PHONE_1510]) on your mobile money account at 2023-11-04 09:25:04. Message from sender: . Your new balance: 40038 XAF. Fee paid: 0 XAF. Financial Transaction Id: [PHONE_8517]. With MoMo, stand a chance to receive up to 25000F simply by paying your school fees via *126*007#. More info at 8787 or WhatsApp [PHONE_8786]."
USER_9,2023-11-04,9:26:43,MobileMoney,transfert,IN,1500.0,XAF,41538.0,You have received 1500 XAF from Eric Cho Achu ([PHONE_0374]) on your mobile money account at 2023-11-04 09:26:41. Message from sender: . Your new balance:41538 XAF. Fee was: FCFA 0. Financial Transaction Id: [PHONE_2254].
USER_9,2023-11-05,7:32:14,MobileMoney,transaction,OUT,150.0,XAF,41388.0,"Hello, A transaction of 150 XAF by MTNC BUNDLES_FORFAITS   (MTN_Bundles) on your mobile money account successfully completed at 2023-11-05 07:31:51. The amount was subject to a discount of 0 and coupons worth 0. Message from debit receiver: . Your new balance:41388 XAF. Fee was 0 XAF, loyalty fee was 0 and loyalty reward was 0. Financial Transaction Id: [PHONE_4934]. External Transaction Id: 3973774709067114640. With MoMo, stand a chance to receive up to 25000F simply by making a payment of at least 5000F at any merchant point via *126# or MoMo App. More info at 8787"
USER_9,2023-11-05,11:24:20,MobileMoney,transfert,IN,3200.0,XAF,44588.0,You have received 3200 XAF from [CONTACT_7DF5] ([PHONE_3706]) on your mobile money account at 2023-11-05 11:24:17. Message from sender: 11. Your new balance:44588 XAF. Fee was: FCFA 0. Financial Transaction Id: [PHONE_5471].
USER_9,2023-11-06,16:42:42,MobileMoney,retrait,OUT,5100.0,XAF,18795.0,"You have successfully withdrawn 5100 XAF from your mobile m[CONTACT_ED2B]ey account at  [CONTACT_ED2B] 2023-11-06 16:42:18. Your new balance:18795 XAF. Financial Transaction Id: [PHONE_3773]. With MoMo, stand a chance to receive up to 25000F simply by paying your school fees via *126*007#. More info at 8787 or WhatsApp [PHONE_8786]."
USER_9,2023-11-06,16:44:00,MobileMoney,retrait,OUT,10000.0,XAF,8595.0,"You have successfully withdrawn 10000 XAF from your mobile m[CONTACT_ED2B]ey account at  [CONTACT_ED2B] 2023-11-06 16:43:38. Your new balance:8595 XAF. Financial Transaction Id: [PHONE_6429]. With MoMo, stand a chance to receive up to 25000F simply by paying your school fees via *126*007#. More info at 8787 or WhatsApp [PHONE_8786]."
USER_9,2023-11-09,8:45:46,MobileMoney,retrait,OUT,2000.0,XAF,6345.0,"You have successfully withdrawn 2000 XAF from your mobile m[CONTACT_ED2B]ey account at  [CONTACT_ED2B] 2023-11-09 08:45:23. Your new balance:6345 XAF. Financial Transaction Id: [PHONE_7904]. With MoMo, stand a chance to receive up to 25000F simply by paying your school fees via *126*007#. More info at 8787 or WhatsApp [PHONE_8786]."
USER_9,2023-11-09,13:42:22,MobileMoney,retrait,OUT,5000.0,XAF,1245.0,"You [USER_9] ([USER_9_phone]) have via agent: [CONTACT_12DC] [CONTACT_027F] ([PHONE_2533]), withdrawn 5000 XAF from your mobile money account: 80025970 at 2023-11-09 13:41:58 and you can now collect your money in cash. Your new balance: 1245 XAF. Fee paid: 100 XAF. Message from agent: -. Financial Transaction Id: [PHONE_5246]. With MoMo, stand a chance to receive up to 25000F simply by paying your school fees via *126*007#. More info at 8787 or WhatsApp [PHONE_8786]."
USER_9,2023-11-10,18:51:53,MobileMoney,transfert,IN,5100.0,XAF,6345.0,You have received 5100 XAF from [CONTACT_B68A] ([PHONE_0365]) on your mobile money account at 2023-11-10 18:51:51. Message from sender: 1. Your new balance:6345 XAF. Fee was: FCFA 0. Financial Transaction Id: [PHONE_3759].
USER_9,2023-11-11,5:30:22,MobileMoney,paiement,OUT,200.0,XAF,6145.0,"Your payment of 200 XAF to MTNC BUNDLES_FORFAITS has been completed at 2023-11-11 05:29:12. Your new balance: 6145 XAF. Fee was 0 XAF. Message: -. Transaction Id: [PHONE_8611]. With MoMo, stand a chance to receive up to 25000F by making a payment of at least 5.000F in a merchant point via *126#. More info at 8787 or WhatsApp [PHONE_8786]."
USER_9,2023-11-11,15:17:01,MobileMoney,transaction,OUT,150.0,XAF,5995.0,"Hello, A transaction of 150 XAF by MTNC BUNDLES_FORFAITS   (MTN_Bundles) on your mobile money account successfully completed at 2023-11-11 15:16:32. The amount was subject to a discount of 0 and coupons worth 0. Message from debit receiver: . Your new balance:5995 XAF. Fee was 0 XAF, loyalty fee was 0 and loyalty reward was 0. Financial Transaction Id: [PHONE_9888]. External Transaction Id: 2696734951772260029. With MoMo, stand a chance to receive up to 25000F simply by making a payment of at least 5000F at any merchant point via *126# or MoMo App. More info at 8787"
USER_9,2023-11-15,12:52:13,MobileMoney,transfert,IN,5000.0,XAF,10995.0,You have received 5000 XAF from Steve Junior Yonkeu Kweya ([PHONE_3206]) on your mobile money account at 2023-11-15 12:52:10. Message from sender: . Your new balance:10995 XAF. Fee was: FCFA 0. Financial Transaction Id: [PHONE_7359].
USER_9,2023-11-15,13:07:30,MobileMoney,paiement,OUT,1000.0,XAF,9995.0,"Your payment of 1000 XAF to Y-[CONTACT_AD61] ([PHONE_5729]) has been completed at 2023-11-15 13:07:11. Message: . Your new balance: 9995 XAF. Fee was 0 XAF. The amount was subject to a discount of 0 XAF and coupons worth . Financial Transaction Id: [PHONE_8633]. External Transaction Id: -. With MoMo, stand a chance to receive up to 25000F by paying your school fees via *126*007#. More info at 8787 or WhatsApp [PHONE_8786]"
USER_9,2023-11-15,13:11:49,MobileMoney,paiement,OUT,3150.0,XAF,6845.0,"Your payment of 3150 XAF to Y-[CONTACT_AD61] 1 ([PHONE_5781]) has been completed at 2023-11-15 13:11:26. Message: . Your new balance: 6845 XAF. Fee was 0 XAF. The amount was subject to a discount of 0 XAF and coupons worth . Financial Transaction Id: [PHONE_0093]. External Transaction Id: -. With MoMo, stand a chance to receive up to 25000F by paying your school fees via *126*007#. More info at 8787 or WhatsApp [PHONE_8786]"
USER_9,2023-11-15,19:11:11,MobileMoney,paiement,OUT,750.0,XAF,6095.0,"Your payment of 750 XAF to Y-[CONTACT_AD61] ([PHONE_5729]) has been completed at 2023-11-15 19:10:48. Message: . Your new balance: 6095 XAF. Fee was 0 XAF. The amount was subject to a discount of 0 XAF and coupons worth . Financial Transaction Id: [PHONE_9618]. External Transaction Id: -. With MoMo, stand a chance to receive up to 25000F by paying your school fees via *126*007#. More info at 8787 or WhatsApp [PHONE_8786]"
USER_9,2023-11-16,18:45:37,MobileMoney,paiement,OUT,600.0,XAF,5495.0,"Your payment of 600 XAF to Y-[CONTACT_AD61] ([PHONE_5729]) has been completed at 2023-11-16 18:44:26. Message: . Your new balance: 5495 XAF. Fee was 0 XAF. The amount was subject to a discount of 0 XAF and coupons worth . Financial Transaction Id: [PHONE_7367]. External Transaction Id: -. With MoMo, stand a chance to receive up to 25000F by paying your school fees via *126*007#. More info at 8787 or WhatsApp [PHONE_8786]"
USER_9,2023-11-16,18:54:32,MobileMoney,paiement,OUT,550.0,XAF,4945.0,"Your payment of 550 XAF to Y-[CONTACT_AD61] ([PHONE_5729]) has been completed at 2023-11-16 18:54:09. Message: . Your new balance: 4945 XAF. Fee was 0 XAF. The amount was subject to a discount of 0 XAF and coupons worth . Financial Transaction Id: [PHONE_7245]. External Transaction Id: -. With MoMo, stand a chance to receive up to 25000F by paying your school fees via *126*007#. More info at 8787 or WhatsApp [PHONE_8786]"
USER_9,2023-11-19,11:56:35,MobileMoney,paiement,OUT,1400.0,XAF,3545.0,"Your payment of 1400 XAF to Y-[CONTACT_AD61] ([PHONE_5729]) has been completed at 2023-11-19 11:55:18. Message: . Your new balance: 3545 XAF. Fee was 0 XAF. The amount was subject to a discount of 0 XAF and coupons worth . Financial Transaction Id: [PHONE_2490]. External Transaction Id: -. With MoMo, stand a chance to receive up to 25000F by paying your school fees via *126*007#. More info at 8787 or WhatsApp [PHONE_8786]"
USER_9,2023-11-21,11:21:43,MobileMoney,transaction,OUT,100.0,XAF,1391.0,"Hello, A transaction of 100 XAF by MTNC BUNDLES_FORFAITS   (MTN_Bundles) on your mobile money account successfully completed at 2023-11-21 11:21:17. The amount was subject to a discount of 0 and coupons worth 0. Message from debit receiver: . Your new balance:1391 XAF. Fee was 0 XAF, loyalty fee was 0 and loyalty reward was 0. Financial Transaction Id: [PHONE_8094]. External Transaction Id: 7850139524566997522. With MoMo, stand a chance to receive up to 25000F simply by making a payment of at least 5000F at any merchant point via *126# or MoMo App. More info at 8787"
USER_9,2023-11-22,17:06:00,MobileMoney,paiement,OUT,100.0,XAF,1291.0,"Your payment of 100 XAF to MTNC BUNDLES_FORFAITS has been completed at 2023-11-22 17:04:42. Your new balance: 1291 XAF. Fee was 0 XAF. Message: -. Transaction Id: [PHONE_2074]. With MoMo, stand a chance to receive up to 25000F by making a payment of at least 5.000F in a merchant point via *126#. More info at 8787 or WhatsApp [PHONE_8786]."
USER_9,2023-11-27,19:12:49,MobileMoney,paiement,OUT,200.0,XAF,1091.0,"Your payment of 200 XAF to MTNC AIRTIME has been completed at 2023-11-27 19:12:43. Your new balance: 1091 XAF. Fee was 0 XAF. Message: -. Transaction Id: [PHONE_1375]. With MoMo, stand a chance to receive up to 25000F by making a payment of at least 5.000F in a merchant point via *126#. More info at 8787 or WhatsApp [PHONE_8786]."
USER_9,2023-12-04,11:09:35,MobileMoney,transfert,IN,21000.0,XAF,22091.0,You have received 21000 XAF from [CONTACT_A281] ([PHONE_2115]) on your mobile money account at 2023-12-04 11:09:31. Message from sender: from sodiq. Your new balance:22091 XAF. Fee was: FCFA 0. Financial Transaction Id: [PHONE_0300].
USER_9,2023-12-04,13:52:16,MobileMoney,retrait,OUT,2000.0,XAF,20041.0,"You have successfully withdrawn 2000 XAF from your mobile m[CONTACT_ED2B]ey account at  [CONTACT_ED2B] 2023-12-04 13:51:51. Your new balance:20041 XAF. Financial Transaction Id: [PHONE_2030]. With MoMo, stand a chance to receive up to 25000F simply by paying your school fees via *126*007#. More info at 8787 or WhatsApp [PHONE_8786]."
USER_9,2023-12-08,8:55:44,MobileMoney,retrait,OUT,5000.0,XAF,14941.0,"You have successfully withdrawn 5000 XAF from your mobile m[CONTACT_ED2B]ey account at  [CONTACT_ED2B] 2023-12-08 08:55:20. Your new balance:14941 XAF. Financial Transaction Id: [PHONE_7811]. With MoMo, stand a chance to receive up to 25000F simply by paying your school fees via *126*007#. More info at 8787 or WhatsApp [PHONE_8786]."
USER_9,2023-12-09,13:21:14,MobileMoney,retrait,OUT,2100.0,XAF,12791.0,"You have successfully withdrawn 2100 XAF from your mobile m[CONTACT_ED2B]ey account at  [CONTACT_ED2B] 2023-12-09 13:20:50. Your new balance:12791 XAF. Financial Transaction Id: [PHONE_7687]. With MoMo, stand a chance to receive up to 25000F simply by paying your school fees via *126*007#. More info at 8787 or WhatsApp [PHONE_8786]."
USER_9,2024-01-02,0:55:08,MobileMoney,paiement,OUT,200.0,XAF,18391.0,"Your payment of 200 XAF to MTNC BUNDLES_FORFAITS has been completed at 2024-01-02 00:53:51. Your new balance: 18391 XAF. Fee was 0 XAF. Message: -. Transaction Id: [PHONE_6614]. [CONTACT_1660]! Every week, 10 MILLIONAIRES in all 10 regions of the country and more than 237 winners of 100Kolo. Dial *237# and UNLEASH-it. More info at 8787 or WhatsApp [PHONE_8787]."
USER_9,2024-01-27,10:51:48,MobileMoney,transfert,IN,5100.0,XAF,23491.0,You have received 5100 XAF from Steve Junior Yonkeu Kweya ([PHONE_3206]) on your mobile money account at 2024-01-27 10:51:46. Message from sender: . Your new balance:23491 XAF. Fee was: FCFA 0. Financial Transaction Id: [PHONE_7848].
USER_9,2024-01-30,19:39:45,MobileMoney,paiement,OUT,1000.0,XAF,22491.0,Your payment of 1000 XAF to [CONTACT_491B] 1 ([PHONE_5373]) has been completed at 2024-01-30 19:37:23. Message: . Your new balance: 22491 XAF. Fee was 0 XAF. The amount was subject to a discount of 0 XAF and coupons worth . Financial Transaction Id: [PHONE_3276]. External Transaction Id: -. Unleash the Continent in YOU... 1 [CONTACT_0366] in CASH and in Bonuses. For a bundle or a MoMo payment of at least 237F. Dial *126#. More info at 8787 or WhatsApp [PHONE_8787].
USER_9,2024-03-21,8:30:04,MobileMoney,transaction,OUT,100.0,XAF,4055.0,"Hello, A transaction of 100 XAF by MTNC BUNDLES_FORFAITS   (MTN_Bundles) on your mobile money account successfully completed at 2024-03-21 08:29:30. The amount was subject to a discount of 0 and coupons worth 0. Message from debit receiver: . Your new balance:4055 XAF. Fee was 0 XAF, loyalty fee was 0 and loyalty reward was 0. Financial Transaction Id: [PHONE_7010]. External Transaction Id: 982287912345573128. Enjoy up to 200MB BONUS data by making at least one transaction on MoMo App. Download the app here on onelink.to/8738x9. More info at 8787 or WhatsApp [PHONE_8787]"
USER_9,2024-03-21,10:55:05,MobileMoney,paiement,OUT,100.0,XAF,3955.0,Your payment of 100 XAF to MTNC BUNDLES_FORFAITS has been completed at 2024-03-21 10:54:41. Your new balance: 3955 XAF. Fee was 0 XAF. Message: -. Transaction Id: [PHONE_5491]. Enjoy up to 200MB BONUS data by making at least one transaction on MoMo App. Download the app here on onelink.to/8738x9. More info at 8787 or WhatsApp [PHONE_8787].
USER_9,2024-03-21,14:20:58,MobileMoney,paiement,OUT,100.0,XAF,3855.0,Your payment of 100 XAF to MTNC BUNDLES_FORFAITS has been completed at 2024-03-21 14:19:42. Your new balance: 3855 XAF. Fee was 0 XAF. Message: -. Transaction Id: [PHONE_6232]. Enjoy up to 200MB BONUS data by making at least one transaction on MoMo App. Download the app here on onelink.to/8738x9. More info at 8787 or WhatsApp [PHONE_8787].
USER_9,2024-03-24,2:39:43,MobileMoney,paiement,OUT,200.0,XAF,3655.0,"Your payment of 200 XAF to MTNC BUNDLES_FORFAITS with token  has been completed at 2024-03-24 02:38:26. Your new balance: 3655 XAF. Fee was 0 XAF, loyalty fee was - and loyalty reward was -. The amount was subject to a discount of - and coupons worth -. Message: -. Financial Transaction Id: [PHONE_2963]. External Transaction Id: 1466129945102562522. Provider message: SUCCESS."
USER_9,2024-03-25,0:35:22,MobileMoney,paiement,OUT,200.0,XAF,3455.0,"Your payment of 200 XAF to MTNC BUNDLES_FORFAITS with token  has been completed at 2024-03-25 00:34:04. Your new balance: 3455 XAF. Fee was 0 XAF, loyalty fee was - and loyalty reward was -. The amount was subject to a discount of - and coupons worth -. Message: -. Financial Transaction Id: [PHONE_9467]. External Transaction Id: 2662160159746785532. Provider message: SUCCESS."
USER_9,2024-03-26,8:09:17,MobileMoney,paiement,OUT,250.0,XAF,3205.0,"Your payment of 250 XAF to MTNC BUNDLES_FORFAITS with token  has been completed at 2024-03-26 08:08:58. Your new balance: 3205 XAF. Fee was 0 XAF, loyalty fee was - and loyalty reward was -. The amount was subject to a discount of - and coupons worth -. Message: -. Financial Transaction Id: [PHONE_1545]. External Transaction Id: 107619258112809731. Provider message: SUCCESS."
USER_9,2024-03-26,12:02:16,MobileMoney,paiement,OUT,100.0,XAF,3105.0,"Your payment of 100 XAF to MTNC BUNDLES_FORFAITS with token  has been completed at 2024-03-26 12:01:01. Your new balance: 3105 XAF. Fee was 0 XAF, loyalty fee was - and loyalty reward was -. The amount was subject to a discount of - and coupons worth -. Message: -. Financial Transaction Id: [PHONE_6373]. External Transaction Id: 6401089589336781522. Provider message: SUCCESS."
USER_9,2024-03-27,8:21:28,MobileMoney,paiement,OUT,250.0,XAF,2855.0,"Your payment of 250 XAF to MTNC BUNDLES_FORFAITS with token  has been completed at 2024-03-27 08:20:58. Your new balance: 2855 XAF. Fee was 0 XAF, loyalty fee was - and loyalty reward was -. The amount was subject to a discount of - and coupons worth -. Message: -. Financial Transaction Id: [PHONE_9676]. External Transaction Id: 6377771185007040294. Provider message: SUCCESS."
USER_9,2024-03-27,16:49:10,MobileMoney,transfert,IN,10.0,XAF,2865.0,You have received 10 XAF from Steve Junior Yonkeu Kweya ([PHONE_3206]) on your mobile money account at 2024-03-27 16:49:07. Message from sender: close your eyes and make it 10k dollars. Your new balance:2865 XAF. Financial Transaction Id: [PHONE_6766].
USER_9,2024-03-29,6:33:56,MobileMoney,paiement,OUT,250.0,XAF,2615.0,"Your payment of 250 XAF to MTNC BUNDLES_FORFAITS with token  has been completed at 2024-03-29 06:33:39. Your new balance: 2615 XAF. Fee was 0 XAF, loyalty fee was - and loyalty reward was -. The amount was subject to a discount of - and coupons worth -. Message: -. Financial Transaction Id: [PHONE_8389]. External Transaction Id: 4088200117272040746. Provider message: SUCCESS."
USER_9,2024-03-29,6:49:38,MobileMoney,paiement,OUT,100.0,XAF,2515.0,"Your payment of 100 XAF to MTNC BUNDLES_FORFAITS with token  has been completed at 2024-03-29 06:48:24. Your new balance: 2515 XAF. Fee was 0 XAF, loyalty fee was - and loyalty reward was -. The amount was subject to a discount of - and coupons worth -. Message: -. Financial Transaction Id: [PHONE_1633]. External Transaction Id: 6435506950151744325. Provider message: SUCCESS."
USER_9,2024-03-29,18:19:32,MobileMoney,paiement,OUT,100.0,XAF,2415.0,"Your payment of 100 XAF to MTNC BUNDLES_FORFAITS with token  has been completed at 2024-03-29 18:19:09. Your new balance: 2415 XAF. Fee was 0 XAF, loyalty fee was - and loyalty reward was -. The amount was subject to a discount of - and coupons worth -. Message: -. Financial Transaction Id: [PHONE_2481]. External Transaction Id: 1915630959274218744. Provider message: SUCCESS."
USER_9,2024-03-29,19:21:52,MobileMoney,paiement,OUT,100.0,XAF,2315.0,"Your payment of 100 XAF to MTNC BUNDLES_FORFAITS with token  has been completed at 2024-03-29 19:21:30. Your new balance: 2315 XAF. Fee was 0 XAF, loyalty fee was - and loyalty reward was -. The amount was subject to a discount of - and coupons worth -. Message: -. Financial Transaction Id: [PHONE_5767]. External Transaction Id: 8957420330527078038. Provider message: SUCCESS."
USER_9,2024-03-30,8:01:01,MobileMoney,paiement,OUT,100.0,XAF,2215.0,"Your payment of 100 XAF to MTNC BUNDLES_FORFAITS with token  has been completed at 2024-03-30 08:00:44. Your new balance: 2215 XAF. Fee was 0 XAF, loyalty fee was - and loyalty reward was -. The amount was subject to a discount of - and coupons worth -. Message: -. Financial Transaction Id: [PHONE_3295]. External Transaction Id: 5322932540534738603. Provider message: SUCCESS."
USER_9,2024-04-01,6:55:31,MobileMoney,paiement,OUT,100.0,XAF,2115.0,"Your payment of 100 XAF to MTNC BUNDLES_FORFAITS with token  has been completed at 2024-04-01 06:35:46. Your new balance: 2115 XAF. Fee was 0 XAF, loyalty fee was - and loyalty reward was -. The amount was subject to a discount of - and coupons worth -. Message: -. Financial Transaction Id: [PHONE_6057]. External Transaction Id: 7226294001778518379. Provider message: SUCCESS."
USER_9,2024-04-05,10:32:54,MobileMoney,paiement,OUT,100.0,XAF,2015.0,"Your payment of 100 XAF to MTNC BUNDLES_FORFAITS with token  has been completed at 2024-04-05 10:32:32. Your new balance: 2015 XAF. Fee was 0 XAF, loyalty fee was - and loyalty reward was -. The amount was subject to a discount of - and coupons worth -. Message: -. Financial Transaction Id: [PHONE_9381]. External Transaction Id: 8854396823889333628. Provider message: SUCCESS."
USER_9,2024-06-01,9:25:48,MobileMoney,transfert,IN,30000.0,XAF,32015.0,You have received 30000 XAF from [CONTACT_6151] ([PHONE_6185]) on your mobile money account at 2024-05-31 21:29:09. Message from sender: beer. Your new balance:32015 XAF. Financial Transaction Id: [PHONE_4250].
USER_9,2024-06-02,17:43:49,MobileMoney,paiement,OUT,1300.0,XAF,30715.0,"Your payment of 1300 XAF to MTNC AIRTIME with token  has been completed at 2024-06-02 17:43:44. Your new balance: 30715 XAF. Fee was 0 XAF, loyalty fee was - and loyalty reward was -. The amount was subject to a discount of - and coupons worth -. Message: -. Financial Transaction Id: [PHONE_0576]. External Transaction Id: [PHONE_0576]. Provider message: -."
USER_9,2024-06-09,15:26:15,MobileMoney,transfert,OUT,20000.0,XAF,10625.0,You have transferred 20000 XAF to [CONTACT_F0CA] ([PHONE_8499]) from your mobile money account 80025970 at 2024-06-09 15:26:12. Your new balance: 10625 XAF. Message from sender: 1. Message to receiver: 1. Financial Transaction Id: [PHONE_7684].
USER_9,2024-07-18,1:27:01,MobileMoney,transfert,OUT,3942.0,XAF,60125.0,You have transferred 3942 XAF to beral ASSONFACK yemene ([PHONE_8474]) from your mobile money account 80025970 at 2024-07-18 01:26:59 FEES 58 FCFA. Your new balance: 60125 XAF. Message from sender: watermelon. Message to receiver: watermelon. Financial Transaction Id: [PHONE_9098].
USER_9,2024-07-18,1:41:10,MobileMoney,transfert,OUT,3942.0,XAF,56125.0,You have transferred 3942 XAF to [CONTACT_25A3] ([PHONE_4579]) from your mobile money account 80025970 at 2024-07-18 01:41:07 FEES 58 FCFA. Your new balance: 56125 XAF. Message from sender: watermelon. Message to receiver: watermelon. Financial Transaction Id: [PHONE_2049].
USER_9,2024-07-19,20:07:48,MobileMoney,transfert,OUT,3942.0,XAF,52125.0,You have transferred 3942 XAF to N A [CONTACT_37A5] ([PHONE_8628]) from your mobile money account 80025970 at 2024-07-19 20:07:39 FEES 58 FCFA. Your new balance: 52125 XAF. Message from sender: watermelon. Message to receiver: watermelon. Financial Transaction Id: [PHONE_7347].
USER_9,2024-07-19,20:11:14,MobileMoney,transfert,OUT,3942.0,XAF,48125.0,You have transferred 3942 XAF to [CONTACT_8500] ([PHONE_2025]) from your mobile money account 80025970 at 2024-07-19 20:11:10 FEES 58 FCFA. Your new balance: 48125 XAF. Message from sender: watermelon. Message to receiver: watermelon. Financial Transaction Id: [PHONE_1908].
USER_9,2024-07-20,12:11:02,MobileMoney,transfert,OUT,748.0,XAF,47326.0,You have transferred 748 XAF to [CONTACT_79E1] ([PHONE_4560]) from your mobile money account 80025970 at 2024-07-20 12:10:58 FEES 51 FCFA. Your new balance: 47326 XAF. Message from sender: watermelon. Message to receiver: watermelon. Financial Transaction Id: [PHONE_3623].
USER_9,2024-07-20,12:20:24,MobileMoney,transfert,OUT,748.0,XAF,46527.0,You have transferred 748 XAF to [CONTACT_36E2] ([PHONE_1565]) from your mobile money account 80025970 at 2024-07-20 12:20:19 FEES 51 FCFA. Your new balance: 46527 XAF. Message from sender: watermelon. Message to receiver: watermelon. Financial Transaction Id: [PHONE_9268].
USER_9,2024-08-03,22:52:22,MobileMoney,transfert,OUT,9600.0,XAF,36927.0,You have transferred 9600 XAF to [CONTACT_1719] ([PHONE_6158]) from your mobile money account 80025970 at 2024-08-03 22:52:18 FEES 0 FCFA. Your new balance: 36927 XAF. Message from sender: cash. Message to receiver: cash. Financial Transaction Id: [PHONE_0559].
USER_9,2024-08-03,22:55:20,MobileMoney,paiement,OUT,10000.0,XAF,26927.0,"Hello, A transaction of 10000 XAF by Maealth Tech Payment  ([PHONE_5967]) on your mobile money account successfully completed at 2024-08-03 22:55:16. The amount was subject to a discount of 0 and coupons worth 0. Message from debit receiver: 62256. Your new balance:26927 XAF. Fee was 0 XAF, loyalty fee was 0 and loyalty reward was 0. Financial Transaction Id: [PHONE_0098]. External Transaction Id: Nkwa_payments_62256."
USER_9,2024-08-07,11:54:29,MobileMoney,transfert,OUT,15000.0,XAF,11847.0,"You have transferred 15000 XAF to N A [CONTACT_E69C] ([PHONE_4201]) from your mobile money account 80025970 at 2024-08-07 11:54:26 FEES 80 FCFA. Your new balance: 11847 XAF. Message from sender: unknown. Message to receiver: unknown. Financial Transaction Id: [PHONE_3259]. Enjoy Payments with MoMo at ZERO Fees (Purchases, Bills, MINESEC Tuition Fees) and that's not all.. Stand a chance to win a MoMoSoukoul : A School Bag every 5 minutes, 50,000F every hour or 100,000F every week when making a minimum payment of 2,500F. Info at 8787 or WhatsApp [PHONE_8788]."
USER_9,2024-08-24,14:51:07,MobileMoney,transfert,OUT,10000.0,XAF,1777.0,"You have transferred 10000 XAF to [CONTACT_CF44] ([PHONE_4897]) from your mobile money account 80025970 at 2024-08-24 14:51:04 FEES 70 FCFA. Your new balance: 1777 XAF. Message from sender: boiscarburant. Message to receiver: boiscarburant. Financial Transaction Id: [PHONE_6898]. Enjoy Payments with MoMo at ZERO Fees (Purchases, Bills, MINESEC Tuition Fees) and that's not all.. Stand a chance to win a MoMoSoukoul : A School Bag every 5 minutes, 50,000F every hour or 100,000F every week when making a minimum payment of 2,500F. Info at 8787 or WhatsApp [PHONE_8788]."
USER_9,2024-09-01,14:47:41,MobileMoney,transaction,OUT,250.0,XAF,1327.0,"Hello, A transaction of 250 XAF by MTNC BUNDLES_FORFAITS   (MTN_Bundles) on your mobile money account successfully completed at 2024-09-01 14:47:16. The amount was subject to a discount of 0 and coupons worth 0. Message from debit receiver: . Your new balance:1327 XAF. Fee was 0 XAF, loyalty fee was 0 and loyalty reward was 0. Financial Transaction Id: [PHONE_2290]. External Transaction Id: 2426294080371571615. Enjoy Payments with MoMo at ZERO Fees (Purchases, Bills, MINESEC Tuition Fees) and that's not all.. Stand a chance to win a MoMoSoukoul : A School Bag every 5 minutes, 50,000F every hour or 100,000F every week when making a minimum payment of 2,500F. Info at 8787 or WhatsApp [PHONE_8788]."
USER_9,2024-09-02,0:02:09,MobileMoney,paiement,OUT,200.0,XAF,1127.0,"Your payment of 200 XAF to MTNC BUNDLES_FORFAITS with token  has been completed at 2024-09-02 00:02:08. Your new balance: 1127 XAF. Fee was 0 XAF, loyalty fee was - and loyalty reward was -. The amount was subject to a discount of - and coupons worth -. Message: -. Financial Transaction Id: [PHONE_6829]. External Transaction Id: 8483728515999172360. Provider message: SUCCESS. Enjoy Payments with MoMo at ZERO Fees (Purchases, Bills, MINESEC Tuition Fees) and that's not all.. Stand a chance to win a MoMoSoukoul : A School Bag every 5 minutes, 50,000F every hour or 100,000F every week when making a minimum payment of 2,500F. Info at 8787 or WhatsApp [PHONE_8788]."
USER_9,2024-09-02,1:32:19,MobileMoney,paiement,OUT,200.0,XAF,927.0,"Your payment of 200 XAF to MTNC BUNDLES_FORFAITS with token  has been completed at 2024-09-02 01:32:17. Your new balance: 927 XAF. Fee was 0 XAF, loyalty fee was - and loyalty reward was -. The amount was subject to a discount of - and coupons worth -. Message: -. Financial Transaction Id: [PHONE_5798]. External Transaction Id: 3526604156604863271. Provider message: SUCCESS. Enjoy Payments with MoMo at ZERO Fees (Purchases, Bills, MINESEC Tuition Fees) and that's not all.. Stand a chance to win a MoMoSoukoul : A School Bag every 5 minutes, 50,000F every hour or 100,000F every week when making a minimum payment of 2,500F. Info at 8787 or WhatsApp [PHONE_8788]."
USER_9,2024-09-10,0:02:29,MobileMoney,paiement,OUT,200.0,XAF,527.0,"Your payment of 200 XAF to MTNC BUNDLES_FORFAITS with token  has been completed at 2024-09-10 00:01:10. Your new balance: 527 XAF. Fee was 0 XAF, loyalty fee was - and loyalty reward was -. The amount was subject to a discount of - and coupons worth -. Message: -. Financial Transaction Id: [PHONE_8789]. External Transaction Id: 920337829930765587. Provider message: SUCCESS. Enjoy Payments with MoMo at ZERO Fees (Purchases, Bills, MINESEC Tuition Fees) and that's not all.. Stand a chance to win a MoMoSoukoul : A School Bag every 5 minutes, 50,000F every hour or 100,000F every week when making a minimum payment of 2,500F. Info at 8787 or WhatsApp [PHONE_8788]."
USER_9,2024-10-06,0:01:48,MobileMoney,paiement,OUT,200.0,XAF,377.0,"Your payment of 200 XAF to MTNC BUNDLES_FORFAITS with token  has been completed at 2024-10-06 00:01:45. Your new balance: 377 XAF. Fee was 0 XAF, loyalty fee was - and loyalty reward was -. The amount was subject to a discount of - and coupons worth -. Message: -. Financial Transaction Id: [PHONE_4866]. External Transaction Id: 3670982199893131927. Provider message: SUCCESS. Enjoy Payments with MoMo at ZERO Fees (Purchases, Bills, MINESEC Tuition Fees) and that's not all.. Stand a chance to win a MoMoSoukoul : A School Bag every 5 minutes, 50,000F every hour or 100,000F every week when making a minimum payment of 2,500F. Info at 8787 or WhatsApp [PHONE_8788]."
USER_9,2024-10-11,0:38:14,MobileMoney,paiement,OUT,200.0,XAF,177.0,"Your payment of 200 XAF to MTNC BUNDLES_FORFAITS with token  has been completed at 2024-10-11 00:36:55. Your new balance: 177 XAF. Fee was 0 XAF, loyalty fee was - and loyalty reward was -. The amount was subject to a discount of - and coupons worth -. Message: -. Financial Transaction Id: [PHONE_5224]. External Transaction Id: 3679454512527111031. Provider message: SUCCESS. Enjoy Payments with MoMo at ZERO Fees (Purchases, Bills, MINESEC Tuition Fees) and that's not all.. Stand a chance to win a MoMoSoukoul : A School Bag every 5 minutes, 50,000F every hour or 100,000F every week when making a minimum payment of 2,500F. Info at 8787 or WhatsApp [PHONE_8788]."
USER_9,2024-11-19,19:03:08,MobileMoney,paiement,OUT,2000.0,XAF,1027.0,"Your payment of 2000 XAF to ENEO has been completed at 2024-11-19 18:55:18. Your new balance: 1027 XAF. Fee was 100 XAF. Message: -. Transaction Id: [PHONE_9615]. MoMo cuts prices for its customers! From now on, 25% off all your withdrawals. Go to your MoMo point of sale. More info on 8787 or WhatsApp [PHONE_8787]"
USER_9,2024-12-28,2:03:55,MobileMoney,retrait,OUT,200.0,XAF,927.0,"Your payment of 200 XAF to MTNC BUNDLES_FORFAITS has been completed at 2024-12-28 02:03:37. Your new balance: 927 XAF. Fee was 0 XAF. Message: -. Transaction Id: [PHONE_8280]. Congratulations you are eligible to win one of our 237 VEHICLES. Multiply your chances with any other MoMo Transactions of Min 5,237F. Dial *126#. Remember Cash Out fees are less 25%. Info at 8787 or WhatsApp [PHONE_8787]"
USER_9,2024-12-28,2:11:36,MobileMoney,retrait,OUT,200.0,XAF,727.0,"Your payment of 200 XAF to MTNC BUNDLES_FORFAITS has been completed at 2024-12-28 02:11:34. Your new balance: 727 XAF. Fee was 0 XAF. Message: -. Transaction Id: [PHONE_6444]. Congratulations you are eligible to win one of our 237 VEHICLES. Multiply your chances with any other MoMo Transactions of Min 5,237F. Dial *126#. Remember Cash Out fees are less 25%. Info at 8787 or WhatsApp [PHONE_8787]"
USER_9,2025-01-15,4:42:32,MobileMoney,retrait,OUT,200.0,XAF,41027.0,"Your payment of 200 XAF to MTNC BUNDLES_FORFAITS has been completed at 2025-01-15 04:40:14. Your new balance: 41027 XAF. Fee was 0 XAF. Message: -. Transaction Id: [PHONE_8863]. Congratulations you are eligible to win one of our 237 VEHICLES. Multiply your chances with any other MoMo Transactions of Min 5,237F. Dial *126#. Remember Cash Out fees are less 25%. Info at 8787 or WhatsApp [PHONE_8787]"
USER_9,2025-01-15,4:49:54,MobileMoney,retrait,OUT,200.0,XAF,40827.0,"Your payment of 200 XAF to MTNC BUNDLES_FORFAITS has been completed at 2025-01-15 04:49:36. Your new balance: 40827 XAF. Fee was 0 XAF. Message: -. Transaction Id: [PHONE_3436]. Congratulations you are eligible to win one of our 237 VEHICLES. Multiply your chances with any other MoMo Transactions of Min 5,237F. Dial *126#. Remember Cash Out fees are less 25%. Info at 8787 or WhatsApp [PHONE_8787]"
USER_9,2025-01-16,2:13:59,MobileMoney,retrait,OUT,200.0,XAF,40627.0,"Your payment of 200 XAF to MTNC BUNDLES_FORFAITS has been completed at 2025-01-16 02:13:40. Your new balance: 40627 XAF. Fee was 0 XAF. Message: -. Transaction Id: [PHONE_0672]. Congratulations you are eligible to win one of our 237 VEHICLES. Multiply your chances with any other MoMo Transactions of Min 5,237F. Dial *126#. Remember Cash Out fees are less 25%. Info at 8787 or WhatsApp [PHONE_8787]"
USER_9,2025-01-16,2:47:03,MobileMoney,retrait,OUT,200.0,XAF,40427.0,"Your payment of 200 XAF to MTNC BUNDLES_FORFAITS has been completed at 2025-01-16 02:47:00. Your new balance: 40427 XAF. Fee was 0 XAF. Message: -. Transaction Id: [PHONE_2538]. Congratulations you are eligible to win one of our 237 VEHICLES. Multiply your chances with any other MoMo Transactions of Min 5,237F. Dial *126#. Remember Cash Out fees are less 25%. Info at 8787 or WhatsApp [PHONE_8787]"
USER_9,2025-01-18,21:38:22,MobileMoney,transaction,OUT,100.0,XAF,40327.0,"A transaction of 100 XAF by MTNC BUNDLES_FORFAITS   (MTN_Bundles) on your mobile money account successfully completed at 2025-01-18 21:38:08. The amount was subject to a discount of 0 and coupons worth 0. Message from debit receiver: . Your new balance:40327 XAF. Fee was 0 XAF, loyalty fee was 0 and loyalty reward was 0. Financial Transaction Id: [PHONE_3328]. External Transaction Id: 5663614383579898560. Law of Finance for 2025: Transfer and withdrawal fees include a 0.2% tax on the transaction amount, plus now a fixed fee of 4 FCFA per transaction. More information at 8787."
USER_9,2025-01-20,11:25:35,MobileMoney,transfert,OUT,4.0,FCFA,35267.0,"You have transferred 5000 XAF to [CONTACT_67E8] ([PHONE_2388]) from your mobile money account 80025970 at 2025-01-20 11:25:32 FEES 60 FCFA. Your new balance: 35267 XAF. Message from sender: urgent. Message to receiver: urgent. Financial Transaction Id: [PHONE_4303]. Law of Finance for 2025: Transfer and withdrawal fees include a 0.2% tax on the transaction amount, plus now a fixed fee of 4 FCFA per transaction. More information at 8787."
USER_9,2025-01-21,2:28:15,MobileMoney,retrait,OUT,200.0,XAF,40167.0,"Your payment of 200 XAF to MTNC BUNDLES_FORFAITS has been completed at 2025-01-21 02:27:57. Your new balance: 40167 XAF. Fee was 0 XAF. Message: -. Transaction Id: [PHONE_1182]. Congratulations you are eligible to win one of our 237 VEHICLES. Multiply your chances with any other MoMo Transactions of Min 5,237F. Dial *126#. Remember Cash Out fees are less 25%. Info at 8787 or WhatsApp [PHONE_8787]"
USER_9,2025-01-21,3:34:39,MobileMoney,retrait,OUT,200.0,XAF,39967.0,"Your payment of 200 XAF to MTNC BUNDLES_FORFAITS has been completed at 2025-01-21 03:34:35. Your new balance: 39967 XAF. Fee was 0 XAF. Message: -. Transaction Id: [PHONE_2243]. Congratulations you are eligible to win one of our 237 VEHICLES. Multiply your chances with any other MoMo Transactions of Min 5,237F. Dial *126#. Remember Cash Out fees are less 25%. Info at 8787 or WhatsApp [PHONE_8787]"
USER_9,2025-01-21,17:27:40,MobileMoney,transfert,OUT,4.0,FCFA,24887.0,"You have transferred 15000 XAF to [CONTACT_3440] ([PHONE_3404]) from your mobile money account 80025970 at 2025-01-21 17:27:36 FEES 80 FCFA. Your new balance: 24887 XAF. Message from sender: nolimit. Message to receiver: nolimit. Financial Transaction Id: [PHONE_2016]. Law of Finance for 2025: Transfer and withdrawal fees include a 0.2% tax on the transaction amount, plus now a fixed fee of 4 FCFA per transaction. More information at 8787."
USER_9,2025-02-03,3:21:52,MobileMoney,retrait,OUT,200.0,XAF,24687.0,"Your payment of 200 XAF to MTNC BUNDLES_FORFAITS has been completed at 2025-02-03 03:21:34. Your new balance: 24687 XAF. Fee was 0 XAF. Message: -. Transaction Id: [PHONE_7536]. Congratulations you are eligible to win one of our 237 VEHICLES. Multiply your chances with any other MoMo Transactions of Min 5,237F. Dial *126#. Remember Cash Out fees are less 25%. Info at 8787 or WhatsApp [PHONE_8787]"
USER_9,2025-02-03,12:05:46,MobileMoney,transfert,OUT,4.0,FCFA,22633.0,"You have transferred 2000 XAF to [CONTACT_1435] ([PHONE_6899]) from your mobile money account 80025970 at 2025-02-03 12:05:40 FEES 54 FCFA. Your new balance: 22633 XAF. Message from sender: urgent. Message to receiver: urgent. Financial Transaction Id: [PHONE_4811]. Law of Finance for 2025: Transfer and withdrawal fees include a 0.2% tax on the transaction amount, plus now a fixed fee of 4 FCFA per transaction. More information at 8787."
USER_9,2025-02-04,1:03:10,MobileMoney,retrait,OUT,200.0,XAF,22433.0,"Your payment of 200 XAF to MTNC BUNDLES_FORFAITS has been completed at 2025-02-04 01:02:53. Your new balance: 22433 XAF. Fee was 0 XAF. Message: -. Transaction Id: [PHONE_5034]. Congratulations you are eligible to win one of our 237 VEHICLES. Multiply your chances with any other MoMo Transactions of Min 5,237F. Dial *126#. Remember Cash Out fees are less 25%. Info at 8787 or WhatsApp [PHONE_8787]"
USER_9,2025-02-08,19:44:27,MobileMoney,transfert,OUT,4.0,FCFA,21177.0,"You have transferred 1000 XAF to [CONTACT_7453] ([PHONE_3986]) from your mobile money account 80025970 at 2025-02-08 19:44:22 FEES 56 FCFA. Your new balance: 21177 XAF. Message from sender: farotage. Message to receiver: farotage. Financial Transaction Id: [PHONE_4499]. Law of Finance for 2025: Transfer and withdrawal fees include a 0.2% tax on the transaction amount, plus now a fixed fee of 4 FCFA per transaction. More information at 8787."
USER_9,2025-02-13,1:01:43,MobileMoney,retrait,OUT,200.0,XAF,20977.0,"Your payment of 200 XAF to MTNC BUNDLES_FORFAITS has been completed at 2025-02-13 01:01:26. Your new balance: 20977 XAF. Fee was 0 XAF. Message: -. Transaction Id: [PHONE_4673]. Congratulations you are eligible to win one of our 237 VEHICLES. Multiply your chances with any other MoMo Transactions of Min 5,237F. Dial *126#. Remember Cash Out fees are less 25%. Info at 8787 or WhatsApp [PHONE_8787]"
USER_9,2025-02-13,1:44:34,MobileMoney,retrait,OUT,200.0,XAF,20777.0,"Your payment of 200 XAF to MTNC BUNDLES_FORFAITS has been completed at 2025-02-13 01:44:17. Your new balance: 20777 XAF. Fee was 0 XAF. Message: -. Transaction Id: [PHONE_0928]. Congratulations you are eligible to win one of our 237 VEHICLES. Multiply your chances with any other MoMo Transactions of Min 5,237F. Dial *126#. Remember Cash Out fees are less 25%. Info at 8787 or WhatsApp [PHONE_8787]"
USER_9,2025-02-18,1:59:22,MobileMoney,transaction,OUT,1550.0,XAF,19227.0,"A transaction of 1550 XAF by Maviance cash collection  ([PHONE_1029]) on your mobile money account successfully completed at 2025-02-18 01:59:18. The amount was subject to a discount of 0 and coupons worth 0. Message from debit receiver: . Your new balance:19227 XAF. Fee was 0 XAF, loyalty fee was 0 and loyalty reward was 0. Financial Transaction Id: [PHONE_4676]. External Transaction Id: 99999173984034800097942127972437. Law of Finance for 2025: Transfer and withdrawal fees include a 0.2% tax on the transaction amount, plus now a fixed fee of 4 FCFA per transaction. More information at 8787."
USER_9,2025-02-18,2:05:34,MobileMoney,transaction,OUT,850.0,XAF,18323.0,"A transaction of 850 XAF by Maviance  ([PHONE_1013]) on your mobile money account successfully completed at 2025-02-18 02:05:30. The amount was subject to a discount of 0 and coupons worth 0. Message from debit receiver: . Your new balance:18323 XAF. Fee was 54 XAF, loyalty fee was 0 and loyalty reward was 0. Financial Transaction Id: [PHONE_9352]. External Transaction Id: 99999173984071900077409079013749. Law of Finance for 2025: Transfer and withdrawal fees include a 0.2% tax on the transaction amount, plus now a fixed fee of 4 FCFA per transaction. More information at 8787."
USER_9,2025-02-21,18:32:55,MobileMoney,transaction,OUT,100.0,XAF,18223.0,"A transaction of 100 XAF by MTNC BUNDLES_FORFAITS   (MTN_Bundles) on your mobile money account successfully completed at 2025-02-21 18:32:52. The amount was subject to a discount of 0 and coupons worth 0. Message from debit receiver: . Your new balance:18223 XAF. Fee was 0 XAF, loyalty fee was 0 and loyalty reward was 0. Financial Transaction Id: [PHONE_6247]. External Transaction Id: 8840796333399360237. Law of Finance for 2025: Transfer and withdrawal fees include a 0.2% tax on the transaction amount, plus now a fixed fee of 4 FCFA per transaction. More information at 8787."
USER_9,2025-02-22,0:32:18,MobileMoney,retrait,OUT,200.0,XAF,18023.0,"Your payment of 200 XAF to MTNC BUNDLES_FORFAITS has been completed at 2025-02-22 00:30:27. Your new balance: 18023 XAF. Fee was 0 XAF. Message: -. Transaction Id: [PHONE_5608]. Congratulations you are eligible to win one of our 237 VEHICLES. Multiply your chances with any other MoMo Transactions of Min 5,237F. Dial *126#. Remember Cash Out fees are less 25%. Info at 8787 or WhatsApp [PHONE_8787]"
USER_9,2025-02-22,8:43:25,MobileMoney,retrait,OUT,100.0,XAF,17923.0,"Your payment of 100 XAF to MTNC BUNDLES_FORFAITS has been completed at 2025-02-22 08:43:06. Your new balance: 17923 XAF. Fee was 0 XAF. Message: -. Transaction Id: [PHONE_9562]. Congratulations you are eligible to win one of our 237 VEHICLES. Multiply your chances with any other MoMo Transactions of Min 5,237F. Dial *126#. Remember Cash Out fees are less 25%. Info at 8787 or WhatsApp [PHONE_8787]"
USER_9,2025-02-24,7:13:10,MobileMoney,retrait,OUT,100.0,XAF,17823.0,"Your payment of 100 XAF to MTNC BUNDLES_FORFAITS has been completed at 2025-02-24 07:12:52. Your new balance: 17823 XAF. Fee was 0 XAF. Message: -. Transaction Id: [PHONE_3536]. Congratulations you are eligible to win one of our 237 VEHICLES. Multiply your chances with any other MoMo Transactions of Min 5,237F. Dial *126#. Remember Cash Out fees are less 25%. Info at 8787 or WhatsApp [PHONE_8787]"
USER_9,2025-02-25,0:02:39,MobileMoney,retrait,OUT,200.0,XAF,17623.0,"Your payment of 200 XAF to MTNC BUNDLES_FORFAITS has been completed at 2025-02-25 00:02:20. Your new balance: 17623 XAF. Fee was 0 XAF. Message: -. Transaction Id: [PHONE_4494]. Congratulations you are eligible to win one of our 237 VEHICLES. Multiply your chances with any other MoMo Transactions of Min 5,237F. Dial *126#. Remember Cash Out fees are less 25%. Info at 8787 or WhatsApp [PHONE_8787]"
USER_9,2025-02-25,5:46:26,MobileMoney,retrait,OUT,200.0,XAF,17423.0,"Your payment of 200 XAF to MTNC BUNDLES_FORFAITS has been completed at 2025-02-25 05:46:07. Your new balance: 17423 XAF. Fee was 0 XAF. Message: -. Transaction Id: [PHONE_4568]. Congratulations you are eligible to win one of our 237 VEHICLES. Multiply your chances with any other MoMo Transactions of Min 5,237F. Dial *126#. Remember Cash Out fees are less 25%. Info at 8787 or WhatsApp [PHONE_8787]"
USER_9,2025-02-25,7:25:13,MobileMoney,retrait,OUT,100.0,XAF,17323.0,"Your payment of 100 XAF to MTNC BUNDLES_FORFAITS has been completed at 2025-02-25 07:24:54. Your new balance: 17323 XAF. Fee was 0 XAF. Message: -. Transaction Id: [PHONE_2071]. Congratulations you are eligible to win one of our 237 VEHICLES. Multiply your chances with any other MoMo Transactions of Min 5,237F. Dial *126#. Remember Cash Out fees are less 25%. Info at 8787 or WhatsApp [PHONE_8787]"
USER_9,2025-02-25,20:10:35,MobileMoney,retrait,OUT,100.0,XAF,17223.0,"Your payment of 100 XAF to MTNC BUNDLES_FORFAITS has been completed at 2025-02-25 20:10:19. Your new balance: 17223 XAF. Fee was 0 XAF. Message: -. Transaction Id: [PHONE_9272]. Congratulations you are eligible to win one of our 237 VEHICLES. Multiply your chances with any other MoMo Transactions of Min 5,237F. Dial *126#. Remember Cash Out fees are less 25%. Info at 8787 or WhatsApp [PHONE_8787]"
USER_9,2025-02-26,5:42:43,MobileMoney,retrait,OUT,100.0,XAF,17123.0,"Your payment of 100 XAF to MTNC BUNDLES_FORFAITS has been completed at 2025-02-26 05:42:25. Your new balance: 17123 XAF. Fee was 0 XAF. Message: -. Transaction Id: [PHONE_6805]. Congratulations you are eligible to win one of our 237 VEHICLES. Multiply your chances with any other MoMo Transactions of Min 5,237F. Dial *126#. Remember Cash Out fees are less 25%. Info at 8787 or WhatsApp [PHONE_8787]"
USER_9,2025-02-27,22:36:59,MobileMoney,transfert,OUT,4.0,FCFA,16919.0,"You have transferred 150 XAF to [CONTACT_F62A] ([PHONE_8985]) from your mobile money account 80025970 at 2025-02-27 22:36:56 FEES 54 FCFA. Your new balance: 16919 XAF. Message from sender: urgent. Message to receiver: urgent. Financial Transaction Id: [PHONE_8709]. Law of Finance for 2025: Transfer and withdrawal fees include a 0.2% tax on the transaction amount, plus now a fixed fee of 4 FCFA per transaction. More information at 8787."
USER_9,2025-02-28,0:20:23,MobileMoney,retrait,OUT,200.0,XAF,16719.0,"Your payment of 200 XAF to MTNC BUNDLES_FORFAITS has been completed at 2025-02-28 00:20:05. Your new balance: 16719 XAF. Fee was 0 XAF. Message: -. Transaction Id: [PHONE_5144]. Congratulations you are eligible to win one of our 237 VEHICLES. Multiply your chances with any other MoMo Transactions of Min 5,237F. Dial *126#. Remember Cash Out fees are less 25%. Info at 8787 or WhatsApp [PHONE_8787]"
USER_9,2025-03-01,0:17:41,MobileMoney,retrait,OUT,200.0,XAF,16519.0,"Your payment of 200 XAF to MTNC BUNDLES_FORFAITS has been completed at 2025-03-01 00:17:30. Your new balance: 16519 XAF. Fee was 0 XAF. Message: -. Transaction Id: [PHONE_4097]. Congratulations you are eligible to win one of our 237 VEHICLES. Multiply your chances with any other MoMo Transactions of Min 5,237F. Dial *126#. Remember Cash Out fees are less 25%. Info at 8787 or WhatsApp [PHONE_8787]"
USER_9,2025-03-01,8:08:15,MobileMoney,retrait,OUT,100.0,XAF,16419.0,"Your payment of 100 XAF to MTNC BUNDLES_FORFAITS has been completed at 2025-03-01 08:07:58. Your new balance: 16419 XAF. Fee was 0 XAF. Message: -. Transaction Id: [PHONE_3819]. Congratulations you are eligible to win one of our 237 VEHICLES. Multiply your chances with any other MoMo Transactions of Min 5,237F. Dial *126#. Remember Cash Out fees are less 25%. Info at 8787 or WhatsApp [PHONE_8787]"
USER_9,2025-03-03,6:53:16,MobileMoney,retrait,OUT,100.0,XAF,16319.0,"Your payment of 100 XAF to MTNC BUNDLES_FORFAITS has been completed at 2025-03-03 06:51:31. Your new balance: 16319 XAF. Fee was 0 XAF. Message: -. Transaction Id: [PHONE_0882]. Congratulations you are eligible to win one of our 237 VEHICLES. Multiply your chances with any other MoMo Transactions of Min 5,237F. Dial *126#. Remember Cash Out fees are less 25%. Info at 8787 or WhatsApp [PHONE_8787]"
USER_9,2025-03-03,9:03:49,MobileMoney,retrait,OUT,100.0,XAF,16219.0,"Your payment of 100 XAF to MTNC BUNDLES_FORFAITS has been completed at 2025-03-03 09:03:38. Your new balance: 16219 XAF. Fee was 0 XAF. Message: -. Transaction Id: [PHONE_5571]. Congratulations you are eligible to win one of our 237 VEHICLES. Multiply your chances with any other MoMo Transactions of Min 5,237F. Dial *126#. Remember Cash Out fees are less 25%. Info at 8787 or WhatsApp [PHONE_8787]"
USER_9,2025-03-04,6:55:35,MobileMoney,retrait,OUT,100.0,XAF,16119.0,"Your payment of 100 XAF to MTNC BUNDLES_FORFAITS has been completed at 2025-03-04 06:53:16. Your new balance: 16119 XAF. Fee was 0 XAF. Message: -. Transaction Id: [PHONE_5518]. Congratulations you are eligible to win one of our 237 VEHICLES. Multiply your chances with any other MoMo Transactions of Min 5,237F. Dial *126#. Remember Cash Out fees are less 25%. Info at 8787 or WhatsApp [PHONE_8787]"
USER_9,2025-03-04,7:27:15,MobileMoney,retrait,OUT,100.0,XAF,16019.0,"Your payment of 100 XAF to MTNC BUNDLES_FORFAITS has been completed at 2025-03-04 07:27:03. Your new balance: 16019 XAF. Fee was 0 XAF. Message: -. Transaction Id: [PHONE_4300]. Congratulations you are eligible to win one of our 237 VEHICLES. Multiply your chances with any other MoMo Transactions of Min 5,237F. Dial *126#. Remember Cash Out fees are less 25%. Info at 8787 or WhatsApp [PHONE_8787]"
USER_9,2025-03-04,9:07:26,MobileMoney,retrait,OUT,100.0,XAF,15919.0,"Your payment of 100 XAF to MTNC BUNDLES_FORFAITS has been completed at 2025-03-04 09:07:10. Your new balance: 15919 XAF. Fee was 0 XAF. Message: -. Transaction Id: [PHONE_1464]. Congratulations you are eligible to win one of our 237 VEHICLES. Multiply your chances with any other MoMo Transactions of Min 5,237F. Dial *126#. Remember Cash Out fees are less 25%. Info at 8787 or WhatsApp [PHONE_8787]"
USER_9,2025-03-04,11:06:33,MobileMoney,retrait,OUT,125.0,XAF,15794.0,"Your payment of 125 XAF to MTNC BUNDLES_FORFAITS has been completed at 2025-03-04 11:06:16. Your new balance: 15794 XAF. Fee was 0 XAF. Message: -. Transaction Id: [PHONE_7019]. Congratulations you are eligible to win one of our 237 VEHICLES. Multiply your chances with any other MoMo Transactions of Min 5,237F. Dial *126#. Remember Cash Out fees are less 25%. Info at 8787 or WhatsApp [PHONE_8787]"
USER_9,2025-03-04,22:36:27,MobileMoney,retrait,OUT,125.0,XAF,15669.0,"Your payment of 125 XAF to MTNC BUNDLES_FORFAITS has been completed at 2025-03-04 22:36:10. Your new balance: 15669 XAF. Fee was 0 XAF. Message: -. Transaction Id: [PHONE_1786]. Congratulations you are eligible to win one of our 237 VEHICLES. Multiply your chances with any other MoMo Transactions of Min 5,237F. Dial *126#. Remember Cash Out fees are less 25%. Info at 8787 or WhatsApp [PHONE_8787]"
USER_9,2025-03-05,0:05:30,MobileMoney,retrait,OUT,200.0,XAF,15469.0,"Your payment of 200 XAF to MTNC BUNDLES_FORFAITS has been completed at 2025-03-05 00:05:01. Your new balance: 15469 XAF. Fee was 0 XAF. Message: -. Transaction Id: [PHONE_3566]. Congratulations you are eligible to win one of our 237 VEHICLES. Multiply your chances with any other MoMo Transactions of Min 5,237F. Dial *126#. Remember Cash Out fees are less 25%. Info at 8787 or WhatsApp [PHONE_8787]"
USER_9,2025-03-05,3:57:38,MobileMoney,retrait,OUT,200.0,XAF,15269.0,"Your payment of 200 XAF to MTNC BUNDLES_FORFAITS has been completed at 2025-03-05 03:57:21. Your new balance: 15269 XAF. Fee was 0 XAF. Message: -. Transaction Id: [PHONE_2182]. Congratulations you are eligible to win one of our 237 VEHICLES. Multiply your chances with any other MoMo Transactions of Min 5,237F. Dial *126#. Remember Cash Out fees are less 25%. Info at 8787 or WhatsApp [PHONE_8787]"
USER_9,2025-03-07,0:36:02,MobileMoney,retrait,OUT,200.0,XAF,15069.0,"Your payment of 200 XAF to MTNC BUNDLES_FORFAITS has been completed at 2025-03-07 00:35:09. Your new balance: 15069 XAF. Fee was 0 XAF. Message: -. Transaction Id: [PHONE_3170]. Congratulations you are eligible to win one of our 237 VEHICLES. Multiply your chances with any other MoMo Transactions of Min 5,237F. Dial *126#. Remember Cash Out fees are less 25%. Info at 8787 or WhatsApp [PHONE_8787]"
USER_9,2025-03-08,0:07:24,MobileMoney,retrait,OUT,200.0,XAF,14869.0,"Your payment of 200 XAF to MTNC BUNDLES_FORFAITS has been completed at 2025-03-08 00:07:06. Your new balance: 14869 XAF. Fee was 0 XAF. Message: -. Transaction Id: [PHONE_6551]. Congratulations you are eligible to win one of our 237 VEHICLES. Multiply your chances with any other MoMo Transactions of Min 5,237F. Dial *126#. Remember Cash Out fees are less 25%. Info at 8787 or WhatsApp [PHONE_8787]"
USER_9,2025-03-09,1:04:13,MobileMoney,retrait,OUT,200.0,XAF,14669.0,"Your payment of 200 XAF to MTNC BUNDLES_FORFAITS has been completed at 2025-03-09 01:03:56. Your new balance: 14669 XAF. Fee was 0 XAF. Message: -. Transaction Id: [PHONE_4442]. Congratulations you are eligible to win one of our 237 VEHICLES. Multiply your chances with any other MoMo Transactions of Min 5,237F. Dial *126#. Remember Cash Out fees are less 25%. Info at 8787 or WhatsApp [PHONE_8787]"
USER_9,2025-03-10,0:27:46,MobileMoney,retrait,OUT,200.0,XAF,14469.0,"Your payment of 200 XAF to MTNC BUNDLES_FORFAITS has been completed at 2025-03-10 00:27:28. Your new balance: 14469 XAF. Fee was 0 XAF. Message: -. Transaction Id: [PHONE_9129]. Congratulations you are eligible to win one of our 237 VEHICLES. Multiply your chances with any other MoMo Transactions of Min 5,237F. Dial *126#. Remember Cash Out fees are less 25%. Info at 8787 or WhatsApp [PHONE_8787]"
USER_9,2025-03-11,10:15:09,MobileMoney,retrait,OUT,125.0,XAF,14344.0,"Your payment of 125 XAF to MTNC BUNDLES_FORFAITS has been completed at 2025-03-11 10:14:41. Your new balance: 14344 XAF. Fee was 0 XAF. Message: -. Transaction Id: [PHONE_8358]. Congratulations you are eligible to win one of our 237 VEHICLES. Multiply your chances with any other MoMo Transactions of Min 5,237F. Dial *126#. Remember Cash Out fees are less 25%. Info at 8787 or WhatsApp [PHONE_8787]"
USER_9,2025-03-12,0:33:02,MobileMoney,retrait,OUT,200.0,XAF,14144.0,"Your payment of 200 XAF to MTNC BUNDLES_FORFAITS has been completed at 2025-03-12 00:32:45. Your new balance: 14144 XAF. Fee was 0 XAF. Message: -. Transaction Id: [PHONE_7194]. Congratulations you are eligible to win one of our 237 VEHICLES. Multiply your chances with any other MoMo Transactions of Min 5,237F. Dial *126#. Remember Cash Out fees are less 25%. Info at 8787 or WhatsApp [PHONE_8787]"
USER_9,2025-03-12,7:11:46,MobileMoney,retrait,OUT,125.0,XAF,14019.0,"Your payment of 125 XAF to MTNC BUNDLES_FORFAITS has been completed at 2025-03-12 07:11:29. Your new balance: 14019 XAF. Fee was 0 XAF. Message: -. Transaction Id: [PHONE_0742]. Congratulations you are eligible to win one of our 237 VEHICLES. Multiply your chances with any other MoMo Transactions of Min 5,237F. Dial *126#. Remember Cash Out fees are less 25%. Info at 8787 or WhatsApp [PHONE_8787]"
USER_9,2025-03-13,6:56:30,MobileMoney,retrait,OUT,125.0,XAF,13894.0,"Your payment of 125 XAF to MTNC BUNDLES_FORFAITS has been completed at 2025-03-13 06:56:12. Your new balance: 13894 XAF. Fee was 0 XAF. Message: -. Transaction Id: [PHONE_9390]. Congratulations you are eligible to win one of our 237 VEHICLES. Multiply your chances with any other MoMo Transactions of Min 5,237F. Dial *126#. Remember Cash Out fees are less 25%. Info at 8787 or WhatsApp [PHONE_8787]"
USER_9,2025-03-14,0:02:16,MobileMoney,retrait,OUT,200.0,XAF,13694.0,"Your payment of 200 XAF to MTNC BUNDLES_FORFAITS has been completed at 2025-03-14 00:01:59. Your new balance: 13694 XAF. Fee was 0 XAF. Message: -. Transaction Id: [PHONE_5750]. Congratulations you are eligible to win one of our 237 VEHICLES. Multiply your chances with any other MoMo Transactions of Min 5,237F. Dial *126#. Remember Cash Out fees are less 25%. Info at 8787 or WhatsApp [PHONE_8787]"
USER_9,2025-03-14,0:52:26,MobileMoney,retrait,OUT,200.0,XAF,13494.0,"Your payment of 200 XAF to MTNC BUNDLES_FORFAITS has been completed at 2025-03-14 00:52:09. Your new balance: 13494 XAF. Fee was 0 XAF. Message: -. Transaction Id: [PHONE_6697]. Congratulations you are eligible to win one of our 237 VEHICLES. Multiply your chances with any other MoMo Transactions of Min 5,237F. Dial *126#. Remember Cash Out fees are less 25%. Info at 8787 or WhatsApp [PHONE_8787]"
USER_9,2025-03-14,2:20:44,MobileMoney,retrait,OUT,125.0,XAF,13369.0,"Your payment of 125 XAF to MTNC BUNDLES_FORFAITS has been completed at 2025-03-14 02:20:27. Your new balance: 13369 XAF. Fee was 0 XAF. Message: -. Transaction Id: [PHONE_4783]. Congratulations you are eligible to win one of our 237 VEHICLES. Multiply your chances with any other MoMo Transactions of Min 5,237F. Dial *126#. Remember Cash Out fees are less 25%. Info at 8787 or WhatsApp [PHONE_8787]"
USER_9,2025-03-14,9:17:16,MobileMoney,retrait,OUT,125.0,XAF,13244.0,"Your payment of 125 XAF to MTNC BUNDLES_FORFAITS has been completed at 2025-03-14 08:56:48. Your new balance: 13244 XAF. Fee was 0 XAF. Message: -. Transaction Id: [PHONE_7538]. Congratulations you are eligible to win one of our 237 VEHICLES. Multiply your chances with any other MoMo Transactions of Min 5,237F. Dial *126#. Remember Cash Out fees are less 25%. Info at 8787 or WhatsApp [PHONE_8787]"
USER_9,2025-03-14,21:48:57,MobileMoney,retrait,OUT,125.0,XAF,13119.0,"Your payment of 125 XAF to MTNC BUNDLES_FORFAITS has been completed at 2025-03-14 21:48:39. Your new balance: 13119 XAF. Fee was 0 XAF. Message: -. Transaction Id: [PHONE_5022]. Congratulations you are eligible to win one of our 237 VEHICLES. Multiply your chances with any other MoMo Transactions of Min 5,237F. Dial *126#. Remember Cash Out fees are less 25%. Info at 8787 or WhatsApp [PHONE_8787]"
USER_9,2025-03-15,4:27:05,MobileMoney,retrait,OUT,200.0,XAF,12919.0,"Your payment of 200 XAF to MTNC BUNDLES_FORFAITS has been completed at 2025-03-15 04:26:46. Your new balance: 12919 XAF. Fee was 0 XAF. Message: -. Transaction Id: [PHONE_0430]. Congratulations you are eligible to win one of our 237 VEHICLES. Multiply your chances with any other MoMo Transactions of Min 5,237F. Dial *126#. Remember Cash Out fees are less 25%. Info at 8787 or WhatsApp [PHONE_8787]"
USER_9,2025-03-15,9:22:34,MobileMoney,transaction,OUT,2499.0,XAF,10420.0,"A transaction of 2499 XAF by MTNC BUNDLES_FORFAITS   (MTN_Bundles) on your mobile money account successfully completed at 2025-03-15 09:22:21. The amount was subject to a discount of 0 and coupons worth 0. Message from debit receiver: . Your new balance:10420 XAF. Fee was 0 XAF, loyalty fee was 0 and loyalty reward was 0. Financial Transaction Id: [PHONE_9806]. External Transaction Id: 844394848163918077. Law of Finance for 2025: Transfer and withdrawal fees include a 0.2% tax on the transaction amount, plus now a fixed fee of 4 FCFA per transaction. More information at 8787."
USER_9,2025-03-15,15:49:53,MobileMoney,retrait,OUT,125.0,XAF,10295.0,"Your payment of 125 XAF to MTNC BUNDLES_FORFAITS has been completed at 2025-03-15 15:49:36. Your new balance: 10295 XAF. Fee was 0 XAF. Message: -. Transaction Id: [PHONE_7345]. Congratulations you are eligible to win one of our 237 VEHICLES. Multiply your chances with any other MoMo Transactions of Min 5,237F. Dial *126#. Remember Cash Out fees are less 25%. Info at 8787 or WhatsApp [PHONE_8787]"
USER_9,2025-03-15,22:36:33,MobileMoney,retrait,OUT,100.0,XAF,10195.0,"Your payment of 100 XAF to MTNC BUNDLES_FORFAITS has been completed at 2025-03-15 22:36:16. Your new balance: 10195 XAF. Fee was 0 XAF. Message: -. Transaction Id: [PHONE_5003]. Congratulations you are eligible to win one of our 237 VEHICLES. Multiply your chances with any other MoMo Transactions of Min 5,237F. Dial *126#. Remember Cash Out fees are less 25%. Info at 8787 or WhatsApp [PHONE_8787]"
USER_9,2025-03-16,0:02:30,MobileMoney,retrait,OUT,200.0,XAF,9995.0,"Your payment of 200 XAF to MTNC BUNDLES_FORFAITS has been completed at 2025-03-16 00:02:13. Your new balance: 9995 XAF. Fee was 0 XAF. Message: -. Transaction Id: [PHONE_7787]. Congratulations you are eligible to win one of our 237 VEHICLES. Multiply your chances with any other MoMo Transactions of Min 5,237F. Dial *126#. Remember Cash Out fees are less 25%. Info at 8787 or WhatsApp [PHONE_8787]"
USER_9,2025-03-16,0:50:30,MobileMoney,retrait,OUT,200.0,XAF,9795.0,"Your payment of 200 XAF to MTNC BUNDLES_FORFAITS has been completed at 2025-03-16 00:50:13. Your new balance: 9795 XAF. Fee was 0 XAF. Message: -. Transaction Id: [PHONE_9770]. Congratulations you are eligible to win one of our 237 VEHICLES. Multiply your chances with any other MoMo Transactions of Min 5,237F. Dial *126#. Remember Cash Out fees are less 25%. Info at 8787 or WhatsApp [PHONE_8787]"
USER_9,2025-03-16,18:37:50,MobileMoney,retrait,OUT,125.0,XAF,9670.0,"Your payment of 125 XAF to MTNC BUNDLES_FORFAITS has been completed at 2025-03-16 18:37:32. Your new balance: 9670 XAF. Fee was 0 XAF. Message: -. Transaction Id: [PHONE_8211]. Congratulations you are eligible to win one of our 237 VEHICLES. Multiply your chances with any other MoMo Transactions of Min 5,237F. Dial *126#. Remember Cash Out fees are less 25%. Info at 8787 or WhatsApp [PHONE_8787]"
USER_9,2025-03-17,9:36:39,MobileMoney,retrait,OUT,125.0,XAF,9545.0,"Your payment of 125 XAF to MTNC BUNDLES_FORFAITS has been completed at 2025-03-17 09:36:28. Your new balance: 9545 XAF. Fee was 0 XAF. Message: -. Transaction Id: [PHONE_9642]. Congratulations you are eligible to win one of our 237 VEHICLES. Multiply your chances with any other MoMo Transactions of Min 5,237F. Dial *126#. Remember Cash Out fees are less 25%. Info at 8787 or WhatsApp [PHONE_8787]"
USER_9,2025-03-19,1:20:54,MobileMoney,retrait,OUT,200.0,XAF,9345.0,"Your payment of 200 XAF to MTNC BUNDLES_FORFAITS has been completed at 2025-03-19 01:20:36. Your new balance: 9345 XAF. Fee was 0 XAF. Message: -. Transaction Id: [PHONE_0737]. Congratulations you are eligible to win one of our 237 VEHICLES. Multiply your chances with any other MoMo Transactions of Min 5,237F. Dial *126#. Remember Cash Out fees are less 25%. Info at 8787 or WhatsApp [PHONE_8787]"
USER_9,2025-03-19,7:50:29,MobileMoney,retrait,OUT,125.0,XAF,9220.0,"Your payment of 125 XAF to MTNC BUNDLES_FORFAITS has been completed at 2025-03-19 07:50:12. Your new balance: 9220 XAF. Fee was 0 XAF. Message: -. Transaction Id: [PHONE_8431]. Congratulations you are eligible to win one of our 237 VEHICLES. Multiply your chances with any other MoMo Transactions of Min 5,237F. Dial *126#. Remember Cash Out fees are less 25%. Info at 8787 or WhatsApp [PHONE_8787]"
USER_9,2025-03-19,12:48:58,MobileMoney,transaction,OUT,2099.0,XAF,7121.0,"A transaction of 2099 XAF by MTNC BUNDLES_FORFAITS   (MTN_Bundles) on your mobile money account successfully completed at 2025-03-19 12:48:46. The amount was subject to a discount of 0 and coupons worth 0. Message from debit receiver: . Your new balance:7121 XAF. Fee was 0 XAF, loyalty fee was 0 and loyalty reward was 0. Financial Transaction Id: [PHONE_0533]. External Transaction Id: 1823561844484725347. Law of Finance for 2025: Transfer and withdrawal fees include a 0.2% tax on the transaction amount, plus now a fixed fee of 4 FCFA per transaction. More information at 8787."
USER_9,2025-03-23,11:56:02,MobileMoney,transaction,OUT,2099.0,XAF,5022.0,"A transaction of 2099 XAF by MTNC BUNDLES_FORFAITS   (MTN_Bundles) on your mobile money account successfully completed at 2025-03-23 11:55:59. The amount was subject to a discount of 0 and coupons worth 0. Message from debit receiver: . Your new balance:5022 XAF. Fee was 0 XAF, loyalty fee was 0 and loyalty reward was 0. Financial Transaction Id: [PHONE_8421]. External Transaction Id: 4767695935614313769. Subscribe to MoMo Helep with *126*61# and complete your transactions: even without money, initiate your payments and transfers, and MoMo will cover the remaining amount."
USER_9,2025-03-23,23:41:25,MobileMoney,paiement,OUT,200.0,XAF,4822.0,"A transaction of 200 XAF by SWICTHN Online Payment  ([PHONE_6308]) on your mobile money account successfully completed at 2025-03-23 23:41:13. The amount was subject to a discount of 0 and coupons worth 0. Message from debit receiver: Top up. Your new balance:4822 XAF. Fee was 0 XAF, loyalty fee was 0 and loyalty reward was 0. Financial Transaction Id: [PHONE_8857]. External Transaction Id: 20878110. Subscribe to MoMo Helep with *126*61# and complete your transactions: even without money, initiate your payments and transfers, and MoMo will cover the remaining amount."
USER_9,2025-03-24,4:10:12,MobileMoney,transaction,OUT,1500.0,XAF,3322.0,"A transaction of 1500 XAF by Maviance cash collection  ([PHONE_1029]) on your mobile money account successfully completed at 2025-03-24 04:10:00. The amount was subject to a discount of 0 and coupons worth 0. Message from debit receiver: . Your new balance:3322 XAF. Fee was 0 XAF, loyalty fee was 0 and loyalty reward was 0. Financial Transaction Id: [PHONE_3250]. External Transaction Id: 99999174278578800082313118746935. Subscribe to MoMo Helep with *126*61# and complete your transactions: even without money, initiate your payments and transfers, and MoMo will cover the remaining amount."
USER_9,2025-03-24,4:12:42,MobileMoney,transaction,OUT,2500.0,XAF,822.0,"A transaction of 2500 XAF by Maviance cash collection  ([PHONE_1029]) on your mobile money account successfully completed at 2025-03-24 04:12:30. The amount was subject to a discount of 0 and coupons worth 0. Message from debit receiver: . Your new balance:822 XAF. Fee was 0 XAF, loyalty fee was 0 and loyalty reward was 0. Financial Transaction Id: [PHONE_6035]. External Transaction Id: 99999174278594200061609533843483. Subscribe to MoMo Helep with *126*61# and complete your transactions: even without money, initiate your payments and transfers, and MoMo will cover the remaining amount."
USER_9,2025-03-24,4:15:09,MobileMoney,transaction,OUT,500.0,XAF,322.0,"A transaction of 500 XAF by Maviance cash collection  ([PHONE_1029]) on your mobile money account successfully completed at 2025-03-24 04:15:03. The amount was subject to a discount of 0 and coupons worth 0. Message from debit receiver: . Your new balance:322 XAF. Fee was 0 XAF, loyalty fee was 0 and loyalty reward was 0. Financial Transaction Id: [PHONE_9192]. External Transaction Id: 99999174278609000061859648586792. Subscribe to MoMo Helep with *126*61# and complete your transactions: even without money, initiate your payments and transfers, and MoMo will cover the remaining amount."
USER_9,2025-03-24,23:44:59,MobileMoney,paiement,OUT,200.0,XAF,122.0,"A transaction of 200 XAF by SWICTHN Online Payment  ([PHONE_6308]) on your mobile money account successfully completed at 2025-03-24 23:44:30. The amount was subject to a discount of 0 and coupons worth 0. Message from debit receiver: Top up. Your new balance:122 XAF. Fee was 0 XAF, loyalty fee was 0 and loyalty reward was 0. Financial Transaction Id: [PHONE_7359]. External Transaction Id: pr_1551867. Subscribe to MoMo Helep with *126*61# and complete your transactions: even without money, initiate your payments and transfers, and MoMo will cover the remaining amount."
USER_9,2025-03-25,16:31:46,MobileMoney,paiement,OUT,100.0,XAF,22.0,"Your payment of 100 XAF to MTNC BUNDLES_FORFAITS has been completed at 2025-03-25 16:31:29. Your new balance: 22 XAF. Fee was 0 XAF. Message: -. Transaction Id: [PHONE_7979].Subscribe to MoMo Helep with *126*61# and complete your transactions: even without money, initiate your payments and transfers, and MoMo will cover the remaining amount."
USER_9,2025-03-27,18:49:01,MobileMoney,transfert,IN,10000.0,XAF,10022.0,You have received 10000 XAF from [CONTACT_6F31] ([PHONE_4816]) on your mobile money account at 2025-03-27 07:18:29. Message from sender: 1. Your new balance:10022 XAF. Financial Transaction Id: [PHONE_9133].
USER_9,2025-03-27,18:52:44,MobileMoney,retrait,OUT,10000.0,XAF,20022.0,"You have received 10000 XAF of [CONTACT_B4E5] DISTRIBUTION ([PHONE_8692] [CONTACT_8752]) on your Mobile Money 2025-03-27 18:52:42 account. Message from the sender: . Your new balance is 20022 XAF. Fee Paid: 0 XAF. Transaction ID: [PHONE_1728]. Try to win one of our 237 VEHICLES! Do a MoMo payment from 237F. Dial *126#. Multiply your chances with any other MoMo Transactions of Min 5,237F. Remember Cash Out fees are less 25%. Info at 8787 or WhatsApp [PHONE_8787]"
USER_9,2025-03-27,19:15:18,MobileMoney,transaction,OUT,19900.0,XAF,122.0,"A transaction of 19900 XAF by MTNC BUNDLES_FORFAITS   (MTN_Bundles) on your mobile money account successfully completed at 2025-03-27 19:15:07. The amount was subject to a discount of 0 and coupons worth 0. Message from debit receiver: . Your new balance:122 XAF. Fee was 0 XAF, loyalty fee was 0 and loyalty reward was 0. Financial Transaction Id: [PHONE_0453]. External Transaction Id: 2778665805118351943. Subscribe to MoMo Helep with *126*61# and complete your transactions: even without money, initiate your payments and transfers, and MoMo will cover the remaining amount."
USER_9,2025-04-04,15:49:00,MobileMoney,transfert,OUT,1000.0,XAF,566.0,"You have transferred 1000 XAF to [CONTACT_4A24] ([PHONE_2279]) from your mobile money account 80025970 at 2025-04-04 15:48:55 FEES 56 FCFA. Your new balance: 566 XAF. Message from sender: urgent1k. Message to receiver: urgent1k. Financial Transaction Id: [PHONE_6229]. Subscribe to MoMo Helep with *126*61# and complete your transactions: even without money, initiate your payments and transfers, and MoMo will cover the remaining amount."
USER_9,2025-04-06,12:26:18,MobileMoney,transfert,OUT,500.0,XAF,11.0,"You have transferred 500 XAF to [CONTACT_4A24] ([PHONE_2279]) from your mobile money account 80025970 at 2025-04-06 12:26:15 FEES 55 FCFA. Your new balance: 11 XAF. Message from sender: data. Message to receiver: data. Financial Transaction Id: [PHONE_3297]. Subscribe to MoMo Helep with *126*61# and complete your transactions: even without money, initiate your payments and transfers, and MoMo will cover the remaining amount."
USER_9,2025-05-07,10:49:48,MobileMoney,paiement,OUT,10710.0,XAF,14711.0,"A transaction of 10710 XAF by SWICTHN Online Payment  ([PHONE_6308]) on your mobile money account successfully completed at 2025-05-07 10:49:41. The amount was subject to a discount of 0 and coupons worth 0. Message from debit receiver: Top up. Your new balance:14711 XAF. Fee was 0 XAF, loyalty fee was 0 and loyalty reward was 0. Financial Transaction Id: [PHONE_2344]. External Transaction Id: pr_2743239. Subscribe to MoMo Helep with *126*61# and complete your transactions: even without money, initiate your payments and transfers, and MoMo will cover the remaining amount."
USER_9,2025-05-11,17:04:55,MobileMoney,paiement,OUT,3060.0,XAF,11651.0,"A transaction of 3060 XAF by SWICTHN Online Payment  ([PHONE_6308]) on your mobile money account successfully completed at 2025-05-11 17:04:43. The amount was subject to a discount of 0 and coupons worth 0. Message from debit receiver: Top up. Your new balance:11651 XAF. Fee was 0 XAF, loyalty fee was 0 and loyalty reward was 0. Financial Transaction Id: [PHONE_8861]. External Transaction Id: pr_2857469. Subscribe to MoMo Helep with *126*61# and complete your transactions: even without money, initiate your payments and transfers, and MoMo will cover the remaining amount."
USER_9,2025-05-12,0:18:06,MobileMoney,paiement,OUT,200.0,XAF,11451.0,"Your payment of 200 XAF to MTNC BUNDLES_FORFAITS has been completed at 2025-05-12 00:17:48. Your new balance: 11451 XAF. Fee was 0 XAF. Message: -. Transaction Id: [PHONE_2644].Subscribe to MoMo Helep with *126*61# and complete your transactions: even without money, initiate your payments and transfers, and MoMo will cover the remaining amount."
USER_9,2025-05-13,21:10:32,MobileMoney,transfert,OUT,700.0,XAF,10696.0,"You have transferred 700 XAF to [CONTACT_4A24] ([PHONE_2279]) from your mobile money account 80025970 at 2025-05-13 21:10:30 FEES 55 FCFA. Your new balance: 10696 XAF. Message from sender: cashapp. Message to receiver: cashapp. Financial Transaction Id: [PHONE_2546]. Subscribe to MoMo Helep with *126*61# and complete your transactions: even without money, initiate your payments and transfers, and MoMo will cover the remaining amount."
USER_9,2025-05-14,22:52:02,MobileMoney,transfert,OUT,1000.0,XAF,9640.0,"You have transferred 1000 XAF to [CONTACT_7453] ([PHONE_3986]) from your mobile money account 80025970 at 2025-05-14 22:51:58 FEES 56 FCFA. Your new balance: 9640 XAF. Message from sender: shapshap. Message to receiver: shapshap. Financial Transaction Id: [PHONE_4193]. Subscribe to MoMo Helep with *126*61# and complete your transactions: even without money, initiate your payments and transfers, and MoMo will cover the remaining amount."
USER_9,2025-05-18,10:29:17,MobileMoney,transaction,OUT,100.0,XAF,9540.0,"A transaction of 100 XAF by MTNC BUNDLES_FORFAITS   (MTN_Bundles) on your mobile money account successfully completed at 2025-05-18 10:29:07. The amount was subject to a discount of 0 and coupons worth 0. Message from debit receiver: . Your new balance:9540 XAF. Fee was 0 XAF, loyalty fee was 0 and loyalty reward was 0. Financial Transaction Id: [PHONE_0651]. External Transaction Id: 252080153094273118. Subscribe to MoMo Helep with *126*61# and complete your transactions: even without money, initiate your payments and transfers, and MoMo will cover the remaining amount."
USER_9,2025-05-18,10:33:27,MobileMoney,paiement,OUT,3060.0,XAF,6480.0,"A transaction of 3060 XAF by SWICTHN Online Payment  ([PHONE_6308]) on your mobile money account successfully completed at 2025-05-18 10:33:17. The amount was subject to a discount of 0 and coupons worth 0. Message from debit receiver: Top up. Your new balance:6480 XAF. Fee was 0 XAF, loyalty fee was 0 and loyalty reward was 0. Financial Transaction Id: [PHONE_8085]. External Transaction Id: pr_3021391. Subscribe to MoMo Helep with *126*61# and complete your transactions: even without money, initiate your payments and transfers, and MoMo will cover the remaining amount."
USER_9,2025-05-18,12:26:35,MobileMoney,paiement,OUT,100.0,XAF,6380.0,"Your payment of 100 XAF to MTNC BUNDLES_FORFAITS has been completed at 2025-05-18 12:26:19. Your new balance: 6380 XAF. Fee was 0 XAF. Message: -. Transaction Id: [PHONE_6126].Subscribe to MoMo Helep with *126*61# and complete your transactions: even without money, initiate your payments and transfers, and MoMo will cover the remaining amount."
USER_9,2025-05-18,12:27:05,MobileMoney,paiement,OUT,1020.0,XAF,5360.0,"A transaction of 1020 XAF by SWICTHN Online Payment  ([PHONE_6308]) on your mobile money account successfully completed at 2025-05-18 12:27:00. The amount was subject to a discount of 0 and coupons worth 0. Message from debit receiver: Top up. Your new balance:5360 XAF. Fee was 0 XAF, loyalty fee was 0 and loyalty reward was 0. Financial Transaction Id: [PHONE_2555]. External Transaction Id: pr_3023678. Subscribe to MoMo Helep with *126*61# and complete your transactions: even without money, initiate your payments and transfers, and MoMo will cover the remaining amount."
USER_9,2025-05-19,0:13:30,MobileMoney,paiement,OUT,200.0,XAF,5160.0,"Your payment of 200 XAF to MTNC BUNDLES_FORFAITS has been completed at 2025-05-19 00:13:13. Your new balance: 5160 XAF. Fee was 0 XAF. Message: -. Transaction Id: [PHONE_6567].Subscribe to MoMo Helep with *126*61# and complete your transactions: even without money, initiate your payments and transfers, and MoMo will cover the remaining amount."
USER_9,2025-05-21,3:01:54,MobileMoney,paiement,OUT,200.0,XAF,4960.0,"Your payment of 200 XAF to MTNC BUNDLES_FORFAITS has been completed at 2025-05-21 03:01:37. Your new balance: 4960 XAF. Fee was 0 XAF. Message: -. Transaction Id: [PHONE_7679].Subscribe to MoMo Helep with *126*61# and complete your transactions: even without money, initiate your payments and transfers, and MoMo will cover the remaining amount."
USER_9,2025-05-21,12:00:12,MobileMoney,paiement,OUT,2000.0,XAF,2860.0,"Your payment of 2000 XAF to ENEO has been completed at 2025-05-21 11:59:53. Your new balance: 2860 XAF. Fee was 100 XAF. Message: -. Transaction Id: [PHONE_0172].Subscribe to MoMo Helep with *126*61# and complete your transactions: even without money, initiate your payments and transfers, and MoMo will cover the remaining amount."
USER_9,2025-05-21,20:17:03,MobileMoney,transfert,IN,700.0,XAF,3560.0,You have received 700 XAF from [CONTACT_EF86] ([PHONE_1011]) on your mobile money account at 2025-05-21 17:02:05. Message from sender: . Your new balance:3560 XAF. Financial Transaction Id: [PHONE_8026].
USER_9,2025-05-21,20:24:42,MobileMoney,transfert,OUT,2100.0,XAF,1460.0,"You have transferred 2100 XAF to [CONTACT_A84C] ([PHONE_0333]) from your mobile money account 80025970 at 2025-05-21 20:24:39 FEES 0 FCFA. Your new balance: 1460 XAF. Message from sender: nathan. Message to receiver: nathan. Financial Transaction Id: [PHONE_2428]. Subscribe to MoMo Helep with *126*61# and complete your transactions: even without money, initiate your payments and transfers, and MoMo will cover the remaining amount."
USER_9,2025-05-24,11:40:48,MobileMoney,transfert,OUT,1500.0,XAF,1903.0,"You have transferred 1500 XAF to [CONTACT_4A24] ([PHONE_2279]) from your mobile money account 80025970 at 2025-05-24 11:40:44 FEES 57 FCFA. Your new balance: 1903 XAF. Message from sender: data. Message to receiver: data. Financial Transaction Id: [PHONE_1597]. Subscribe to MoMo Helep with *126*61# and complete your transactions: even without money, initiate your payments and transfers, and MoMo will cover the remaining amount."
USER_9,2025-05-25,0:04:59,MobileMoney,paiement,OUT,200.0,XAF,1703.0,"Your payment of 200 XAF to MTNC BUNDLES_FORFAITS has been completed at 2025-05-25 00:04:41. Your new balance: 1703 XAF. Fee was 0 XAF. Message: -. Transaction Id: [PHONE_1220].Subscribe to MoMo Helep with *126*61# and complete your transactions: even without money, initiate your payments and transfers, and MoMo will cover the remaining amount."
USER_9,2025-05-27,0:01:55,MobileMoney,paiement,OUT,200.0,XAF,1503.0,"Your payment of 200 XAF to MTNC BUNDLES_FORFAITS has been completed at 2025-05-27 00:01:38. Your new balance: 1503 XAF. Fee was 0 XAF. Message: -. Transaction Id: [PHONE_1947].Subscribe to MoMo Helep with *126*61# and complete your transactions: even without money, initiate your payments and transfers, and MoMo will cover the remaining amount."
USER_9,2025-05-29,0:02:03,MobileMoney,paiement,OUT,200.0,XAF,1303.0,"Your payment of 200 XAF to MTNC BUNDLES_FORFAITS has been completed at 2025-05-29 00:01:38. Your new balance: 1303 XAF. Fee was 0 XAF. Message: -. Transaction Id: [PHONE_1569].Subscribe to MoMo Helep with *126*61# and complete your transactions: even without money, initiate your payments and transfers, and MoMo will cover the remaining amount."
USER_9,2025-05-31,0:10:42,MobileMoney,paiement,OUT,200.0,XAF,1103.0,"Your payment of 200 XAF to MTNC BUNDLES_FORFAITS has been completed at 2025-05-31 00:10:26. Your new balance: 1103 XAF. Fee was 0 XAF. Message: -. Transaction Id: [PHONE_1474].Subscribe to MoMo Helep with *126*61# and complete your transactions: even without money, initiate your payments and transfers, and MoMo will cover the remaining amount."
USER_9,2025-05-31,10:11:30,MobileMoney,transfert,OUT,1000.0,XAF,47.0,"You have transferred 1000 XAF to [CONTACT_676F] ([PHONE_2779]) from your mobile money account 80025970 at 2025-05-31 10:11:24 FEES 56 FCFA. Your new balance: 47 XAF. Message from sender: koki. Message to receiver: koki. Financial Transaction Id: [PHONE_2792]. Subscribe to MoMo Helep with *126*61# and complete your transactions: even without money, initiate your payments and transfers, and MoMo will cover the remaining amount."
USER_9,2025-06-08,0:09:24,MobileMoney,paiement,OUT,200.0,XAF,847.0,"Your payment of 200 XAF to MTNC BUNDLES_FORFAITS has been completed at 2025-06-08 00:09:08. Your new balance: 847 XAF. Fee was 0 XAF. Message: -. Transaction Id: [PHONE_6565].Subscribe to MoMo Helep with *126*61# and complete your transactions: even without money, initiate your payments and transfers, and MoMo will cover the remaining amount."
USER_9,2025-06-08,0:09:57,MobileMoney,transfert,IN,500.0,XAF,1047.0,"You have received 500 XAF of DIYEN [CONTACT_CB44] ([PHONE_5415]) on your Mobile Money 2025-06-08 00:05:29 account. Message from the sender: . Your new balance is 1047 XAF. Fee Paid: 0 XAF. Transaction ID: [PHONE_3425]. Subscribe to MoMo Helep with *126*61# and complete your transactions: even without money, initiate your payments and transfers, and MoMo will cover the remaining amount."
USER_9,2025-06-08,0:11:03,MobileMoney,transfert,OUT,150.0,XAF,643.0,"You have transferred 150 XAF to elvin pascal king ndichia ([PHONE_7115]) from your mobile money account 80025970 at 2025-06-08 00:11:02 FEES 54 FCFA. Your new balance: 643 XAF. Message from sender: charges. Message to receiver: charges. Financial Transaction Id: [PHONE_2832]. Subscribe to MoMo Helep with *126*61# and complete your transactions: even without money, initiate your payments and transfers, and MoMo will cover the remaining amount."
USER_9,2025-06-09,0:09:18,MobileMoney,paiement,OUT,200.0,XAF,1793.0,"Your payment of 200 XAF to MTNC BUNDLES_FORFAITS has been completed at 2025-06-09 00:09:02. Your new balance: 1793 XAF. Fee was 0 XAF. Message: -. Transaction Id: [PHONE_2682].Subscribe to MoMo Helep with *126*61# and complete your transactions: even without money, initiate your payments and transfers, and MoMo will cover the remaining amount."
USER_9,2025-06-27,10:17:53,MobileMoney,paiement,OUT,2040.0,XAF,3353.0,"A transaction of 2040 XAF by SWICTHN Online Payment  ([PHONE_6308]) on your mobile money account successfully completed at 2025-06-27 10:17:52. The amount was subject to a discount of 0 and coupons worth 0. Message from debit receiver: Top up. Your new balance:3353 XAF. Fee was 0 XAF, loyalty fee was 0 and loyalty reward was 0. Financial Transaction Id: [PHONE_6812]. External Transaction Id: pr_4022073. Subscribe to MoMo Helep with *126*61# and complete your transactions: even without money, initiate your payments and transfers, and MoMo will cover the remaining amount."
USER_9,2025-06-28,12:39:27,MobileMoney,retrait,OUT,1100.0,FCFA,8.0,"Vous avez effectue avec succes le retrait de 1100 FCFA de votre compte mobile money  chez [CONTACT_FD68] 2025-06-28 12:39:16. Votre nouveau solde est de:8 FCFA. Transaction Id: [PHONE_8929]. Souscrivez a MoMo Helep avec *126*61# et completez vos transactions : meme sans argent, initiez vos paiements et transferts et MoMo completera le montant."
USER_9,2025-06-29,11:05:25,MobileMoney,transfert,OUT,1500.0,XAF,1796.0,"You have transferred 1500 XAF to [CONTACT_F62A] ([PHONE_8985]) from your mobile money account 80025970 at 2025-06-29 11:05:23 FEES 57 FCFA. Your new balance: 1796 XAF. Message from sender: tchoko. Message to receiver: tchoko. Financial Transaction Id: [PHONE_0378]. Subscribe to MoMo Helep with *126*61# and complete your transactions: even without money, initiate your payments and transfers, and MoMo will cover the remaining amount."
USER_9,2025-06-29,11:08:09,MobileMoney,transfert,OUT,1000.0,XAF,740.0,"You have transferred 1000 XAF to [CONTACT_F62A] ([PHONE_8985]) from your mobile money account 80025970 at 2025-06-29 11:08:07 FEES 56 FCFA. Your new balance: 740 XAF. Message from sender: report. Message to receiver: report. Financial Transaction Id: [PHONE_7704]. Subscribe to MoMo Helep with *126*61# and complete your transactions: even without money, initiate your payments and transfers, and MoMo will cover the remaining amount."
USER_9,2025-06-30,22:52:58,MobileMoney,transfert,OUT,600.0,XAF,85.0,"You have transferred 600 XAF to elvin pascal king ndichia ([PHONE_7115]) from your mobile money account 80025970 at 2025-06-30 22:52:57 FEES 55 FCFA. Your new balance: 85 XAF. Message from sender: cash. Message to receiver: cash. Financial Transaction Id: [PHONE_9550]. Subscribe to MoMo Helep with *126*61# and complete your transactions: even without money, initiate your payments and transfers, and MoMo will cover the remaining amount."
USER_9,2025-07-25,3:35:53,MobileMoney,transfert,OUT,2500.0,XAF,3226.0,"You have transferred 2500 XAF to [CONTACT_7453] ([PHONE_3986]) from your mobile money account 80025970 at 2025-07-25 03:35:49 FEES 59 FCFA. Your new balance: 3226 XAF. Message from sender: bizzness. Message to receiver: bizzness. Financial Transaction Id: [PHONE_6646]. Subscribe to MoMo Helep with *126*61# and complete your transactions: even without money, initiate your payments and transfers, and MoMo will cover the remaining amount."
USER_9,2025-08-01,14:26:00,MobileMoney,paiement,OUT,2550.0,XAF,676.0,"A transaction of 2550 XAF by SWICTHN Online Payment  ([PHONE_6308]) on your mobile money account successfully completed at 2025-08-01 14:25:53. The amount was subject to a discount of 0 and coupons worth 0. Message from debit receiver: Top up. Your new balance:676 XAF. Fee was 0 XAF, loyalty fee was 0 and loyalty reward was 0. Financial Transaction Id: [PHONE_4464]. External Transaction Id: pr_4960879. Subscribe to MoMo Helep with *126*61# and complete your transactions: even without money, initiate your payments and transfers, and MoMo will cover the remaining amount."
USER_9,2025-08-26,9:11:42,MobileMoney,transfert,IN,51000.0,XAF,51426.0,You have received 51000 XAF from ANNICK [CONTACT_4EC6] ([PHONE_1940]) on your mobile money account at 2025-08-26 08:14:04. Message from sender: envoie. Your new balance:51426 XAF. Financial Transaction Id: [PHONE_5283].
USER_9,2025-09-10,1:23:33,MobileMoney,transfert,IN,409.0,XAF,1081.0,You have received 409 XAF from [CONTACT_6F31] ([PHONE_4816]) on your mobile money account at 2025-09-09 22:13:15. Message from sender: 1. Your new balance:1081 XAF. Financial Transaction Id: [PHONE_9316].
USER_9,2025-09-10,7:40:55,MobileMoney,paiement,OUT,100.0,XAF,581.0,"Your payment of 100 XAF to MTNC BUNDLES_FORFAITS has been completed at 2025-09-10 07:40:38. Your new balance: 581 XAF. Fee was 0 XAF. Message: -. Transaction Id: [PHONE_1506]. School scholarships for a stress-free back-to-school with MoMo ! Make payments of minimum 5,237 F and stand a chance to win up to 50,500 F each week. More info at 8787 or on WhatsApp: [PHONE_8787]."
USER_9,2025-09-10,16:45:45,MobileMoney,transfert,IN,100.0,XAF,681.0,You have received 100 XAF from ANNICK [CONTACT_4EC6] ([PHONE_1940]) on your mobile money account at 2025-09-10 16:45:43. Message from sender: rien. Your new balance:681 XAF. Financial Transaction Id: [PHONE_7616].
USER_9,2025-09-11,13:01:32,MobileMoney,paiement,OUT,100.0,XAF,581.0,"Your payment of 100 XAF to MTNC BUNDLES_FORFAITS has been completed at 2025-09-11 13:01:13. Your new balance: 581 XAF. Fee was 0 XAF. Message: -. Transaction Id: [PHONE_6868]. School scholarships for a stress-free back-to-school with MoMo ! Make payments of minimum 5,237 F and stand a chance to win up to 50,500 F each week. More info at 8787 or on WhatsApp: [PHONE_8787]."
USER_9,2025-09-12,15:50:49,MobileMoney,paiement,OUT,100.0,XAF,481.0,"Your payment of 100 XAF to MTNC BUNDLES_FORFAITS has been completed at 2025-09-12 15:50:19. Your new balance: 481 XAF. Fee was 0 XAF. Message: -. Transaction Id: [PHONE_2390]. School scholarships for a stress-free back-to-school with MoMo ! Make payments of minimum 5,237 F and stand a chance to win up to 50,500 F each week. More info at 8787 or on WhatsApp: [PHONE_8787]."
USER_9,2025-09-14,13:17:56,MobileMoney,paiement,OUT,100.0,XAF,381.0,"Your payment of 100 XAF to MTNC BUNDLES_FORFAITS has been completed at 2025-09-14 13:17:38. Your new balance: 381 XAF. Fee was 0 XAF. Message: -. Transaction Id: [PHONE_6984]. School scholarships for a stress-free back-to-school with MoMo ! Make payments of minimum 5,237 F and stand a chance to win up to 50,500 F each week. More info at 8787 or on WhatsApp: [PHONE_8787]."
USER_9,2025-09-15,6:49:12,MobileMoney,paiement,OUT,100.0,XAF,281.0,"Your payment of 100 XAF to MTNC BUNDLES_FORFAITS has been completed at 2025-09-15 06:48:57. Your new balance: 281 XAF. Fee was 0 XAF. Message: -. Transaction Id: [PHONE_7957]. School scholarships for a stress-free back-to-school with MoMo ! Make payments of minimum 5,237 F and stand a chance to win up to 50,500 F each week. More info at 8787 or on WhatsApp: [PHONE_8787]."
USER_9,2025-09-22,0:26:11,MobileMoney,paiement,OUT,200.0,XAF,81.0,"Your payment of 200 XAF to MTNC BUNDLES_FORFAITS has been completed at 2025-09-22 00:25:54. Your new balance: 81 XAF. Fee was 0 XAF. Message: -. Transaction Id: [PHONE_0137]. School scholarships for a stress-free back-to-school with MoMo ! Make payments of minimum 5,237 F and stand a chance to win up to 50,500 F each week. More info at 8787 or on WhatsApp: [PHONE_8787]."
USER_9,2025-09-22,0:26:19,MobileMoney,retrait,OUT,200.0,XAF,281.0,"You have received 200 XAF of SWITCHN LIMITED_ 3 ([PHONE_9394] [CONTACT_10D2] N A) on your Mobile Money 2025-09-21 23:24:07 account. Message from the sender: . Your new balance is 281 XAF. Fee Paid: 0 XAF. Transaction ID: [PHONE_7265]. Save Big with 1 per cent on cash out fees + Zero fees on transfers. Plus, a chance to win 250F. Go To https://bit.ly/NewMoMoApp to download."
USER_9,2025-10-13,9:59:51,MobileMoney,paiement,OUT,2142.0,XAF,8139.0,"A transaction of 2142 XAF by SWICTHN Online Payment  ([PHONE_6308]) on your mobile money account successfully completed at 2025-10-13 09:59:47. The amount was subject to a discount of 0 and coupons worth 0. Message from debit receiver: Top up. Your new balance:8139 XAF. Fee was 0 XAF, loyalty fee was 0 and loyalty reward was 0. Financial Transaction Id: [PHONE_4133]. External Transaction Id: pr_7007846. School scholarships for a stress-free back-to-school with MoMo ! Make payments of minimum 5,237 F and stand a chance to win up to 100,000 F each week. More info at 8787 or on WhatsApp: 650 528 787."
USER_9,2025-10-15,11:32:03,MobileMoney,paiement,OUT,2000.0,XAF,6139.0,"Your payment of 2000 XAF to [CONTACT_33EF] [CONTACT_883D] (ICTUI) ([PHONE_6672]) has been completed at 2025-10-15 11:31:59. Message: Transcripts. Your new balance: 6139 XAF. Fee was 0 XAF. The amount was subject to a discount of 0 XAF and coupons worth . Financial Transaction Id: [PHONE_0480]. External Transaction Id: -. School scholarships for a stress-free back-to-school with MoMo ! Make payments of minimum 5,237 F and stand a chance to win up to 100,000 F each week. More info at 8787 or on WhatsApp: 650 528 787."
USER_9,2025-10-15,12:02:51,MobileMoney,paiement,OUT,2550.0,XAF,3489.0,"A transaction of 2550 XAF by SWICTHN Online Payment  ([PHONE_6308]) on your mobile money account successfully completed at 2025-10-15 12:02:47. The amount was subject to a discount of 0 and coupons worth 0. Message from debit receiver: Top up. Your new balance:3489 XAF. Fee was 0 XAF, loyalty fee was 0 and loyalty reward was 0. Financial Transaction Id: [PHONE_7910]. External Transaction Id: pr_7081060. School scholarships for a stress-free back-to-school with MoMo ! Make payments of minimum 5,237 F and stand a chance to win up to 100,000 F each week. More info at 8787 or on WhatsApp: 650 528 787."
USER_9,2025-10-17,11:50:33,MobileMoney,paiement,OUT,100.0,XAF,3389.0,"Your payment of 100 XAF to MTNC BUNDLES_FORFAITS has been completed at 2025-10-17 11:50:15. Your new balance: 3389 XAF. Fee was 0 XAF. Message: -. Transaction Id: [PHONE_3580]. School scholarships for a stress-free back-to-school with MoMo ! Make payments of minimum 5,237 F and stand a chance to win up to 50,500 F each week. More info at 8787 or on WhatsApp: [PHONE_8787]."
USER_9,2025-10-17,17:56:13,MobileMoney,paiement,OUT,100.0,XAF,3289.0,"Your payment of 100 XAF to MTNC BUNDLES_FORFAITS has been completed at 2025-10-17 17:55:56. Your new balance: 3289 XAF. Fee was 0 XAF. Message: -. Transaction Id: [PHONE_3258]. School scholarships for a stress-free back-to-school with MoMo ! Make payments of minimum 5,237 F and stand a chance to win up to 50,500 F each week. More info at 8787 or on WhatsApp: [PHONE_8787]."
USER_9,2025-10-19,21:34:00,MobileMoney,paiement,OUT,2000.0,XAF,1289.0,"Your payment of 2000 XAF to MTNC AIRTIME has been completed at 2025-10-19 21:33:59. Your new balance: 1289 XAF. Fee was 0 XAF. Message: -. Transaction Id: [PHONE_2877]. School scholarships for a stress-free back-to-school with MoMo ! Make payments of minimum 5,237 F and stand a chance to win up to 50,500 F each week. More info at 8787 or on WhatsApp: [PHONE_8787]."
USER_9,2025-11-12,19:16:31,MobileMoney,transfert,IN,2300.0,XAF,8689.0,You have received 2300 XAF from [CONTACT_A31F] ([PHONE_4403]) on your mobile money account at 2025-11-12 18:30:11. Message from sender: . Your new balance:8689 XAF. Financial Transaction Id: [PHONE_4049].
USER_9,2025-11-17,17:28:05,MobileMoney,transaction,OUT,150.0,XAF,8539.0,"A transaction of 150 XAF by MTNC BUNDLES_FORFAITS   (MTN_Bundles) on your mobile money account successfully completed at 2025-11-17 17:21:27. The amount was subject to a discount of 0 and coupons worth 0. Message from debit receiver: . Your new balance:8539 XAF. Fee was 0 XAF, loyalty fee was 0 and loyalty reward was 0. Financial Transaction Id: [PHONE_8205]. External Transaction Id: 4972559137473526822. School scholarships for a stress-free back-to-school with MoMo ! Make payments of minimum 5,237 F and stand a chance to win up to 100,000 F each week. More info at 8787 or on WhatsApp: 650 528 787."
USER_9,2025-11-20,11:39:57,MobileMoney,retrait,OUT,2000.0,XAF,6531.0,"You have transferred 2000 XAF to [CONTACT_7453] ([PHONE_3986]) from your mobile money account 80025970 at 2025-11-20 11:39:54 FEES 8 FCFA. Your new balance: 6531 XAF. Message from sender: Gift. Message to receiver: . Financial Transaction Id: [PHONE_0138]. Save Big with 1 per cent on cash out fees + Zero fees on transfers. Plus, a chance to win 250F. Go To https://bit.ly/NewMoMoApp to download."
USER_9,2025-11-21,8:00:29,MobileMoney,paiement,OUT,2000.0,XAF,4431.0,"Your payment of 2000 XAF to ENEO has been completed at 2025-11-21 08:00:24. Your new balance: 4431 XAF. Fee was 100 XAF. Message: eneo_prepaid_payment. Transaction Id: [PHONE_2431]. School scholarships for a stress-free back-to-school with MoMo ! Make payments of minimum 5,237 F and stand a chance to win up to 50,500 F each week. More info at 8787 or on WhatsApp: [PHONE_8787]."
USER_9,2025-11-21,17:53:08,MobileMoney,retrait,OUT,1200.0,XAF,3225.0,"You have transferred 1200 XAF to [CONTACT_7453] ([PHONE_3986]) from your mobile money account 80025970 at 2025-11-21 17:52:59 FEES 6 FCFA. Your new balance: 3225 XAF. Message from sender: Parfum. Message to receiver: . Financial Transaction Id: [PHONE_7939]. Save Big with 1 per cent on cash out fees + Zero fees on transfers. Plus, a chance to win 250F. Go To https://bit.ly/NewMoMoApp to download."
USER_9,2025-11-22,18:00:54,MobileMoney,retrait,OUT,1125.0,XAF,2100.0,"You have transferred 1125 XAF to Steve Junior Yonkeu Kweya ([PHONE_3206]) from your mobile money account 80025970 at 2025-11-22 18:00:52 FEES 0 FCFA. Your new balance: 2100 XAF. Message from sender: Cash. Message to receiver: . Financial Transaction Id: [PHONE_1593]. Save Big with 1 per cent on cash out fees + Zero fees on transfers. Plus, a chance to win 250F. Go To https://bit.ly/NewMoMoApp to download."
USER_9,2025-11-22,18:05:12,MobileMoney,retrait,OUT,2000.0,XAF,92.0,"You have transferred 2000 XAF to [CONTACT_CAB4] ([PHONE_8379]) from your mobile money account 80025970 at 2025-11-22 18:05:08 FEES 8 FCFA. Your new balance: 92 XAF. Message from sender: Remboursement. Message to receiver: . Financial Transaction Id: [PHONE_1044]. Save Big with 1 per cent on cash out fees + Zero fees on transfers. Plus, a chance to win 250F. Go To https://bit.ly/NewMoMoApp to download."
USER_9,2025-12-14,22:49:46,MobileMoney,transfert,IN,30454.0,XAF,30546.0,You have received 30454 XAF from [CONTACT_E75E] ([PHONE_5217]) on your mobile money account at 2025-12-14 22:49:43. Message from sender: . Your new balance:30546 XAF. Financial Transaction Id: [PHONE_9585].
USER_9,2025-12-15,9:18:11,MobileMoney,transfert,IN,5000.0,XAF,35546.0,You have received 5000 XAF from [CONTACT_0FE6] ([PHONE_5651]) on your mobile money account at 2025-12-15 09:18:07. Message from sender: THANK. Your new balance:35546 XAF. Financial Transaction Id: [PHONE_4235].
USER_9,2025-12-16,18:48:23,MobileMoney,retrait,OUT,2100.0,XAF,33417.0,"You have withdrawn 2100 XAF from your mobile money account at [CONTACT_A37E] 2025-12-16 18:48:20. Your new balance:33417 XAF. Financial Transaction Id: [PHONE_4548]. 237,000 [CONTACT_4B8C] to win by making your MoMo transactions starting from 5237F. Transfers, payments, withdrawals... etc. Try your luck on *126# or on bit.ly/MyMoMo1 to enjoy [CONTACT_8D6B]: 0 FCFA on your transfers and 1% on your withdrawals. Info: 8787 or [PHONE_8787]"
USER_9,2025-12-16,20:38:41,MobileMoney,transfert,OUT,2000.0,XAF,31409.0,"You have transferred 2000 XAF to [CONTACT_1435] ([PHONE_6899]) from your mobile money account 80025970 at 2025-12-16 20:38:38 FEES 8 FCFA. Your new balance: 31409 XAF. Message from sender: Transport. Message to receiver: . Financial Transaction Id: [PHONE_5064]. 237,000 [CONTACT_4B8C] to win by making your MoMo transactions starting from 5237F. Transfers, payments, withdrawals... etc. Try your luck on *126# or on bit.ly/MyMoMo1 to enjoy [CONTACT_8D6B]: 0 FCFA on your transfers and 1% on your withdrawals. Info: 8787 or [PHONE_8787]"
USER_9,2025-12-16,21:32:34,MobileMoney,transfert,OUT,1400.0,XAF,30003.0,"You have transferred 1400 XAF to [CONTACT_F63C] ([PHONE_6572]) from your mobile money account 80025970 at 2025-12-16 21:32:30 FEES 6 FCFA. Your new balance: 30003 XAF. Message from sender: Fish. Message to receiver: . Financial Transaction Id: [PHONE_0691]. 237,000 [CONTACT_4B8C] to win by making your MoMo transactions starting from 5237F. Transfers, payments, withdrawals... etc. Try your luck on *126# or on bit.ly/MyMoMo1 to enjoy [CONTACT_8D6B]: 0 FCFA on your transfers and 1% on your withdrawals. Info: 8787 or [PHONE_8787]"
USER_9,2025-12-21,11:56:32,MobileMoney,transfert,OUT,3500.0,XAF,26492.0,"You have transferred 3500 XAF to [CONTACT_4A24] ([PHONE_2279]) from your mobile money account 80025970 at 2025-12-21 11:56:30 FEES 11 FCFA. Your new balance: 26492 XAF. Message from sender: Food. Message to receiver: . Financial Transaction Id: [PHONE_1272]. 237,000 [CONTACT_4B8C] to win by making your MoMo transactions starting from 5237F. Transfers, payments, withdrawals... etc. Try your luck on *126# or on bit.ly/MyMoMo1 to enjoy [CONTACT_8D6B]: 0 FCFA on your transfers and 1% on your withdrawals. Info: 8787 or [PHONE_8787]"
USER_9,2025-12-21,12:54:44,MobileMoney,paiement,OUT,250.0,XAF,26242.0,"Your payment of 250 XAF to MTNC AIRTIME has been completed at 2025-12-21 12:54:15. Your new balance: 26242 XAF. Fee was 0 XAF. Message: -. Transaction Id: [PHONE_9544]. 237,000 [CONTACT_4B8C] to win by making your MoMo transactions starting from 5237F. Transfers, payments, withdrawals... etc. Try your luck on *126# or on bit.ly/MyMoMo1 to enjoy [CONTACT_8D6B]: 0 FCFA on your transfers and 1% on your withdrawals. Info: 8787 or [PHONE_8787]"
USER_9,2025-12-21,17:24:33,MobileMoney,transfert,IN,20000.0,XAF,46242.0,"You have received 20000 XAF of Informatique 2000 [CONTACT_1E34] ([PHONE_1859]) on your Mobile Money 2025-12-21 17:24:32 account. Message from the sender: . Your new balance is 46242 XAF. Fee Paid: 0 XAF. Transaction ID: [PHONE_2557]. 237,000 [CONTACT_4B8C] to win by making your MoMo transactions starting from 5237,000F. Transfers, payments, withdrawals... etc. Try your luck on *126# or on bit.ly/MyMoMo1 to enjoy [CONTACT_8D6B]: 0 FCFA on your transfers and 1% on your withdrawals. Info: 8787 or [PHONE_8787]"
USER_9,2025-12-22,16:28:17,MobileMoney,paiement,OUT,500.0,XAF,45742.0,"Your payment of 500 XAF to MTN Bundle Deal has been completed at 2025-12-22 13:49:28. Your new balance: 45742 XAF. Fee was 0 XAF. Message: -. Transaction Id: [PHONE_2205]. 237,000 [CONTACT_4B8C] to win by making your MoMo transactions starting from 5237F. Transfers, payments, withdrawals... etc. Try your luck on *126# or on bit.ly/MyMoMo1 to enjoy [CONTACT_8D6B]: 0 FCFA on your transfers and 1% on your withdrawals. Info: 8787 or [PHONE_8787]"
USER_9,2025-12-22,16:30:35,MobileMoney,paiement,OUT,5000.0,XAF,40742.0,"Your payment of 5000 XAF to E.D. [CONTACT_2DB1]/ [CONTACT_36A7] ( YAOUND����)? ([PHONE_9489]) has been completed at 2025-12-22 16:22:34. Message: . Your new balance: 40742 XAF. Fee was 0 XAF. The amount was subject to a discount of 0 XAF and coupons worth . Financial Transaction Id: [PHONE_6195]. External Transaction Id: -. 237,000 [CONTACT_4B8C] to win by making your MoMo transactions starting from 5237F. Transfers, payments, withdrawals... etc. Try your luck on *126# or on bit.ly/MyMoMo1 to enjoy [CONTACT_8D6B]: 0 FCFA on your transfers and 1% on your withdrawals. Info: 8787 or [PHONE_8787]"
USER_9,2025-12-23,9:50:48,MobileMoney,transfert,IN,80000.0,XAF,120742.0,"You have received 80000 XAF of [CONTACT_1723] ([PHONE_6464] [CONTACT_7968]) on your Mobile Money 2025-12-23 09:50:46 account. Message from the sender: . Your new balance is 120742 XAF. Fee Paid: 0 XAF. Transaction ID: [PHONE_7699]. 237,000 [CONTACT_4B8C] to win by making your MoMo transactions starting from 5237,000F. Transfers, payments, withdrawals... etc. Try your luck on *126# or on bit.ly/MyMoMo1 to enjoy [CONTACT_8D6B]: 0 FCFA on your transfers and 1% on your withdrawals. Info: 8787 or [PHONE_8787]"
USER_9,2025-12-24,10:10:15,MobileMoney,transfert,OUT,5000.0,XAF,115728.0,"You have transferred 5000 XAF to [CONTACT_BC1B] ([PHONE_8100]) from your mobile money account 80025970 at 2025-12-24 10:10:11 FEES 14 FCFA. Your new balance: 115728 XAF. Message from sender: ChinChin. Message to receiver: . Financial Transaction Id: [PHONE_7924]. 237,000 [CONTACT_4B8C] to win by making your MoMo transactions starting from 5237F. Transfers, payments, withdrawals... etc. Try your luck on *126# or on bit.ly/MyMoMo1 to enjoy [CONTACT_8D6B]: 0 FCFA on your transfers and 1% on your withdrawals. Info: 8787 or [PHONE_8787]"
USER_9,2025-12-24,11:49:56,MobileMoney,paiement,OUT,50000.0,XAF,65728.0,"A transaction of 50000 XAF by Maealth Tech Payment  ([PHONE_5967]) on your mobile money account successfully completed at 2025-12-24 11:49:47. The amount was subject to a discount of 0 and coupons worth 0. Message from debit receiver: 147905. Your new balance:65728 XAF. Fee was 0 XAF, loyalty fee was 0 and loyalty reward was 0. Financial Transaction Id: [PHONE_9085]. External Transaction Id: PRSV_REQ_147905. 237,000 [CONTACT_4B8C] to win by making your MoMo transactions starting from 5237F. Transfers, payments, withdrawals... etc. Try your luck on *126# or on bit.ly/MyMoMo1 to enjoy [CONTACT_8D6B]: 0 FCFA on your transfers and 1% on your withdrawals. Info: 8787 or [PHONE_8787]"
USER_9,2025-12-24,13:07:47,MobileMoney,retrait,OUT,2000.0,XAF,63700.0,"You have withdrawn 2000 XAF from your mobile m[CONTACT_ED2B]ey account at  [CONTACT_ED2B] 2025-12-24 13:07:44. Your new balance:63700 XAF. Financial Transaction Id: [PHONE_3287]. 237,000 [CONTACT_4B8C] to win by making your MoMo transactions starting from 5237F. Transfers, payments, withdrawals... etc. Try your luck on *126# or on bit.ly/MyMoMo1 to enjoy [CONTACT_8D6B]: 0 FCFA on your transfers and 1% on your withdrawals. Info: 8787 or [PHONE_8787]"
USER_9,2025-12-24,17:22:58,MobileMoney,paiement,OUT,500.0,XAF,63200.0,"Your payment of 500 XAF to MTN Bundle Deal has been completed at 2025-12-24 15:35:17. Your new balance: 63200 XAF. Fee was 0 XAF. Message: -. Transaction Id: [PHONE_6489]. 237,000 [CONTACT_4B8C] to win by making your MoMo transactions starting from 5237F. Transfers, payments, withdrawals... etc. Try your luck on *126# or on bit.ly/MyMoMo1 to enjoy [CONTACT_8D6B]: 0 FCFA on your transfers and 1% on your withdrawals. Info: 8787 or [PHONE_8787]"
USER_9,2025-12-25,10:37:23,MobileMoney,transfert,OUT,4000.0,XAF,58146.0,"You have transferred 4000 XAF to [CONTACT_9EC2] ([PHONE_2516]) from your mobile money account 80025970 at 2025-12-25 10:37:20 FEES 54 FCFA. Your new balance: 58146 XAF. Message from sender: guides. Message to receiver: guides. Financial Transaction Id: [PHONE_3595]. 237,000 [CONTACT_4B8C] to win by making your MoMo transactions starting from 5237F. Transfers, payments, withdrawals... etc. Try your luck on *126# or on bit.ly/MyMoMo1 to enjoy [CONTACT_8D6B]: 0 FCFA on your transfers and 1% on your withdrawals. Info: 8787 or [PHONE_8787]"
USER_9,2025-12-25,19:05:21,MobileMoney,retrait,OUT,2100.0,XAF,56017.0,"You have withdrawn 2100 XAF from your mobile money account at [CONTACT_065A] 2025-12-25 19:05:19. Your new balance:56017 XAF. Financial Transaction Id: [PHONE_7447]. 237,000 [CONTACT_4B8C] to win by making your MoMo transactions starting from 5237F. Transfers, payments, withdrawals... etc. Try your luck on *126# or on bit.ly/MyMoMo1 to enjoy [CONTACT_8D6B]: 0 FCFA on your transfers and 1% on your withdrawals. Info: 8787 or [PHONE_8787]"
USER_9,2025-12-30,16:04:55,MobileMoney,paiement,OUT,1000.0,XAF,55017.0,"Your payment of 1000 XAF to MTN Bundle Deal has been completed at 2025-12-30 16:04:38. Your new balance: 55017 XAF. Fee was 0 XAF. Message: -. Transaction Id: [PHONE_1889]. 237,000 [CONTACT_4B8C] to win by making your MoMo transactions starting from 5237F. Transfers, payments, withdrawals... etc. Try your luck on *126# or on bit.ly/MyMoMo1 to enjoy [CONTACT_8D6B]: 0 FCFA on your transfers and 1% on your withdrawals. Info: 8787 or [PHONE_8787]"
USER_9,2026-01-02,10:44:57,MobileMoney,paiement,OUT,500.0,XAF,54517.0,"Your payment of 500 XAF to [CONTACT_7984] 3 ([PHONE_3166]) has been completed at 2026-01-02 10:44:53. Message: Glace. Your new balance: 54517 XAF. Fee was 0 XAF. The amount was subject to a discount of 0 XAF and coupons worth . Financial Transaction Id: [PHONE_6861]. External Transaction Id: -. 237,000 [CONTACT_4B8C] to win by making your MoMo transactions starting from 5237F. Transfers, payments, withdrawals... etc. Try your luck on *126# or on bit.ly/MyMoMo1 to enjoy [CONTACT_8D6B]: 0 FCFA on your transfers and 1% on your withdrawals. Info: 8787 or [PHONE_8787]"
USER_9,2026-01-02,12:21:51,MobileMoney,paiement,OUT,1900.0,XAF,52617.0,"Your payment of 1900 XAF to [CONTACT_7984] 4 ([PHONE_6978]) has been completed at 2026-01-02 12:21:48. Message: Biscuits. Your new balance: 52617 XAF. Fee was 0 XAF. The amount was subject to a discount of 0 XAF and coupons worth . Financial Transaction Id: [PHONE_2550]. External Transaction Id: -. 237,000 [CONTACT_4B8C] to win by making your MoMo transactions starting from 5237F. Transfers, payments, withdrawals... etc. Try your luck on *126# or on bit.ly/MyMoMo1 to enjoy [CONTACT_8D6B]: 0 FCFA on your transfers and 1% on your withdrawals. Info: 8787 or [PHONE_8787]"
USER_9,2026-01-03,14:19:13,MobileMoney,paiement,OUT,500.0,XAF,52117.0,"Your payment of 500 XAF to MTN Bundle Deal has been completed at 2026-01-03 10:47:38. Your new balance: 52117 XAF. Fee was 0 XAF. Message: -. Transaction Id: [PHONE_3698]. 237,000 [CONTACT_4B8C] to win by making your MoMo transactions starting from 5237F. Transfers, payments, withdrawals... etc. Try your luck on *126# or on bit.ly/MyMoMo1 to enjoy [CONTACT_8D6B]: 0 FCFA on your transfers and 1% on your withdrawals. Info: 8787 or [PHONE_8787]"
USER_9,2026-01-04,10:22:29,MobileMoney,transaction,OUT,500.0,XAF,50517.0,"A transaction of 500 XAF by MTNC BUNDLES_FORFAITS   (MTN_Bundles) on your mobile money account successfully completed at 2026-01-04 10:22:10. The amount was subject to a discount of 0 and coupons worth 0. Message from debit receiver: . Your new balance:50517 XAF. Fee was 0 XAF, loyalty fee was 0 and loyalty reward was 0. Financial Transaction Id: [PHONE_7459]. External Transaction Id: 7864901576887846985. 237,000 [CONTACT_4B8C] to win by making your MoMo transactions starting from 5237F. Transfers, payments, withdrawals... etc. Try your luck on *126# or on bit.ly/MyMoMo1 to enjoy [CONTACT_8D6B]: 0 FCFA on your transfers and 1% on your withdrawals. Info: 8787 or [PHONE_8787]"
USER_9,2026-01-04,19:59:37,MobileMoney,transfert,OUT,2500.0,XAF,48017.0,"You have transferred 2500 XAF to N A [CONTACT_89C1] ([PHONE_0985]) from your mobile money account 80025970 at 2026-01-04 19:59:37 FEES 0 FCFA. Your new balance: 48017 XAF. Message from sender: Coiffe. Message to receiver: . Financial Transaction Id: [PHONE_4210]. 237,000 [CONTACT_4B8C] to win by making your MoMo transactions starting from 5237F. Transfers, payments, withdrawals... etc. Try your luck on *126# or on bit.ly/MyMoMo1 to enjoy [CONTACT_8D6B]: 0 FCFA on your transfers and 1% on your withdrawals. Info: 8787 or [PHONE_8787]"
USER_9,2026-01-05,18:34:34,MobileMoney,transfert,IN,108000.0,XAF,156017.0,"You have received 108000 XAF of [CONTACT_B4E5] DISTRIBUTION ([PHONE_8692] [CONTACT_8752]) on your Mobile Money 2026-01-05 18:34:33 account. Message from the sender: . Your new balance is 156017 XAF. Fee Paid: 0 XAF. Transaction ID: [PHONE_0808]. 237,000 [CONTACT_4B8C] to win by making your MoMo transactions starting from 5237,000F. Transfers, payments, withdrawals... etc. Try your luck on *126# or on bit.ly/MyMoMo1 to enjoy [CONTACT_8D6B]: 0 FCFA on your transfers and 1% on your withdrawals. Info: 8787 or [PHONE_8787]"
USER_9,2026-01-05,18:49:22,MobileMoney,paiement,OUT,150000.0,XAF,1517.0,"Your payment of 150000 XAF to Ecobank has been completed at 2026-01-05 18:49:21. Your new balance: 1517 XAF. Fee was 4500 XAF. Message: Ecobank,IvoryCoast,Ecobank Rapid Transfer,0.977500. Transaction Id: [PHONE_8744]. 237,000 [CONTACT_4B8C] to win by making your MoMo transactions starting from 5237F. Transfers, payments, withdrawals... etc. Try your luck on *126# or on bit.ly/MyMoMo1 to enjoy [CONTACT_8D6B]: 0 FCFA on your transfers and 1% on your withdrawals. Info: 8787 or [PHONE_8787]"
USER_9,2026-01-06,12:22:33,MobileMoney,paiement,OUT,500.0,XAF,1017.0,"Your payment of 500 XAF to MTN Bundle Deal has been completed at 2026-01-06 08:01:56. Your new balance: 1017 XAF. Fee was 0 XAF. Message: -. Transaction Id: [PHONE_4157]. 237,000 [CONTACT_4B8C] to win by making your MoMo transactions starting from 5237F. Transfers, payments, withdrawals... etc. Try your luck on *126# or on bit.ly/MyMoMo1 to enjoy [CONTACT_8D6B]: 0 FCFA on your transfers and 1% on your withdrawals. Info: 8787 or [PHONE_8787]"
USER_9,2026-01-08,9:25:45,MobileMoney,paiement,OUT,1000.0,XAF,17.0,"Your payment of 1000 XAF to MTN Bundle Deal has been completed at 2026-01-08 09:25:33. Your new balance: 17 XAF. Fee was 0 XAF. Message: -. Transaction Id: [PHONE_1615]. 237,000 [CONTACT_4B8C] to win by making your MoMo transactions starting from 5237F. Transfers, payments, withdrawals... etc. Try your luck on *126# or on bit.ly/MyMoMo1 to enjoy [CONTACT_8D6B]: 0 FCFA on your transfers and 1% on your withdrawals. Info: 8787 or [PHONE_8787]"
USER_9,2026-01-10,16:51:04,MobileMoney,transfert,IN,1000.0,XAF,1017.0,You have received 1000 XAF from [CONTACT_C07D] ([PHONE_5480]) on your mobile money account at 2026-01-10 16:51:02. Message from sender: . Your new balance:1017 XAF. Financial Transaction Id: [PHONE_7821].
USER_9,2026-01-21,18:38:16,MobileMoney,transfert,IN,2100.0,XAF,2617.0,You have received 2100 XAF from [CONTACT_F62A] ([PHONE_8985]) on your mobile money account at 2026-01-21 18:38:14. Message from sender: 1. Your new balance:2617 XAF. Financial Transaction Id: [PHONE_1821].
USER_9,2026-01-23,15:27:10,MobileMoney,paiement,OUT,500.0,XAF,2117.0,"Your payment of 500 XAF to MTN Bundle Deal has been completed at 2026-01-23 15:27:00. Your new balance: 2117 XAF. Fee was 0 XAF. Message: -. Transaction Id: [PHONE_5164]. 237,000 [CONTACT_4B8C] to win by making your MoMo transactions starting from 5237F. Transfers, payments, withdrawals... etc. Try your luck on *126# or on bit.ly/MyMoMo1 to enjoy [CONTACT_8D6B]: 0 FCFA on your transfers and 1% on your withdrawals. Info: 8787 or [PHONE_8787]"
USER_9,2026-01-25,11:40:52,MobileMoney,transaction,OUT,150.0,XAF,1967.0,"A transaction of 150 XAF by MTNC BUNDLES_FORFAITS   (MTN_Bundles) on your mobile money account successfully completed at 2026-01-25 11:40:43. The amount was subject to a discount of 0 and coupons worth 0. Message from debit receiver: . Your new balance:1967 XAF. Fee was 0 XAF, loyalty fee was 0 and loyalty reward was 0. Financial Transaction Id: [PHONE_7363]. External Transaction Id: 8854930709993787660. 237,000 [CONTACT_4B8C] to win by making your MoMo transactions starting from 5237F. Transfers, payments, withdrawals... etc. Try your luck on *126# or on bit.ly/MyMoMo1 to enjoy [CONTACT_8D6B]: 0 FCFA on your transfers and 1% on your withdrawals. Info: 8787 or [PHONE_8787]"
USER_9,2026-01-27,14:25:44,MobileMoney,transfert,IN,5000.0,XAF,6967.0,You have received 5000 XAF from [CONTACT_2FFA] ([PHONE_0422]) on your mobile money account at 2026-01-27 14:25:40. Message from sender: birthday. Your new balance:6967 XAF. Financial Transaction Id: [PHONE_9153].
USER_9,2026-01-27,23:30:19,MobileMoney,transfert,OUT,5000.0,XAF,1953.0,"You have transferred 5000 XAF to [CONTACT_4A24] ([PHONE_2279]) from your mobile money account 80025970 at 2026-01-27 23:30:15 FEES 14 FCFA. Your new balance: 1953 XAF. Message from sender: Urgent. Message to receiver: . Financial Transaction Id: [PHONE_9320]. 237,000 [CONTACT_4B8C] to win by making your MoMo transactions starting from 5237F. Transfers, payments, withdrawals... etc. Try your luck on *126# or on bit.ly/MyMoMo1 to enjoy [CONTACT_8D6B]: 0 FCFA on your transfers and 1% on your withdrawals. Info: 8787 or [PHONE_8787]"
USER_9,2026-01-28,21:25:45,MobileMoney,paiement,OUT,500.0,XAF,1453.0,"Your payment of 500 XAF to MTN Bundle Deal has been completed at 2026-01-28 21:25:28. Your new balance: 1453 XAF. Fee was 0 XAF. Message: -. Transaction Id: [PHONE_6568]. 237,000 [CONTACT_4B8C] to win by making your MoMo transactions starting from 5237F. Transfers, payments, withdrawals... etc. Try your luck on *126# or on bit.ly/MyMoMo1 to enjoy [CONTACT_8D6B]: 0 FCFA on your transfers and 1% on your withdrawals. Info: 8787 or [PHONE_8787]"
USER_9,2026-01-30,21:33:20,MobileMoney,paiement,OUT,500.0,XAF,953.0,"Your payment of 500 XAF to MTN Bundle Deal has been completed at 2026-01-30 21:33:01. Your new balance: 953 XAF. Fee was 0 XAF. Message: -. Transaction Id: [PHONE_2193]. 237,000 [CONTACT_4B8C] to win by making your MoMo transactions starting from 5237F. Transfers, payments, withdrawals... etc. Try your luck on *126# or on bit.ly/MyMoMo1 to enjoy [CONTACT_8D6B]: 0 FCFA on your transfers and 1% on your withdrawals. Info: 8787 or [PHONE_8787]"
USER_9,2026-01-31,18:37:33,MobileMoney,transfert,IN,2100.0,XAF,3053.0,You have received 2100 XAF from [CONTACT_1435] ([PHONE_6899]) on your mobile money account at 2026-01-31 18:37:32. Message from sender: 1. Your new balance:3053 XAF. Financial Transaction Id: [PHONE_5377].
USER_9,2026-02-01,8:25:47,MobileMoney,retrait,OUT,2000.0,XAF,999.0,"You have withdrawn 2000 XAF from your mobile money account at [CONTACT_7AC4] 2026-02-01 08:25:41. Your new balance:999 XAF. Financial Transaction Id: [PHONE_1691]. 237,000 [CONTACT_4B8C] to win by making your MoMo transactions starting from 5237F. Transfers, payments, withdrawals... etc. Try your luck on *126# or on bit.ly/MyMoMo1 to enjoy [CONTACT_8D6B]: 0 FCFA on your transfers and 1% on your withdrawals. Info: 8787 or [PHONE_8787]"
USER_9,2026-02-01,8:41:56,MobileMoney,paiement,OUT,500.0,XAF,499.0,"Your payment of 500 XAF to MTN Bundle Deal has been completed at 2026-02-01 08:41:46. Your new balance: 499 XAF. Fee was 0 XAF. Message: -. Transaction Id: [PHONE_4365]. 237,000 [CONTACT_4B8C] to win by making your MoMo transactions starting from 5237F. Transfers, payments, withdrawals... etc. Try your luck on *126# or on bit.ly/MyMoMo1 to enjoy [CONTACT_8D6B]: 0 FCFA on your transfers and 1% on your withdrawals. Info: 8787 or [PHONE_8787]"
USER_9,2026-02-01,20:53:27,MobileMoney,transfert,IN,15000.0,XAF,15499.0,You have received 15000 XAF from [CONTACT_B9AF] ([PHONE_4366]) on your mobile money account at 2026-02-01 19:53:27. Message from sender: . Your new balance:15499 XAF. Financial Transaction Id: [PHONE_1103].
USER_9,2026-02-01,20:59:08,MobileMoney,transfert,OUT,5100.0,XAF,10385.0,"You have transferred 5100 XAF to N A [CONTACT_DB9C] ([PHONE_1480]) from your mobile money account 80025970 at 2026-02-01 20:59:08 FEES 14 FCFA. Your new balance: 10385 XAF. Message from sender: Credit. Message to receiver: . Financial Transaction Id: [PHONE_7176]. 237,000 [CONTACT_4B8C] to win by making your MoMo transactions starting from 5237F. Transfers, payments, withdrawals... etc. Try your luck on *126# or on bit.ly/MyMoMo1 to enjoy [CONTACT_8D6B]: 0 FCFA on your transfers and 1% on your withdrawals. Info: 8787 or [PHONE_8787]"
USER_9,2026-02-01,21:06:33,MobileMoney,transfert,OUT,2600.0,XAF,7776.0,"You have transferred 2600 XAF to [CONTACT_7FA6] ([PHONE_4317]) from your mobile money account 80025970 at 2026-02-01 21:06:33 FEES 9 FCFA. Your new balance: 7776 XAF. Message from sender: Credit. Message to receiver: . Financial Transaction Id: [PHONE_5219]. 237,000 [CONTACT_4B8C] to win by making your MoMo transactions starting from 5237F. Transfers, payments, withdrawals... etc. Try your luck on *126# or on bit.ly/MyMoMo1 to enjoy [CONTACT_8D6B]: 0 FCFA on your transfers and 1% on your withdrawals. Info: 8787 or [PHONE_8787]"
USER_9,2026-02-02,11:18:37,MobileMoney,transfert,OUT,2600.0,XAF,5167.0,"You have transferred 2600 XAF to [CONTACT_A32E] ([PHONE_6121]) from your mobile money account 80025970 at 2026-02-02 11:18:36 FEES 9 FCFA. Your new balance: 5167 XAF. Message from sender: PaWaaaaa. Message to receiver: . Financial Transaction Id: [PHONE_0891]. 237,000 [CONTACT_4B8C] to win by making your MoMo transactions starting from 5237F. Transfers, payments, withdrawals... etc. Try your luck on *126# or on bit.ly/MyMoMo1 to enjoy [CONTACT_8D6B]: 0 FCFA on your transfers and 1% on your withdrawals. Info: 8787 or [PHONE_8787]"
USER_9,2026-02-02,11:52:55,MobileMoney,transfert,OUT,2200.0,XAF,2959.0,"You have transferred 2200 XAF to [CONTACT_A32E] ([PHONE_6121]) from your mobile money account 80025970 at 2026-02-02 11:52:54 FEES 8 FCFA. Your new balance: 2959 XAF. Message from sender: Urgent. Message to receiver: . Financial Transaction Id: [PHONE_9701]. 237,000 [CONTACT_4B8C] to win by making your MoMo transactions starting from 5237F. Transfers, payments, withdrawals... etc. Try your luck on *126# or on bit.ly/MyMoMo1 to enjoy [CONTACT_8D6B]: 0 FCFA on your transfers and 1% on your withdrawals. Info: 8787 or [PHONE_8787]"
USER_9,2026-02-02,22:08:37,MobileMoney,paiement,OUT,100.0,XAF,2859.0,"Your payment of 100 XAF to MTNC BUNDLES_FORFAITS has been completed at 2026-02-02 22:08:14. Your new balance: 2859 XAF. Fee was 0 XAF. Message: -. Transaction Id: [PHONE_9251]. 237,000 [CONTACT_4B8C] to win by making your MoMo transactions starting from 5237F. Transfers, payments, withdrawals... etc. Try your luck on *126# or on bit.ly/MyMoMo1 to enjoy [CONTACT_8D6B]: 0 FCFA on your transfers and 1% on your withdrawals. Info: 8787 or [PHONE_8787]"
USER_9,2026-02-03,6:43:39,MobileMoney,paiement,OUT,1000.0,XAF,1859.0,"Your payment of 1000 XAF to MTN Bundle Deal has been completed at 2026-02-03 06:43:27. Your new balance: 1859 XAF. Fee was 0 XAF. Message: -. Transaction Id: [PHONE_7558]. 237,000 [CONTACT_4B8C] to win by making your MoMo transactions starting from 5237F. Transfers, payments, withdrawals... etc. Try your luck on *126# or on bit.ly/MyMoMo1 to enjoy [CONTACT_8D6B]: 0 FCFA on your transfers and 1% on your withdrawals. Info: 8787 or [PHONE_8787]"
USER_9,2026-02-08,14:32:21,MobileMoney,transfert,IN,5000.0,XAF,6859.0,"You have received 5000 XAF of [CONTACT_DBB6] B AND F COMMUNICATION ([PHONE_5442] [CONTACT_DBB6]) on your Mobile Money 2026-02-08 14:32:19 account. Message from the sender: . Your new balance is 6859 XAF. Fee Paid: 0 XAF. Transaction ID: [PHONE_9637]. 237,000 [CONTACT_4B8C] to win by making your MoMo transactions starting from 5237,000F. Transfers, payments, withdrawals... etc. Try your luck on *126# or on bit.ly/MyMoMo1 to enjoy [CONTACT_8D6B]: 0 FCFA on your transfers and 1% on your withdrawals. Info: 8787 or [PHONE_8787]"
USER_9,2026-02-08,14:43:28,MobileMoney,retrait,OUT,5000.0,XAF,1795.0,"You have withdrawn 5000 XAF from your mobile money account at [CONTACT_EF32] 2026-02-08 14:43:27. Your new balance:1795 XAF. Financial Transaction Id: [PHONE_6552]. 237,000 [CONTACT_4B8C] to win by making your MoMo transactions starting from 5237F. Transfers, payments, withdrawals... etc. Try your luck on *126# or on bit.ly/MyMoMo1 to enjoy [CONTACT_8D6B]: 0 FCFA on your transfers and 1% on your withdrawals. Info: 8787 or [PHONE_8787]"
USER_9,2026-02-10,18:44:52,MobileMoney,transaction,OUT,150.0,XAF,1645.0,"A transaction of 150 XAF by MTNC BUNDLES_FORFAITS   (MTN_Bundles) on your mobile money account successfully completed at 2026-02-10 18:44:49. The amount was subject to a discount of 0 and coupons worth 0. Message from debit receiver: . Your new balance:1645 XAF. Fee was 0 XAF, loyalty fee was 0 and loyalty reward was 0. Financial Transaction Id: [PHONE_1002]. External Transaction Id: 83017393319405695. 237,000 [CONTACT_4B8C] to win by making your MoMo transactions starting from 5237F. Transfers, payments, withdrawals... etc. Try your luck on *126# or on bit.ly/MyMoMo1 to enjoy [CONTACT_8D6B]: 0 FCFA on your transfers and 1% on your withdrawals. Info: 8787 or [PHONE_8787]"
USER_9,2026-02-11,10:03:13,MobileMoney,paiement,OUT,500.0,XAF,1145.0,"Your payment of 500 XAF to MTN Bundle Deal has been completed at 2026-02-11 10:02:55. Your new balance: 1145 XAF. Fee was 0 XAF. Message: -. Transaction Id: [PHONE_7675]. 237,000 [CONTACT_4B8C] to win by making your MoMo transactions starting from 5237F. Transfers, payments, withdrawals... etc. Try your luck on *126# or on bit.ly/MyMoMo1 to enjoy [CONTACT_8D6B]: 0 FCFA on your transfers and 1% on your withdrawals. Info: 8787 or [PHONE_8787]"
USER_9,2026-02-11,18:09:55,MobileMoney,transfert,OUT,1000.0,XAF,139.0,"You have transferred 1000 XAF to [CONTACT_1435] ([PHONE_6899]) from your mobile money account 80025970 at 2026-02-11 18:09:53 FEES 6 FCFA. Your new balance: 139 XAF. Message from sender: Urgent. Message to receiver: . Financial Transaction Id: [PHONE_5121]. 237,000 [CONTACT_4B8C] to win by making your MoMo transactions starting from 5237F. Transfers, payments, withdrawals... etc. Try your luck on *126# or on bit.ly/MyMoMo1 to enjoy [CONTACT_8D6B]: 0 FCFA on your transfers and 1% on your withdrawals. Info: 8787 or [PHONE_8787]"
USER_9,2026-02-18,6:37:29,MobileMoney,transfert,IN,5000.0,XAF,5139.0,You have received 5000 XAF from [CONTACT_328D] ([PHONE_6265]) on your mobile money account at 2026-02-18 06:37:26. Message from sender: . Your new balance:5139 XAF. Financial Transaction Id: [PHONE_9518].
USER_9,2026-02-18,11:42:03,MobileMoney,transfert,OUT,5000.0,XAF,125.0,"You have transferred 5000 XAF to N A [CONTACT_0FA1] ([PHONE_8093]) from your mobile money account 80025970 at 2026-02-18 11:41:59 FEES 14 FCFA. Your new balance: 125 XAF. Message from sender: Urgent. Message to receiver: . Financial Transaction Id: [PHONE_8650]. 237,000 [CONTACT_4B8C] to win by making your MoMo transactions starting from 5237F. Transfers, payments, withdrawals... etc. Try your luck on *126# or on bit.ly/MyMoMo1 to enjoy [CONTACT_8D6B]: 0 FCFA on your transfers and 1% on your withdrawals. Info: 8787 or [PHONE_8787]"
USER_9,2026-02-26,7:29:57,MobileMoney,paiement,OUT,100.0,XAF,25.0,"Your payment of 100 XAF to MTNC BUNDLES_FORFAITS has been completed at 2026-02-26 07:29:47. Your new balance: 25 XAF. Fee was 0 XAF. Message: -. Transaction Id: [PHONE_5389]. 237,000 [CONTACT_4B8C] to win by making your MoMo transactions starting from 5237F. Transfers, payments, withdrawals... etc. Try your luck on *126# or on bit.ly/MyMoMo1 to enjoy [CONTACT_8D6B]: 0 FCFA on your transfers and 1% on your withdrawals. Info: 8787 or [PHONE_8787]"
USER_9,2026-02-27,17:31:13,MobileMoney,transfert,IN,4000.0,XAF,4025.0,You have received 4000 XAF from Maviance  ([PHONE_1013]) on your mobile money account at 2026-02-27 17:31:11. Message from sender: . Your new balance:4025 XAF. Financial Transaction Id: [PHONE_0060].
USER_9,2026-02-27,17:40:32,MobileMoney,retrait,OUT,3500.0,XAF,471.0,"You have withdrawn 3500 XAF from your mobile m[CONTACT_ED2B]ey account at  [CONTACT_ED2B] 2026-02-27 17:40:26. Your new balance:471 XAF. Financial Transaction Id: [PHONE_8641]. 237,000 [CONTACT_4B8C] to win by making your MoMo transactions starting from 5237F. Transfers, payments, withdrawals... etc. Try your luck on *126# or on bit.ly/MyMoMo1 to enjoy [CONTACT_8D6B]: 0 FCFA on your transfers and 1% on your withdrawals. Info: 8787 or [PHONE_8787]"
USER_9,2026-02-28,12:49:48,MobileMoney,transfert,IN,5000.0,XAF,5471.0,You have received 5000 XAF from Maviance  ([PHONE_1013]) on your mobile money account at 2026-02-28 12:49:47. Message from sender: . Your new balance:5471 XAF. Financial Transaction Id: [PHONE_4521].
USER_9,2026-02-28,12:53:43,MobileMoney,paiement,OUT,500.0,XAF,4971.0,"Your payment of 500 XAF to MTN Bundle Deal has been completed at 2026-02-28 12:53:38. Your new balance: 4971 XAF. Fee was 0 XAF. Message: -. Transaction Id: [PHONE_5334]. 237,000 [CONTACT_4B8C] to win by making your MoMo transactions starting from 5237F. Transfers, payments, withdrawals... etc. Try your luck on *126# or on bit.ly/MyMoMo1 to enjoy [CONTACT_8D6B]: 0 FCFA on your transfers and 1% on your withdrawals. Info: 8787 or [PHONE_8787]"
USER_9,2026-02-28,20:38:49,MobileMoney,transfert,OUT,500.0,XAF,4466.0,"You have transferred 500 XAF to [CONTACT_D603] ([PHONE_2471]) from your mobile money account 80025970 at 2026-02-28 20:38:46 FEES 5 FCFA. Your new balance: 4466 XAF. Message from sender: Cash. Message to receiver: . Financial Transaction Id: [PHONE_6628]. 237,000 [CONTACT_4B8C] to win by making your MoMo transactions starting from 5237F. Transfers, payments, withdrawals... etc. Try your luck on *126# or on bit.ly/MyMoMo1 to enjoy [CONTACT_8D6B]: 0 FCFA on your transfers and 1% on your withdrawals. Info: 8787 or [PHONE_8787]"
USER_9,2026-03-01,0:53:27,MobileMoney,paiement,OUT,200.0,XAF,4266.0,"Your payment of 200 XAF to MTNC BUNDLES_FORFAITS has been completed at 2026-03-01 00:53:20. Your new balance: 4266 XAF. Fee was 0 XAF. Message: -. Transaction Id: [PHONE_4616]. 237,000 [CONTACT_4B8C] to win by making your MoMo transactions starting from 5237F. Transfers, payments, withdrawals... etc. Try your luck on *126# or on bit.ly/MyMoMo1 to enjoy [CONTACT_8D6B]: 0 FCFA on your transfers and 1% on your withdrawals. Info: 8787 or [PHONE_8787]"
USER_9,2026-03-01,6:13:58,MobileMoney,paiement,OUT,500.0,XAF,3766.0,"Your payment of 500 XAF to MTN Bundle Deal has been completed at 2026-03-01 05:53:34. Your new balance: 3766 XAF. Fee was 0 XAF. Message: -. Transaction Id: [PHONE_8498]. 237,000 [CONTACT_4B8C] to win by making your MoMo transactions starting from 5237F. Transfers, payments, withdrawals... etc. Try your luck on *126# or on bit.ly/MyMoMo1 to enjoy [CONTACT_8D6B]: 0 FCFA on your transfers and 1% on your withdrawals. Info: 8787 or [PHONE_8787]"
USER_9,2026-03-02,9:17:19,MobileMoney,retrait,OUT,2100.0,XAF,1612.0,"You have withdrawn 2100 XAF from your mobile money account at [CONTACT_A37E] 2026-03-02 09:17:13. Your new balance:1612 XAF. Financial Transaction Id: [PHONE_6453]. 237,000 [CONTACT_4B8C] to win by making your MoMo transactions starting from 5237F. Transfers, payments, withdrawals... etc. Try your luck on *126# or on bit.ly/MyMoMo1 to enjoy [CONTACT_8D6B]: 0 FCFA on your transfers and 1% on your withdrawals. Info: 8787 or [PHONE_8787]"
USER_9,2026-03-06,13:49:53,MobileMoney,paiement,OUT,500.0,XAF,1112.0,"Your payment of 500 XAF to MTN Bundle Deal has been completed at 2026-03-06 13:49:37. Your new balance: 1112 XAF. Fee was 0 XAF. Message: -. Transaction Id: [PHONE_0866]. 237,000 [CONTACT_4B8C] to win by making your MoMo transactions starting from 5237F. Transfers, payments, withdrawals... etc. Try your luck on *126# or on bit.ly/MyMoMo1 to enjoy [CONTACT_8D6B]: 0 FCFA on your transfers and 1% on your withdrawals. Info: 8787 or [PHONE_8787]"
USER_9,2026-03-07,6:55:58,MobileMoney,paiement,OUT,500.0,XAF,612.0,"Your payment of 500 XAF to MTN Bundle Deal has been completed at 2026-03-07 06:55:43. Your new balance: 612 XAF. Fee was 0 XAF. Message: -. Transaction Id: [PHONE_4037]. 237,000 [CONTACT_4B8C] to win by making your MoMo transactions starting from 5237F. Transfers, payments, withdrawals... etc. Try your luck on *126# or on bit.ly/MyMoMo1 to enjoy [CONTACT_8D6B]: 0 FCFA on your transfers and 1% on your withdrawals. Info: 8787 or [PHONE_8787]"
USER_9,2026-03-09,7:09:16,MobileMoney,paiement,OUT,250.0,XAF,362.0,"Your payment of 250 XAF to [CONTACT_3A55] 6 ([PHONE_9618]) has been completed at 2026-03-09 07:09:10. Message: . Your new balance: 362 XAF. Fee was 0 XAF. The amount was subject to a discount of 0 XAF and coupons worth . Financial Transaction Id: [PHONE_3487]. External Transaction Id: -. 237,000 [CONTACT_4B8C] to win by making your MoMo transactions starting from 5237F. Transfers, payments, withdrawals... etc. Try your luck on *126# or on bit.ly/MyMoMo1 to enjoy [CONTACT_8D6B]: 0 FCFA on your transfers and 1% on your withdrawals. Info: 8787 or [PHONE_8787]"
USER_9,2026-03-09,13:28:54,MobileMoney,transfert,IN,200.0,XAF,562.0,"You have received 200 XAF of SWITCHN LIMITED_ 4 ([PHONE_6191] [CONTACT_10D2] N A) on your Mobile Money 2026-03-09 13:28:52 account. Message from the sender: . Your new balance is 562 XAF. Fee Paid: 0 XAF. Transaction ID: [PHONE_2099]. 237,000 [CONTACT_4B8C] to win by making your MoMo transactions starting from 5237,000F. Transfers, payments, withdrawals... etc. Try your luck on *126# or on bit.ly/MyMoMo1 to enjoy [CONTACT_8D6B]: 0 FCFA on your transfers and 1% on your withdrawals. Info: 8787 or [PHONE_8787]"
USER_9,2026-03-09,13:30:12,MobileMoney,paiement,OUT,500.0,XAF,62.0,"Your payment of 500 XAF to MTN Bundle Deal has been completed at 2026-03-09 13:30:07. Your new balance: 62 XAF. Fee was 0 XAF. Message: -. Transaction Id: [PHONE_7700]. 237,000 [CONTACT_4B8C] to win by making your MoMo transactions starting from 5237F. Transfers, payments, withdrawals... etc. Try your luck on *126# or on bit.ly/MyMoMo1 to enjoy [CONTACT_8D6B]: 0 FCFA on your transfers and 1% on your withdrawals. Info: 8787 or [PHONE_8787]"
USER_9,2026-03-10,10:32:17,MobileMoney,transfert,IN,2000.0,XAF,2062.0,"You have received 2000 XAF of [CONTACT_7896] ([PHONE_1387] [CONTACT_3CCD]) on your Mobile Money 2026-03-10 10:32:14 account. Message from the sender: . Your new balance is 2062 XAF. Fee Paid: 0 XAF. Transaction ID: [PHONE_4049]. 237,000 [CONTACT_4B8C] to win by making your MoMo transactions starting from 5237,000F. Transfers, payments, withdrawals... etc. Try your luck on *126# or on bit.ly/MyMoMo1 to enjoy [CONTACT_8D6B]: 0 FCFA on your transfers and 1% on your withdrawals. Info: 8787 or [PHONE_8787]"
USER_9,2026-03-10,10:33:56,MobileMoney,paiement,OUT,1000.0,XAF,1062.0,"Your payment of 1000 XAF to MTN Bundle Deal has been completed at 2026-03-10 10:33:43. Your new balance: 1062 XAF. Fee was 0 XAF. Message: -. Transaction Id: [PHONE_5065]. 237,000 [CONTACT_4B8C] to win by making your MoMo transactions starting from 5237F. Transfers, payments, withdrawals... etc. Try your luck on *126# or on bit.ly/MyMoMo1 to enjoy [CONTACT_8D6B]: 0 FCFA on your transfers and 1% on your withdrawals. Info: 8787 or [PHONE_8787]"
USER_9,2026-03-11,18:12:05,MobileMoney,paiement,OUT,510.0,XAF,552.0,"A transaction of 510 XAF by SWICTHN Online Payment  ([PHONE_6308]) on your mobile money account successfully completed at 2026-03-11 18:12:00. The amount was subject to a discount of 0 and coupons worth 0. Message from debit receiver: Top up. Your new balance:552 XAF. Fee was 0 XAF, loyalty fee was 0 and loyalty reward was 0. Financial Transaction Id: [PHONE_4139]. External Transaction Id: pr_10648584. 237,000 [CONTACT_4B8C] to win by making your MoMo transactions starting from 5237F. Transfers, payments, withdrawals... etc. Try your luck on *126# or on bit.ly/MyMoMo1 to enjoy [CONTACT_8D6B]: 0 FCFA on your transfers and 1% on your withdrawals. Info: 8787 or [PHONE_8787]"
USER_9,2026-03-18,11:47:05,MobileMoney,paiement,OUT,500.0,XAF,52.0,"Your payment of 500 XAF to MTN Bundle Deal has been completed at 2026-03-18 11:46:55. Your new balance: 52 XAF. Fee was 0 XAF. Message: -. Transaction Id: [PHONE_9483]. 237,000 [CONTACT_4B8C] to win by making your MoMo transactions starting from 5237F. Transfers, payments, withdrawals... etc. Try your luck on *126# or on bit.ly/MyMoMo1 to enjoy [CONTACT_8D6B]: 0 FCFA on your transfers and 1% on your withdrawals. Info: 8787 or [PHONE_8787]"
