UserId,Date,Time,Operator,Transaction_type,Direction,Amount,Currency,New_balance,Anonymized_Content
USER_5,2023-06-03,21:09:43,OrangeMoney,rechargement,OUT,1000.0,FCFA,158579.0,"Rechargement reussi. Montant de la transaction: 1000 FCFA, ID transaction: RC230603.2109.C76848, Frais: 0 FCFA, Commission: 0 FCFA, Nouveau solde: 158579 FCFA"
USER_5,2023-06-04,11:53:10,OrangeMoney,transfert,OUT,2000.0,FCFA,160579.0,"Transfert de [PHONE_9927] [CONTACT_D4FE] O vers [USER_5_phone] [USER_5] reussi. Details: ID transaction: PP230604.1152.A17092, Montant Transaction: 2000FCFA, Frais: 0 FCFA, Commission: 0 FCFA, Montant Net: 2000 FCFA, Nouveau Solde: 160579 FCFA."
USER_5,2023-06-04,19:30:25,OrangeMoney,transfert,OUT,15000.0,FCFA,175579.0,"Transfert de [PHONE_7181] [CONTACT_5088] vers [USER_5_phone] [USER_5] reussi. Details: ID transaction: PP230604.1930.A82350, Montant Transaction: 15000FCFA, Frais: 0 FCFA, Commission: 0 FCFA, Montant Net: 15000 FCFA, Nouveau Solde: 175579 FCFA."
USER_5,2023-06-05,15:13:03,OrangeMoney,transfert,OUT,47578.12,FCFA,222657.12,"Transfert de [PHONE_4789] [CONTACT_1E66] vers [USER_5_phone] [USER_5] reussi. Details: ID transaction: PP230605.1513.B66128, Montant Transaction: 47578.12FCFA, Frais: 0 FCFA, Commission: 0 FCFA, Montant Net: 47578.12 FCFA, Nouveau Solde: 222657.12 FCFA."
USER_5,2023-06-05,19:30:26,OrangeMoney,transfert,OUT,15000.0,FCFA,237657.12,"Transfert de [PHONE_9347] [CONTACT_828C] vers [USER_5_phone] [USER_5] reussi. Details: ID transaction: PP230605.1930.A31562, Montant Transaction: 15000FCFA, Frais: 0 FCFA, Commission: 0 FCFA, Montant Net: 15000 FCFA, Nouveau Solde: 237657.12 FCFA."
USER_5,2023-06-06,10:43:35,OrangeMoney,transfert,OUT,63250.0,FCFA,171990.87,"Transfert de [USER_5_phone] [USER_5] vers [PHONE_6378] [CONTACT_E3E6] reussi. ID transaction: PP230606.1043.C47178, Montant Transaction: 63250 FCFA, Frais: 316.25 FCFA, Commission: 0 FCFA, Montant Net: 63566.25 FCFA, Nouveau Solde: 171990.87 FCFA."
USER_5,2023-06-06,11:04:35,OrangeMoney,transfert,OUT,18200.0,FCFA,153699.87,"Transfert de [USER_5_phone] [USER_5] vers [PHONE_6378] [CONTACT_E3E6] reussi. ID transaction: PP230606.1104.A54126, Montant Transaction: 18200 FCFA, Frais: 91 FCFA, Commission: 0 FCFA, Montant Net: 18291 FCFA, Nouveau Solde: 153699.87 FCFA."
USER_5,2023-06-06,11:20:02,OrangeMoney,transfert,OUT,34375.0,FCFA,119153.0,"Transfert de [USER_5_phone] [USER_5] vers [PHONE_6378] [CONTACT_E3E6] reussi. ID transaction: PP230606.1119.A63336, Montant Transaction: 34375 FCFA, Frais: 171.87 FCFA, Commission: 0 FCFA, Montant Net: 34546.87 FCFA, Nouveau Solde: 119153 FCFA."
USER_5,2023-06-07,07:35:45,OrangeMoney,transfert,OUT,2100.0,FCFA,114942.5,"Transfert de [USER_5_phone] [USER_5] vers [PHONE_6593] [CONTACT_36DA] reussi. ID transaction: PP230607.0735.C77761, Montant Transaction: 2100 FCFA, Frais: 10.5 FCFA, Commission: 0 FCFA, Montant Net: 2110.5 FCFA, Nouveau Solde: 114942.5 FCFA."
USER_5,2023-06-07,11:13:15,OrangeMoney,retrait,OUT,32000.0,FCFA,82462.5,"Retrait d'argent reussi par le [PHONE_5573] avec le Code : 720054. Informations detaillees : Montant: 32000 FCFA, Frais: 480 FCFA, No de transaction CO230607.1113.B06326, montant net debite 32480 FCFA, Nouveau solde: 82462.5 FCFA."
USER_5,2023-06-07,13:01:22,OrangeMoney,retrait,OUT,10000.0,FCFA,72312.5,"Retrait d'argent reussi par le [PHONE_5442] avec le Code : 730843. Informations detaillees : Montant: 10000 FCFA, Frais: 150 FCFA, No de transaction CO230607.1301.C59090, montant net debite 10150 FCFA, Nouveau solde: 72312.5 FCFA."
USER_5,2023-06-07,14:59:37,OrangeMoney,transfert,OUT,2500.0,FCFA,69800.0,"Transfert de [USER_5_phone] [USER_5] vers [PHONE_6967] [CONTACT_4DE7] reussi. ID transaction: PP230607.1459.C26092, Montant Transaction: 2500 FCFA, Frais: 12.5 FCFA, Commission: 0 FCFA, Montant Net: 2512.5 FCFA, Nouveau Solde: 69800 FCFA."
USER_5,2023-06-08,13:30:42,OrangeMoney,transfert,OUT,15000.0,FCFA,52725.0,"Transfert de [USER_5_phone] [USER_5] vers [PHONE_2046] [CONTACT_4962] reussi. ID transaction: PP230608.1330.B97226, Montant Transaction: 15000 FCFA, Frais: 75 FCFA, Commission: 0 FCFA, Montant Net: 15075 FCFA, Nouveau Solde: 52725 FCFA."
USER_5,2023-06-10,10:13:53,OrangeMoney,transfert,OUT,28000.0,FCFA,22485.0,"Transfert de [USER_5_phone] [USER_5] vers [PHONE_8268] [CONTACT_16E7] reussi. ID transaction: PP230610.1013.A86738, Montant Transaction: 28000 FCFA, Frais: 140 FCFA, Commission: 0 FCFA, Montant Net: 28140 FCFA, Nouveau Solde: 22485 FCFA."
USER_5,2023-06-11,08:40:49,OrangeMoney,retrait,OUT,1000.0,FCFA,21435.0,"Retrait d'argent reussi par le [PHONE_1366] avec le Code : 173346. Informations detaillees : Montant: 1000 FCFA, Frais: 50 FCFA, No de transaction CO230611.0840.B73667, montant net debite 1050 FCFA, Nouveau solde: 21435 FCFA."
USER_5,2023-06-11,20:35:24,OrangeMoney,transfert,OUT,2150.0,FCFA,19274.25,"Transfert de [USER_5_phone] [USER_5] vers [PHONE_2046] [CONTACT_4962] reussi. ID transaction: PP230611.2035.C10390, Montant Transaction: 2150 FCFA, Frais: 10.75 FCFA, Commission: 0 FCFA, Montant Net: 2160.75 FCFA, Nouveau Solde: 19274.25 FCFA."
USER_5,2023-06-12,00:14:55,OrangeMoney,rechargement,OUT,700.0,FCFA,18574.25,"Rechargement reussi. Montant de la transaction: 700 FCFA, ID transaction: RC230612.0014.C25924, Frais: 0 FCFA, Commission: 0 FCFA, Nouveau solde: 18574.25 FCFA"
USER_5,2023-06-12,14:08:18,OrangeMoney,transfert,OUT,2900.0,FCFA,15659.75,"Transfert de [USER_5_phone] [USER_5] vers [PHONE_0593] [CONTACT_23A8] reussi. ID transaction: PP230612.1408.C05304, Montant Transaction: 2900 FCFA, Frais: 14.5 FCFA, Commission: 0 FCFA, Montant Net: 2914.5 FCFA, Nouveau Solde: 15659.75 FCFA."
USER_5,2023-06-12,14:26:46,OrangeMoney,transfert,OUT,1500.0,FCFA,14152.25,"Transfert de [USER_5_phone] [USER_5] vers [PHONE_3682] [CONTACT_6529] reussi. ID transaction: PP230612.1426.C16456, Montant Transaction: 1500 FCFA, Frais: 7.5 FCFA, Commission: 0 FCFA, Montant Net: 1507.5 FCFA, Nouveau Solde: 14152.25 FCFA."
USER_5,2023-06-12,14:40:22,OrangeMoney,transfert,OUT,5500.0,FCFA,8624.75,"Transfert de [USER_5_phone] [USER_5] vers [PHONE_5370] [CONTACT_7C4F] reussi. ID transaction: PP230612.1440.A16373, Montant Transaction: 5500 FCFA, Frais: 27.5 FCFA, Commission: 0 FCFA, Montant Net: 5527.5 FCFA, Nouveau Solde: 8624.75 FCFA."
USER_5,2023-06-12,16:13:54,OrangeMoney,transfert,OUT,2000.0,FCFA,6614.75,"Transfert de [USER_5_phone] [USER_5] vers [PHONE_6593] [CONTACT_36DA] reussi. ID transaction: PP230612.1613.B74192, Montant Transaction: 2000 FCFA, Frais: 10 FCFA, Commission: 0 FCFA, Montant Net: 2010 FCFA, Nouveau Solde: 6614.75 FCFA."
USER_5,2023-06-12,17:32:34,OrangeMoney,transfert,OUT,1000.0,FCFA,5609.75,"Transfert de [USER_5_phone] [USER_5] vers [PHONE_2046] [CONTACT_4962] reussi. ID transaction: PP230612.1732.C31778, Montant Transaction: 1000 FCFA, Frais: 5 FCFA, Commission: 0 FCFA, Montant Net: 1005 FCFA, Nouveau Solde: 5609.75 FCFA."
USER_5,2023-06-12,17:53:20,OrangeMoney,transfert,OUT,495.0,FCFA,5112.28,"Transfert de [USER_5_phone] [USER_5] vers [PHONE_2046] [CONTACT_4962] reussi. ID transaction: PP230612.1753.A37073, Montant Transaction: 495 FCFA, Frais: 2.47 FCFA, Commission: 0 FCFA, Montant Net: 497.47 FCFA, Nouveau Solde: 5112.28 FCFA."
USER_5,2023-06-14,10:24:48,OrangeMoney,rechargement,OUT,600.0,FCFA,2412.28,"Rechargement reussi. Montant de la transaction: 600 FCFA, ID transaction: RC230614.1024.A40240, Frais: 0 FCFA, Commission: 0 FCFA, Nouveau solde: 2412.28 FCFA"
USER_5,2023-06-16,11:01:16,OrangeMoney,rechargement,OUT,100.0,FCFA,1112.28,"Rechargement reussi. Montant de la transaction: 100 FCFA, ID transaction: RC230616.1101.B18883, Frais: 0 FCFA, Commission: 0 FCFA, Nouveau solde: 1112.28 FCFA"
USER_5,2023-06-16,12:14:02,OrangeMoney,rechargement,OUT,300.0,FCFA,712.28,"Rechargement reussi. Montant de la transaction: 300 FCFA, ID transaction: RC230616.1213.C33595, Frais: 0 FCFA, Commission: 0 FCFA, Nouveau solde: 712.28 FCFA"
USER_5,2023-06-17,09:40:05,OrangeMoney,rechargement,OUT,200.0,FCFA,12.28,"Rechargement reussi. Montant de la transaction: 200 FCFA, ID transaction: RC230617.0940.A27600, Frais: 0 FCFA, Commission: 0 FCFA, Nouveau solde: 12.28 FCFA"
USER_5,2023-06-28,11:28:26,OrangeMoney,transfert,OUT,1000.0,FCFA,1012.28,"Transfert de [PHONE_9035] Elat vers [USER_5_phone] [USER_5] reussi. Details: ID transaction: PP230628.1128.C22972, Montant Transaction: 1000FCFA, Frais: 0 FCFA, Commission: 0 FCFA, Montant Net: 1000 FCFA, Nouveau Solde: 1012.28 FCFA."
USER_5,2023-06-29,11:02:23,OrangeMoney,transfert,OUT,5000.0,FCFA,5012.28,"Transfert de [PHONE_1956] [CONTACT_2A97] vers [USER_5_phone] [USER_5] reussi. Details: ID transaction: PP230629.1100.C58561, Montant Transaction: 5000FCFA, Frais: 0 FCFA, Commission: 0 FCFA, Montant Net: 5000 FCFA, Nouveau Solde: 5012.28 FCFA."
USER_5,2023-06-29,11:05:55,OrangeMoney,transfert,OUT,3600.0,FCFA,1394.28,"Transfert de [USER_5_phone] [USER_5] vers [PHONE_1830] [CONTACT_4C27] reussi. ID transaction: PP230629.1105.A10332, Montant Transaction: 3600 FCFA, Frais: 18 FCFA, Commission: 0 FCFA, Montant Net: 3618 FCFA, Nouveau Solde: 1394.28 FCFA."
USER_5,2023-06-29,11:14:29,OrangeMoney,rechargement,OUT,700.0,FCFA,694.28,"Rechargement reussi. Montant de la transaction: 700 FCFA, ID transaction: RC230629.1114.A90683, Frais: 0 FCFA, Commission: 0 FCFA, Nouveau solde: 694.28 FCFA"
USER_5,2023-06-29,11:15:54,OrangeMoney,rechargement,OUT,100.0,FCFA,594.28,"Rechargement reussi. Montant de la transaction: 100 FCFA, ID transaction: RC230629.1115.B91215, Frais: 0 FCFA, Commission: 0 FCFA, Nouveau solde: 594.28 FCFA"
USER_5,2023-06-30,14:37:55,OrangeMoney,transfert,OUT,5000.0,FCFA,5094.28,"Transfert de [PHONE_1956] [CONTACT_2A97] vers [USER_5_phone] [USER_5] reussi. Details: ID transaction: PP230630.1437.A07208, Montant Transaction: 5000FCFA, Frais: 0 FCFA, Commission: 0 FCFA, Montant Net: 5000 FCFA, Nouveau Solde: 5094.28 FCFA."
USER_5,2023-07-01,15:46:08,OrangeMoney,transfert,OUT,400.0,FCFA,494.28,"Transfert de [PHONE_9793] Anong moukon vers [USER_5_phone] [USER_5] reussi. Details: ID transaction: PP230701.1546.C85234, Montant Transaction: 400FCFA, Frais: 0 FCFA, Commission: 0 FCFA, Montant Net: 400 FCFA, Nouveau Solde: 494.28 FCFA."
USER_5,2023-07-01,18:40:36,OrangeMoney,depot,IN,5000.0,FCFA,5494.28,"Depot effectue par [PHONE_6395] [CONTACT_EF63] to [USER_5_phone] [USER_5]. Informations detaillees: Montant de transaction : 5000 FCFA, ID transaction : CI230701.1840.C74701, Frais : 0 FCFA, Commission : 0 FCFA, Montant Net du Credit : 5000 FCFA, Nouveau Solde : 5494.28 FCFA."
USER_5,2023-07-01,20:04:16,OrangeMoney,transfert,OUT,1500.0,FCFA,3986.78,"Transfert de [USER_5_phone] [USER_5] vers [PHONE_9035] Elat reussi. ID transaction: PP230701.2004.A89962, Montant Transaction: 1500 FCFA, Frais: 7.5 FCFA, Commission: 0 FCFA, Montant Net: 1507.5 FCFA, Nouveau Solde: 3986.78 FCFA."
USER_5,2023-07-01,23:16:34,OrangeMoney,rechargement,OUT,700.0,FCFA,3286.78,"Rechargement reussi. Montant de la transaction: 700 FCFA, ID transaction: RC230701.2316.B78881, Frais: 0 FCFA, Commission: 0 FCFA, Nouveau solde: 3286.78 FCFA"
USER_5,2023-07-03,06:28:14,OrangeMoney,rechargement,OUT,350.0,FCFA,2936.78,"Rechargement reussi. Montant de la transaction: 350 FCFA, ID transaction: RC230703.0628.B04550, Frais: 0 FCFA, Commission: 0 FCFA, Nouveau solde: 2936.78 FCFA"
USER_5,2023-07-06,20:28:19,OrangeMoney,transfert,OUT,3000.0,FCFA,2012.0,"Transfert de [PHONE_8900] [USER_5] vers [PHONE_4023] [CONTACT_2A76] reussi. ID transaction: PP230706.2028.C02592, Montant Transaction: 3000 FCFA, Frais: 15 FCFA, Commission: 0 FCFA, Montant Net: 3015 FCFA, Nouveau Solde: 2012 FCFA."
USER_5,2023-07-06,20:29:36,OrangeMoney,rechargement,OUT,600.0,FCFA,1412.0,"Rechargement reussi. Montant de la transaction: 600 FCFA, ID transaction: RC230706.2029.A25026, Frais: 0 FCFA, Commission: 0 FCFA, Nouveau solde: 1412 FCFA"
USER_5,2023-07-08,20:48:57,OrangeMoney,rechargement,OUT,500.0,FCFA,936.78,"Rechargement reussi. Montant de la transaction: 500 FCFA, ID transaction: RC230708.2048.C04971, Frais: 0 FCFA, Commission: 0 FCFA, Nouveau solde: 936.78 FCFA"
USER_5,2023-07-12,15:57:04,OrangeMoney,rechargement,OUT,900.0,FCFA,36.78,"Rechargement reussi. Montant de la transaction: 900 FCFA, ID transaction: RC230712.1556.A61975, Frais: 0 FCFA, Commission: 0 FCFA, Nouveau solde: 36.78 FCFA"
USER_5,2023-07-17,10:59:49,OrangeMoney,transfert,OUT,2100.0,FCFA,2136.78,"Transfert de [PHONE_7712] [CONTACT_BAF2] vers [USER_5_phone] [USER_5] reussi. Details: ID transaction: PP230717.1059.C68487, Montant Transaction: 2100FCFA, Frais: 0 FCFA, Commission: 0 FCFA, Montant Net: 2100 FCFA, Nouveau Solde: 2136.78 FCFA."
USER_5,2023-07-17,11:00:39,OrangeMoney,transfert,OUT,1600.0,FCFA,528.78,"Transfert de [USER_5_phone] [USER_5] vers [PHONE_0349] [CONTACT_21AC] reussi. ID transaction: PP230717.1100.B28790, Montant Transaction: 1600 FCFA, Frais: 8 FCFA, Commission: 0 FCFA, Montant Net: 1608 FCFA, Nouveau Solde: 528.78 FCFA."
USER_5,2023-07-18,13:18:43,OrangeMoney,depot,IN,80000.0,FCFA,80028.78,"Depot effectue par [PHONE_1511] [CONTACT_6197] to [USER_5_phone] [USER_5]. Informations detaillees: Montant de transaction : 80000 FCFA, ID transaction : CI230718.1318.C52198, Frais : 0 FCFA, Commission : 0 FCFA, Montant Net du Credit : 80000 FCFA, Nouveau Solde : 80028.78 FCFA."
USER_5,2023-07-18,14:07:39,OrangeMoney,depot,IN,75000.0,FCFA,75028.78,"Depot effectue par [PHONE_1288] [CONTACT_CFAB] to [USER_5_phone] [USER_5]. Informations detaillees: Montant de transaction : 75000 FCFA, ID transaction : CI230718.1407.C62962, Frais : 0 FCFA, Commission : 0 FCFA, Montant Net du Credit : 75000 FCFA, Nouveau Solde : 75028.78 FCFA."
USER_5,2023-07-18,14:08:41,OrangeMoney,depot,IN,20000.0,FCFA,95028.78,"Depot effectue par [PHONE_1288] [CONTACT_CFAB] to [USER_5_phone] [USER_5]. Informations detaillees: Montant de transaction : 20000 FCFA, ID transaction : CI230718.1408.C63213, Frais : 0 FCFA, Commission : 0 FCFA, Montant Net du Credit : 20000 FCFA, Nouveau Solde : 95028.78 FCFA."
USER_5,2023-07-18,15:54:06,OrangeMoney,transfert,OUT,18450.0,FCFA,76486.53,"Transfert de [USER_5_phone] [USER_5] vers [PHONE_3944] [CONTACT_47D7] reussi. ID transaction: PP230718.1554.C07419, Montant Transaction: 18450 FCFA, Frais: 92.25 FCFA, Commission: 0 FCFA, Montant Net: 18542.25 FCFA, Nouveau Solde: 76486.53 FCFA."
USER_5,2023-07-19,08:09:03,OrangeMoney,rechargement,OUT,500.0,FCFA,50686.53,"Rechargement reussi. Montant de la transaction: 500 FCFA, ID transaction: RC230719.0809.A92544, Frais: 0 FCFA, Commission: 0 FCFA, Nouveau solde: 50686.53 FCFA"
USER_5,2023-07-19,08:32:49,OrangeMoney,rechargement,OUT,500.0,FCFA,50186.53,"Rechargement reussi. Montant de la transaction: 500 FCFA, ID transaction: RC230719.0832.B94723, Frais: 0 FCFA, Commission: 0 FCFA, Nouveau solde: 50186.53 FCFA"
USER_5,2023-07-19,15:36:01,OrangeMoney,transfert,OUT,52000.0,FCFA,102186.53,"Transfert de [PHONE_1956] [CONTACT_2A97] vers [USER_5_phone] [USER_5] reussi. Details: ID transaction: PP230719.1535.C23212, Montant Transaction: 52000FCFA, Frais: 0 FCFA, Commission: 0 FCFA, Montant Net: 52000 FCFA, Nouveau Solde: 102186.53 FCFA."
USER_5,2023-07-19,15:50:35,OrangeMoney,retrait,OUT,100000.0,FCFA,686.53,"Retrait d'argent reussi par le [PHONE_5515] avec le Code : 140735. Informations detaillees : Montant: 100000 FCFA, Frais: 1500 FCFA, No de transaction CO230719.1550.C71110, montant net debite 101500 FCFA, Nouveau solde: 686.53 FCFA."
USER_5,2023-07-22,19:04:22,OrangeMoney,transfert,OUT,1650.0,FCFA,1836.53,"Transfert de [PHONE_2046] [CONTACT_4962] vers [USER_5_phone] [USER_5] reussi. Details: ID transaction: PP230722.1904.C49322, Montant Transaction: 1650FCFA, Frais: 0 FCFA, Commission: 0 FCFA, Montant Net: 1650 FCFA, Nouveau Solde: 1836.53 FCFA."
USER_5,2023-07-24,17:54:32,OrangeMoney,transfert,OUT,5000.0,FCFA,6836.53,"Transfert de [PHONE_1956] [CONTACT_2A97] vers [USER_5_phone] [USER_5] reussi. Details: ID transaction: PP230724.1754.A64362, Montant Transaction: 5000FCFA, Frais: 0 FCFA, Commission: 0 FCFA, Montant Net: 5000 FCFA, Nouveau Solde: 6836.53 FCFA."
USER_5,2023-07-28,19:22:20,OrangeMoney,transfert,OUT,5000.0,FCFA,6336.53,"Transfert de [PHONE_1956] [CONTACT_2A97] vers [USER_5_phone] [USER_5] reussi. Details: ID transaction: PP230728.1922.C83021, Montant Transaction: 5000FCFA, Frais: 0 FCFA, Commission: 0 FCFA, Montant Net: 5000 FCFA, Nouveau Solde: 6336.53 FCFA."
USER_5,2023-07-29,08:32:13,OrangeMoney,depot,IN,5000.0,FCFA,11336.53,"Depot effectue par [PHONE_1406] [CONTACT_2E3B] to [USER_5_phone] [USER_5]. Informations detaillees: Montant de transaction : 5000 FCFA, ID transaction : CI230729.0832.C94985, Frais : 0 FCFA, Commission : 0 FCFA, Montant Net du Credit : 5000 FCFA, Nouveau Solde : 11336.53 FCFA."
USER_5,2023-07-29,12:47:42,OrangeMoney,transfert,OUT,5000.0,FCFA,11236.53,"Transfert de [PHONE_9229] [CONTACT_97A5] vers [USER_5_phone] [USER_5] reussi. Details: ID transaction: PP230729.1247.C04540, Montant Transaction: 5000FCFA, Frais: 0 FCFA, Commission: 0 FCFA, Montant Net: 5000 FCFA, Nouveau Solde: 11236.53 FCFA."
USER_5,2023-08-01,08:19:16,OrangeMoney,rechargement,OUT,200.0,FCFA,36.53,"Rechargement reussi. Montant de la transaction: 200 FCFA, ID transaction: RC230801.0819.A69572, Frais: 0 FCFA, Commission: 0 FCFA, Nouveau solde: 36.53 FCFA"
USER_5,2023-08-07,18:08:50,OrangeMoney,transfert,OUT,5100.0,FCFA,5136.53,"Transfert de [PHONE_1956] [CONTACT_2A97] vers [USER_5_phone] [USER_5] reussi. Details: ID transaction: PP230807.1808.A48831, Montant Transaction: 5100FCFA, Frais: 0 FCFA, Commission: 0 FCFA, Montant Net: 5100 FCFA, Nouveau Solde: 5136.53 FCFA."
USER_5,2023-08-07,18:09:47,OrangeMoney,transfert,OUT,5000.0,FCFA,111.53,"Transfert de [USER_5_phone] [USER_5] vers [PHONE_8470] [CONTACT_D8E7] reussi. ID transaction: PP230807.1809.A49452, Montant Transaction: 5000 FCFA, Frais: 25 FCFA, Commission: 0 FCFA, Montant Net: 5025 FCFA, Nouveau Solde: 111.53 FCFA."
USER_5,2023-08-10,14:20:48,OrangeMoney,rechargement,OUT,100.0,FCFA,11.53,"Rechargement reussi. Montant de la transaction: 100 FCFA, ID transaction: RC230810.1420.B23898, Frais: 0 FCFA, Commission: 0 FCFA, Nouveau solde: 11.53 FCFA"
USER_5,2023-08-15,13:00:07,OrangeMoney,transfert,OUT,3000.0,FCFA,3011.53,"Transfert de [PHONE_1956] [CONTACT_2A97] vers [USER_5_phone] [USER_5] reussi. Details: ID transaction: PP230815.1300.C13550, Montant Transaction: 3000FCFA, Frais: 0 FCFA, Commission: 0 FCFA, Montant Net: 3000 FCFA, Nouveau Solde: 3011.53 FCFA."
USER_5,2023-08-23,09:49:35,OrangeMoney,depot,IN,5000.0,FCFA,5011.53,"Depot effectue par [PHONE_3480] [CONTACT_50C2] to [USER_5_phone] [USER_5]. Informations detaillees: Montant de transaction : 5000 FCFA, ID transaction : CI230823.0949.B28599, Frais : 0 FCFA, Commission : 0 FCFA, Montant Net du Credit : 5000 FCFA, Nouveau Solde : 5011.53 FCFA."
USER_5,2023-08-26,09:00:19,OrangeMoney,depot,IN,2000.0,FCFA,2011.53,"Depot effectue par [PHONE_3480] [CONTACT_50C2] to [USER_5_phone] [USER_5]. Informations detaillees: Montant de transaction : 2000 FCFA, ID transaction : CI230826.0900.A54055, Frais : 0 FCFA, Commission : 0 FCFA, Montant Net du Credit : 2000 FCFA, Nouveau Solde : 2011.53 FCFA."
USER_5,2023-08-28,23:53:43,OrangeMoney,transfert,OUT,2000.0,FCFA,2236.53,"Transfert de [PHONE_8268] [CONTACT_16E7] vers [USER_5_phone] [USER_5] reussi. Details: ID transaction: PP230828.2353.B64831, Montant Transaction: 2000FCFA, Frais: 0 FCFA, Commission: 0 FCFA, Montant Net: 2000 FCFA, Nouveau Solde: 2236.53 FCFA."
USER_5,2023-08-29,05:02:45,OrangeMoney,rechargement,OUT,200.0,FCFA,2036.53,"Rechargement reussi. Montant de la transaction: 200 FCFA, ID transaction: RC230829.0502.C70190, Frais: 0 FCFA, Commission: 0 FCFA, Nouveau solde: 2036.53 FCFA"
USER_5,2023-08-29,14:52:25,OrangeMoney,transfert,OUT,1000.0,FCFA,2936.53,"Transfert de [PHONE_1956] [CONTACT_2A97] vers [USER_5_phone] [USER_5] reussi. Details: ID transaction: PP230829.1452.C58697, Montant Transaction: 1000FCFA, Frais: 0 FCFA, Commission: 0 FCFA, Montant Net: 1000 FCFA, Nouveau Solde: 2936.53 FCFA."
USER_5,2023-08-29,23:59:29,OrangeMoney,transfert,OUT,1000.0,FCFA,2936.53,"Transfert de [PHONE_1227] [CONTACT_5DD5] vers [USER_5_phone] [USER_5] reussi. Details: ID transaction: PP230829.2359.A26537, Montant Transaction: 1000FCFA, Frais: 0 FCFA, Commission: 0 FCFA, Montant Net: 1000 FCFA, Nouveau Solde: 2936.53 FCFA."
USER_5,2023-08-30,10:34:26,OrangeMoney,transfert,OUT,2100.0,FCFA,4636.53,"Transfert de [PHONE_0349] [CONTACT_21AC] vers [USER_5_phone] [USER_5] reussi. Details: ID transaction: PP230830.1034.C52796, Montant Transaction: 2100FCFA, Frais: 0 FCFA, Commission: 0 FCFA, Montant Net: 2100 FCFA, Nouveau Solde: 4636.53 FCFA."
USER_5,2023-08-30,13:35:30,OrangeMoney,transfert,OUT,2050.0,FCFA,6686.53,"Transfert de [PHONE_0962] Pierre Ferdinand vers [USER_5_phone] [USER_5] reussi. Details: ID transaction: PP230830.1335.B75380, Montant Transaction: 2050FCFA, Frais: 0 FCFA, Commission: 0 FCFA, Montant Net: 2050 FCFA, Nouveau Solde: 6686.53 FCFA."
USER_5,2023-08-31,14:39:19,OrangeMoney,depot,IN,2000.0,FCFA,8186.53,"Depot effectue par [PHONE_0961] [CONTACT_7AC5] to [USER_5_phone] [USER_5]. Informations detaillees: Montant de transaction : 2000 FCFA, ID transaction : CI230831.1439.C31391, Frais : 0 FCFA, Commission : 0 FCFA, Montant Net du Credit : 2000 FCFA, Nouveau Solde : 8186.53 FCFA."
USER_5,2023-09-01,18:21:16,OrangeMoney,transfert,OUT,500.0,FCFA,4184.03,"Transfert de [USER_5_phone] [USER_5] vers [PHONE_9805] [CONTACT_9949] reussi. ID transaction: PP230901.1821.C16479, Montant Transaction: 500 FCFA, Frais: 2.5 FCFA, Commission: 0 FCFA, Montant Net: 502.5 FCFA, Nouveau Solde: 4184.03 FCFA."
USER_5,2023-09-01,21:09:50,OrangeMoney,transfert,OUT,2000.0,FCFA,6184.03,"Transfert de [PHONE_7253] [CONTACT_CA8C] vers [USER_5_phone] [USER_5] reussi. Details: ID transaction: PP230901.2109.C08678, Montant Transaction: 2000FCFA, Frais: 0 FCFA, Commission: 0 FCFA, Montant Net: 2000 FCFA, Nouveau Solde: 6184.03 FCFA."
USER_5,2023-09-02,10:22:46,OrangeMoney,rechargement,OUT,500.0,FCFA,5684.03,"Rechargement reussi. Montant de la transaction: 500 FCFA, ID transaction: RC230902.1022.C60209, Frais: 0 FCFA, Commission: 0 FCFA, Nouveau solde: 5684.03 FCFA"
USER_5,2023-09-03,16:04:27,OrangeMoney,transfert,OUT,2100.0,FCFA,3573.53,"Transfert de [USER_5_phone] [USER_5] vers [PHONE_0349] [CONTACT_21AC] reussi. ID transaction: PP230903.1604.A76390, Montant Transaction: 2100 FCFA, Frais: 10.5 FCFA, Commission: 0 FCFA, Montant Net: 2110.5 FCFA, Nouveau Solde: 3573.53 FCFA."
USER_5,2023-09-03,20:59:19,OrangeMoney,transfert,OUT,1000.0,FCFA,2068.53,"Transfert de [USER_5_phone] [USER_5] vers [PHONE_8528] [CONTACT_2AA2] reussi. ID transaction: PP230903.2059.C28283, Montant Transaction: 1000 FCFA, Frais: 5 FCFA, Commission: 0 FCFA, Montant Net: 1005 FCFA, Nouveau Solde: 2068.53 FCFA."
USER_5,2023-09-04,13:18:05,OrangeMoney,transfert,OUT,1050.0,FCFA,513.28,"Transfert de [USER_5_phone] [USER_5] vers [PHONE_0349] [CONTACT_21AC] reussi. ID transaction: PP230904.1318.C90685, Montant Transaction: 1050 FCFA, Frais: 5.25 FCFA, Commission: 0 FCFA, Montant Net: 1055.25 FCFA, Nouveau Solde: 513.28 FCFA."
USER_5,2023-09-08,12:14:23,OrangeMoney,depot,IN,3600.0,FCFA,3613.28,"Depot effectue par [PHONE_7403] [CONTACT_10B6] to [USER_5_phone] [USER_5]. Informations detaillees: Montant de transaction : 3600 FCFA, ID transaction : CI230908.1214.B76116, Frais : 0 FCFA, Commission : 0 FCFA, Montant Net du Credit : 3600 FCFA, Nouveau Solde : 3613.28 FCFA."
USER_5,2023-09-08,19:51:50,OrangeMoney,rechargement,OUT,500.0,FCFA,3113.28,"Rechargement reussi. Montant de la transaction: 500 FCFA, ID transaction: RC230908.1951.B76942, Frais: 0 FCFA, Commission: 0 FCFA, Nouveau solde: 3113.28 FCFA"
USER_5,2023-09-09,14:33:30,OrangeMoney,transfert,OUT,7650.0,FCFA,10763.28,"Transfert de [PHONE_8649] [CONTACT_80FE] vers [USER_5_phone] [USER_5] reussi. Details: ID transaction: PP230909.1433.B74225, Montant Transaction: 7650FCFA, Frais: 0 FCFA, Commission: 0 FCFA, Montant Net: 7650 FCFA, Nouveau Solde: 10763.28 FCFA."
USER_5,2023-09-09,15:38:47,OrangeMoney,transfert,OUT,50700.0,FCFA,61463.28,"Transfert de [PHONE_0762] [CONTACT_BAF2] vers [USER_5_phone] [USER_5] reussi. Details: ID transaction: PP230909.1538.B17340, Montant Transaction: 50700FCFA, Frais: 0 FCFA, Commission: 0 FCFA, Montant Net: 50700 FCFA, Nouveau Solde: 61463.28 FCFA."
USER_5,2023-09-09,15:52:00,OrangeMoney,retrait,OUT,58000.0,FCFA,2593.28,"Retrait d'argent reussi par le [PHONE_5515] avec le Code : 140735. Informations detaillees : Montant: 58000 FCFA, Frais: 870 FCFA, No de transaction CO230909.1551.A25499, montant net debite 58870 FCFA, Nouveau solde: 2593.28 FCFA."
USER_5,2023-09-11,09:45:45,OrangeMoney,transfert,OUT,1025.0,FCFA,563.16,"Transfert de [USER_5_phone] [USER_5] vers [PHONE_1830] [CONTACT_4C27] reussi. ID transaction: PP230911.0945.A09308, Montant Transaction: 1025 FCFA, Frais: 5.12 FCFA, Commission: 0 FCFA, Montant Net: 1030.12 FCFA, Nouveau Solde: 563.16 FCFA."
USER_5,2023-09-11,09:49:57,OrangeMoney,transfert,OUT,200.0,FCFA,362.16,"Transfert de [USER_5_phone] [USER_5] vers [PHONE_1830] [CONTACT_4C27] reussi. ID transaction: PP230911.0949.C06881, Montant Transaction: 200 FCFA, Frais: 1 FCFA, Commission: 0 FCFA, Montant Net: 201 FCFA, Nouveau Solde: 362.16 FCFA."
USER_5,2023-09-12,08:06:59,OrangeMoney,transfert,OUT,1000.0,FCFA,1062.16,"Transfert de [PHONE_2046] [CONTACT_4962] vers [USER_5_phone] [USER_5] reussi. Details: ID transaction: PP230912.0806.A82972, Montant Transaction: 1000FCFA, Frais: 0 FCFA, Commission: 0 FCFA, Montant Net: 1000 FCFA, Nouveau Solde: 1062.16 FCFA."
USER_5,2023-09-12,08:08:19,OrangeMoney,transfert,OUT,500.0,FCFA,559.66,"Transfert de [USER_5_phone] [USER_5] vers [PHONE_4023] [CONTACT_2A76] reussi. ID transaction: PP230912.0808.B78926, Montant Transaction: 500 FCFA, Frais: 2.5 FCFA, Commission: 0 FCFA, Montant Net: 502.5 FCFA, Nouveau Solde: 559.66 FCFA."
USER_5,2023-09-13,16:20:16,OrangeMoney,transfert,OUT,1000.0,FCFA,1059.66,"Transfert de [PHONE_2046] [CONTACT_4962] vers [USER_5_phone] [USER_5] reussi. Details: ID transaction: PP230913.1620.B94141, Montant Transaction: 1000FCFA, Frais: 0 FCFA, Commission: 0 FCFA, Montant Net: 1000 FCFA, Nouveau Solde: 1059.66 FCFA."
USER_5,2023-09-13,18:25:20,OrangeMoney,depot,IN,5000.0,FCFA,5809.66,"Depot effectue par [PHONE_7571] [CONTACT_D788] to [USER_5_phone] [USER_5]. Informations detaillees: Montant de transaction : 5000 FCFA, ID transaction : CI230913.1825.C54363, Frais : 0 FCFA, Commission : 0 FCFA, Montant Net du Credit : 5000 FCFA, Nouveau Solde : 5809.66 FCFA."
USER_5,2023-09-14,23:44:19,OrangeMoney,rechargement,OUT,400.0,FCFA,5059.66,"Rechargement reussi. Montant de la transaction: 400 FCFA, ID transaction: RC230914.2344.B11254, Frais: 0 FCFA, Commission: 0 FCFA, Nouveau solde: 5059.66 FCFA"
USER_5,2023-09-15,11:07:58,OrangeMoney,transfert,OUT,51000.0,FCFA,56059.66,"Transfert de [PHONE_1956] [CONTACT_2A97] vers [USER_5_phone] [USER_5] reussi. Details: ID transaction: PP230915.1107.B49974, Montant Transaction: 51000FCFA, Frais: 0 FCFA, Commission: 0 FCFA, Montant Net: 51000 FCFA, Nouveau Solde: 56059.66 FCFA."
USER_5,2023-09-15,18:30:16,OrangeMoney,depot,IN,60000.0,FCFA,113359.66,"Depot effectue par [PHONE_1118] [CONTACT_970E] to [USER_5_phone] [USER_5]. Informations detaillees: Montant de transaction : 60000 FCFA, ID transaction : CI230915.1830.B52974, Frais : 0 FCFA, Commission : 0 FCFA, Montant Net du Credit : 60000 FCFA, Nouveau Solde : 113359.66 FCFA."
USER_5,2023-09-15,19:57:32,OrangeMoney,rechargement,OUT,14900.0,FCFA,38559.66,"Rechargement reussi. Montant de la transaction: 14900 FCFA, ID transaction: RC230915.1957.C84477, Frais: 0 FCFA, Commission: 0 FCFA, Nouveau solde: 38559.66 FCFA"
USER_5,2023-09-15,20:40:37,OrangeMoney,transfert,OUT,3100.0,FCFA,35444.16,"Transfert de [USER_5_phone] [USER_5] vers [PHONE_9035] Elat reussi. ID transaction: PP230915.2040.A18654, Montant Transaction: 3100 FCFA, Frais: 15.5 FCFA, Commission: 0 FCFA, Montant Net: 3115.5 FCFA, Nouveau Solde: 35444.16 FCFA."
USER_5,2023-09-16,13:59:23,OrangeMoney,transfert,OUT,1400.0,FCFA,36244.16,"Transfert de [PHONE_8900] [USER_5] vers [USER_5_phone] [USER_5] reussi. Details: ID transaction: PP230916.1359.A24256, Montant Transaction: 1400FCFA, Frais: 0 FCFA, Commission: 0 FCFA, Montant Net: 1400 FCFA, Nouveau Solde: 36244.16 FCFA."
USER_5,2023-09-17,00:44:42,OrangeMoney,rechargement,OUT,500.0,FCFA,35244.16,"Rechargement reussi. Montant de la transaction: 500 FCFA, ID transaction: RC230917.0044.C11530, Frais: 0 FCFA, Commission: 0 FCFA, Nouveau solde: 35244.16 FCFA"
USER_5,2023-09-17,12:29:15,OrangeMoney,rechargement,OUT,500.0,FCFA,34744.16,"Rechargement reussi. Montant de la transaction: 500 FCFA, ID transaction: RC230917.1229.C84217, Frais: 0 FCFA, Commission: 0 FCFA, Nouveau solde: 34744.16 FCFA"
USER_5,2023-09-17,15:15:05,OrangeMoney,rechargement,OUT,1800.0,FCFA,32944.16,"Rechargement reussi. Montant de la transaction: 1800 FCFA, ID transaction: RC230917.1515.C15607, Frais: 0 FCFA, Commission: 0 FCFA, Nouveau solde: 32944.16 FCFA"
USER_5,2023-09-17,15:17:09,OrangeMoney,autre,unknown,15000.0,FCFA,17719.16,Votre transfert de 15000.00 FCFA de votre compte Orange Money vers votre compte [CONTACT_6F87] 070--051 UBA est reussi. Frais: 225 FCFA. Votre nouveau solde : 17719.16 FCFA. CO230917.1517.B42688. Orange Money vous remercie.
USER_5,2023-09-17,16:50:09,OrangeMoney,rechargement,OUT,500.0,FCFA,17219.16,"Rechargement reussi. Montant de la transaction: 500 FCFA, ID transaction: RC230917.1650.C33955, Frais: 0 FCFA, Commission: 0 FCFA, Nouveau solde: 17219.16 FCFA"
USER_5,2023-09-18,00:42:24,OrangeMoney,rechargement,OUT,2100.0,FCFA,15019.16,"Rechargement reussi. Montant de la transaction: 2100 FCFA, ID transaction: RC230918.0042.B02032, Frais: 0 FCFA, Commission: 0 FCFA, Nouveau solde: 15019.16 FCFA"
USER_5,2023-09-18,15:33:51,OrangeMoney,autre,unknown,11159.16,FCFA,11159.16,"Vous avez transfere avec succes 3600 FCFA a [PHONE_1079] (Mtn Cameroon). Cette transaction vous a coute 260.0 FCFA, Le montant net debite de votre compte est de 3860 FCFA, votre nouveau solde est de: 11159.16 FCFA. Reference de transaction: CO230918.1533.C54472 . Orange Money vous remercie"
USER_5,2023-09-20,11:33:34,OrangeMoney,rechargement,OUT,500.0,FCFA,10659.16,"Rechargement reussi. Montant de la transaction: 500 FCFA, ID transaction: RC230920.1133.B51911, Frais: 0 FCFA, Commission: 0 FCFA, Nouveau solde: 10659.16 FCFA"
USER_5,2023-09-20,11:47:49,OrangeMoney,rechargement,OUT,550.0,FCFA,10109.16,"Rechargement reussi. Montant de la transaction: 550 FCFA, ID transaction: RC230920.1147.B54525, Frais: 0 FCFA, Commission: 0 FCFA, Nouveau solde: 10109.16 FCFA"
USER_5,2023-09-21,13:22:11,OrangeMoney,transfert,OUT,1100.0,FCFA,9003.66,"Transfert de [USER_5_phone] [USER_5] vers [PHONE_9898] [CONTACT_F14A] reussi. ID transaction: PP230921.1322.C31876, Montant Transaction: 1100 FCFA, Frais: 5.5 FCFA, Commission: 0 FCFA, Montant Net: 1105.5 FCFA, Nouveau Solde: 9003.66 FCFA."
USER_5,2023-09-22,00:14:52,OrangeMoney,rechargement,OUT,500.0,FCFA,8503.66,"Rechargement reussi. Montant de la transaction: 500 FCFA, ID transaction: RC230922.0014.C00634, Frais: 0 FCFA, Commission: 0 FCFA, Nouveau solde: 8503.66 FCFA"
USER_5,2023-09-23,14:03:09,OrangeMoney,transfert,OUT,4800.0,FCFA,3329.66,"Transfert de [USER_5_phone] [USER_5] vers [PHONE_4350] [CONTACT_0297] reussi. ID transaction: PP230923.1403.A48623, Montant Transaction: 4800 FCFA, Frais: 24 FCFA, Commission: 0 FCFA, Montant Net: 4824 FCFA, Nouveau Solde: 3329.66 FCFA."
USER_5,2023-09-24,14:13:16,OrangeMoney,transfert,OUT,5000.0,FCFA,7329.66,"Transfert de [PHONE_1956] [CONTACT_2A97] vers [USER_5_phone] [USER_5] reussi. Details: ID transaction: PP230924.1413.A09063, Montant Transaction: 5000FCFA, Frais: 0 FCFA, Commission: 0 FCFA, Montant Net: 5000 FCFA, Nouveau Solde: 7329.66 FCFA."
USER_5,2023-09-24,14:50:05,OrangeMoney,rechargement,OUT,700.0,FCFA,6629.66,"Rechargement reussi. Montant de la transaction: 700 FCFA, ID transaction: RC230924.1450.A77584, Frais: 0 FCFA, Commission: 0 FCFA, Nouveau solde: 6629.66 FCFA"
USER_5,2023-09-24,18:35:31,OrangeMoney,rechargement,OUT,2000.0,FCFA,4629.66,"Rechargement reussi. Montant de la transaction: 2000 FCFA, ID transaction: RC230924.1835.B26659, Frais: 0 FCFA, Commission: 0 FCFA, Nouveau solde: 4629.66 FCFA"
USER_5,2023-09-26,10:25:08,OrangeMoney,transfert,OUT,1150.0,FCFA,2973.91,"Transfert de [USER_5_phone] [USER_5] vers [PHONE_9898] [CONTACT_F14A] reussi. ID transaction: PP230926.1025.A80550, Montant Transaction: 1150 FCFA, Frais: 5.75 FCFA, Commission: 0 FCFA, Montant Net: 1155.75 FCFA, Nouveau Solde: 2973.91 FCFA."
USER_5,2023-09-27,12:23:51,OrangeMoney,rechargement,OUT,500.0,FCFA,2473.91,"Rechargement reussi. Montant de la transaction: 500 FCFA, ID transaction: RC230927.1223.B52236, Frais: 0 FCFA, Commission: 0 FCFA, Nouveau solde: 2473.91 FCFA"
USER_5,2023-09-28,07:54:17,OrangeMoney,rechargement,OUT,500.0,FCFA,1723.91,"Rechargement reussi. Montant de la transaction: 500 FCFA, ID transaction: RC230928.0754.C18513, Frais: 0 FCFA, Commission: 0 FCFA, Nouveau solde: 1723.91 FCFA"
USER_5,2023-09-30,08:03:42,OrangeMoney,depot,IN,1000.0,FCFA,2223.91,"Depot effectue par [PHONE_4406] [CONTACT_96F6] KAMCHE16 to [USER_5_phone] [USER_5]. Informations detaillees: Montant de transaction : 1000 FCFA, ID transaction : CI230930.0803.A56305, Frais : 0 FCFA, Commission : 0 FCFA, Montant Net du Credit : 1000 FCFA, Nouveau Solde : 2223.91 FCFA."
USER_5,2023-09-30,08:04:32,OrangeMoney,transfert,OUT,2100.0,FCFA,113.41,"Transfert de [USER_5_phone] [USER_5] vers [PHONE_7348] Ongolo reussi. ID transaction: PP230930.0804.B08443, Montant Transaction: 2100 FCFA, Frais: 10.5 FCFA, Commission: 0 FCFA, Montant Net: 2110.5 FCFA, Nouveau Solde: 113.41 FCFA."
USER_5,2023-09-30,08:09:16,OrangeMoney,transfert,OUT,1000.0,FCFA,1113.41,"Transfert de [PHONE_9035] Elat vers [USER_5_phone] [USER_5] reussi. Details: ID transaction: PP230930.0809.B10664, Montant Transaction: 1000FCFA, Frais: 0 FCFA, Commission: 0 FCFA, Montant Net: 1000 FCFA, Nouveau Solde: 1113.41 FCFA."
USER_5,2023-10-06,07:47:49,OrangeMoney,depot,IN,1000.0,FCFA,1003.41,"Depot effectue par [PHONE_7872] [CONTACT_8635] to [USER_5_phone] [USER_5]. Informations detaillees: Montant de transaction : 1000 FCFA, ID transaction : CI231006.0747.A79920, Frais : 0 FCFA, Commission : 0 FCFA, Montant Net du Credit : 1000 FCFA, Nouveau Solde : 1003.41 FCFA."
USER_5,2023-10-06,17:46:23,OrangeMoney,autre,unknown,23615.0,FCFA,,"Transfert d’argent de 23615 FCFA reçu de Emilie Audrey Foning Ketchiegmen provenant du pays fr le 06/10/2023 à 17:46:19. Nouveau solde OM : 23618.41 FCFA, Frais : 0 FCFA, CI231006.1746.C27423 Orange Money vous remercie."
USER_5,2023-10-06,18:13:55,OrangeMoney,transfert,OUT,1800.0,FCFA,25418.41,"Transfert de [PHONE_5033] [CONTACT_DC1E] vers [USER_5_phone] [USER_5] reussi. Details: ID transaction: PP231006.1813.A51734, Montant Transaction: 1800FCFA, Frais: 0 FCFA, Commission: 0 FCFA, Montant Net: 1800 FCFA, Nouveau Solde: 25418.41 FCFA."
USER_5,2023-10-07,14:38:42,OrangeMoney,retrait,OUT,2000.0,FCFA,22768.41,"Retrait d'argent reussi par le [PHONE_3062] avec le Code : 129307. Informations detaillees : Montant: 2000 FCFA, Frais: 50 FCFA, No de transaction CO231007.1438.C21371, montant net debite 2050 FCFA, Nouveau solde: 22768.41 FCFA."
USER_5,2023-10-07,15:33:29,OrangeMoney,transfert,OUT,20500.0,FCFA,43268.41,"Transfert de [PHONE_1956] [CONTACT_2A97] vers [USER_5_phone] [USER_5] reussi. Details: ID transaction: PP231007.1533.B74449, Montant Transaction: 20500FCFA, Frais: 0 FCFA, Commission: 0 FCFA, Montant Net: 20500 FCFA, Nouveau Solde: 43268.41 FCFA."
USER_5,2023-10-07,15:34:10,OrangeMoney,retrait,OUT,34000.0,FCFA,8758.41,"Retrait d'argent reussi par le [PHONE_2744] avec le Code : 745328. Informations detaillees : Montant: 34000 FCFA, Frais: 510 FCFA, No de transaction CO231007.1534.C52410, montant net debite 34510 FCFA, Nouveau solde: 8758.41 FCFA."
USER_5,2023-10-07,16:15:35,OrangeMoney,transfert,OUT,6150.0,FCFA,2577.66,"Transfert de [USER_5_phone] [USER_5] vers [PHONE_5860] [CONTACT_22B1] reussi. ID transaction: PP231007.1615.B02343, Montant Transaction: 6150 FCFA, Frais: 30.75 FCFA, Commission: 0 FCFA, Montant Net: 6180.75 FCFA, Nouveau Solde: 2577.66 FCFA."
USER_5,2023-10-07,16:35:41,OrangeMoney,transfert,OUT,1000.0,FCFA,1572.66,"Transfert de [USER_5_phone] [USER_5] vers [PHONE_1720] [CONTACT_3EFF] reussi. ID transaction: PP231007.1635.C83155, Montant Transaction: 1000 FCFA, Frais: 5 FCFA, Commission: 0 FCFA, Montant Net: 1005 FCFA, Nouveau Solde: 1572.66 FCFA."
USER_5,2023-10-14,15:03:16,OrangeMoney,depot,IN,2000.0,FCFA,2022.66,"Depot effectue par [PHONE_7872] [CONTACT_8635] to [USER_5_phone] [USER_5]. Informations detaillees: Montant de transaction : 2000 FCFA, ID transaction : CI231014.1503.C06243, Frais : 0 FCFA, Commission : 0 FCFA, Montant Net du Credit : 2000 FCFA, Nouveau Solde : 2022.66 FCFA."
USER_5,2023-10-14,15:14:00,OrangeMoney,transfert,IN,1500.0,FCFA,3522.66,"Vous avez recu avec succes 1500 FCFA de [PHONE_9923](Mtn Cameroon). Votre nouveau solde est de 3522.66 FCFA, Reference de transaction: CI231014.1513.C08969 Orange Money vous remercie"
USER_5,2023-10-15,23:10:08,OrangeMoney,transfert,OUT,15000.0,FCFA,17522.66,"Transfert de [PHONE_0762] [CONTACT_BAF2] vers [USER_5_phone] [USER_5] reussi. Details: ID transaction: PP231015.2310.A60972, Montant Transaction: 15000FCFA, Frais: 0 FCFA, Commission: 0 FCFA, Montant Net: 15000 FCFA, Nouveau Solde: 17522.66 FCFA."
USER_5,2023-10-17,14:15:11,OrangeMoney,rechargement,OUT,500.0,FCFA,1872.66,"Rechargement reussi. Montant de la transaction: 500 FCFA, ID transaction: RC231017.1415.A57184, Frais: 0 FCFA, Commission: 0 FCFA, Nouveau solde: 1872.66 FCFA"
USER_5,2023-10-18,20:02:46,OrangeMoney,transfert,OUT,1500.0,FCFA,115.16,"Transfert de [USER_5_phone] [USER_5] vers [PHONE_1830] [CONTACT_4C27] reussi. ID transaction: PP231018.2002.A81340, Montant Transaction: 1500 FCFA, Frais: 7.5 FCFA, Commission: 0 FCFA, Montant Net: 1507.5 FCFA, Nouveau Solde: 115.16 FCFA."
USER_5,2023-10-19,14:25:10,OrangeMoney,depot,IN,500.0,FCFA,515.16,"Depot effectue par [PHONE_7872] [CONTACT_8635] to [USER_5_phone] [USER_5]. Informations detaillees: Montant de transaction : 500 FCFA, ID transaction : CI231019.1425.C95405, Frais : 0 FCFA, Commission : 0 FCFA, Montant Net du Credit : 500 FCFA, Nouveau Solde : 515.16 FCFA."
USER_5,2023-10-19,14:27:06,OrangeMoney,rechargement,OUT,500.0,FCFA,15.16,"Rechargement reussi. Montant de la transaction: 500 FCFA, ID transaction: RC231019.1426.C97398, Frais: 0 FCFA, Commission: 0 FCFA, Nouveau solde: 15.16 FCFA"
USER_5,2023-10-22,16:06:43,OrangeMoney,transfert,OUT,5000.0,FCFA,5015.16,"Transfert de [PHONE_1956] [CONTACT_2A97] vers [USER_5_phone] [USER_5] reussi. Details: ID transaction: PP231022.1606.C27717, Montant Transaction: 5000FCFA, Frais: 0 FCFA, Commission: 0 FCFA, Montant Net: 5000 FCFA, Nouveau Solde: 5015.16 FCFA."
USER_5,2023-10-23,12:42:26,OrangeMoney,transfert,OUT,1450.0,FCFA,3007.91,"Transfert de [USER_5_phone] [USER_5] vers [PHONE_4431] atchang reussi. ID transaction: PP231023.1242.A54003, Montant Transaction: 1450 FCFA, Frais: 7.25 FCFA, Commission: 0 FCFA, Montant Net: 1457.25 FCFA, Nouveau Solde: 3007.91 FCFA."
USER_5,2023-10-25,10:10:19,OrangeMoney,depot,IN,50800.0,FCFA,53207.91,"Depot effectue par [PHONE_3854] [CONTACT_29F2] to [USER_5_phone] [USER_5]. Informations detaillees: Montant de transaction : 50800 FCFA, ID transaction : CI231025.1010.A84953, Frais : 0 FCFA, Commission : 0 FCFA, Montant Net du Credit : 50800 FCFA, Nouveau Solde : 53207.91 FCFA."
USER_5,2023-10-25,12:03:43,OrangeMoney,retrait,OUT,50000.0,FCFA,2457.91,"Retrait d'argent reussi par le [PHONE_7872] avec le Code : 150276. Informations detaillees : Montant: 50000 FCFA, Frais: 750 FCFA, No de transaction CO231025.1203.C64375, montant net debite 50750 FCFA, Nouveau solde: 2457.91 FCFA."
USER_5,2023-10-28,17:40:31,OrangeMoney,depot,IN,1000.0,FCFA,1207.91,"Depot effectue par [PHONE_7872] [CONTACT_8635] to [USER_5_phone] [USER_5]. Informations detaillees: Montant de transaction : 1000 FCFA, ID transaction : CI231028.1740.B42967, Frais : 0 FCFA, Commission : 0 FCFA, Montant Net du Credit : 1000 FCFA, Nouveau Solde : 1207.91 FCFA."
USER_5,2023-11-01,17:58:21,OrangeMoney,transfert,OUT,1050.0,FCFA,1257.91,"Transfert de [PHONE_1956] [CONTACT_2A97] vers [USER_5_phone] [USER_5] reussi. Details: ID transaction: PP231101.1758.B61726, Montant Transaction: 1050FCFA, Frais: 0 FCFA, Commission: 0 FCFA, Montant Net: 1050 FCFA, Nouveau Solde: 1257.91 FCFA."
USER_5,2023-11-05,12:54:36,OrangeMoney,transfert,OUT,1050.0,FCFA,1057.91,"Transfert de [PHONE_0962] Pierre Ferdinand vers [USER_5_phone] [USER_5] reussi. Details: ID transaction: PP231105.1242.A55665, Montant Transaction: 1050FCFA, Frais: 0 FCFA, Commission: 0 FCFA, Montant Net: 1050 FCFA, Nouveau Solde: 1057.91 FCFA."
USER_5,2023-11-05,13:29:38,OrangeMoney,rechargement,OUT,500.0,FCFA,457.91,"Rechargement reussi. Montant de la transaction: 500 FCFA, ID transaction: RC231105.1329.B10263, Frais: 0 FCFA, Commission: 0 FCFA, Nouveau solde: 457.91 FCFA"
USER_5,2023-11-06,18:46:49,OrangeMoney,transfert,OUT,15200.0,FCFA,15407.91,"Transfert de [PHONE_7712] [CONTACT_BAF2] vers [USER_5_phone] [USER_5] reussi. Details: ID transaction: PP231106.1846.B19196, Montant Transaction: 15200FCFA, Frais: 0 FCFA, Commission: 0 FCFA, Montant Net: 15200 FCFA, Nouveau Solde: 15407.91 FCFA."
USER_5,2023-11-09,00:11:27,OrangeMoney,transfert,OUT,500.0,FCFA,13705.41,"Transfert de [USER_5_phone] [USER_5] vers [PHONE_8268] [CONTACT_16E7] reussi. ID transaction: PP231109.0011.B16175, Montant Transaction: 500 FCFA, Frais: 2.5 FCFA, Commission: 0 FCFA, Montant Net: 502.5 FCFA, Nouveau Solde: 13705.41 FCFA."
USER_5,2023-11-09,07:26:12,OrangeMoney,transfert,OUT,500.0,FCFA,13202.91,"Transfert de [USER_5_phone] [USER_5] vers [PHONE_7206] [CONTACT_3E4F] reussi. ID transaction: PP231109.0726.B50623, Montant Transaction: 500 FCFA, Frais: 2.5 FCFA, Commission: 0 FCFA, Montant Net: 502.5 FCFA, Nouveau Solde: 13202.91 FCFA."
USER_5,2023-11-09,11:34:10,OrangeMoney,transfert,OUT,1550.0,FCFA,11645.16,"Transfert de [USER_5_phone] [USER_5] vers [PHONE_9898] [CONTACT_F14A] reussi. ID transaction: PP231109.1134.C88120, Montant Transaction: 1550 FCFA, Frais: 7.75 FCFA, Commission: 0 FCFA, Montant Net: 1557.75 FCFA, Nouveau Solde: 11645.16 FCFA."
USER_5,2023-11-10,13:42:32,OrangeMoney,transfert,OUT,950.0,FCFA,9890.41,"Transfert de [USER_5_phone] [USER_5] vers [PHONE_9300] [CONTACT_FE38] reussi. ID transaction: PP231110.1342.C76582, Montant Transaction: 950 FCFA, Frais: 4.75 FCFA, Commission: 0 FCFA, Montant Net: 954.75 FCFA, Nouveau Solde: 9890.41 FCFA."
USER_5,2023-11-11,07:42:25,OrangeMoney,retrait,OUT,2000.0,FCFA,7590.41,"Retrait d'argent reussi par le [PHONE_7872] avec le Code : 150276. Informations detaillees : Montant: 2000 FCFA, Frais: 50 FCFA, No de transaction CO231111.0742.B30109, montant net debite 2050 FCFA, Nouveau solde: 7590.41 FCFA."
USER_5,2023-11-12,15:02:00,OrangeMoney,transfert,OUT,10200.0,FCFA,17190.41,"Transfert de [PHONE_1956] [CONTACT_2A97] vers [USER_5_phone] [USER_5] reussi. Details: ID transaction: PP231112.1501.B50519, Montant Transaction: 10200FCFA, Frais: 0 FCFA, Commission: 0 FCFA, Montant Net: 10200 FCFA, Nouveau Solde: 17190.41 FCFA."
USER_5,2023-11-12,16:33:24,OrangeMoney,transfert,OUT,1250.0,FCFA,15934.16,"Transfert de [USER_5_phone] [USER_5] vers [PHONE_8334] Madeleine reussi. ID transaction: PP231112.1633.A18220, Montant Transaction: 1250 FCFA, Frais: 6.25 FCFA, Commission: 0 FCFA, Montant Net: 1256.25 FCFA, Nouveau Solde: 15934.16 FCFA."
USER_5,2023-11-12,18:46:57,OrangeMoney,rechargement,OUT,550.0,FCFA,14334.16,"Rechargement reussi. Montant de la transaction: 550 FCFA, ID transaction: RC231112.1846.A26672, Frais: 0 FCFA, Commission: 0 FCFA, Nouveau solde: 14334.16 FCFA"
USER_5,2023-11-13,10:21:36,OrangeMoney,transfert,OUT,900.0,FCFA,13429.66,"Transfert de [USER_5_phone] [USER_5] vers [PHONE_4010] [CONTACT_6200] reussi. ID transaction: PP231113.1021.C33557, Montant Transaction: 900 FCFA, Frais: 4.5 FCFA, Commission: 0 FCFA, Montant Net: 904.5 FCFA, Nouveau Solde: 13429.66 FCFA."
USER_5,2023-11-13,12:29:29,OrangeMoney,transfert,OUT,1000.0,FCFA,12424.66,"Transfert de [USER_5_phone] [USER_5] vers [PHONE_8096] [CONTACT_B329] reussi. ID transaction: PP231113.1229.A18852, Montant Transaction: 1000 FCFA, Frais: 5 FCFA, Commission: 0 FCFA, Montant Net: 1005 FCFA, Nouveau Solde: 12424.66 FCFA."
USER_5,2023-11-13,15:50:42,OrangeMoney,transfert,OUT,900.0,FCFA,11020.16,"Transfert de [USER_5_phone] [USER_5] vers [PHONE_4010] [CONTACT_6200] reussi. ID transaction: PP231113.1550.C48011, Montant Transaction: 900 FCFA, Frais: 4.5 FCFA, Commission: 0 FCFA, Montant Net: 904.5 FCFA, Nouveau Solde: 11020.16 FCFA."
USER_5,2023-11-14,10:35:21,OrangeMoney,transfert,OUT,750.0,FCFA,10266.41,"Transfert de [USER_5_phone] [USER_5] vers [PHONE_4010] [CONTACT_6200] reussi. ID transaction: PP231114.1035.A31317, Montant Transaction: 750 FCFA, Frais: 3.75 FCFA, Commission: 0 FCFA, Montant Net: 753.75 FCFA, Nouveau Solde: 10266.41 FCFA."
USER_5,2023-11-14,12:12:30,OrangeMoney,transfert,OUT,1550.0,FCFA,8708.66,"Transfert de [USER_5_phone] [USER_5] vers [PHONE_6621] [CONTACT_8FF8] reussi. ID transaction: PP231114.1212.A93719, Montant Transaction: 1550 FCFA, Frais: 7.75 FCFA, Commission: 0 FCFA, Montant Net: 1557.75 FCFA, Nouveau Solde: 8708.66 FCFA."
USER_5,2023-11-14,14:11:57,OrangeMoney,transfert,OUT,3600.0,FCFA,4565.66,"Transfert de [USER_5_phone] [USER_5] vers [PHONE_6979] [CONTACT_16E9] reussi. ID transaction: PP231114.1411.B65314, Montant Transaction: 3600 FCFA, Frais: 18 FCFA, Commission: 0 FCFA, Montant Net: 3618 FCFA, Nouveau Solde: 4565.66 FCFA."
USER_5,2023-11-14,20:33:59,OrangeMoney,transfert,OUT,15000.0,FCFA,19565.66,"Transfert de [PHONE_7712] [CONTACT_BAF2] vers [USER_5_phone] [USER_5] reussi. Details: ID transaction: PP231114.2033.B17237, Montant Transaction: 15000FCFA, Frais: 0 FCFA, Commission: 0 FCFA, Montant Net: 15000 FCFA, Nouveau Solde: 19565.66 FCFA."
USER_5,2023-11-15,18:42:56,OrangeMoney,transfert,OUT,1500.0,FCFA,3158.16,"Transfert de [USER_5_phone] [USER_5] vers [PHONE_8334] Madeleine reussi. ID transaction: PP231115.1842.A41532, Montant Transaction: 1500 FCFA, Frais: 7.5 FCFA, Commission: 0 FCFA, Montant Net: 1507.5 FCFA, Nouveau Solde: 3158.16 FCFA."
USER_5,2023-11-16,17:40:43,OrangeMoney,transfert,OUT,15500.0,FCFA,18158.16,"Transfert de [PHONE_7712] [CONTACT_BAF2] vers [USER_5_phone] [USER_5] reussi. Details: ID transaction: PP231116.1740.B86786, Montant Transaction: 15500FCFA, Frais: 0 FCFA, Commission: 0 FCFA, Montant Net: 15500 FCFA, Nouveau Solde: 18158.16 FCFA."
USER_5,2023-11-17,10:16:41,OrangeMoney,transfert,OUT,10000.0,FCFA,27658.16,"Transfert de [PHONE_6979] [CONTACT_16E9] vers [USER_5_phone] [USER_5] reussi. Details: ID transaction: PP231117.1016.A94017, Montant Transaction: 10000FCFA, Frais: 0 FCFA, Commission: 0 FCFA, Montant Net: 10000 FCFA, Nouveau Solde: 27658.16 FCFA."
USER_5,2023-11-17,10:19:39,OrangeMoney,transfert,OUT,100.0,FCFA,27758.16,"Transfert de [PHONE_6979] [CONTACT_16E9] vers [USER_5_phone] [USER_5] reussi. Details: ID transaction: PP231117.1019.B89444, Montant Transaction: 100FCFA, Frais: 0 FCFA, Commission: 0 FCFA, Montant Net: 100 FCFA, Nouveau Solde: 27758.16 FCFA."
USER_5,2023-11-17,10:19:41,OrangeMoney,retrait,OUT,13500.0,FCFA,14055.66,"Retrait d'argent reussi par le [PHONE_7872] avec le Code : 150276. Informations detaillees : Montant: 13500 FCFA, Frais: 202.5 FCFA, No de transaction CO231117.1019.A77860, montant net debite 13702.5 FCFA, Nouveau solde: 14055.66 FCFA."
USER_5,2023-11-17,20:30:08,OrangeMoney,transfert,OUT,4500.0,FCFA,9033.16,"Transfert de [USER_5_phone] [USER_5] vers [PHONE_1219] [CONTACT_39B4] reussi. ID transaction: PP231117.2030.A79466, Montant Transaction: 4500 FCFA, Frais: 22.5 FCFA, Commission: 0 FCFA, Montant Net: 4522.5 FCFA, Nouveau Solde: 9033.16 FCFA."
USER_5,2023-11-18,16:26:41,OrangeMoney,retrait,OUT,2000.0,FCFA,6483.16,"Retrait d'argent reussi par le [PHONE_0693] avec le Code : 451619. Informations detaillees : Montant: 2000 FCFA, Frais: 50 FCFA, No de transaction CO231118.1626.B74573, montant net debite 2050 FCFA, Nouveau solde: 6483.16 FCFA."
USER_5,2023-11-19,14:12:23,OrangeMoney,rechargement,OUT,1800.0,FCFA,3433.16,"Rechargement reussi. Montant de la transaction: 1800 FCFA, ID transaction: RC231119.1412.C94046, Frais: 0 FCFA, Commission: 0 FCFA, Nouveau solde: 3433.16 FCFA"
USER_5,2023-11-22,14:54:26,OrangeMoney,transfert,OUT,425.0,FCFA,2256.04,"Transfert de [USER_5_phone] [USER_5] vers [PHONE_4010] [CONTACT_6200] reussi. ID transaction: PP231122.1454.B18504, Montant Transaction: 425 FCFA, Frais: 2.12 FCFA, Commission: 0 FCFA, Montant Net: 427.12 FCFA, Nouveau Solde: 2256.04 FCFA."
USER_5,2023-11-22,17:23:59,OrangeMoney,transfert,OUT,1000.0,FCFA,1001.04,"Transfert de [USER_5_phone] [USER_5] vers [PHONE_8334] Madeleine reussi. ID transaction: PP231122.1723.C26970, Montant Transaction: 1000 FCFA, Frais: 5 FCFA, Commission: 0 FCFA, Montant Net: 1005 FCFA, Nouveau Solde: 1001.04 FCFA."
USER_5,2023-11-23,15:24:06,OrangeMoney,transfert,OUT,3500.0,FCFA,4501.04,"Transfert de [PHONE_1956] [CONTACT_2A97] vers [USER_5_phone] [USER_5] reussi. Details: ID transaction: PP231123.1524.C25090, Montant Transaction: 3500FCFA, Frais: 0 FCFA, Commission: 0 FCFA, Montant Net: 3500 FCFA, Nouveau Solde: 4501.04 FCFA."
USER_5,2023-11-24,13:05:54,OrangeMoney,transfert,OUT,15300.0,FCFA,19551.04,"Transfert de [PHONE_7712] [CONTACT_BAF2] vers [USER_5_phone] [USER_5] reussi. Details: ID transaction: PP231124.1305.B32245, Montant Transaction: 15300FCFA, Frais: 0 FCFA, Commission: 0 FCFA, Montant Net: 15300 FCFA, Nouveau Solde: 19551.04 FCFA."
USER_5,2023-11-25,07:17:11,OrangeMoney,transfert,OUT,8150.0,FCFA,11360.29,"Transfert de [USER_5_phone] [USER_5] vers [PHONE_7181] [CONTACT_5088] reussi. ID transaction: PP231125.0717.A61530, Montant Transaction: 8150 FCFA, Frais: 40.75 FCFA, Commission: 0 FCFA, Montant Net: 8190.75 FCFA, Nouveau Solde: 11360.29 FCFA."
USER_5,2023-11-25,10:19:50,OrangeMoney,transfert,OUT,4100.0,FCFA,6989.79,"Transfert de [USER_5_phone] [USER_5] vers [PHONE_7181] [CONTACT_5088] reussi. ID transaction: PP231125.1019.A67790, Montant Transaction: 4100 FCFA, Frais: 20.5 FCFA, Commission: 0 FCFA, Montant Net: 4120.5 FCFA, Nouveau Solde: 6989.79 FCFA."
USER_5,2023-11-25,13:23:00,OrangeMoney,depot,IN,4000.0,FCFA,10464.79,"Depot effectue par [PHONE_9249] [CONTACT_82AB] Alex Christel to [USER_5_phone] [USER_5]. Informations detaillees: Montant de transaction : 4000 FCFA, ID transaction : CI231125.1322.A09311, Frais : 0 FCFA, Commission : 0 FCFA, Montant Net du Credit : 4000 FCFA, Nouveau Solde : 10464.79 FCFA."
USER_5,2023-11-25,17:22:32,OrangeMoney,autre,unknown,0.0,FCFA,15564.79,"Cher(e) client(e) vous venez de recevoir un mandat de +[PHONE_8381] en provenance de address.  ID: CI231125.1722.C75496, Reference: 6uM4dmeMaqfJ  Montant transaction 5100 CFA, frais 0 FCFA, commission: 0 FCFA, Montant net: 5100 FCFA. Nouveau solde 15564.79 FCFA. Orange Money vous remercie."
USER_5,2023-11-25,18:55:20,OrangeMoney,transfert,OUT,525.0,FCFA,15037.17,"Transfert de [USER_5_phone] [USER_5] vers [PHONE_8334] Madeleine reussi. ID transaction: PP231125.1855.C35649, Montant Transaction: 525 FCFA, Frais: 2.62 FCFA, Commission: 0 FCFA, Montant Net: 527.62 FCFA, Nouveau Solde: 15037.17 FCFA."
USER_5,2023-11-26,19:39:12,OrangeMoney,transfert,OUT,1550.0,FCFA,12979.42,"Transfert de [USER_5_phone] [USER_5] vers [PHONE_0294] [CONTACT_DFA5] reussi. ID transaction: PP231126.1939.C69515, Montant Transaction: 1550 FCFA, Frais: 7.75 FCFA, Commission: 0 FCFA, Montant Net: 1557.75 FCFA, Nouveau Solde: 12979.42 FCFA."
USER_5,2023-11-28,12:32:04,OrangeMoney,transfert,OUT,510.0,FCFA,8891.87,"Transfert de [USER_5_phone] [USER_5] vers [PHONE_2411] [CONTACT_983B] reussi. ID transaction: PP231128.1232.A35250, Montant Transaction: 510 FCFA, Frais: 2.55 FCFA, Commission: 0 FCFA, Montant Net: 512.55 FCFA, Nouveau Solde: 8891.87 FCFA."
USER_5,2023-11-28,12:49:24,OrangeMoney,transfert,OUT,1600.0,FCFA,7283.87,"Transfert de [USER_5_phone] [USER_5] vers [PHONE_6432] [CONTACT_931B] reussi. ID transaction: PP231128.1249.B44428, Montant Transaction: 1600 FCFA, Frais: 8 FCFA, Commission: 0 FCFA, Montant Net: 1608 FCFA, Nouveau Solde: 7283.87 FCFA."
USER_5,2023-11-29,13:12:56,OrangeMoney,transfert,OUT,475.0,FCFA,6056.5,"Transfert de [USER_5_phone] [USER_5] vers [PHONE_4010] [CONTACT_6200] reussi. ID transaction: PP231129.1312.B12592, Montant Transaction: 475 FCFA, Frais: 2.37 FCFA, Commission: 0 FCFA, Montant Net: 477.37 FCFA, Nouveau Solde: 6056.5 FCFA."
USER_5,2023-11-29,18:53:50,OrangeMoney,transfert,OUT,500.0,FCFA,3804.0,"Transfert de [USER_5_phone] [USER_5] vers [PHONE_0349] [CONTACT_21AC] reussi. ID transaction: PP231129.1853.A70267, Montant Transaction: 500 FCFA, Frais: 2.5 FCFA, Commission: 0 FCFA, Montant Net: 502.5 FCFA, Nouveau Solde: 3804 FCFA."
USER_5,2023-11-30,07:49:35,OrangeMoney,transfert,OUT,10200.0,FCFA,14004.0,"Transfert de [PHONE_1956] [CONTACT_2A97] vers [USER_5_phone] [USER_5] reussi. Details: ID transaction: PP231130.0749.B51525, Montant Transaction: 10200FCFA, Frais: 0 FCFA, Commission: 0 FCFA, Montant Net: 10200 FCFA, Nouveau Solde: 14004 FCFA."
USER_5,2023-11-30,13:05:01,OrangeMoney,transfert,OUT,2600.0,FCFA,10641.0,"Transfert de [USER_5_phone] [USER_5] vers [PHONE_6432] [CONTACT_931B] reussi. ID transaction: PP231130.1304.A64257, Montant Transaction: 2600 FCFA, Frais: 13 FCFA, Commission: 0 FCFA, Montant Net: 2613 FCFA, Nouveau Solde: 10641 FCFA."
USER_5,2023-12-01,10:43:03,OrangeMoney,transfert,OUT,525.0,FCFA,8813.38,"Transfert de [USER_5_phone] [USER_5] vers [PHONE_4010] [CONTACT_6200] reussi. ID transaction: PP231201.1043.A44846, Montant Transaction: 525 FCFA, Frais: 2.62 FCFA, Commission: 0 FCFA, Montant Net: 527.62 FCFA, Nouveau Solde: 8813.38 FCFA."
USER_5,2023-12-01,13:39:25,OrangeMoney,retrait,OUT,2000.0,FCFA,6763.38,"Retrait d'argent reussi par le [PHONE_7872] avec le Code : 150276. Informations detaillees : Montant: 2000 FCFA, Frais: 50 FCFA, No de transaction CO231201.1339.A78809, montant net debite 2050 FCFA, Nouveau solde: 6763.38 FCFA."
USER_5,2023-12-02,19:08:38,OrangeMoney,transfert,OUT,2800.0,FCFA,2924.38,"Transfert de [USER_5_phone] [USER_5] vers [PHONE_3107] [CONTACT_5CD6] reussi. ID transaction: PP231202.1908.A78401, Montant Transaction: 2800 FCFA, Frais: 14 FCFA, Commission: 0 FCFA, Montant Net: 2814 FCFA, Nouveau Solde: 2924.38 FCFA."
USER_5,2023-12-07,13:16:36,OrangeMoney,transfert,OUT,10200.0,FCFA,10399.38,"Transfert de [PHONE_7712] [CONTACT_BAF2] vers [USER_5_phone] [USER_5] reussi. Details: ID transaction: PP231207.1316.B16089, Montant Transaction: 10200FCFA, Frais: 0 FCFA, Commission: 0 FCFA, Montant Net: 10200 FCFA, Nouveau Solde: 10399.38 FCFA."
USER_5,2023-12-09,00:44:57,OrangeMoney,rechargement,OUT,500.0,FCFA,9149.38,"Rechargement reussi. Montant de la transaction: 500 FCFA, ID transaction: RC231209.0043.B94697, Frais: 0 FCFA, Commission: 0 FCFA, Nouveau solde: 9149.38 FCFA"
USER_5,2023-12-09,18:31:35,OrangeMoney,rechargement,OUT,500.0,FCFA,7399.38,"Rechargement reussi. Montant de la transaction: 500 FCFA, ID transaction: RC231209.1831.B44473, Frais: 0 FCFA, Commission: 0 FCFA, Nouveau solde: 7399.38 FCFA"
USER_5,2023-12-10,14:50:40,OrangeMoney,transfert,OUT,10200.0,FCFA,17599.38,"Transfert de [PHONE_1956] [CONTACT_2A97] vers [USER_5_phone] [USER_5] reussi. Details: ID transaction: PP231210.1450.C19946, Montant Transaction: 10200FCFA, Frais: 0 FCFA, Commission: 0 FCFA, Montant Net: 10200 FCFA, Nouveau Solde: 17599.38 FCFA."
USER_5,2023-12-11,12:25:44,OrangeMoney,retrait,OUT,1650.0,FCFA,14949.38,"Retrait d'argent reussi par le [PHONE_6147] avec le Code : 126080. Informations detaillees : Montant: 1650 FCFA, Frais: 50 FCFA, No de transaction CO231211.1225.C35668, montant net debite 1700 FCFA, Nouveau solde: 14949.38 FCFA."
USER_5,2023-12-12,18:11:51,OrangeMoney,retrait,OUT,2150.0,FCFA,10449.38,"Retrait d'argent reussi par le [PHONE_6147] avec le Code : 126080. Informations detaillees : Montant: 2150 FCFA, Frais: 50 FCFA, No de transaction CO231212.1811.A24053, montant net debite 2200 FCFA, Nouveau solde: 10449.38 FCFA."
USER_5,2023-12-13,17:24:44,OrangeMoney,retrait,OUT,550.0,FCFA,9349.38,"Retrait d'argent reussi par le [PHONE_6147] avec le Code : 126080. Informations detaillees : Montant: 550 FCFA, Frais: 50 FCFA, No de transaction CO231213.1724.B63689, montant net debite 600 FCFA, Nouveau solde: 9349.38 FCFA."
USER_5,2023-12-14,05:46:39,OrangeMoney,transfert,OUT,15000.0,FCFA,23549.38,"Transfert de [PHONE_1956] [CONTACT_2A97] vers [USER_5_phone] [USER_5] reussi. Details: ID transaction: PP231214.0546.A39138, Montant Transaction: 15000FCFA, Frais: 0 FCFA, Commission: 0 FCFA, Montant Net: 15000 FCFA, Nouveau Solde: 23549.38 FCFA."
USER_5,2023-12-16,14:41:09,OrangeMoney,retrait,OUT,2000.0,FCFA,4199.38,"Retrait d'argent reussi par le [PHONE_1090] avec le Code : 206648. Informations detaillees : Montant: 2000 FCFA, Frais: 50 FCFA, No de transaction CO231216.1441.A15896, montant net debite 2050 FCFA, Nouveau solde: 4199.38 FCFA."
USER_5,2023-12-16,17:59:42,OrangeMoney,transfert,OUT,550.0,FCFA,3646.63,"Transfert de [USER_5_phone] [USER_5] vers [PHONE_9197] [CONTACT_1809] reussi. ID transaction: PP231216.1759.C51542, Montant Transaction: 550 FCFA, Frais: 2.75 FCFA, Commission: 0 FCFA, Montant Net: 552.75 FCFA, Nouveau Solde: 3646.63 FCFA."
USER_5,2023-12-17,07:54:24,OrangeMoney,rechargement,OUT,500.0,FCFA,2646.63,"Rechargement reussi. Montant de la transaction: 500 FCFA, ID transaction: RC231217.0754.C25760, Frais: 0 FCFA, Commission: 0 FCFA, Nouveau solde: 2646.63 FCFA"
USER_5,2023-12-20,10:29:26,OrangeMoney,depot,IN,2000.0,FCFA,2071.63,"Depot effectue par [PHONE_7872] [CONTACT_8635] to [USER_5_phone] [USER_5]. Informations detaillees: Montant de transaction : 2000 FCFA, ID transaction : CI231220.1029.C94566, Frais : 0 FCFA, Commission : 0 FCFA, Montant Net du Credit : 2000 FCFA, Nouveau Solde : 2071.63 FCFA."
USER_5,2023-12-20,10:30:34,OrangeMoney,rechargement,OUT,150.0,FCFA,1921.63,"Rechargement reussi. Montant de la transaction: 150 FCFA, ID transaction: RC231220.1030.C14871, Frais: 0 FCFA, Commission: 0 FCFA, Nouveau solde: 1921.63 FCFA"
USER_5,2023-12-20,14:12:37,OrangeMoney,transfert,OUT,15200.0,FCFA,17121.63,"Transfert de [PHONE_7712] [CONTACT_BAF2] vers [USER_5_phone] [USER_5] reussi. Details: ID transaction: PP231220.1412.B32082, Montant Transaction: 15200FCFA, Frais: 0 FCFA, Commission: 0 FCFA, Montant Net: 15200 FCFA, Nouveau Solde: 17121.63 FCFA."
USER_5,2023-12-21,10:10:51,OrangeMoney,retrait,OUT,500.0,FCFA,15871.63,"Retrait d'argent reussi par le [PHONE_6147] avec le Code : 126080. Informations detaillees : Montant: 500 FCFA, Frais: 50 FCFA, No de transaction CO231221.1010.A72068, montant net debite 550 FCFA, Nouveau solde: 15871.63 FCFA."
USER_5,2023-12-21,13:49:41,OrangeMoney,retrait,OUT,500.0,FCFA,15321.63,"Retrait d'argent reussi par le [PHONE_6147] avec le Code : 126080. Informations detaillees : Montant: 500 FCFA, Frais: 50 FCFA, No de transaction CO231221.1349.C06903, montant net debite 550 FCFA, Nouveau solde: 15321.63 FCFA."
USER_5,2023-12-21,17:25:20,OrangeMoney,depot,IN,2000.0,FCFA,16721.63,"Depot effectue par [PHONE_1262] [CONTACT_E4EA] K REBECCA to [USER_5_phone] [USER_5]. Informations detaillees: Montant de transaction : 2000 FCFA, ID transaction : CI231221.1725.C81261, Frais : 0 FCFA, Commission : 0 FCFA, Montant Net du Credit : 2000 FCFA, Nouveau Solde : 16721.63 FCFA."
USER_5,2023-12-21,19:54:09,OrangeMoney,transfert,OUT,5500.0,FCFA,21721.63,"Transfert de [PHONE_5151] [CONTACT_C0CB] vers [USER_5_phone] [USER_5] reussi. Details: ID transaction: PP231221.1954.A98818, Montant Transaction: 5500FCFA, Frais: 0 FCFA, Commission: 0 FCFA, Montant Net: 5500 FCFA, Nouveau Solde: 21721.63 FCFA."
USER_5,2023-12-22,12:30:58,OrangeMoney,retrait,OUT,1500.0,FCFA,19671.63,"Retrait d'argent reussi par le [PHONE_6147] avec le Code : 126080. Informations detaillees : Montant: 1500 FCFA, Frais: 50 FCFA, No de transaction CO231222.1230.A02466, montant net debite 1550 FCFA, Nouveau solde: 19671.63 FCFA."
USER_5,2023-12-29,18:15:43,OrangeMoney,rechargement,OUT,1000.0,FCFA,10121.63,"Rechargement reussi. Montant de la transaction: 1000 FCFA, ID transaction: RC231229.1815.B80753, Frais: 0 FCFA, Commission: 0 FCFA, Nouveau solde: 10121.63 FCFA"
USER_5,2023-12-31,01:20:42,OrangeMoney,rechargement,OUT,200.0,FCFA,8821.63,"Rechargement reussi. Montant de la transaction: 200 FCFA, ID transaction: RC231231.0120.B82787, Frais: 0 FCFA, Commission: 0 FCFA, Nouveau solde: 8821.63 FCFA"
USER_5,2024-01-01,08:59:10,OrangeMoney,transfert,OUT,3000.0,FCFA,9366.63,"Transfert de [USER_5_phone] [USER_5] vers [PHONE_1830] [CONTACT_4C27] reussi. ID transaction: PP240101.0859.B49670, Montant Transaction: 3000 FCFA, Frais: 15 FCFA, Commission: 0 FCFA, Montant Net: 3015 FCFA, Nouveau Solde: 9366.63 FCFA."
USER_5,2024-01-01,21:21:07,OrangeMoney,transfert,OUT,5000.0,FCFA,4341.63,"Transfert de [USER_5_phone] [USER_5] vers [PHONE_0712] [CONTACT_C00B] reussi. ID transaction: PP240101.2121.C93724, Montant Transaction: 5000 FCFA, Frais: 25 FCFA, Commission: 0 FCFA, Montant Net: 5025 FCFA, Nouveau Solde: 4341.63 FCFA."
USER_5,2024-01-03,01:25:11,OrangeMoney,rechargement,OUT,200.0,FCFA,3641.63,"Rechargement reussi. Montant de la transaction: 200 FCFA, ID transaction: RC240103.0125.A92828, Frais: 0 FCFA, Commission: 0 FCFA, Nouveau solde: 3641.63 FCFA"
USER_5,2024-01-03,17:14:50,OrangeMoney,rechargement,OUT,500.0,FCFA,2641.63,"Rechargement reussi. Montant de la transaction: 500 FCFA, ID transaction: RC240103.1714.A27456, Frais: 0 FCFA, Commission: 0 FCFA, Nouveau solde: 2641.63 FCFA"
USER_5,2024-01-05,13:46:13,OrangeMoney,rechargement,OUT,200.0,FCFA,1441.63,"Rechargement reussi. Montant de la transaction: 200 FCFA, ID transaction: RC240105.1346.C11683, Frais: 0 FCFA, Commission: 0 FCFA, Nouveau solde: 1441.63 FCFA"
USER_5,2024-01-05,13:47:51,OrangeMoney,rechargement,OUT,100.0,FCFA,1341.63,"Rechargement reussi. Montant de la transaction: 100 FCFA, ID transaction: RC240105.1347.A11337, Frais: 0 FCFA, Commission: 0 FCFA, Nouveau solde: 1341.63 FCFA"
USER_5,2024-01-05,17:09:16,OrangeMoney,rechargement,OUT,500.0,FCFA,841.63,"Rechargement reussi. Montant de la transaction: 500 FCFA, ID transaction: RC240105.1709.A52467, Frais: 0 FCFA, Commission: 0 FCFA, Nouveau solde: 841.63 FCFA"
USER_5,2024-01-05,17:10:51,OrangeMoney,rechargement,OUT,500.0,FCFA,341.63,"Rechargement reussi. Montant de la transaction: 500 FCFA, ID transaction: RC240105.1710.B54876, Frais: 0 FCFA, Commission: 0 FCFA, Nouveau solde: 341.63 FCFA"
USER_5,2024-01-06,18:32:17,OrangeMoney,depot,IN,2000.0,FCFA,2341.63,"Depot effectue par [PHONE_7872] [CONTACT_8635] to [USER_5_phone] [USER_5]. Informations detaillees: Montant de transaction : 2000 FCFA, ID transaction : CI240106.1832.C25918, Frais : 0 FCFA, Commission : 0 FCFA, Montant Net du Credit : 2000 FCFA, Nouveau Solde : 2341.63 FCFA."
USER_5,2024-01-09,15:31:44,OrangeMoney,rechargement,OUT,100.0,FCFA,241.63,"Rechargement reussi. Montant de la transaction: 100 FCFA, ID transaction: RC240109.1531.C98315, Frais: 0 FCFA, Commission: 0 FCFA, Nouveau solde: 241.63 FCFA"
USER_5,2024-01-09,16:57:53,OrangeMoney,depot,IN,500.0,FCFA,741.63,"Depot effectue par [PHONE_7872] [CONTACT_8635] to [USER_5_phone] [USER_5]. Informations detaillees: Montant de transaction : 500 FCFA, ID transaction : CI240109.1657.B62395, Frais : 0 FCFA, Commission : 0 FCFA, Montant Net du Credit : 500 FCFA, Nouveau Solde : 741.63 FCFA."
USER_5,2024-01-10,22:23:45,OrangeMoney,transfert,OUT,2000.0,FCFA,2141.63,"Transfert de [PHONE_2074] [CONTACT_7C18] vers [USER_5_phone] [USER_5] reussi. Details: ID transaction: PP240110.2223.A24594, Montant Transaction: 2000FCFA, Frais: 0 FCFA, Commission: 0 FCFA, Montant Net: 2000 FCFA, Nouveau Solde: 2141.63 FCFA."
USER_5,2024-01-10,23:53:43,OrangeMoney,rechargement,OUT,200.0,FCFA,1441.63,"Rechargement reussi. Montant de la transaction: 200 FCFA, ID transaction: RC240110.2352.B08980, Frais: 0 FCFA, Commission: 0 FCFA, Nouveau solde: 1441.63 FCFA"
USER_5,2024-01-11,00:11:08,OrangeMoney,rechargement,OUT,100.0,FCFA,1341.63,"Rechargement reussi. Montant de la transaction: 100 FCFA, ID transaction: RC240111.0011.C08616, Frais: 0 FCFA, Commission: 0 FCFA, Nouveau solde: 1341.63 FCFA"
USER_5,2024-01-11,08:22:15,OrangeMoney,transfert,OUT,10200.0,FCFA,11541.63,"Transfert de [PHONE_1956] [CONTACT_2A97] vers [USER_5_phone] [USER_5] reussi. Details: ID transaction: PP240111.0822.A99808, Montant Transaction: 10200FCFA, Frais: 0 FCFA, Commission: 0 FCFA, Montant Net: 10200 FCFA, Nouveau Solde: 11541.63 FCFA."
USER_5,2024-01-11,21:04:10,OrangeMoney,transfert,OUT,8000.0,FCFA,3501.63,"Transfert de [USER_5_phone] [USER_5] vers [PHONE_1508] [CONTACT_8FE6] reussi. ID transaction: PP240111.2103.C27707, Montant Transaction: 8000 FCFA, Frais: 40 FCFA, Commission: 0 FCFA, Montant Net: 8040 FCFA, Nouveau Solde: 3501.63 FCFA."
USER_5,2024-01-11,21:21:37,OrangeMoney,rechargement,OUT,500.0,FCFA,3001.63,"Rechargement reussi. Montant de la transaction: 500 FCFA, ID transaction: RC240111.2121.B99379, Frais: 0 FCFA, Commission: 0 FCFA, Nouveau solde: 3001.63 FCFA"
USER_5,2024-01-12,09:43:54,OrangeMoney,transfert,OUT,3000.0,FCFA,6001.63,"Transfert de [PHONE_7905] [CONTACT_F2CF] vers [USER_5_phone] [USER_5] reussi. Details: ID transaction: PP240112.0943.A94017, Montant Transaction: 3000FCFA, Frais: 0 FCFA, Commission: 0 FCFA, Montant Net: 3000 FCFA, Nouveau Solde: 6001.63 FCFA."
USER_5,2024-01-12,09:50:36,OrangeMoney,transfert,OUT,3050.0,FCFA,9051.63,"Transfert de [PHONE_0440] [CONTACT_AFF9] vers [USER_5_phone] [USER_5] reussi. Details: ID transaction: PP240112.0950.A98599, Montant Transaction: 3050FCFA, Frais: 0 FCFA, Commission: 0 FCFA, Montant Net: 3050 FCFA, Nouveau Solde: 9051.63 FCFA."
USER_5,2024-01-12,10:20:59,OrangeMoney,transfert,OUT,3100.0,FCFA,12151.63,"Transfert de [PHONE_0115] [CONTACT_4D2A] vers [USER_5_phone] [USER_5] reussi. Details: ID transaction: PP240112.1020.C13793, Montant Transaction: 3100FCFA, Frais: 0 FCFA, Commission: 0 FCFA, Montant Net: 3100 FCFA, Nouveau Solde: 12151.63 FCFA."
USER_5,2024-01-12,12:37:53,OrangeMoney,depot,IN,3200.0,FCFA,15351.63,"Depot effectue par [PHONE_0647] [CONTACT_FECA] to [USER_5_phone] [USER_5]. Informations detaillees: Montant de transaction : 3200 FCFA, ID transaction : CI240112.1237.B69524, Frais : 0 FCFA, Commission : 0 FCFA, Montant Net du Credit : 3200 FCFA, Nouveau Solde : 15351.63 FCFA."
USER_5,2024-01-12,13:26:50,OrangeMoney,transfert,OUT,1600.0,FCFA,16451.63,"Transfert de [PHONE_5394] [CONTACT_D674] vers [USER_5_phone] [USER_5] reussi. Details: ID transaction: PP240112.1326.C45973, Montant Transaction: 1600FCFA, Frais: 0 FCFA, Commission: 0 FCFA, Montant Net: 1600 FCFA, Nouveau Solde: 16451.63 FCFA."
USER_5,2024-01-12,14:41:45,OrangeMoney,transfert,OUT,20300.0,FCFA,36751.63,"Transfert de [PHONE_0762] [CONTACT_BAF2] vers [USER_5_phone] [USER_5] reussi. Details: ID transaction: PP240112.1441.B04545, Montant Transaction: 20300FCFA, Frais: 0 FCFA, Commission: 0 FCFA, Montant Net: 20300 FCFA, Nouveau Solde: 36751.63 FCFA."
USER_5,2024-01-12,16:47:03,OrangeMoney,rechargement,OUT,500.0,FCFA,36251.63,"Rechargement reussi. Montant de la transaction: 500 FCFA, ID transaction: RC240112.1647.B43395, Frais: 0 FCFA, Commission: 0 FCFA, Nouveau solde: 36251.63 FCFA"
USER_5,2024-01-12,19:25:10,OrangeMoney,transfert,OUT,1100.0,FCFA,34146.13,"Transfert de [USER_5_phone] [USER_5] vers [PHONE_1833] [CONTACT_5D6E] reussi. ID transaction: PP240112.1925.A27104, Montant Transaction: 1100 FCFA, Frais: 5.5 FCFA, Commission: 0 FCFA, Montant Net: 1105.5 FCFA, Nouveau Solde: 34146.13 FCFA."
USER_5,2024-01-13,09:51:57,OrangeMoney,transfert,OUT,2100.0,FCFA,36246.13,"Transfert de [PHONE_4390] [CONTACT_49C3] vers [USER_5_phone] [USER_5] reussi. Details: ID transaction: PP240113.0951.B57978, Montant Transaction: 2100FCFA, Frais: 0 FCFA, Commission: 0 FCFA, Montant Net: 2100 FCFA, Nouveau Solde: 36246.13 FCFA."
USER_5,2024-01-13,10:15:24,OrangeMoney,transfert,OUT,21000.0,FCFA,57246.13,"Transfert de [PHONE_8962] [CONTACT_C9C4] vers [USER_5_phone] [USER_5] reussi. Details: ID transaction: PP240113.1015.C69426, Montant Transaction: 21000FCFA, Frais: 0 FCFA, Commission: 0 FCFA, Montant Net: 21000 FCFA, Nouveau Solde: 57246.13 FCFA."
USER_5,2024-01-13,11:32:55,OrangeMoney,transfert,OUT,3600.0,FCFA,53128.13,"Transfert de [USER_5_phone] [USER_5] vers [PHONE_1760] [CONTACT_2718] reussi. ID transaction: PP240113.1132.B31716, Montant Transaction: 3600 FCFA, Frais: 18 FCFA, Commission: 0 FCFA, Montant Net: 3618 FCFA, Nouveau Solde: 53128.13 FCFA."
USER_5,2024-01-13,16:24:13,OrangeMoney,transfert,OUT,2000.0,FCFA,51118.13,"Transfert de [USER_5_phone] [USER_5] vers [PHONE_0002] [CONTACT_08BA] reussi. ID transaction: PP240113.1624.B48754, Montant Transaction: 2000 FCFA, Frais: 10 FCFA, Commission: 0 FCFA, Montant Net: 2010 FCFA, Nouveau Solde: 51118.13 FCFA."
USER_5,2024-01-13,17:11:20,OrangeMoney,transfert,OUT,11165.0,FCFA,39897.31,"Transfert de [USER_5_phone] [USER_5] vers [PHONE_3726] [CONTACT_C2B1] reussi. ID transaction: PP240113.1711.C78950, Montant Transaction: 11165 FCFA, Frais: 55.82 FCFA, Commission: 0 FCFA, Montant Net: 11220.82 FCFA, Nouveau Solde: 39897.31 FCFA."
USER_5,2024-01-13,21:13:01,OrangeMoney,transfert,OUT,1000.0,FCFA,38892.31,"Transfert de [USER_5_phone] [USER_5] vers [PHONE_9923] [CONTACT_325C] reussi. ID transaction: PP240113.2112.B55154, Montant Transaction: 1000 FCFA, Frais: 5 FCFA, Commission: 0 FCFA, Montant Net: 1005 FCFA, Nouveau Solde: 38892.31 FCFA."
USER_5,2024-01-14,12:41:04,OrangeMoney,transfert,OUT,20400.0,FCFA,17890.31,"Transfert de [USER_5_phone] [USER_5] vers [PHONE_8859] [CONTACT_7F42] reussi. ID transaction: PP240114.1241.A39447, Montant Transaction: 20400 FCFA, Frais: 102 FCFA, Commission: 0 FCFA, Montant Net: 20502 FCFA, Nouveau Solde: 17890.31 FCFA."
USER_5,2024-01-14,13:37:47,OrangeMoney,transfert,OUT,15000.0,FCFA,32890.31,"Transfert de [PHONE_1956] [CONTACT_2A97] vers [USER_5_phone] [USER_5] reussi. Details: ID transaction: PP240114.1337.B81487, Montant Transaction: 15000FCFA, Frais: 0 FCFA, Commission: 0 FCFA, Montant Net: 15000 FCFA, Nouveau Solde: 32890.31 FCFA."
USER_5,2024-01-14,19:18:49,OrangeMoney,transfert,OUT,500.0,FCFA,17487.81,"Transfert de [USER_5_phone] [USER_5] vers [PHONE_0785] [CONTACT_B9DE] reussi. ID transaction: PP240114.1918.C21082, Montant Transaction: 500 FCFA, Frais: 2.5 FCFA, Commission: 0 FCFA, Montant Net: 502.5 FCFA, Nouveau Solde: 17487.81 FCFA."
USER_5,2024-01-15,10:42:50,OrangeMoney,depot,IN,10150.0,FCFA,27637.81,"Depot effectue par [PHONE_1914] [CONTACT_1223] to [USER_5_phone] [USER_5]. Informations detaillees: Montant de transaction : 10150 FCFA, ID transaction : CI240115.1042.C19743, Frais : 0 FCFA, Commission : 0 FCFA, Montant Net du Credit : 10150 FCFA, Nouveau Solde : 27637.81 FCFA."
USER_5,2024-01-15,12:07:13,OrangeMoney,retrait,OUT,1700.0,FCFA,25887.81,"Retrait d'argent reussi par le [PHONE_6147] avec le Code : 126080. Informations detaillees : Montant: 1700 FCFA, Frais: 50 FCFA, No de transaction CO240115.1207.A31924, montant net debite 1750 FCFA, Nouveau solde: 25887.81 FCFA."
USER_5,2024-01-15,15:19:58,OrangeMoney,retrait,OUT,500.0,FCFA,25337.81,"Retrait d'argent reussi par le [PHONE_6147] avec le Code : 126080. Informations detaillees : Montant: 500 FCFA, Frais: 50 FCFA, No de transaction CO240115.1519.B29278, montant net debite 550 FCFA, Nouveau solde: 25337.81 FCFA."
USER_5,2024-01-15,21:11:47,OrangeMoney,retrait,OUT,1200.0,FCFA,23587.81,"Retrait d'argent reussi par le [PHONE_6147] avec le Code : 126080. Informations detaillees : Montant: 1200 FCFA, Frais: 50 FCFA, No de transaction CO240115.2111.A19712, montant net debite 1250 FCFA, Nouveau solde: 23587.81 FCFA."
USER_5,2024-01-16,10:26:22,OrangeMoney,retrait,OUT,850.0,FCFA,22187.81,"Retrait d'argent reussi par le [PHONE_0647] avec le Code : 792842. Informations detaillees : Montant: 850 FCFA, Frais: 50 FCFA, No de transaction CO240116.1026.C21205, montant net debite 900 FCFA, Nouveau solde: 22187.81 FCFA."
USER_5,2024-01-16,15:08:54,OrangeMoney,retrait,OUT,5150.0,FCFA,16960.56,"Retrait d'argent reussi par le [PHONE_0647] avec le Code : 792842. Informations detaillees : Montant: 5150 FCFA, Frais: 77.25 FCFA, No de transaction CO240116.1508.A84281, montant net debite 5227.25 FCFA, Nouveau solde: 16960.56 FCFA."
USER_5,2024-01-16,16:24:47,OrangeMoney,transfert,OUT,8500.0,FCFA,25460.56,"Transfert de [PHONE_5964] [CONTACT_C13F] vers [USER_5_phone] [USER_5] reussi. Details: ID transaction: PP240116.1624.B53765, Montant Transaction: 8500FCFA, Frais: 0 FCFA, Commission: 0 FCFA, Montant Net: 8500 FCFA, Nouveau Solde: 25460.56 FCFA."
USER_5,2024-01-16,19:38:31,OrangeMoney,transfert,OUT,5000.0,FCFA,20435.56,"Transfert de [USER_5_phone] [USER_5] vers [PHONE_4165] [CONTACT_52A5] reussi. ID transaction: PP240116.1938.C88081, Montant Transaction: 5000 FCFA, Frais: 25 FCFA, Commission: 0 FCFA, Montant Net: 5025 FCFA, Nouveau Solde: 20435.56 FCFA."
USER_5,2024-01-17,07:37:34,OrangeMoney,transfert,OUT,2500.0,FCFA,22935.56,"Transfert de [PHONE_5964] [CONTACT_C13F] vers [USER_5_phone] [USER_5] reussi. Details: ID transaction: PP240117.0737.C26606, Montant Transaction: 2500FCFA, Frais: 0 FCFA, Commission: 0 FCFA, Montant Net: 2500 FCFA, Nouveau Solde: 22935.56 FCFA."
USER_5,2024-01-17,07:55:26,OrangeMoney,transfert,OUT,1050.0,FCFA,21380.31,"Transfert de [USER_5_phone] [USER_5] vers [PHONE_5644] [CONTACT_C8B4] reussi. ID transaction: PP240117.0755.B41001, Montant Transaction: 1050 FCFA, Frais: 5.25 FCFA, Commission: 0 FCFA, Montant Net: 1055.25 FCFA, Nouveau Solde: 21380.31 FCFA."
USER_5,2024-01-17,10:26:40,OrangeMoney,retrait,OUT,700.0,FCFA,20630.31,"Retrait d'argent reussi par le [PHONE_0647] avec le Code : 792842. Informations detaillees : Montant: 700 FCFA, Frais: 50 FCFA, No de transaction CO240117.1026.C74311, montant net debite 750 FCFA, Nouveau solde: 20630.31 FCFA."
USER_5,2024-01-17,12:14:33,OrangeMoney,retrait,OUT,1000.0,FCFA,19580.31,"Retrait d'argent reussi par le [PHONE_6147] avec le Code : 126080. Informations detaillees : Montant: 1000 FCFA, Frais: 50 FCFA, No de transaction CO240117.1214.B35462, montant net debite 1050 FCFA, Nouveau solde: 19580.31 FCFA."
USER_5,2024-01-18,09:23:56,OrangeMoney,retrait,OUT,550.0,FCFA,18980.31,"Retrait d'argent reussi par le [PHONE_0647] avec le Code : 792842. Informations detaillees : Montant: 550 FCFA, Frais: 50 FCFA, No de transaction CO240118.0923.A01635, montant net debite 600 FCFA, Nouveau solde: 18980.31 FCFA."
USER_5,2024-01-18,15:30:37,OrangeMoney,retrait,OUT,2100.0,FCFA,16330.31,"Retrait d'argent reussi par le [PHONE_6147] avec le Code : 126080. Informations detaillees : Montant: 2100 FCFA, Frais: 50 FCFA, No de transaction CO240118.1530.A96718, montant net debite 2150 FCFA, Nouveau solde: 16330.31 FCFA."
USER_5,2024-01-19,08:41:08,OrangeMoney,transfert,OUT,3100.0,FCFA,18930.31,"Transfert de [PHONE_1956] [CONTACT_2A97] vers [USER_5_phone] [USER_5] reussi. Details: ID transaction: PP240119.0841.A24493, Montant Transaction: 3100FCFA, Frais: 0 FCFA, Commission: 0 FCFA, Montant Net: 3100 FCFA, Nouveau Solde: 18930.31 FCFA."
USER_5,2024-01-19,11:52:56,OrangeMoney,rechargement,OUT,500.0,FCFA,18430.31,"Rechargement reussi. Montant de la transaction: 500 FCFA, ID transaction: RC240119.1152.C41189, Frais: 0 FCFA, Commission: 0 FCFA, Nouveau solde: 18430.31 FCFA"
USER_5,2024-01-19,17:55:15,OrangeMoney,retrait,OUT,1000.0,FCFA,17380.31,"Retrait d'argent reussi par le [PHONE_6147] avec le Code : 126080. Informations detaillees : Montant: 1000 FCFA, Frais: 50 FCFA, No de transaction CO240119.1755.C42069, montant net debite 1050 FCFA, Nouveau solde: 17380.31 FCFA."
USER_5,2024-01-19,18:10:11,OrangeMoney,transfert,OUT,3000.0,FCFA,20380.31,"Transfert de [PHONE_8268] [CONTACT_16E7] vers [USER_5_phone] [USER_5] reussi. Details: ID transaction: PP240119.1810.C30716, Montant Transaction: 3000FCFA, Frais: 0 FCFA, Commission: 0 FCFA, Montant Net: 3000 FCFA, Nouveau Solde: 20380.31 FCFA."
USER_5,2024-01-20,09:52:35,OrangeMoney,retrait,OUT,18300.0,FCFA,805.81,"Retrait d'argent reussi par le [PHONE_0647] avec le Code : 792842. Informations detaillees : Montant: 18300 FCFA, Frais: 274.5 FCFA, No de transaction CO240120.0952.B05151, montant net debite 18574.5 FCFA, Nouveau solde: 805.81 FCFA."
USER_5,2024-01-20,10:06:18,OrangeMoney,transfert,OUT,10150.0,FCFA,10955.81,"Transfert de [PHONE_1201] [CONTACT_B737] vers [USER_5_phone] [USER_5] reussi. Details: ID transaction: PP240120.1006.C08844, Montant Transaction: 10150FCFA, Frais: 0 FCFA, Commission: 0 FCFA, Montant Net: 10150 FCFA, Nouveau Solde: 10955.81 FCFA."
USER_5,2024-01-22,10:54:51,OrangeMoney,depot,IN,25000.0,FCFA,35155.81,"Depot effectue par [PHONE_5022] [CONTACT_E8ED] to [USER_5_phone] [USER_5]. Informations detaillees: Montant de transaction : 25000 FCFA, ID transaction : CI240122.1054.B93097, Frais : 0 FCFA, Commission : 0 FCFA, Montant Net du Credit : 25000 FCFA, Nouveau Solde : 35155.81 FCFA."
USER_5,2024-01-22,14:40:01,OrangeMoney,retrait,OUT,5000.0,FCFA,5080.81,"Retrait d'argent reussi par le [PHONE_2157] avec le Code : 799725. Informations detaillees : Montant: 5000 FCFA, Frais: 75 FCFA, No de transaction CO240122.1439.C27081, montant net debite 5075 FCFA, Nouveau solde: 5080.81 FCFA."
USER_5,2024-01-22,17:18:52,OrangeMoney,retrait,OUT,5000.0,FCFA,5.81,"Retrait d'argent reussi par le [PHONE_9709] avec le Code : 264639. Informations detaillees : Montant: 5000 FCFA, Frais: 75 FCFA, No de transaction CO240122.1717.B19900, montant net debite 5075 FCFA, Nouveau solde: 5.81 FCFA."
USER_5,2024-01-22,18:05:09,OrangeMoney,depot,IN,1000.0,FCFA,1005.81,"Depot effectue par [PHONE_9365] [CONTACT_766D] to [USER_5_phone] [USER_5]. Informations detaillees: Montant de transaction : 1000 FCFA, ID transaction : CI240122.1805.B08830, Frais : 0 FCFA, Commission : 0 FCFA, Montant Net du Credit : 1000 FCFA, Nouveau Solde : 1005.81 FCFA."
USER_5,2024-01-22,18:09:05,OrangeMoney,rechargement,OUT,500.0,FCFA,205.81,"Rechargement reussi. Montant de la transaction: 500 FCFA, ID transaction: RC240122.1809.C33141, Frais: 0 FCFA, Commission: 0 FCFA, Nouveau solde: 205.81 FCFA"
USER_5,2024-01-23,18:57:58,OrangeMoney,transfert,OUT,5000.0,FCFA,5205.81,"Transfert de [PHONE_0962] Pierre Ferdinand vers [USER_5_phone] [USER_5] reussi. Details: ID transaction: PP240123.1857.A65616, Montant Transaction: 5000FCFA, Frais: 0 FCFA, Commission: 0 FCFA, Montant Net: 5000 FCFA, Nouveau Solde: 5205.81 FCFA."
USER_5,2024-01-23,18:59:14,OrangeMoney,retrait,OUT,1350.0,FCFA,3805.81,"Retrait d'argent reussi par le [PHONE_6147] avec le Code : 126080. Informations detaillees : Montant: 1350 FCFA, Frais: 50 FCFA, No de transaction CO240123.1859.A49324, montant net debite 1400 FCFA, Nouveau solde: 3805.81 FCFA."
USER_5,2024-01-23,19:03:35,OrangeMoney,retrait,OUT,1400.0,FCFA,2355.81,"Retrait d'argent reussi par le [PHONE_0647] avec le Code : 792842. Informations detaillees : Montant: 1400 FCFA, Frais: 50 FCFA, No de transaction CO240123.1903.B39504, montant net debite 1450 FCFA, Nouveau solde: 2355.81 FCFA."
USER_5,2024-01-24,15:01:15,OrangeMoney,rechargement,OUT,700.0,FCFA,155.81,"Rechargement reussi. Montant de la transaction: 700 FCFA, ID transaction: RC240124.1501.C09064, Frais: 0 FCFA, Commission: 0 FCFA, Nouveau solde: 155.81 FCFA"
USER_5,2024-01-24,21:03:04,OrangeMoney,transfert,OUT,1000.0,FCFA,1155.81,"Transfert de [PHONE_0962] Pierre Ferdinand vers [USER_5_phone] [USER_5] reussi. Details: ID transaction: PP240124.2103.B59923, Montant Transaction: 1000FCFA, Frais: 0 FCFA, Commission: 0 FCFA, Montant Net: 1000 FCFA, Nouveau Solde: 1155.81 FCFA."
USER_5,2024-01-26,10:33:30,OrangeMoney,transfert,OUT,2500.0,FCFA,2555.81,"Transfert de [PHONE_1956] [CONTACT_2A97] vers [USER_5_phone] [USER_5] reussi. Details: ID transaction: PP240126.1033.A27040, Montant Transaction: 2500FCFA, Frais: 0 FCFA, Commission: 0 FCFA, Montant Net: 2500 FCFA, Nouveau Solde: 2555.81 FCFA."
USER_5,2024-01-26,10:47:04,OrangeMoney,rechargement,OUT,500.0,FCFA,1955.81,"Rechargement reussi. Montant de la transaction: 500 FCFA, ID transaction: RC240126.1047.B74569, Frais: 0 FCFA, Commission: 0 FCFA, Nouveau solde: 1955.81 FCFA"
USER_5,2024-01-27,00:01:39,OrangeMoney,rechargement,OUT,400.0,FCFA,955.81,"Rechargement reussi. Montant de la transaction: 400 FCFA, ID transaction: RC240127.0001.A30173, Frais: 0 FCFA, Commission: 0 FCFA, Nouveau solde: 955.81 FCFA"
USER_5,2024-01-27,02:01:11,OrangeMoney,rechargement,OUT,200.0,FCFA,655.81,"Rechargement reussi. Montant de la transaction: 200 FCFA, ID transaction: RC240127.0201.B33973, Frais: 0 FCFA, Commission: 0 FCFA, Nouveau solde: 655.81 FCFA"
USER_5,2024-01-27,14:51:28,OrangeMoney,transfert,OUT,1000.0,FCFA,1155.81,"Transfert de [PHONE_8096] [CONTACT_B329] vers [USER_5_phone] [USER_5] reussi. Details: ID transaction: PP240127.1451.C34407, Montant Transaction: 1000FCFA, Frais: 0 FCFA, Commission: 0 FCFA, Montant Net: 1000 FCFA, Nouveau Solde: 1155.81 FCFA."
USER_5,2024-01-27,15:15:36,OrangeMoney,rechargement,OUT,600.0,FCFA,555.81,"Rechargement reussi. Montant de la transaction: 600 FCFA, ID transaction: RC240127.1515.B42000, Frais: 0 FCFA, Commission: 0 FCFA, Nouveau solde: 555.81 FCFA"
USER_5,2024-01-27,21:47:38,OrangeMoney,transfert,OUT,1000.0,FCFA,1555.81,"Transfert de [PHONE_0349] [CONTACT_21AC] vers [USER_5_phone] [USER_5] reussi. Details: ID transaction: PP240127.2147.A48063, Montant Transaction: 1000FCFA, Frais: 0 FCFA, Commission: 0 FCFA, Montant Net: 1000 FCFA, Nouveau Solde: 1555.81 FCFA."
USER_5,2024-01-27,21:52:21,OrangeMoney,transfert,OUT,1000.0,FCFA,550.81,"Transfert de [USER_5_phone] [USER_5] vers [PHONE_1582] [CONTACT_5BA7] reussi. ID transaction: PP240127.2152.C39592, Montant Transaction: 1000 FCFA, Frais: 5 FCFA, Commission: 0 FCFA, Montant Net: 1005 FCFA, Nouveau Solde: 550.81 FCFA."
USER_5,2024-02-01,22:22:11,OrangeMoney,transfert,OUT,1000.0,FCFA,1050.81,"Transfert de [PHONE_8096] [CONTACT_B329] vers [USER_5_phone] [USER_5] reussi. Details: ID transaction: PP240201.2222.C77423, Montant Transaction: 1000FCFA, Frais: 0 FCFA, Commission: 0 FCFA, Montant Net: 1000 FCFA, Nouveau Solde: 1050.81 FCFA."
USER_5,2024-02-01,22:23:58,OrangeMoney,rechargement,OUT,500.0,FCFA,550.81,"Rechargement reussi. Montant de la transaction: 500 FCFA, ID transaction: RC240201.2223.A03544, Frais: 0 FCFA, Commission: 0 FCFA, Nouveau solde: 550.81 FCFA"
USER_5,2024-02-01,22:36:39,OrangeMoney,transfert,OUT,10200.0,FCFA,10750.81,"Transfert de [PHONE_7712] [CONTACT_BAF2] vers [USER_5_phone] [USER_5] reussi. Details: ID transaction: PP240201.2234.C80979, Montant Transaction: 10200FCFA, Frais: 0 FCFA, Commission: 0 FCFA, Montant Net: 10200 FCFA, Nouveau Solde: 10750.81 FCFA."
USER_5,2024-02-02,00:08:43,OrangeMoney,rechargement,OUT,200.0,FCFA,10550.81,"Rechargement reussi. Montant de la transaction: 200 FCFA, ID transaction: RC240202.0008.C15579, Frais: 0 FCFA, Commission: 0 FCFA, Nouveau solde: 10550.81 FCFA"
USER_5,2024-02-02,02:58:40,OrangeMoney,rechargement,OUT,200.0,FCFA,10350.81,"Rechargement reussi. Montant de la transaction: 200 FCFA, ID transaction: RC240202.0258.B13833, Frais: 0 FCFA, Commission: 0 FCFA, Nouveau solde: 10350.81 FCFA"
USER_5,2024-02-02,17:32:46,OrangeMoney,retrait,OUT,1600.0,FCFA,7700.81,"Retrait d'argent reussi par le [PHONE_6147] avec le Code : 126080. Informations detaillees : Montant: 1600 FCFA, Frais: 50 FCFA, No de transaction CO240202.1732.C41135, montant net debite 1650 FCFA, Nouveau solde: 7700.81 FCFA."
USER_5,2024-02-03,11:54:17,OrangeMoney,transfert,OUT,20300.0,FCFA,28000.81,"Transfert de [PHONE_7712] [CONTACT_BAF2] vers [USER_5_phone] [USER_5] reussi. Details: ID transaction: PP240203.1154.A33105, Montant Transaction: 20300FCFA, Frais: 0 FCFA, Commission: 0 FCFA, Montant Net: 20300 FCFA, Nouveau Solde: 28000.81 FCFA."
USER_5,2024-02-03,14:39:16,OrangeMoney,rechargement,OUT,600.0,FCFA,27400.81,"Rechargement reussi. Montant de la transaction: 600 FCFA, ID transaction: RC240203.1439.C20551, Frais: 0 FCFA, Commission: 0 FCFA, Nouveau solde: 27400.81 FCFA"
USER_5,2024-02-03,15:42:05,OrangeMoney,retrait,OUT,1600.0,FCFA,25250.81,"Retrait d'argent reussi par le [PHONE_6147] avec le Code : 126080. Informations detaillees : Montant: 1600 FCFA, Frais: 50 FCFA, No de transaction CO240203.1542.A62543, montant net debite 1650 FCFA, Nouveau solde: 25250.81 FCFA."
USER_5,2024-02-04,17:51:39,OrangeMoney,transfert,OUT,1400.0,FCFA,23343.81,"Transfert de [USER_5_phone] [USER_5] vers [PHONE_1699] [CONTACT_95D7] reussi. ID transaction: PP240204.1751.C65719, Montant Transaction: 1400 FCFA, Frais: 7 FCFA, Commission: 0 FCFA, Montant Net: 1407 FCFA, Nouveau Solde: 23343.81 FCFA."
USER_5,2024-02-06,10:57:05,OrangeMoney,retrait,OUT,950.0,FCFA,21343.81,"Retrait d'argent reussi par le [PHONE_0647] avec le Code : 792842. Informations detaillees : Montant: 950 FCFA, Frais: 50 FCFA, No de transaction CO240206.1057.B88106, montant net debite 1000 FCFA, Nouveau solde: 21343.81 FCFA."
USER_5,2024-02-07,10:19:44,OrangeMoney,rechargement,OUT,500.0,FCFA,19943.81,"Rechargement reussi. Montant de la transaction: 500 FCFA, ID transaction: RC240207.1019.C87816, Frais: 0 FCFA, Commission: 0 FCFA, Nouveau solde: 19943.81 FCFA"
USER_5,2024-02-07,22:26:48,OrangeMoney,rechargement,OUT,500.0,FCFA,19443.81,"Rechargement reussi. Montant de la transaction: 500 FCFA, ID transaction: RC240207.2226.B30815, Frais: 0 FCFA, Commission: 0 FCFA, Nouveau solde: 19443.81 FCFA"
USER_5,2024-02-08,13:29:31,OrangeMoney,transfert,OUT,5000.0,FCFA,23293.81,"Transfert de [PHONE_7712] [CONTACT_BAF2] vers [USER_5_phone] [USER_5] reussi. Details: ID transaction: PP240208.1329.C39786, Montant Transaction: 5000FCFA, Frais: 0 FCFA, Commission: 0 FCFA, Montant Net: 5000 FCFA, Nouveau Solde: 23293.81 FCFA."
USER_5,2024-02-08,14:09:11,OrangeMoney,retrait,OUT,5000.0,FCFA,18218.81,"Retrait d'argent reussi par le [PHONE_5576] avec le Code : 514864. Informations detaillees : Montant: 5000 FCFA, Frais: 75 FCFA, No de transaction CO240208.1409.B67260, montant net debite 5075 FCFA, Nouveau solde: 18218.81 FCFA."
USER_5,2024-02-08,15:01:15,OrangeMoney,retrait,OUT,11000.0,FCFA,7053.81,"Retrait d'argent reussi par le [PHONE_5576] avec le Code : 514864. Informations detaillees : Montant: 11000 FCFA, Frais: 165 FCFA, No de transaction CO240208.1501.B97241, montant net debite 11165 FCFA, Nouveau solde: 7053.81 FCFA."
USER_5,2024-02-08,15:44:24,OrangeMoney,depot,IN,25500.0,FCFA,32553.81,"Depot effectue par [PHONE_3062] [CONTACT_ED50] to [USER_5_phone] [USER_5]. Informations detaillees: Montant de transaction : 25500 FCFA, ID transaction : CI240208.1544.B20384, Frais : 0 FCFA, Commission : 0 FCFA, Montant Net du Credit : 25500 FCFA, Nouveau Solde : 32553.81 FCFA."
USER_5,2024-02-08,18:41:05,OrangeMoney,retrait,OUT,5000.0,FCFA,27478.81,"Retrait d'argent reussi par le [PHONE_6239] avec le Code : 804419. Informations detaillees : Montant: 5000 FCFA, Frais: 75 FCFA, No de transaction CO240208.1841.C41309, montant net debite 5075 FCFA, Nouveau solde: 27478.81 FCFA."
USER_5,2024-02-09,10:27:48,OrangeMoney,transfert,OUT,20000.0,FCFA,6878.81,"Transfert de [USER_5_phone] [USER_5] vers [PHONE_4499] [CONTACT_3B76] reussi. ID transaction: PP240209.1027.C09687, Montant Transaction: 20000 FCFA, Frais: 100 FCFA, Commission: 0 FCFA, Montant Net: 20100 FCFA, Nouveau Solde: 6878.81 FCFA."
USER_5,2024-02-09,15:31:23,OrangeMoney,transfert,IN,1000.0,FCFA,7578.81,"Vous avez recu avec succes 1000 FCFA de [PHONE_5682]. Votre nouveau solde est de 7578.81 FCFA, Reference de transaction: CI240209.1531.C60700 Orange Money vous remercie."
USER_5,2024-02-09,15:34:57,OrangeMoney,depot,IN,2000.0,FCFA,9578.81,"Depot effectue par [PHONE_8294] [CONTACT_3070] to [USER_5_phone] [USER_5]. Informations detaillees: Montant de transaction : 2000 FCFA, ID transaction : CI240209.1534.C61767, Frais : 0 FCFA, Commission : 0 FCFA, Montant Net du Credit : 2000 FCFA, Nouveau Solde : 9578.81 FCFA."
USER_5,2024-02-09,20:36:09,OrangeMoney,autre,unknown,0.0,FCFA,15278.81,"Cher(e) client(e) vous venez de recevoir un mandat de +[PHONE_5633] en provenance de address.  ID: CI240209.2035.A56944, Reference: o0Lw2tWC22o4  Montant transaction 6000 CFA, frais 0 FCFA, commission: 0 FCFA, Montant net: 6000 FCFA. Nouveau solde 15278.81 FCFA. Orange Money vous remercie."
USER_5,2024-02-10,01:27:55,OrangeMoney,transfert,OUT,2000.0,FCFA,13268.81,"Transfert de [USER_5_phone] [USER_5] vers [PHONE_5002] [CONTACT_9721] reussi. ID transaction: PP240210.0127.B99022, Montant Transaction: 2000 FCFA, Frais: 10 FCFA, Commission: 0 FCFA, Montant Net: 2010 FCFA, Nouveau Solde: 13268.81 FCFA."
USER_5,2024-02-10,06:01:01,OrangeMoney,transfert,OUT,4600.0,FCFA,17868.81,"Transfert de [PHONE_6979] [CONTACT_16E9] vers [USER_5_phone] [USER_5] reussi. Details: ID transaction: PP240210.0600.A10093, Montant Transaction: 4600FCFA, Frais: 0 FCFA, Commission: 0 FCFA, Montant Net: 4600 FCFA, Nouveau Solde: 17868.81 FCFA."
USER_5,2024-02-10,09:00:32,OrangeMoney,transfert,OUT,450.0,FCFA,18318.81,"Transfert de [PHONE_0962] Pierre Ferdinand vers [USER_5_phone] [USER_5] reussi. Details: ID transaction: PP240210.0900.A83050, Montant Transaction: 450FCFA, Frais: 0 FCFA, Commission: 0 FCFA, Montant Net: 450 FCFA, Nouveau Solde: 18318.81 FCFA."
USER_5,2024-02-10,10:32:14,OrangeMoney,transfert,OUT,3000.0,FCFA,20818.81,"Transfert de [PHONE_3154] [CONTACT_9033]'E OBIANG vers [USER_5_phone] [USER_5] reussi. Details: ID transaction: PP240210.1032.A52439, Montant Transaction: 3000FCFA, Frais: 0 FCFA, Commission: 0 FCFA, Montant Net: 3000 FCFA, Nouveau Solde: 20818.81 FCFA."
USER_5,2024-02-10,12:35:59,OrangeMoney,transfert,OUT,1000.0,FCFA,21818.81,"Transfert de [PHONE_0258] [CONTACT_CA74] vers [USER_5_phone] [USER_5] reussi. Details: ID transaction: PP240210.1234.B52597, Montant Transaction: 1000FCFA, Frais: 0 FCFA, Commission: 0 FCFA, Montant Net: 1000 FCFA, Nouveau Solde: 21818.81 FCFA."
USER_5,2024-02-12,15:01:53,OrangeMoney,retrait,OUT,13000.0,FCFA,7923.81,"Retrait d'argent reussi par le [PHONE_1330] avec le Code : 250481. Informations detaillees : Montant: 13000 FCFA, Frais: 195 FCFA, No de transaction CO240212.1501.A95613, montant net debite 13195 FCFA, Nouveau solde: 7923.81 FCFA."
USER_5,2024-02-12,17:06:10,OrangeMoney,transfert,OUT,30000.0,FCFA,36923.81,"Transfert de [PHONE_0762] [CONTACT_BAF2] vers [USER_5_phone] [USER_5] reussi. Details: ID transaction: PP240212.1706.C13120, Montant Transaction: 30000FCFA, Frais: 0 FCFA, Commission: 0 FCFA, Montant Net: 30000 FCFA, Nouveau Solde: 36923.81 FCFA."
USER_5,2024-02-13,12:42:30,OrangeMoney,transfert,OUT,1000.0,FCFA,35418.81,"Transfert de [USER_5_phone] [USER_5] vers [PHONE_9035] Elat reussi. ID transaction: PP240213.1242.A88796, Montant Transaction: 1000 FCFA, Frais: 5 FCFA, Commission: 0 FCFA, Montant Net: 1005 FCFA, Nouveau Solde: 35418.81 FCFA."
USER_5,2024-02-15,10:07:20,OrangeMoney,transfert,OUT,1100.0,FCFA,18413.31,"Transfert de [USER_5_phone] [USER_5] vers [PHONE_7391] [CONTACT_2C3E] reussi. ID transaction: PP240215.1007.B70930, Montant Transaction: 1100 FCFA, Frais: 5.5 FCFA, Commission: 0 FCFA, Montant Net: 1105.5 FCFA, Nouveau Solde: 18413.31 FCFA."
USER_5,2024-02-16,10:14:49,OrangeMoney,transfert,OUT,500.0,FCFA,16910.81,"Transfert de [USER_5_phone] [USER_5] vers [PHONE_8096] [CONTACT_B329] reussi. ID transaction: PP240216.1014.A64163, Montant Transaction: 500 FCFA, Frais: 2.5 FCFA, Commission: 0 FCFA, Montant Net: 502.5 FCFA, Nouveau Solde: 16910.81 FCFA."
USER_5,2024-02-17,17:43:31,OrangeMoney,rechargement,OUT,600.0,FCFA,14110.81,"Rechargement reussi. Montant de la transaction: 600 FCFA, ID transaction: RC240217.1743.C50427, Frais: 0 FCFA, Commission: 0 FCFA, Nouveau solde: 14110.81 FCFA"
USER_5,2024-02-17,22:32:04,OrangeMoney,rechargement,OUT,500.0,FCFA,13610.81,"Rechargement reussi. Montant de la transaction: 500 FCFA, ID transaction: RC240217.2231.C19465, Frais: 0 FCFA, Commission: 0 FCFA, Nouveau solde: 13610.81 FCFA"
USER_5,2024-02-17,23:47:22,OrangeMoney,transfert,OUT,2000.0,FCFA,11600.81,"Transfert de [USER_5_phone] [USER_5] vers [PHONE_7181] [CONTACT_5088] reussi. ID transaction: PP240217.2347.B92417, Montant Transaction: 2000 FCFA, Frais: 10 FCFA, Commission: 0 FCFA, Montant Net: 2010 FCFA, Nouveau Solde: 11600.81 FCFA."
USER_5,2024-02-18,03:19:56,OrangeMoney,transfert,OUT,2000.0,FCFA,13600.81,"Transfert de [PHONE_7181] [CONTACT_5088] vers [USER_5_phone] [USER_5] reussi. Details: ID transaction: PP240217.2353.A92508, Montant Transaction: 2000FCFA, Frais: 0 FCFA, Commission: 0 FCFA, Montant Net: 2000 FCFA, Nouveau Solde: 13600.81 FCFA."
USER_5,2024-02-18,12:54:11,OrangeMoney,rechargement,OUT,2100.0,FCFA,11500.81,"Rechargement reussi. Montant de la transaction: 2100 FCFA, ID transaction: RC240218.1254.B01743, Frais: 0 FCFA, Commission: 0 FCFA, Nouveau solde: 11500.81 FCFA"
USER_5,2024-02-19,23:21:15,OrangeMoney,transfert,OUT,2500.0,FCFA,6988.31,"Transfert de [USER_5_phone] [USER_5] vers [PHONE_9911] [CONTACT_31BC] reussi. ID transaction: PP240219.2321.B83917, Montant Transaction: 2500 FCFA, Frais: 12.5 FCFA, Commission: 0 FCFA, Montant Net: 2512.5 FCFA, Nouveau Solde: 6988.31 FCFA."
USER_5,2024-02-20,10:23:02,OrangeMoney,retrait,OUT,1100.0,FCFA,5838.31,"Retrait d'argent reussi par le [PHONE_0647] avec le Code : 792842. Informations detaillees : Montant: 1100 FCFA, Frais: 50 FCFA, No de transaction CO240220.1023.C70842, montant net debite 1150 FCFA, Nouveau solde: 5838.31 FCFA."
USER_5,2024-02-20,13:34:27,OrangeMoney,rechargement,OUT,600.0,FCFA,5238.31,"Rechargement reussi. Montant de la transaction: 600 FCFA, ID transaction: RC240220.1334.A42649, Frais: 0 FCFA, Commission: 0 FCFA, Nouveau solde: 5238.31 FCFA"
USER_5,2024-02-21,17:21:18,OrangeMoney,transfert,OUT,2500.0,FCFA,6338.31,"Transfert de [PHONE_9911] [CONTACT_31BC] vers [USER_5_phone] [USER_5] reussi. Details: ID transaction: PP240221.1721.B83306, Montant Transaction: 2500FCFA, Frais: 0 FCFA, Commission: 0 FCFA, Montant Net: 2500 FCFA, Nouveau Solde: 6338.31 FCFA."
USER_5,2024-02-21,20:23:30,OrangeMoney,retrait,OUT,1150.0,FCFA,4638.31,"Retrait d'argent reussi par le [PHONE_0647] avec le Code : 792842. Informations detaillees : Montant: 1150 FCFA, Frais: 50 FCFA, No de transaction CO240221.2023.B64172, montant net debite 1200 FCFA, Nouveau solde: 4638.31 FCFA."
USER_5,2024-02-22,08:56:24,OrangeMoney,retrait,OUT,2100.0,FCFA,2488.31,"Retrait d'argent reussi par le [PHONE_0647] avec le Code : 792842. Informations detaillees : Montant: 2100 FCFA, Frais: 50 FCFA, No de transaction CO240222.0856.C43963, montant net debite 2150 FCFA, Nouveau solde: 2488.31 FCFA."
USER_5,2024-02-22,09:05:32,OrangeMoney,transfert,OUT,25500.0,FCFA,27988.31,"Transfert de [PHONE_7712] [CONTACT_BAF2] vers [USER_5_phone] [USER_5] reussi. Details: ID transaction: PP240222.0905.B78947, Montant Transaction: 25500FCFA, Frais: 0 FCFA, Commission: 0 FCFA, Montant Net: 25500 FCFA, Nouveau Solde: 27988.31 FCFA."
USER_5,2024-02-22,10:55:26,OrangeMoney,retrait,OUT,5000.0,FCFA,22913.31,"Retrait d'argent reussi par le [PHONE_5576] avec le Code : 523080. Informations detaillees : Montant: 5000 FCFA, Frais: 75 FCFA, No de transaction CO240222.1055.A18032, montant net debite 5075 FCFA, Nouveau solde: 22913.31 FCFA."
USER_5,2024-02-22,13:31:57,OrangeMoney,transfert,OUT,40600.0,FCFA,63013.31,"Transfert de [PHONE_0762] [CONTACT_BAF2] vers [USER_5_phone] [USER_5] reussi. Details: ID transaction: PP240222.1331.C51782, Montant Transaction: 40600FCFA, Frais: 0 FCFA, Commission: 0 FCFA, Montant Net: 40600 FCFA, Nouveau Solde: 63013.31 FCFA."
USER_5,2024-02-22,16:53:45,OrangeMoney,transfert,OUT,38500.0,FCFA,24320.81,"Transfert de [USER_5_phone] [USER_5] vers [PHONE_9052] [CONTACT_D981] reussi. ID transaction: PP240222.1653.B01665, Montant Transaction: 38500 FCFA, Frais: 192.5 FCFA, Commission: 0 FCFA, Montant Net: 38692.5 FCFA, Nouveau Solde: 24320.81 FCFA."
USER_5,2024-02-22,20:08:06,OrangeMoney,rechargement,OUT,500.0,FCFA,23820.81,"Rechargement reussi. Montant de la transaction: 500 FCFA, ID transaction: RC240222.2008.C55058, Frais: 0 FCFA, Commission: 0 FCFA, Nouveau solde: 23820.81 FCFA"
USER_5,2024-02-22,21:30:47,OrangeMoney,transfert,OUT,1500.0,FCFA,22313.31,"Transfert de [USER_5_phone] [USER_5] vers [PHONE_1699] [CONTACT_95D7] reussi. ID transaction: PP240222.2130.B94131, Montant Transaction: 1500 FCFA, Frais: 7.5 FCFA, Commission: 0 FCFA, Montant Net: 1507.5 FCFA, Nouveau Solde: 22313.31 FCFA."
USER_5,2024-02-23,12:15:10,OrangeMoney,transfert,OUT,1450.0,FCFA,20356.06,"Transfert de [USER_5_phone] [USER_5] vers [PHONE_7391] [CONTACT_2C3E] reussi. ID transaction: PP240223.1215.A39424, Montant Transaction: 1450 FCFA, Frais: 7.25 FCFA, Commission: 0 FCFA, Montant Net: 1457.25 FCFA, Nouveau Solde: 20356.06 FCFA."
USER_5,2024-02-23,12:17:38,OrangeMoney,retrait,OUT,2250.0,FCFA,18056.06,"Retrait d'argent reussi par le [PHONE_0647] avec le Code : 792842. Informations detaillees : Montant: 2250 FCFA, Frais: 50 FCFA, No de transaction CO240223.1217.B99102, montant net debite 2300 FCFA, Nouveau solde: 18056.06 FCFA."
USER_5,2024-02-23,12:20:51,OrangeMoney,transfert,OUT,1750.0,FCFA,16297.31,"Transfert de [USER_5_phone] [USER_5] vers [PHONE_9212] [CONTACT_C853] reussi. ID transaction: PP240223.1220.C43396, Montant Transaction: 1750 FCFA, Frais: 8.75 FCFA, Commission: 0 FCFA, Montant Net: 1758.75 FCFA, Nouveau Solde: 16297.31 FCFA."
USER_5,2024-02-23,19:51:38,OrangeMoney,transfert,OUT,1000.0,FCFA,15292.31,"Transfert de [USER_5_phone] [USER_5] vers [PHONE_0294] [CONTACT_DFA5] reussi. ID transaction: PP240223.1951.C80149, Montant Transaction: 1000 FCFA, Frais: 5 FCFA, Commission: 0 FCFA, Montant Net: 1005 FCFA, Nouveau Solde: 15292.31 FCFA."
USER_5,2024-02-23,23:40:10,OrangeMoney,transfert,OUT,500.0,FCFA,14289.81,"Transfert de [USER_5_phone] [USER_5] vers [PHONE_4465] [CONTACT_E277] reussi. ID transaction: PP240223.2340.A85111, Montant Transaction: 500 FCFA, Frais: 2.5 FCFA, Commission: 0 FCFA, Montant Net: 502.5 FCFA, Nouveau Solde: 14289.81 FCFA."
USER_5,2024-02-24,13:05:00,OrangeMoney,retrait,OUT,1050.0,FCFA,13189.81,"Retrait d'argent reussi par le [PHONE_0647] avec le Code : 792842. Informations detaillees : Montant: 1050 FCFA, Frais: 50 FCFA, No de transaction CO240224.1304.B08161, montant net debite 1100 FCFA, Nouveau solde: 13189.81 FCFA."
USER_5,2024-02-24,14:54:23,OrangeMoney,transfert,OUT,1000.0,FCFA,12184.81,"Transfert de [USER_5_phone] [USER_5] vers [PHONE_1799] [CONTACT_73F1] reussi. ID transaction: PP240224.1454.C45398, Montant Transaction: 1000 FCFA, Frais: 5 FCFA, Commission: 0 FCFA, Montant Net: 1005 FCFA, Nouveau Solde: 12184.81 FCFA."
USER_5,2024-02-24,15:21:45,OrangeMoney,retrait,OUT,10000.0,FCFA,2034.81,"Retrait d'argent reussi par le [PHONE_2140] avec le Code : 740440. Informations detaillees : Montant: 10000 FCFA, Frais: 150 FCFA, No de transaction CO240224.1521.A11549, montant net debite 10150 FCFA, Nouveau solde: 2034.81 FCFA."
USER_5,2024-02-25,07:35:24,OrangeMoney,transfert,OUT,20300.0,FCFA,21834.81,"Transfert de [PHONE_0762] [CONTACT_BAF2] vers [USER_5_phone] [USER_5] reussi. Details: ID transaction: PP240225.0735.A26272, Montant Transaction: 20300FCFA, Frais: 0 FCFA, Commission: 0 FCFA, Montant Net: 20300 FCFA, Nouveau Solde: 21834.81 FCFA."
USER_5,2024-02-25,19:22:42,OrangeMoney,retrait,OUT,1150.0,FCFA,19634.81,"Retrait d'argent reussi par le [PHONE_0647] avec le Code : 792842. Informations detaillees : Montant: 1150 FCFA, Frais: 50 FCFA, No de transaction CO240225.1922.A91936, montant net debite 1200 FCFA, Nouveau solde: 19634.81 FCFA."
USER_5,2024-02-26,01:07:00,OrangeMoney,transfert,OUT,3000.0,FCFA,16619.81,"Transfert de [USER_5_phone] [USER_5] vers [PHONE_1377] Fosso reussi. ID transaction: PP240226.0106.B57963, Montant Transaction: 3000 FCFA, Frais: 15 FCFA, Commission: 0 FCFA, Montant Net: 3015 FCFA, Nouveau Solde: 16619.81 FCFA."
USER_5,2024-02-26,01:16:49,OrangeMoney,transfert,OUT,3000.0,FCFA,13604.81,"Transfert de [USER_5_phone] [USER_5] vers [PHONE_1377] Fosso reussi. ID transaction: PP240226.0116.B58469, Montant Transaction: 3000 FCFA, Frais: 15 FCFA, Commission: 0 FCFA, Montant Net: 3015 FCFA, Nouveau Solde: 13604.81 FCFA."
USER_5,2024-02-26,18:17:26,OrangeMoney,transfert,OUT,6800.0,FCFA,6270.81,"Transfert de [USER_5_phone] [USER_5] vers [PHONE_1611] [CONTACT_A01B] reussi. ID transaction: PP240226.1817.B63513, Montant Transaction: 6800 FCFA, Frais: 34 FCFA, Commission: 0 FCFA, Montant Net: 6834 FCFA, Nouveau Solde: 6270.81 FCFA."
USER_5,2024-02-26,18:43:11,OrangeMoney,transfert,OUT,2500.0,FCFA,3758.31,"Transfert de [USER_5_phone] [USER_5] vers [PHONE_7281] [CONTACT_65A0] reussi. ID transaction: PP240226.1843.C77070, Montant Transaction: 2500 FCFA, Frais: 12.5 FCFA, Commission: 0 FCFA, Montant Net: 2512.5 FCFA, Nouveau Solde: 3758.31 FCFA."
USER_5,2024-02-27,12:01:34,OrangeMoney,depot,IN,3000.0,FCFA,6258.31,"Depot effectue par [PHONE_7872] [CONTACT_8635] to [USER_5_phone] [USER_5]. Informations detaillees: Montant de transaction : 3000 FCFA, ID transaction : CI240227.1201.B99569, Frais : 0 FCFA, Commission : 0 FCFA, Montant Net du Credit : 3000 FCFA, Nouveau Solde : 6258.31 FCFA."
USER_5,2024-02-27,12:16:00,OrangeMoney,transfert,OUT,5200.0,FCFA,1032.31,"Transfert de [USER_5_phone] [USER_5] vers [PHONE_7370] [CONTACT_3793] reussi. ID transaction: PP240227.1215.C66838, Montant Transaction: 5200 FCFA, Frais: 26 FCFA, Commission: 0 FCFA, Montant Net: 5226 FCFA, Nouveau Solde: 1032.31 FCFA."
USER_5,2024-02-28,10:06:35,OrangeMoney,autre,unknown,0.0,FCFA,39892.31,"Cher(e) client(e) vous venez de recevoir un mandat de +[PHONE_3595] en provenance de address.  ID: CI240228.1006.B25506, Reference: 9iP4y80Qa3ht  Montant transaction 39360 CFA, frais 0 FCFA, commission: 0 FCFA, Montant net: 39360 FCFA. Nouveau solde 39892.31 FCFA. Orange Money vous remercie."
USER_5,2024-02-28,14:40:12,OrangeMoney,retrait,OUT,1500.0,FCFA,37842.31,"Retrait d'argent reussi par le [PHONE_6147] avec le Code : 126080. Informations detaillees : Montant: 1500 FCFA, Frais: 50 FCFA, No de transaction CO240228.1440.C75724, montant net debite 1550 FCFA, Nouveau solde: 37842.31 FCFA."
USER_5,2024-02-29,11:06:33,OrangeMoney,retrait,OUT,16500.0,FCFA,20594.81,"Retrait d'argent reussi par le [PHONE_3596] avec le Code : 348804. Informations detaillees : Montant: 16500 FCFA, Frais: 247.5 FCFA, No de transaction CO240229.1106.C34056, montant net debite 16747.5 FCFA, Nouveau solde: 20594.81 FCFA."
USER_5,2024-02-29,11:33:00,OrangeMoney,transfert,OUT,3000.0,FCFA,17579.81,"Transfert de [USER_5_phone] [USER_5] vers [PHONE_7281] [CONTACT_65A0] reussi. ID transaction: PP240229.1132.A39442, Montant Transaction: 3000 FCFA, Frais: 15 FCFA, Commission: 0 FCFA, Montant Net: 3015 FCFA, Nouveau Solde: 17579.81 FCFA."
USER_5,2024-02-29,11:58:40,OrangeMoney,transfert,OUT,11350.0,FCFA,6173.06,"Transfert de [USER_5_phone] [USER_5] vers [PHONE_1699] [CONTACT_95D7] reussi. ID transaction: PP240229.1158.B63763, Montant Transaction: 11350 FCFA, Frais: 56.75 FCFA, Commission: 0 FCFA, Montant Net: 11406.75 FCFA, Nouveau Solde: 6173.06 FCFA."
USER_5,2024-02-29,12:02:32,OrangeMoney,retrait,OUT,1050.0,FCFA,5073.06,"Retrait d'argent reussi par le [PHONE_0647] avec le Code : 792842. Informations detaillees : Montant: 1050 FCFA, Frais: 50 FCFA, No de transaction CO240229.1202.A86192, montant net debite 1100 FCFA, Nouveau solde: 5073.06 FCFA."
USER_5,2024-02-29,12:05:29,OrangeMoney,transfert,OUT,1050.0,FCFA,4017.81,"Transfert de [USER_5_phone] [USER_5] vers [PHONE_5051] [CONTACT_D05E] reussi. ID transaction: PP240229.1205.C67677, Montant Transaction: 1050 FCFA, Frais: 5.25 FCFA, Commission: 0 FCFA, Montant Net: 1055.25 FCFA, Nouveau Solde: 4017.81 FCFA."
USER_5,2024-03-01,16:04:16,OrangeMoney,transfert,OUT,5200.0,FCFA,5217.81,"Transfert de [PHONE_9125] [CONTACT_6809] vers [USER_5_phone] [USER_5] reussi. Details: ID transaction: PP240301.1604.C76114, Montant Transaction: 5200FCFA, Frais: 0 FCFA, Commission: 0 FCFA, Montant Net: 5200 FCFA, Nouveau Solde: 5217.81 FCFA."
USER_5,2024-03-01,16:28:23,OrangeMoney,retrait,OUT,500.0,FCFA,4667.81,"Retrait d'argent reussi par le [PHONE_6147] avec le Code : 126080. Informations detaillees : Montant: 500 FCFA, Frais: 50 FCFA, No de transaction CO240301.1628.C17805, montant net debite 550 FCFA, Nouveau solde: 4667.81 FCFA."
USER_5,2024-03-01,19:59:43,OrangeMoney,transfert,OUT,750.0,FCFA,3414.06,"Transfert de [USER_5_phone] [USER_5] vers [PHONE_2946] [CONTACT_F5ED] reussi. ID transaction: PP240301.1959.B78885, Montant Transaction: 750 FCFA, Frais: 3.75 FCFA, Commission: 0 FCFA, Montant Net: 753.75 FCFA, Nouveau Solde: 3414.06 FCFA."
USER_5,2024-03-01,22:07:43,OrangeMoney,retrait,OUT,1100.0,FCFA,2264.06,"Retrait d'argent reussi par le [PHONE_0647] avec le Code : 792842. Informations detaillees : Montant: 1100 FCFA, Frais: 50 FCFA, No de transaction CO240301.2207.B78106, montant net debite 1150 FCFA, Nouveau solde: 2264.06 FCFA."
USER_5,2024-03-02,10:37:24,OrangeMoney,retrait,OUT,600.0,FCFA,1114.06,"Retrait d'argent reussi par le [PHONE_0647] avec le Code : 792842. Informations detaillees : Montant: 600 FCFA, Frais: 50 FCFA, No de transaction CO240302.1037.C09179, montant net debite 650 FCFA, Nouveau solde: 1114.06 FCFA."
USER_5,2024-03-02,15:20:37,OrangeMoney,transfert,OUT,600.0,FCFA,511.06,"Transfert de [USER_5_phone] [USER_5] vers [PHONE_3592] [CONTACT_E9D6] reussi. ID transaction: PP240302.1520.A73065, Montant Transaction: 600 FCFA, Frais: 3 FCFA, Commission: 0 FCFA, Montant Net: 603 FCFA, Nouveau Solde: 511.06 FCFA."
USER_5,2024-03-02,15:23:38,OrangeMoney,transfert,OUT,450.0,FCFA,58.81,"Transfert de [USER_5_phone] [USER_5] vers [PHONE_7391] [CONTACT_2C3E] reussi. ID transaction: PP240302.1523.B80834, Montant Transaction: 450 FCFA, Frais: 2.25 FCFA, Commission: 0 FCFA, Montant Net: 452.25 FCFA, Nouveau Solde: 58.81 FCFA."
USER_5,2024-03-05,18:07:12,OrangeMoney,transfert,OUT,2500.0,FCFA,2558.81,"Transfert de [PHONE_1956] [CONTACT_2A97] vers [USER_5_phone] [USER_5] reussi. Details: ID transaction: PP240305.1807.C95084, Montant Transaction: 2500FCFA, Frais: 0 FCFA, Commission: 0 FCFA, Montant Net: 2500 FCFA, Nouveau Solde: 2558.81 FCFA."
USER_5,2024-03-05,20:53:35,OrangeMoney,rechargement,OUT,1050.0,FCFA,1508.81,"Rechargement reussi. Montant de la transaction: 1050 FCFA, ID transaction: RC240305.2053.A76618, Frais: 0 FCFA, Commission: 0 FCFA, Nouveau solde: 1508.81 FCFA"
USER_5,2024-03-05,22:49:39,OrangeMoney,rechargement,OUT,500.0,FCFA,1008.81,"Rechargement reussi. Montant de la transaction: 500 FCFA, ID transaction: RC240305.2249.C97724, Frais: 0 FCFA, Commission: 0 FCFA, Nouveau solde: 1008.81 FCFA"
USER_5,2024-03-08,09:02:45,OrangeMoney,transfert,OUT,5100.0,FCFA,5108.81,"Transfert de [PHONE_1956] [CONTACT_2A97] vers [USER_5_phone] [USER_5] reussi. Details: ID transaction: PP240308.0902.C37199, Montant Transaction: 5100FCFA, Frais: 0 FCFA, Commission: 0 FCFA, Montant Net: 5100 FCFA, Nouveau Solde: 5108.81 FCFA."
USER_5,2024-03-08,11:08:43,OrangeMoney,transfert,OUT,15200.0,FCFA,20308.81,"Transfert de [PHONE_7712] [CONTACT_BAF2] vers [USER_5_phone] [USER_5] reussi. Details: ID transaction: PP240308.1108.C40358, Montant Transaction: 15200FCFA, Frais: 0 FCFA, Commission: 0 FCFA, Montant Net: 15200 FCFA, Nouveau Solde: 20308.81 FCFA."
USER_5,2024-03-08,15:07:11,OrangeMoney,transfert,OUT,1600.0,FCFA,18200.81,"Transfert de [USER_5_phone] [USER_5] vers [PHONE_7391] [CONTACT_2C3E] reussi. ID transaction: PP240308.1507.B36897, Montant Transaction: 1600 FCFA, Frais: 8 FCFA, Commission: 0 FCFA, Montant Net: 1608 FCFA, Nouveau Solde: 18200.81 FCFA."
USER_5,2024-03-08,15:12:31,OrangeMoney,retrait,OUT,2050.0,FCFA,16100.81,"Retrait d'argent reussi par le [PHONE_0647] avec le Code : 792842. Informations detaillees : Montant: 2050 FCFA, Frais: 50 FCFA, No de transaction CO240308.1512.A66471, montant net debite 2100 FCFA, Nouveau solde: 16100.81 FCFA."
USER_5,2024-03-08,15:47:24,OrangeMoney,rechargement,OUT,500.0,FCFA,15600.81,"Rechargement reussi. Montant de la transaction: 500 FCFA, ID transaction: RC240308.1547.C63011, Frais: 0 FCFA, Commission: 0 FCFA, Nouveau solde: 15600.81 FCFA"
USER_5,2024-03-09,10:32:15,OrangeMoney,transfert,OUT,1400.0,FCFA,12193.81,"Transfert de [USER_5_phone] [USER_5] vers [PHONE_1699] [CONTACT_95D7] reussi. ID transaction: PP240309.1032.B68925, Montant Transaction: 1400 FCFA, Frais: 7 FCFA, Commission: 0 FCFA, Montant Net: 1407 FCFA, Nouveau Solde: 12193.81 FCFA."
USER_5,2024-03-09,17:08:33,OrangeMoney,rechargement,OUT,500.0,FCFA,11693.81,"Rechargement reussi. Montant de la transaction: 500 FCFA, ID transaction: RC240309.1708.A05060, Frais: 0 FCFA, Commission: 0 FCFA, Nouveau solde: 11693.81 FCFA"
USER_5,2024-03-11,12:20:17,OrangeMoney,transfert,OUT,1500.0,FCFA,12193.81,"Transfert de [PHONE_7181] [CONTACT_5088] vers [USER_5_phone] [USER_5] reussi. Details: ID transaction: PP240311.1220.A39759, Montant Transaction: 1500FCFA, Frais: 0 FCFA, Commission: 0 FCFA, Montant Net: 1500 FCFA, Nouveau Solde: 12193.81 FCFA."
USER_5,2024-03-11,12:35:44,OrangeMoney,transfert,OUT,7612.5,FCFA,4543.25,"Transfert de [USER_5_phone] [USER_5] vers [PHONE_6432] [CONTACT_931B] reussi. ID transaction: PP240311.1235.C57415, Montant Transaction: 7612.5 FCFA, Frais: 38.06 FCFA, Commission: 0 FCFA, Montant Net: 7650.56 FCFA, Nouveau Solde: 4543.25 FCFA."
USER_5,2024-03-12,10:23:44,OrangeMoney,transfert,OUT,1500.0,FCFA,5543.25,"Transfert de [PHONE_8096] [CONTACT_B329] vers [USER_5_phone] [USER_5] reussi. Details: ID transaction: PP240312.1023.A25565, Montant Transaction: 1500FCFA, Frais: 0 FCFA, Commission: 0 FCFA, Montant Net: 1500 FCFA, Nouveau Solde: 5543.25 FCFA."
USER_5,2024-03-14,12:10:26,OrangeMoney,transfert,OUT,20300.0,FCFA,24143.25,"Transfert de [PHONE_7712] [CONTACT_BAF2] vers [USER_5_phone] [USER_5] reussi. Details: ID transaction: PP240314.1210.C06175, Montant Transaction: 20300FCFA, Frais: 0 FCFA, Commission: 0 FCFA, Montant Net: 20300 FCFA, Nouveau Solde: 24143.25 FCFA."
USER_5,2024-03-14,13:54:08,OrangeMoney,retrait,OUT,2350.0,FCFA,6843.25,"Retrait d'argent reussi par le [PHONE_0647] avec le Code : 792842. Informations detaillees : Montant: 2350 FCFA, Frais: 50 FCFA, No de transaction CO240314.1354.C76003, montant net debite 2400 FCFA, Nouveau solde: 6843.25 FCFA."
USER_5,2024-03-14,22:25:02,OrangeMoney,retrait,OUT,1700.0,FCFA,4593.25,"Retrait d'argent reussi par le [PHONE_0647] avec le Code : 792842. Informations detaillees : Montant: 1700 FCFA, Frais: 50 FCFA, No de transaction CO240314.2225.C21229, montant net debite 1750 FCFA, Nouveau solde: 4593.25 FCFA."
USER_5,2024-03-15,10:25:01,OrangeMoney,transfert,OUT,1500.0,FCFA,3085.75,"Transfert de [USER_5_phone] [USER_5] vers [PHONE_7391] [CONTACT_2C3E] reussi. ID transaction: PP240315.1024.B80894, Montant Transaction: 1500 FCFA, Frais: 7.5 FCFA, Commission: 0 FCFA, Montant Net: 1507.5 FCFA, Nouveau Solde: 3085.75 FCFA."
USER_5,2024-03-15,14:37:58,OrangeMoney,retrait,OUT,500.0,FCFA,2535.75,"Retrait d'argent reussi par le [PHONE_6147] avec le Code : 126080. Informations detaillees : Montant: 500 FCFA, Frais: 50 FCFA, No de transaction CO240315.1437.C59560, montant net debite 550 FCFA, Nouveau solde: 2535.75 FCFA."
USER_5,2024-03-16,09:46:52,OrangeMoney,transfert,OUT,1000.0,FCFA,1005.0,"Transfert de [USER_5_phone] [USER_5] vers [PHONE_8900] [USER_5] reussi. Details: ID transaction: PP240316.0946.C33029, Montant Transaction: 1000FCFA, Frais: 0 FCFA, Commission: 0 FCFA, Montant Net: 1000 FCFA, Nouveau Solde: 1005 FCFA."
USER_5,2024-03-16,10:06:16,OrangeMoney,transfert,OUT,1000.0,FCFA,26530.75,"Transfert de [USER_5_phone] [USER_5] vers [PHONE_8900] [USER_5] reussi. ID transaction: PP240316.0946.C33029, Montant Transaction: 1000 FCFA, Frais: 5 FCFA, Commission: 0 FCFA, Montant Net: 1005 FCFA, Nouveau Solde: 26530.75 FCFA."
USER_5,2024-03-16,11:45:41,OrangeMoney,retrait,OUT,2050.0,FCFA,24430.75,"Retrait d'argent reussi par le [PHONE_3077] avec le Code : 351481. Informations detaillees : Montant: 2050 FCFA, Frais: 50 FCFA, No de transaction CO240316.1145.C35830, montant net debite 2100 FCFA, Nouveau solde: 24430.75 FCFA."
USER_5,2024-03-17,03:48:31,OrangeMoney,rechargement,OUT,200.0,FCFA,23730.75,"Rechargement reussi. Montant de la transaction: 200 FCFA, ID transaction: RC240317.0348.A10305, Frais: 0 FCFA, Commission: 0 FCFA, Nouveau solde: 23730.75 FCFA"
USER_5,2024-03-17,11:40:36,OrangeMoney,transfert,OUT,5200.0,FCFA,18504.75,"Transfert de [USER_5_phone] [USER_5] vers [PHONE_6541] [CONTACT_0A41] reussi. ID transaction: PP240317.1140.B61671, Montant Transaction: 5200 FCFA, Frais: 26 FCFA, Commission: 0 FCFA, Montant Net: 5226 FCFA, Nouveau Solde: 18504.75 FCFA."
USER_5,2024-03-17,11:52:59,OrangeMoney,transfert,OUT,9200.0,FCFA,9258.75,"Transfert de [USER_5_phone] [USER_5] vers [PHONE_7944] [CONTACT_7896] epouse NDJANA reussi. ID transaction: PP240317.1152.B70360, Montant Transaction: 9200 FCFA, Frais: 46 FCFA, Commission: 0 FCFA, Montant Net: 9246 FCFA, Nouveau Solde: 9258.75 FCFA."
USER_5,2024-03-17,13:50:31,OrangeMoney,transfert,OUT,2200.0,FCFA,7047.75,"Transfert de [USER_5_phone] [USER_5] vers [PHONE_5182] [CONTACT_8196] reussi. ID transaction: PP240317.1350.B50978, Montant Transaction: 2200 FCFA, Frais: 11 FCFA, Commission: 0 FCFA, Montant Net: 2211 FCFA, Nouveau Solde: 7047.75 FCFA."
USER_5,2024-03-18,09:16:45,OrangeMoney,rechargement,OUT,250.0,FCFA,6097.75,"Rechargement reussi. Montant de la transaction: 250 FCFA, ID transaction: RC240318.0916.A51394, Frais: 0 FCFA, Commission: 0 FCFA, Nouveau solde: 6097.75 FCFA"
USER_5,2024-03-18,15:26:56,OrangeMoney,transfert,OUT,1000.0,FCFA,4990.75,"Transfert de [USER_5_phone] [USER_5] vers [PHONE_2046] [CONTACT_4962] reussi. ID transaction: PP240318.1526.A60026, Montant Transaction: 1000 FCFA, Frais: 5 FCFA, Commission: 0 FCFA, Montant Net: 1005 FCFA, Nouveau Solde: 4990.75 FCFA."
USER_5,2024-03-19,07:46:06,OrangeMoney,retrait,OUT,800.0,FCFA,3326.75,"Retrait d'argent reussi par le [PHONE_0647] avec le Code : 792842. Informations detaillees : Montant: 800 FCFA, Frais: 50 FCFA, No de transaction CO240319.0746.B53302, montant net debite 850 FCFA, Nouveau solde: 3326.75 FCFA."
USER_5,2024-03-19,08:35:15,OrangeMoney,rechargement,OUT,350.0,FCFA,2322.75,"Rechargement reussi. Montant de la transaction: 350 FCFA, ID transaction: RC240319.0835.B53653, Frais: 0 FCFA, Commission: 0 FCFA, Nouveau solde: 2322.75 FCFA"
USER_5,2024-03-20,05:43:12,OrangeMoney,rechargement,OUT,200.0,FCFA,2122.75,"Rechargement reussi. Montant de la transaction: 200 FCFA, ID transaction: RC240320.0543.C39379, Frais: 0 FCFA, Commission: 0 FCFA, Nouveau solde: 2122.75 FCFA"
USER_5,2024-03-20,13:21:59,OrangeMoney,transfert,OUT,5200.0,FCFA,7322.75,"Transfert de [PHONE_5747] [CONTACT_E1F3] vers [USER_5_phone] [USER_5] reussi. Details: ID transaction: PP240320.1321.A74538, Montant Transaction: 5200FCFA, Frais: 0 FCFA, Commission: 0 FCFA, Montant Net: 5200 FCFA, Nouveau Solde: 7322.75 FCFA."
USER_5,2024-03-22,05:00:21,OrangeMoney,rechargement,OUT,400.0,FCFA,4320.75,"Rechargement reussi. Montant de la transaction: 400 FCFA, ID transaction: RC240322.0500.B57856, Frais: 0 FCFA, Commission: 0 FCFA, Nouveau solde: 4320.75 FCFA"
USER_5,2024-03-22,09:57:00,OrangeMoney,rechargement,OUT,500.0,FCFA,3820.75,"Rechargement reussi. Montant de la transaction: 500 FCFA, ID transaction: RC240322.0956.A05946, Frais: 0 FCFA, Commission: 0 FCFA, Nouveau solde: 3820.75 FCFA"
USER_5,2024-03-22,12:28:55,OrangeMoney,transfert,OUT,1000.0,FCFA,4820.75,"Transfert de [PHONE_9035] Elat vers [USER_5_phone] [USER_5] reussi. Details: ID transaction: PP240322.1228.A30419, Montant Transaction: 1000FCFA, Frais: 0 FCFA, Commission: 0 FCFA, Montant Net: 1000 FCFA, Nouveau Solde: 4820.75 FCFA."
USER_5,2024-03-23,10:39:34,OrangeMoney,transfert,OUT,1550.0,FCFA,2763.0,"Transfert de [USER_5_phone] [USER_5] vers [PHONE_8334] Madeleine reussi. ID transaction: PP240323.1039.A57842, Montant Transaction: 1550 FCFA, Frais: 7.75 FCFA, Commission: 0 FCFA, Montant Net: 1557.75 FCFA, Nouveau Solde: 2763 FCFA."
USER_5,2024-03-24,10:03:10,OrangeMoney,transfert,OUT,1550.0,FCFA,505.25,"Transfert de [USER_5_phone] [USER_5] vers [PHONE_1201] [CONTACT_B737] reussi. ID transaction: PP240324.1003.B07064, Montant Transaction: 1550 FCFA, Frais: 7.75 FCFA, Commission: 0 FCFA, Montant Net: 1557.75 FCFA, Nouveau Solde: 505.25 FCFA."
USER_5,2024-03-24,15:10:53,OrangeMoney,transfert,OUT,1000.0,FCFA,1505.25,"Transfert de [PHONE_8096] [CONTACT_B329] vers [USER_5_phone] [USER_5] reussi. Details: ID transaction: PP240324.1510.C22446, Montant Transaction: 1000FCFA, Frais: 0 FCFA, Commission: 0 FCFA, Montant Net: 1000 FCFA, Nouveau Solde: 1505.25 FCFA."
USER_5,2024-03-24,15:30:29,OrangeMoney,transfert,OUT,750.0,FCFA,751.5,"Transfert de [USER_5_phone] [USER_5] vers [PHONE_7692] [CONTACT_DE17] reussi. ID transaction: PP240324.1530.A35027, Montant Transaction: 750 FCFA, Frais: 3.75 FCFA, Commission: 0 FCFA, Montant Net: 753.75 FCFA, Nouveau Solde: 751.5 FCFA."
USER_5,2024-03-25,13:46:09,OrangeMoney,transfert,OUT,1000.0,FCFA,1251.5,"Transfert de [PHONE_8470] [CONTACT_D8E7] vers [USER_5_phone] [USER_5] reussi. Details: ID transaction: PP240325.1346.B16904, Montant Transaction: 1000FCFA, Frais: 0 FCFA, Commission: 0 FCFA, Montant Net: 1000 FCFA, Nouveau Solde: 1251.5 FCFA."
USER_5,2024-03-25,13:50:29,OrangeMoney,transfert,OUT,1050.0,FCFA,2301.5,"Transfert de [PHONE_7944] [CONTACT_7896] epouse NDJANA vers [USER_5_phone] [USER_5] reussi. Details: ID transaction: PP240325.1350.C22602, Montant Transaction: 1050FCFA, Frais: 0 FCFA, Commission: 0 FCFA, Montant Net: 1050 FCFA, Nouveau Solde: 2301.5 FCFA."
USER_5,2024-03-25,13:52:59,OrangeMoney,retrait,OUT,2100.0,FCFA,151.5,"Retrait d'argent reussi par le [PHONE_0647] avec le Code : 792842. Informations detaillees : Montant: 2100 FCFA, Frais: 50 FCFA, No de transaction CO240325.1352.C47510, montant net debite 2150 FCFA, Nouveau solde: 151.5 FCFA."
USER_5,2024-03-26,13:58:25,OrangeMoney,transfert,OUT,15000.0,FCFA,15051.5,"Transfert de [PHONE_7712] [CONTACT_BAF2] vers [USER_5_phone] [USER_5] reussi. Details: ID transaction: PP240326.1358.A23039, Montant Transaction: 15000FCFA, Frais: 0 FCFA, Commission: 0 FCFA, Montant Net: 15000 FCFA, Nouveau Solde: 15051.5 FCFA."
USER_5,2024-03-26,14:42:59,OrangeMoney,rechargement,OUT,1050.0,FCFA,14001.5,"Rechargement reussi. Montant de la transaction: 1050 FCFA, ID transaction: RC240326.1442.B35002, Frais: 0 FCFA, Commission: 0 FCFA, Nouveau solde: 14001.5 FCFA"
USER_5,2024-03-26,18:28:01,OrangeMoney,rechargement,OUT,500.0,FCFA,13501.5,"Rechargement reussi. Montant de la transaction: 500 FCFA, ID transaction: RC240326.1828.A81977, Frais: 0 FCFA, Commission: 0 FCFA, Nouveau solde: 13501.5 FCFA"
USER_5,2024-03-26,19:19:34,OrangeMoney,transfert,OUT,1550.0,FCFA,14351.5,"Transfert de [PHONE_1201] [CONTACT_B737] vers [USER_5_phone] [USER_5] reussi. Details: ID transaction: PP240326.1919.A75172, Montant Transaction: 1550FCFA, Frais: 0 FCFA, Commission: 0 FCFA, Montant Net: 1550 FCFA, Nouveau Solde: 14351.5 FCFA."
USER_5,2024-03-27,08:17:20,OrangeMoney,retrait,OUT,1400.0,FCFA,12901.5,"Retrait d'argent reussi par le [PHONE_0647] avec le Code : 792842. Informations detaillees : Montant: 1400 FCFA, Frais: 50 FCFA, No de transaction CO240327.0817.A27601, montant net debite 1450 FCFA, Nouveau solde: 12901.5 FCFA."
USER_5,2024-03-27,14:40:17,OrangeMoney,retrait,OUT,1050.0,FCFA,11801.5,"Retrait d'argent reussi par le [PHONE_0647] avec le Code : 792842. Informations detaillees : Montant: 1050 FCFA, Frais: 50 FCFA, No de transaction CO240327.1440.B46908, montant net debite 1100 FCFA, Nouveau solde: 11801.5 FCFA."
USER_5,2024-03-27,14:50:48,OrangeMoney,retrait,OUT,1500.0,FCFA,10251.5,"Retrait d'argent reussi par le [PHONE_6147] avec le Code : 126080. Informations detaillees : Montant: 1500 FCFA, Frais: 50 FCFA, No de transaction CO240327.1450.B52647, montant net debite 1550 FCFA, Nouveau solde: 10251.5 FCFA."
USER_5,2024-03-27,15:34:45,OrangeMoney,rechargement,OUT,1200.0,FCFA,9051.5,"Rechargement reussi. Montant de la transaction: 1200 FCFA, ID transaction: RC240327.1534.B69491, Frais: 0 FCFA, Commission: 0 FCFA, Nouveau solde: 9051.5 FCFA"
USER_5,2024-03-28,16:07:23,OrangeMoney,transfert,OUT,1100.0,FCFA,6746.0,"Transfert de [USER_5_phone] [USER_5] vers [PHONE_7206] [CONTACT_3E4F] reussi. ID transaction: PP240328.1607.B46654, Montant Transaction: 1100 FCFA, Frais: 5.5 FCFA, Commission: 0 FCFA, Montant Net: 1105.5 FCFA, Nouveau Solde: 6746 FCFA."
USER_5,2024-03-28,18:42:00,OrangeMoney,transfert,OUT,700.0,FCFA,6016.6,"Transfert de [USER_5_phone] [USER_5] vers [PHONE_8900] [CONTACT_357C] reussi. ID transaction: PN240328.1841.B35774, Montant Transaction: 700 FCFA, Frais:29.4 FCFA, Commission: 0 FCFA, Nouveau solde: 6016.6 FCFA. Le code genere par le systeme: [PHONE_7249]."
USER_5,2024-03-28,18:48:52,OrangeMoney,rechargement,OUT,2003.0,FCFA,4013.6,"Rechargement reussi. Montant de la transaction: 2003 FCFA, ID transaction: RC240328.1848.A29067, Frais: 0 FCFA, Commission: 0 FCFA, Nouveau solde: 4013.6 FCFA"
USER_5,2024-03-29,09:20:16,OrangeMoney,retrait,OUT,3600.0,FCFA,257.6,"Retrait d'argent reussi par le [PHONE_2251] avec le Code : 145020. Informations detaillees : Montant: 3600 FCFA, Frais: 54 FCFA, No de transaction CO240329.0920.A29610, montant net debite 3654 FCFA, Nouveau solde: 257.6 FCFA."
USER_5,2024-04-02,16:21:19,OrangeMoney,transfert,OUT,4000.0,FCFA,4262.0,"Transfert de [PHONE_4798] [CONTACT_B7DA] vers [USER_5_phone] [USER_5] reussi. Details: ID transaction: PP240402.1621.A91159, Montant Transaction: 4000FCFA, Frais: 0 FCFA, Commission: 0 FCFA, Montant Net: 4000 FCFA, Nouveau Solde: 4262 FCFA."
USER_5,2024-04-02,16:22:43,OrangeMoney,rechargement,OUT,550.0,FCFA,3712.0,"Rechargement reussi. Montant de la transaction: 550 FCFA, ID transaction: RC240402.1622.C68586, Frais: 0 FCFA, Commission: 0 FCFA, Nouveau solde: 3712 FCFA"
USER_5,2024-04-02,16:25:22,OrangeMoney,rechargement,OUT,500.0,FCFA,3212.0,"Rechargement reussi. Montant de la transaction: 500 FCFA, ID transaction: RC240402.1625.A69730, Frais: 0 FCFA, Commission: 0 FCFA, Nouveau solde: 3212 FCFA"
USER_5,2024-04-02,17:31:53,OrangeMoney,transfert,OUT,500.0,FCFA,3712.0,"Transfert de [PHONE_7181] [CONTACT_5088] vers [USER_5_phone] [USER_5] reussi. Details: ID transaction: PP240402.1731.C52652, Montant Transaction: 500FCFA, Frais: 0 FCFA, Commission: 0 FCFA, Montant Net: 500 FCFA, Nouveau Solde: 3712 FCFA."
USER_5,2024-04-05,12:57:24,OrangeMoney,retrait,OUT,500.0,FCFA,1562.0,"Retrait d'argent reussi par le [PHONE_6147] avec le Code : 126080. Informations detaillees : Montant: 500 FCFA, Frais: 50 FCFA, No de transaction CO240405.1257.B75656, montant net debite 550 FCFA, Nouveau solde: 1562 FCFA."
USER_5,2024-04-05,17:16:00,OrangeMoney,transfert,OUT,30500.0,FCFA,31062.0,"Transfert de [PHONE_7712] [CONTACT_BAF2] vers [USER_5_phone] [USER_5] reussi. Details: ID transaction: PP240405.1715.C62000, Montant Transaction: 30500FCFA, Frais: 0 FCFA, Commission: 0 FCFA, Montant Net: 30500 FCFA, Nouveau Solde: 31062 FCFA."
USER_5,2024-04-05,18:47:06,OrangeMoney,transfert,OUT,1500.0,FCFA,29554.5,"Transfert de [USER_5_phone] [USER_5] vers [PHONE_5182] [CONTACT_8196] reussi. ID transaction: PP240405.1847.A41853, Montant Transaction: 1500 FCFA, Frais: 7.5 FCFA, Commission: 0 FCFA, Montant Net: 1507.5 FCFA, Nouveau Solde: 29554.5 FCFA."
USER_5,2024-04-07,16:11:18,OrangeMoney,rechargement,OUT,500.0,FCFA,21654.5,"Rechargement reussi. Montant de la transaction: 500 FCFA, ID transaction: RC240407.1611.C21389, Frais: 0 FCFA, Commission: 0 FCFA, Nouveau solde: 21654.5 FCFA"
USER_5,2024-04-08,09:56:45,OrangeMoney,transfert,OUT,1000.0,FCFA,19649.5,"Transfert de [USER_5_phone] [USER_5] vers [PHONE_4260] [CONTACT_D476] reussi. ID transaction: PP240408.0956.B86491, Montant Transaction: 1000 FCFA, Frais: 5 FCFA, Commission: 0 FCFA, Montant Net: 1005 FCFA, Nouveau Solde: 19649.5 FCFA."
USER_5,2024-04-08,12:36:54,OrangeMoney,transfert,OUT,1000.0,FCFA,18644.5,"Transfert de [USER_5_phone] [USER_5] vers [PHONE_1201] [CONTACT_B737] reussi. ID transaction: PP240408.1236.A17577, Montant Transaction: 1000 FCFA, Frais: 5 FCFA, Commission: 0 FCFA, Montant Net: 1005 FCFA, Nouveau Solde: 18644.5 FCFA."
USER_5,2024-04-09,12:26:10,OrangeMoney,retrait,OUT,1000.0,FCFA,14994.5,"Retrait d'argent reussi par le [PHONE_6147] avec le Code : 126080. Informations detaillees : Montant: 1000 FCFA, Frais: 50 FCFA, No de transaction CO240409.1226.A18795, montant net debite 1050 FCFA, Nouveau solde: 14994.5 FCFA."
USER_5,2024-04-09,19:22:15,OrangeMoney,transfert,OUT,2100.0,FCFA,12884.0,"Transfert de [USER_5_phone] [USER_5] vers [PHONE_4260] [CONTACT_D476] reussi. ID transaction: PP240409.1922.C32739, Montant Transaction: 2100 FCFA, Frais: 10.5 FCFA, Commission: 0 FCFA, Montant Net: 2110.5 FCFA, Nouveau Solde: 12884 FCFA."
USER_5,2024-04-09,22:45:12,OrangeMoney,rechargement,OUT,1500.0,FCFA,10684.0,"Rechargement reussi. Montant de la transaction: 1500 FCFA, ID transaction: RC240409.2245.C48310, Frais: 0 FCFA, Commission: 0 FCFA, Nouveau solde: 10684 FCFA"
USER_5,2024-04-09,22:49:05,OrangeMoney,rechargement,OUT,100.0,FCFA,10584.0,"Rechargement reussi. Montant de la transaction: 100 FCFA, ID transaction: RC240409.2249.B46565, Frais: 0 FCFA, Commission: 0 FCFA, Nouveau solde: 10584 FCFA"
USER_5,2024-04-10,11:52:46,OrangeMoney,transfert,OUT,1500.0,FCFA,8826.5,"Transfert de [USER_5_phone] [USER_5] vers [PHONE_5182] [CONTACT_8196] reussi. ID transaction: PP240410.1152.C27861, Montant Transaction: 1500 FCFA, Frais: 7.5 FCFA, Commission: 0 FCFA, Montant Net: 1507.5 FCFA, Nouveau Solde: 8826.5 FCFA."
USER_5,2024-04-11,14:27:18,OrangeMoney,retrait,OUT,2150.0,FCFA,4726.5,"Retrait d'argent reussi par le [PHONE_0647] avec le Code : 792842. Informations detaillees : Montant: 2150 FCFA, Frais: 50 FCFA, No de transaction CO240411.1427.C41500, montant net debite 2200 FCFA, Nouveau solde: 4726.5 FCFA."
USER_5,2024-04-11,14:48:53,OrangeMoney,retrait,OUT,1900.0,FCFA,1276.5,"Retrait d'argent reussi par le [PHONE_6147] avec le Code : 126080. Informations detaillees : Montant: 1900 FCFA, Frais: 50 FCFA, No de transaction CO240411.1448.C53735, montant net debite 1950 FCFA, Nouveau solde: 1276.5 FCFA."
USER_5,2024-04-12,04:30:11,OrangeMoney,rechargement,OUT,200.0,FCFA,576.5,"Rechargement reussi. Montant de la transaction: 200 FCFA, ID transaction: RC240412.0430.C44639, Frais: 0 FCFA, Commission: 0 FCFA, Nouveau solde: 576.5 FCFA"
USER_5,2024-04-12,20:48:58,OrangeMoney,transfert,OUT,1000.0,FCFA,1076.5,"Transfert de [PHONE_9035] Elat vers [USER_5_phone] [USER_5] reussi. Details: ID transaction: PP240412.2048.A65047, Montant Transaction: 1000FCFA, Frais: 0 FCFA, Commission: 0 FCFA, Montant Net: 1000 FCFA, Nouveau Solde: 1076.5 FCFA."
USER_5,2024-04-14,08:31:38,OrangeMoney,transfert,OUT,30500.0,FCFA,31576.5,"Transfert de [PHONE_7712] [CONTACT_BAF2] vers [USER_5_phone] [USER_5] reussi. Details: ID transaction: PP240414.0831.B25877, Montant Transaction: 30500FCFA, Frais: 0 FCFA, Commission: 0 FCFA, Montant Net: 30500 FCFA, Nouveau Solde: 31576.5 FCFA."
USER_5,2024-04-14,11:05:03,OrangeMoney,transfert,OUT,1150.0,FCFA,14720.75,"Transfert de [USER_5_phone] [USER_5] vers [PHONE_1699] [CONTACT_95D7] reussi. ID transaction: PP240414.1105.B27308, Montant Transaction: 1150 FCFA, Frais: 5.75 FCFA, Commission: 0 FCFA, Montant Net: 1155.75 FCFA, Nouveau Solde: 14720.75 FCFA."
USER_5,2024-04-15,19:49:22,OrangeMoney,transfert,OUT,1000.0,FCFA,11215.75,"Transfert de [USER_5_phone] [USER_5] vers [PHONE_6979] [CONTACT_16E9] reussi. ID transaction: PP240415.1949.C91063, Montant Transaction: 1000 FCFA, Frais: 5 FCFA, Commission: 0 FCFA, Montant Net: 1005 FCFA, Nouveau Solde: 11215.75 FCFA."
USER_5,2024-04-17,10:37:51,OrangeMoney,transfert,OUT,1000.0,FCFA,11215.75,"Transfert de [PHONE_4023] [CONTACT_2A76] vers [USER_5_phone] [USER_5] reussi. Details: ID transaction: PP240417.1037.C07382, Montant Transaction: 1000FCFA, Frais: 0 FCFA, Commission: 0 FCFA, Montant Net: 1000 FCFA, Nouveau Solde: 11215.75 FCFA."
USER_5,2024-04-17,11:35:14,OrangeMoney,transfert,OUT,1000.0,FCFA,10110.75,"Transfert de [USER_5_phone] [USER_5] vers [PHONE_4431] atchang reussi. ID transaction: PP240417.1135.C47147, Montant Transaction: 1000 FCFA, Frais: 5 FCFA, Commission: 0 FCFA, Montant Net: 1005 FCFA, Nouveau Solde: 10110.75 FCFA."
USER_5,2024-04-17,13:21:09,OrangeMoney,transfert,OUT,550.0,FCFA,9558.0,"Transfert de [USER_5_phone] [USER_5] vers [PHONE_4431] atchang reussi. ID transaction: PP240417.1321.C20273, Montant Transaction: 550 FCFA, Frais: 2.75 FCFA, Commission: 0 FCFA, Montant Net: 552.75 FCFA, Nouveau Solde: 9558 FCFA."
USER_5,2024-04-18,14:26:21,OrangeMoney,retrait,OUT,1200.0,FCFA,7708.0,"Retrait d'argent reussi par le [PHONE_0647] avec le Code : 792842. Informations detaillees : Montant: 1200 FCFA, Frais: 50 FCFA, No de transaction CO240418.1426.B77483, montant net debite 1250 FCFA, Nouveau solde: 7708 FCFA."
USER_5,2024-04-19,11:23:12,OrangeMoney,transfert,OUT,5150.0,FCFA,1532.25,"Transfert de [USER_5_phone] [USER_5] vers [PHONE_6928] [CONTACT_DB8D] reussi. ID transaction: PP240419.1123.B46136, Montant Transaction: 5150 FCFA, Frais: 25.75 FCFA, Commission: 0 FCFA, Montant Net: 5175.75 FCFA, Nouveau Solde: 1532.25 FCFA."
USER_5,2024-04-19,16:34:38,OrangeMoney,rechargement,OUT,600.0,FCFA,932.25,"Rechargement reussi. Montant de la transaction: 600 FCFA, ID transaction: RC240419.1634.B59388, Frais: 0 FCFA, Commission: 0 FCFA, Nouveau solde: 932.25 FCFA"
USER_5,2024-04-20,17:37:54,OrangeMoney,rechargement,OUT,200.0,FCFA,232.25,"Rechargement reussi. Montant de la transaction: 200 FCFA, ID transaction: RC240420.1737.A84281, Frais: 0 FCFA, Commission: 0 FCFA, Nouveau solde: 232.25 FCFA"
USER_5,2024-04-20,20:38:04,OrangeMoney,transfert,OUT,2050.0,FCFA,2282.25,"Transfert de [PHONE_6928] [CONTACT_DB8D] vers [USER_5_phone] [USER_5] reussi. Details: ID transaction: PP240420.2038.C19815, Montant Transaction: 2050FCFA, Frais: 0 FCFA, Commission: 0 FCFA, Montant Net: 2050 FCFA, Nouveau Solde: 2282.25 FCFA."
USER_5,2024-04-20,22:04:41,OrangeMoney,transfert,OUT,1100.0,FCFA,1176.75,"Transfert de [USER_5_phone] [USER_5] vers [PHONE_6979] [CONTACT_16E9] reussi. ID transaction: PP240420.2204.C65017, Montant Transaction: 1100 FCFA, Frais: 5.5 FCFA, Commission: 0 FCFA, Montant Net: 1105.5 FCFA, Nouveau Solde: 1176.75 FCFA."
USER_5,2024-04-21,11:08:37,OrangeMoney,transfert,OUT,525.0,FCFA,649.13,"Transfert de [USER_5_phone] [USER_5] vers [PHONE_8334] Madeleine reussi. ID transaction: PP240421.1108.A72459, Montant Transaction: 525 FCFA, Frais: 2.62 FCFA, Commission: 0 FCFA, Montant Net: 527.62 FCFA, Nouveau Solde: 649.13 FCFA."
USER_5,2024-04-21,17:50:47,OrangeMoney,transfert,OUT,25500.0,FCFA,26149.13,"Transfert de [PHONE_7712] [CONTACT_BAF2] vers [USER_5_phone] [USER_5] reussi. Details: ID transaction: PP240421.1750.A62326, Montant Transaction: 25500FCFA, Frais: 0 FCFA, Commission: 0 FCFA, Montant Net: 25500 FCFA, Nouveau Solde: 26149.13 FCFA."
USER_5,2024-04-21,19:11:21,OrangeMoney,transfert,OUT,1500.0,FCFA,24641.63,"Transfert de [USER_5_phone] [USER_5] vers [PHONE_5182] [CONTACT_8196] reussi. ID transaction: PP240421.1911.C15998, Montant Transaction: 1500 FCFA, Frais: 7.5 FCFA, Commission: 0 FCFA, Montant Net: 1507.5 FCFA, Nouveau Solde: 24641.63 FCFA."
USER_5,2024-04-22,12:41:02,OrangeMoney,transfert,OUT,1350.0,FCFA,22784.88,"Transfert de [USER_5_phone] [USER_5] vers [PHONE_4431] atchang reussi. ID transaction: PP240422.1241.B99450, Montant Transaction: 1350 FCFA, Frais: 6.75 FCFA, Commission: 0 FCFA, Montant Net: 1356.75 FCFA, Nouveau Solde: 22784.88 FCFA."
USER_5,2024-04-22,17:34:16,OrangeMoney,transfert,OUT,1050.0,FCFA,21729.63,"Transfert de [USER_5_phone] [USER_5] vers [PHONE_5182] [CONTACT_8196] reussi. ID transaction: PP240422.1734.B11913, Montant Transaction: 1050 FCFA, Frais: 5.25 FCFA, Commission: 0 FCFA, Montant Net: 1055.25 FCFA, Nouveau Solde: 21729.63 FCFA."
USER_5,2024-04-23,12:37:05,OrangeMoney,retrait,OUT,1600.0,FCFA,19579.63,"Retrait d'argent reussi par le [PHONE_6147] avec le Code : 126080. Informations detaillees : Montant: 1600 FCFA, Frais: 50 FCFA, No de transaction CO240423.1237.B21419, montant net debite 1650 FCFA, Nouveau solde: 19579.63 FCFA."
USER_5,2024-04-23,12:51:16,OrangeMoney,retrait,OUT,2800.0,FCFA,16729.63,"Retrait d'argent reussi par le [PHONE_7669] avec le Code : 717494. Informations detaillees : Montant: 2800 FCFA, Frais: 50 FCFA, No de transaction CO240423.1251.A29556, montant net debite 2850 FCFA, Nouveau solde: 16729.63 FCFA."
USER_5,2024-04-24,12:02:06,OrangeMoney,transfert,OUT,1150.0,FCFA,15879.63,"Transfert de [PHONE_7335] [CONTACT_3070] vers [USER_5_phone] [USER_5] reussi. Details: ID transaction: PP240424.1202.B56979, Montant Transaction: 1150FCFA, Frais: 0 FCFA, Commission: 0 FCFA, Montant Net: 1150 FCFA, Nouveau Solde: 15879.63 FCFA."
USER_5,2024-04-24,20:06:37,OrangeMoney,transfert,OUT,2000.0,FCFA,13869.63,"Transfert de [USER_5_phone] [USER_5] vers [PHONE_5182] [CONTACT_8196] reussi. ID transaction: PP240424.2006.A07357, Montant Transaction: 2000 FCFA, Frais: 10 FCFA, Commission: 0 FCFA, Montant Net: 2010 FCFA, Nouveau Solde: 13869.63 FCFA."
USER_5,2024-04-25,08:12:02,OrangeMoney,retrait,OUT,500.0,FCFA,11819.63,"Retrait d'argent reussi par le [PHONE_0647] avec le Code : 792842. Informations detaillees : Montant: 500 FCFA, Frais: 50 FCFA, No de transaction CO240425.0812.B35309, montant net debite 550 FCFA, Nouveau solde: 11819.63 FCFA."
USER_5,2024-04-25,08:24:39,OrangeMoney,transfert,OUT,3100.0,FCFA,8704.13,"Transfert de [USER_5_phone] [USER_5] vers [PHONE_4106] [CONTACT_A5A7] reussi. ID transaction: PP240425.0824.B77912, Montant Transaction: 3100 FCFA, Frais: 15.5 FCFA, Commission: 0 FCFA, Montant Net: 3115.5 FCFA, Nouveau Solde: 8704.13 FCFA."
USER_5,2024-04-25,15:54:29,OrangeMoney,retrait,OUT,1000.0,FCFA,6654.13,"Retrait d'argent reussi par le [PHONE_7669] avec le Code : 717494. Informations detaillees : Montant: 1000 FCFA, Frais: 50 FCFA, No de transaction CO240425.1554.A92925, montant net debite 1050 FCFA, Nouveau solde: 6654.13 FCFA."
USER_5,2024-04-25,22:02:17,OrangeMoney,transfert,OUT,750.0,FCFA,5400.38,"Transfert de [USER_5_phone] [USER_5] vers [PHONE_1699] [CONTACT_95D7] reussi. ID transaction: PP240425.2202.C77119, Montant Transaction: 750 FCFA, Frais: 3.75 FCFA, Commission: 0 FCFA, Montant Net: 753.75 FCFA, Nouveau Solde: 5400.38 FCFA."
USER_5,2024-04-26,13:35:36,OrangeMoney,retrait,OUT,500.0,FCFA,4350.38,"Retrait d'argent reussi par le [PHONE_0647] avec le Code : 792842. Informations detaillees : Montant: 500 FCFA, Frais: 50 FCFA, No de transaction CO240426.1335.B25928, montant net debite 550 FCFA, Nouveau solde: 4350.38 FCFA."
USER_5,2024-04-26,21:35:23,OrangeMoney,transfert,OUT,550.0,FCFA,3797.63,"Transfert de [USER_5_phone] [USER_5] vers [PHONE_9990] [CONTACT_A4A1] reussi. ID transaction: PP240426.2135.C24413, Montant Transaction: 550 FCFA, Frais: 2.75 FCFA, Commission: 0 FCFA, Montant Net: 552.75 FCFA, Nouveau Solde: 3797.63 FCFA."
USER_5,2024-04-27,12:48:46,OrangeMoney,transfert,OUT,650.0,FCFA,3144.38,"Transfert de [USER_5_phone] [USER_5] vers [PHONE_0277] [CONTACT_06F9] reussi. ID transaction: PP240427.1248.B79388, Montant Transaction: 650 FCFA, Frais: 3.25 FCFA, Commission: 0 FCFA, Montant Net: 653.25 FCFA, Nouveau Solde: 3144.38 FCFA."
USER_5,2024-04-27,12:53:23,OrangeMoney,retrait,OUT,2550.0,FCFA,544.38,"Retrait d'argent reussi par le [PHONE_0647] avec le Code : 792842. Informations detaillees : Montant: 2550 FCFA, Frais: 50 FCFA, No de transaction CO240427.1253.A14705, montant net debite 2600 FCFA, Nouveau solde: 544.38 FCFA."
USER_5,2024-04-28,16:53:12,OrangeMoney,transfert,OUT,650.0,FCFA,694.38,"Transfert de [PHONE_8470] [CONTACT_D8E7] vers [USER_5_phone] [USER_5] reussi. Details: ID transaction: PP240428.1653.A95183, Montant Transaction: 650FCFA, Frais: 0 FCFA, Commission: 0 FCFA, Montant Net: 650 FCFA, Nouveau Solde: 694.38 FCFA."
USER_5,2024-04-28,17:28:09,OrangeMoney,transfert,OUT,600.0,FCFA,91.38,"Transfert de [USER_5_phone] [USER_5] vers [PHONE_1699] [CONTACT_95D7] reussi. ID transaction: PP240428.1728.B32996, Montant Transaction: 600 FCFA, Frais: 3 FCFA, Commission: 0 FCFA, Montant Net: 603 FCFA, Nouveau Solde: 91.38 FCFA."
USER_5,2024-04-28,19:12:47,OrangeMoney,transfert,OUT,4000.0,FCFA,4091.38,"Transfert de [PHONE_6470] [CONTACT_8492] vers [USER_5_phone] [USER_5] reussi. Details: ID transaction: PP240428.1912.B15657, Montant Transaction: 4000FCFA, Frais: 0 FCFA, Commission: 0 FCFA, Montant Net: 4000 FCFA, Nouveau Solde: 4091.38 FCFA."
USER_5,2024-04-29,10:35:34,OrangeMoney,transfert,OUT,1000.0,FCFA,2586.38,"Transfert de [USER_5_phone] [USER_5] vers [PHONE_0277] [CONTACT_06F9] reussi. ID transaction: PP240429.1035.C12925, Montant Transaction: 1000 FCFA, Frais: 5 FCFA, Commission: 0 FCFA, Montant Net: 1005 FCFA, Nouveau Solde: 2586.38 FCFA."
USER_5,2024-04-29,16:36:15,OrangeMoney,transfert,OUT,1000.0,FCFA,3586.38,"Transfert de [PHONE_8096] [CONTACT_B329] vers [USER_5_phone] [USER_5] reussi. Details: ID transaction: PP240429.1636.B10143, Montant Transaction: 1000FCFA, Frais: 0 FCFA, Commission: 0 FCFA, Montant Net: 1000 FCFA, Nouveau Solde: 3586.38 FCFA."
USER_5,2024-04-29,20:07:26,OrangeMoney,transfert,OUT,1100.0,FCFA,2480.88,"Transfert de [USER_5_phone] [USER_5] vers [PHONE_4260] [CONTACT_D476] reussi. ID transaction: PP240429.2007.B90729, Montant Transaction: 1100 FCFA, Frais: 5.5 FCFA, Commission: 0 FCFA, Montant Net: 1105.5 FCFA, Nouveau Solde: 2480.88 FCFA."
USER_5,2024-04-30,15:37:50,OrangeMoney,transfert,OUT,600.0,FCFA,2580.88,"Transfert de [PHONE_8470] [CONTACT_D8E7] vers [USER_5_phone] [USER_5] reussi. Details: ID transaction: PP240430.1537.C83698, Montant Transaction: 600FCFA, Frais: 0 FCFA, Commission: 0 FCFA, Montant Net: 600 FCFA, Nouveau Solde: 2580.88 FCFA."
USER_5,2024-04-30,16:06:43,OrangeMoney,transfert,OUT,20300.0,FCFA,22180.88,"Transfert de [PHONE_7712] [CONTACT_BAF2] vers [USER_5_phone] [USER_5] reussi. Details: ID transaction: PP240430.1606.C07625, Montant Transaction: 20300FCFA, Frais: 0 FCFA, Commission: 0 FCFA, Montant Net: 20300 FCFA, Nouveau Solde: 22180.88 FCFA."
USER_5,2024-05-01,12:10:48,OrangeMoney,retrait,OUT,1450.0,FCFA,20180.88,"Retrait d'argent reussi par le [PHONE_0647] avec le Code : 792842. Informations detaillees : Montant: 1450 FCFA, Frais: 50 FCFA, No de transaction CO240501.1210.B83829, montant net debite 1500 FCFA, Nouveau solde: 20180.88 FCFA."
USER_5,2024-05-01,15:11:45,OrangeMoney,transfert,OUT,1500.0,FCFA,18673.38,"Transfert de [USER_5_phone] [USER_5] vers [PHONE_0294] [CONTACT_DFA5] reussi. ID transaction: PP240501.1511.B13867, Montant Transaction: 1500 FCFA, Frais: 7.5 FCFA, Commission: 0 FCFA, Montant Net: 1507.5 FCFA, Nouveau Solde: 18673.38 FCFA."
USER_5,2024-05-01,18:36:04,OrangeMoney,depot,IN,10000.0,FCFA,28673.38,"Depot effectue par [PHONE_6554] ETSROST4 to [USER_5_phone] [USER_5]. Informations detaillees: Montant de transaction : 10000 FCFA, ID transaction : CI240501.1836.C10426, Frais : 0 FCFA, Commission : 0 FCFA, Montant Net du Credit : 10000 FCFA, Nouveau Solde : 28673.38 FCFA."
USER_5,2024-05-02,08:03:50,OrangeMoney,transfert,OUT,500.0,FCFA,26970.88,"Transfert de [USER_5_phone] [USER_5] vers [PHONE_1201] [CONTACT_B737] reussi. ID transaction: PP240502.0803.A80989, Montant Transaction: 500 FCFA, Frais: 2.5 FCFA, Commission: 0 FCFA, Montant Net: 502.5 FCFA, Nouveau Solde: 26970.88 FCFA."
USER_5,2024-05-02,08:49:26,OrangeMoney,transfert,OUT,1100.0,FCFA,25865.38,"Transfert de [USER_5_phone] [USER_5] vers [PHONE_9585] [CONTACT_028E] reussi. ID transaction: PP240502.0849.C01047, Montant Transaction: 1100 FCFA, Frais: 5.5 FCFA, Commission: 0 FCFA, Montant Net: 1105.5 FCFA, Nouveau Solde: 25865.38 FCFA."
USER_5,2024-05-02,10:10:16,OrangeMoney,transfert,OUT,1000.0,FCFA,24860.38,"Transfert de [USER_5_phone] [USER_5] vers [PHONE_0277] [CONTACT_06F9] reussi. ID transaction: PP240502.1010.A58571, Montant Transaction: 1000 FCFA, Frais: 5 FCFA, Commission: 0 FCFA, Montant Net: 1005 FCFA, Nouveau Solde: 24860.38 FCFA."
USER_5,2024-05-02,18:01:33,OrangeMoney,retrait,OUT,750.0,FCFA,24060.38,"Retrait d'argent reussi par le [PHONE_6147] avec le Code : 126080. Informations detaillees : Montant: 750 FCFA, Frais: 50 FCFA, No de transaction CO240502.1801.C45302, montant net debite 800 FCFA, Nouveau solde: 24060.38 FCFA."
USER_5,2024-05-02,18:38:17,OrangeMoney,retrait,OUT,5100.0,FCFA,18383.88,"Retrait d'argent reussi par le [PHONE_0647] avec le Code : 792842. Informations detaillees : Montant: 5100 FCFA, Frais: 76.5 FCFA, No de transaction CO240502.1838.B62063, montant net debite 5176.5 FCFA, Nouveau solde: 18383.88 FCFA."
USER_5,2024-05-03,00:24:46,OrangeMoney,retrait,OUT,1100.0,FCFA,17233.88,"Retrait d'argent reussi par le [PHONE_6562] avec le Code : 264813. Informations detaillees : Montant: 1100 FCFA, Frais: 50 FCFA, No de transaction CO240503.0024.A48928, montant net debite 1150 FCFA, Nouveau solde: 17233.88 FCFA."
USER_5,2024-05-05,15:13:38,OrangeMoney,transfert,OUT,1100.0,FCFA,15128.38,"Transfert de [USER_5_phone] [USER_5] vers [PHONE_0093] [CONTACT_E01A] reussi. ID transaction: PP240505.1513.B44137, Montant Transaction: 1100 FCFA, Frais: 5.5 FCFA, Commission: 0 FCFA, Montant Net: 1105.5 FCFA, Nouveau Solde: 15128.38 FCFA."
USER_5,2024-05-05,21:29:33,OrangeMoney,transfert,OUT,1000.0,FCFA,14123.38,"Transfert de [USER_5_phone] [USER_5] vers [PHONE_5182] [CONTACT_8196] reussi. ID transaction: PP240505.2129.C10987, Montant Transaction: 1000 FCFA, Frais: 5 FCFA, Commission: 0 FCFA, Montant Net: 1005 FCFA, Nouveau Solde: 14123.38 FCFA."
USER_5,2024-05-05,21:32:01,OrangeMoney,transfert,OUT,500.0,FCFA,13620.88,"Transfert de [USER_5_phone] [USER_5] vers [PHONE_3680] [CONTACT_3F7B] reussi. ID transaction: PP240505.2132.C12233, Montant Transaction: 500 FCFA, Frais: 2.5 FCFA, Commission: 0 FCFA, Montant Net: 502.5 FCFA, Nouveau Solde: 13620.88 FCFA."
USER_5,2024-05-11,09:47:24,OrangeMoney,transfert,OUT,1100.0,FCFA,8865.38,"Transfert de [USER_5_phone] [USER_5] vers [PHONE_3609] [CONTACT_C5AF] reussi. ID transaction: PP240511.0947.B16397, Montant Transaction: 1100 FCFA, Frais: 5.5 FCFA, Commission: 0 FCFA, Montant Net: 1105.5 FCFA, Nouveau Solde: 8865.38 FCFA."
USER_5,2024-05-11,15:57:14,OrangeMoney,rechargement,OUT,500.0,FCFA,7865.38,"Rechargement reussi. Montant de la transaction: 500 FCFA, ID transaction: RC240511.1557.C40205, Frais: 0 FCFA, Commission: 0 FCFA, Nouveau solde: 7865.38 FCFA"
USER_5,2024-05-11,15:58:52,OrangeMoney,rechargement,OUT,500.0,FCFA,7365.38,"Rechargement reussi. Montant de la transaction: 500 FCFA, ID transaction: RC240511.1558.C40508, Frais: 0 FCFA, Commission: 0 FCFA, Nouveau solde: 7365.38 FCFA"
USER_5,2024-05-13,08:32:38,OrangeMoney,transfert,OUT,16000.0,FCFA,22865.38,"Transfert de [PHONE_1956] [CONTACT_2A97] vers [USER_5_phone] [USER_5] reussi. Details: ID transaction: PP240513.0832.C40288, Montant Transaction: 16000FCFA, Frais: 0 FCFA, Commission: 0 FCFA, Montant Net: 16000 FCFA, Nouveau Solde: 22865.38 FCFA."
USER_5,2024-05-16,00:00:39,OrangeMoney,rechargement,OUT,200.0,FCFA,6765.38,"Rechargement reussi. Montant de la transaction: 200 FCFA, ID transaction: RC240516.0000.A78147, Frais: 0 FCFA, Commission: 0 FCFA, Nouveau solde: 6765.38 FCFA"
USER_5,2024-05-16,09:15:26,OrangeMoney,transfert,OUT,2100.0,FCFA,4654.88,"Transfert de [USER_5_phone] [USER_5] vers [PHONE_9935] [CONTACT_F581] reussi. ID transaction: PP240516.0915.C53433, Montant Transaction: 2100 FCFA, Frais: 10.5 FCFA, Commission: 0 FCFA, Montant Net: 2110.5 FCFA, Nouveau Solde: 4654.88 FCFA."
USER_5,2024-05-16,09:57:02,OrangeMoney,transfert,OUT,2000.0,FCFA,2144.88,"Transfert de [USER_5_phone] [USER_5] vers [PHONE_4789] [CONTACT_1E66] reussi. ID transaction: PP240516.0957.C82366, Montant Transaction: 2000 FCFA, Frais: 10 FCFA, Commission: 0 FCFA, Montant Net: 2010 FCFA, Nouveau Solde: 2144.88 FCFA."
USER_5,2024-05-16,11:38:57,OrangeMoney,transfert,OUT,1000.0,FCFA,1139.88,"Transfert de [USER_5_phone] [USER_5] vers [PHONE_1201] [CONTACT_B737] reussi. ID transaction: PP240516.1138.B56139, Montant Transaction: 1000 FCFA, Frais: 5 FCFA, Commission: 0 FCFA, Montant Net: 1005 FCFA, Nouveau Solde: 1139.88 FCFA."
USER_5,2024-05-17,10:46:32,OrangeMoney,transfert,OUT,500.0,FCFA,637.38,"Transfert de [USER_5_phone] [USER_5] vers [PHONE_3643] [CONTACT_F618] reussi. ID transaction: PP240517.1046.C45218, Montant Transaction: 500 FCFA, Frais: 2.5 FCFA, Commission: 0 FCFA, Montant Net: 502.5 FCFA, Nouveau Solde: 637.38 FCFA."
USER_5,2024-05-17,16:46:57,OrangeMoney,transfert,OUT,1100.0,FCFA,1237.38,"Transfert de [PHONE_9125] [CONTACT_6809] vers [USER_5_phone] [USER_5] reussi. Details: ID transaction: PP240517.1646.C33012, Montant Transaction: 1100FCFA, Frais: 0 FCFA, Commission: 0 FCFA, Montant Net: 1100 FCFA, Nouveau Solde: 1237.38 FCFA."
USER_5,2024-05-18,08:53:53,OrangeMoney,transfert,OUT,2000.0,FCFA,2737.38,"Transfert de [PHONE_4789] [CONTACT_1E66] vers [USER_5_phone] [USER_5] reussi. Details: ID transaction: PP240518.0853.B78523, Montant Transaction: 2000FCFA, Frais: 0 FCFA, Commission: 0 FCFA, Montant Net: 2000 FCFA, Nouveau Solde: 2737.38 FCFA."
USER_5,2024-05-23,13:59:57,OrangeMoney,depot,IN,1000.0,FCFA,1137.38,"Depot effectue par [PHONE_7872] [CONTACT_8635] to [USER_5_phone] [USER_5]. Informations detaillees: Montant de transaction : 1000 FCFA, ID transaction : CI240523.1359.B61556, Frais : 0 FCFA, Commission : 0 FCFA, Montant Net du Credit : 1000 FCFA, Nouveau Solde : 1137.38 FCFA."
USER_5,2024-05-24,23:06:55,OrangeMoney,depot,IN,1000.0,FCFA,1137.38,"Depot effectue par [PHONE_7872] [CONTACT_8635] to [USER_5_phone] [USER_5]. Informations detaillees: Montant de transaction : 1000 FCFA, ID transaction : CI240524.2306.A33298, Frais : 0 FCFA, Commission : 0 FCFA, Montant Net du Credit : 1000 FCFA, Nouveau Solde : 1137.38 FCFA."
USER_5,2024-05-25,00:44:48,OrangeMoney,rechargement,OUT,200.0,FCFA,937.38,"Rechargement reussi. Montant de la transaction: 200 FCFA, ID transaction: RC240525.0044.B23506, Frais: 0 FCFA, Commission: 0 FCFA, Nouveau solde: 937.38 FCFA"
USER_5,2024-05-25,20:52:31,OrangeMoney,depot,IN,1000.0,FCFA,1137.38,"Depot effectue par [PHONE_7872] [CONTACT_8635] to [USER_5_phone] [USER_5]. Informations detaillees: Montant de transaction : 1000 FCFA, ID transaction : CI240525.2052.A07772, Frais : 0 FCFA, Commission : 0 FCFA, Montant Net du Credit : 1000 FCFA, Nouveau Solde : 1137.38 FCFA."
USER_5,2024-05-26,04:32:01,OrangeMoney,rechargement,OUT,200.0,FCFA,437.38,"Rechargement reussi. Montant de la transaction: 200 FCFA, ID transaction: RC240526.0431.A28982, Frais: 0 FCFA, Commission: 0 FCFA, Nouveau solde: 437.38 FCFA"
USER_5,2024-05-26,05:38:13,OrangeMoney,rechargement,OUT,200.0,FCFA,237.38,"Rechargement reussi. Montant de la transaction: 200 FCFA, ID transaction: RC240526.0538.B26111, Frais: 0 FCFA, Commission: 0 FCFA, Nouveau solde: 237.38 FCFA"
USER_5,2024-05-27,08:19:23,OrangeMoney,transfert,OUT,300.0,FCFA,537.38,"Transfert de [PHONE_0962] Pierre Ferdinand vers [USER_5_phone] [USER_5] reussi. Details: ID transaction: PP240527.0819.B59696, Montant Transaction: 300FCFA, Frais: 0 FCFA, Commission: 0 FCFA, Montant Net: 300 FCFA, Nouveau Solde: 537.38 FCFA."
USER_5,2024-05-27,19:47:20,OrangeMoney,depot,IN,500.0,FCFA,537.38,"Depot effectue par [PHONE_7872] [CONTACT_8635] to [USER_5_phone] [USER_5]. Informations detaillees: Montant de transaction : 500 FCFA, ID transaction : CI240527.1947.B32892, Frais : 0 FCFA, Commission : 0 FCFA, Montant Net du Credit : 500 FCFA, Nouveau Solde : 537.38 FCFA."
USER_5,2024-05-28,19:54:30,OrangeMoney,transfert,OUT,500.0,FCFA,537.38,"Transfert de [PHONE_8470] [CONTACT_D8E7] vers [USER_5_phone] [USER_5] reussi. Details: ID transaction: PP240528.1954.B43523, Montant Transaction: 500FCFA, Frais: 0 FCFA, Commission: 0 FCFA, Montant Net: 500 FCFA, Nouveau Solde: 537.38 FCFA."
USER_5,2024-05-31,00:40:00,OrangeMoney,transfert,OUT,2000.0,FCFA,2037.38,"Transfert de [PHONE_7181] [CONTACT_5088] vers [USER_5_phone] [USER_5] reussi. Details: ID transaction: PP240531.0039.C80909, Montant Transaction: 2000FCFA, Frais: 0 FCFA, Commission: 0 FCFA, Montant Net: 2000 FCFA, Nouveau Solde: 2037.38 FCFA."
USER_5,2024-05-31,00:42:23,OrangeMoney,rechargement,OUT,200.0,FCFA,1837.38,"Rechargement reussi. Montant de la transaction: 200 FCFA, ID transaction: RC240531.0042.C06320, Frais: 0 FCFA, Commission: 0 FCFA, Nouveau solde: 1837.38 FCFA"
USER_5,2024-05-31,13:50:52,OrangeMoney,depot,IN,2000.0,FCFA,3837.38,"Depot effectue par [PHONE_7872] [CONTACT_8635] to [USER_5_phone] [USER_5]. Informations detaillees: Montant de transaction : 2000 FCFA, ID transaction : CI240531.1350.C56978, Frais : 0 FCFA, Commission : 0 FCFA, Montant Net du Credit : 2000 FCFA, Nouveau Solde : 3837.38 FCFA."
USER_5,2024-06-03,12:02:03,OrangeMoney,retrait,OUT,1550.0,FCFA,37.38,"Retrait d'argent reussi par le [PHONE_0647] avec le Code : 792842. Informations detaillees : Montant: 1550 FCFA, Frais: 50 FCFA, No de transaction CO240603.1202.A78638, montant net debite 1600 FCFA, Nouveau solde: 37.38 FCFA."
USER_5,2024-06-03,15:23:49,OrangeMoney,transfert,OUT,500.0,FCFA,537.38,"Transfert de [PHONE_7181] [CONTACT_5088] vers [USER_5_phone] [USER_5] reussi. Details: ID transaction: PP240603.1523.B00626, Montant Transaction: 500FCFA, Frais: 0 FCFA, Commission: 0 FCFA, Montant Net: 500 FCFA, Nouveau Solde: 537.38 FCFA."
USER_5,2024-06-03,21:10:03,OrangeMoney,transfert,OUT,1000.0,FCFA,1537.38,"Transfert de [PHONE_8096] [CONTACT_B329] vers [USER_5_phone] [USER_5] reussi. Details: ID transaction: PP240603.2108.A80737, Montant Transaction: 1000FCFA, Frais: 0 FCFA, Commission: 0 FCFA, Montant Net: 1000 FCFA, Nouveau Solde: 1537.38 FCFA."
USER_5,2024-06-05,16:42:13,OrangeMoney,transfert,OUT,1500.0,FCFA,1837.38,"Transfert de [PHONE_2046] [CONTACT_4962] vers [USER_5_phone] [USER_5] reussi. Details: ID transaction: PP240605.1642.B82432, Montant Transaction: 1500FCFA, Frais: 0 FCFA, Commission: 0 FCFA, Montant Net: 1500 FCFA, Nouveau Solde: 1837.38 FCFA."
USER_5,2024-06-06,19:46:34,OrangeMoney,transfert,OUT,21000.0,FCFA,21637.38,"Transfert de [PHONE_0762] [CONTACT_BAF2] vers [USER_5_phone] [USER_5] reussi. Details: ID transaction: PP240606.1946.B17064, Montant Transaction: 21000FCFA, Frais: 0 FCFA, Commission: 0 FCFA, Montant Net: 21000 FCFA, Nouveau Solde: 21637.38 FCFA."
USER_5,2024-06-07,16:14:37,OrangeMoney,retrait,OUT,2500.0,FCFA,15587.38,"Retrait d'argent reussi par le [PHONE_1969] avec le Code : 612667. Informations detaillees : Montant: 2500 FCFA, Frais: 50 FCFA, No de transaction CO240607.1614.C34456, montant net debite 2550 FCFA, Nouveau solde: 15587.38 FCFA."
USER_5,2024-06-07,17:30:34,OrangeMoney,transfert,OUT,5100.0,FCFA,10461.88,"Transfert de [USER_5_phone] [USER_5] vers [PHONE_8589] [CONTACT_85AB] reussi. ID transaction: PP240607.1730.B55758, Montant Transaction: 5100 FCFA, Frais: 25.5 FCFA, Commission: 0 FCFA, Montant Net: 5125.5 FCFA, Nouveau Solde: 10461.88 FCFA."
USER_5,2024-06-08,10:33:29,OrangeMoney,retrait,OUT,10000.0,FCFA,311.88,"Retrait d'argent reussi par le [PHONE_9709] avec le Code : 264639. Informations detaillees : Montant: 10000 FCFA, Frais: 150 FCFA, No de transaction CO240608.1033.C37699, montant net debite 10150 FCFA, Nouveau solde: 311.88 FCFA."
USER_5,2024-06-08,15:54:46,OrangeMoney,transfert,OUT,5100.0,FCFA,5111.88,"Transfert de [PHONE_2511] [CONTACT_7A71] vers [USER_5_phone] [USER_5] reussi. Details: ID transaction: PP240608.1554.A82961, Montant Transaction: 5100FCFA, Frais: 0 FCFA, Commission: 0 FCFA, Montant Net: 5100 FCFA, Nouveau Solde: 5111.88 FCFA."
USER_5,2024-06-09,12:19:23,OrangeMoney,rechargement,OUT,3000.0,FCFA,2111.88,"Rechargement reussi. Montant de la transaction: 3000 FCFA, ID transaction: RC240609.1219.B75474, Frais: 0 FCFA, Commission: 0 FCFA, Nouveau solde: 2111.88 FCFA"
USER_5,2024-06-09,17:26:33,OrangeMoney,transfert,OUT,900.0,FCFA,1207.38,"Transfert de [USER_5_phone] [USER_5] vers [PHONE_7181] [CONTACT_5088] reussi. ID transaction: PP240609.1726.C12453, Montant Transaction: 900 FCFA, Frais: 4.5 FCFA, Commission: 0 FCFA, Montant Net: 904.5 FCFA, Nouveau Solde: 1207.38 FCFA."
USER_5,2024-06-12,08:37:30,OrangeMoney,depot,IN,1000.0,FCFA,1707.38,"Depot effectue par [PHONE_1920] [CONTACT_0037] to [USER_5_phone] [USER_5]. Informations detaillees: Montant de transaction : 1000 FCFA, ID transaction : CI240612.0837.B38470, Frais : 0 FCFA, Commission : 0 FCFA, Montant Net du Credit : 1000 FCFA, Nouveau Solde : 1707.38 FCFA."
USER_5,2024-06-12,10:01:54,OrangeMoney,transfert,OUT,15300.0,FCFA,17007.38,"Transfert de [PHONE_7712] [CONTACT_BAF2] vers [USER_5_phone] [USER_5] reussi. Details: ID transaction: PP240612.1001.C92351, Montant Transaction: 15300FCFA, Frais: 0 FCFA, Commission: 0 FCFA, Montant Net: 15300 FCFA, Nouveau Solde: 17007.38 FCFA."
USER_5,2024-06-14,11:49:03,OrangeMoney,transfert,OUT,5100.0,FCFA,6357.38,"Transfert de [PHONE_1956] [CONTACT_2A97] vers [USER_5_phone] [USER_5] reussi. Details: ID transaction: PP240614.1149.B30789, Montant Transaction: 5100FCFA, Frais: 0 FCFA, Commission: 0 FCFA, Montant Net: 5100 FCFA, Nouveau Solde: 6357.38 FCFA."
USER_5,2024-06-14,19:22:16,OrangeMoney,transfert,OUT,1550.0,FCFA,7907.38,"Transfert de [PHONE_3579] [CONTACT_B932] vers [USER_5_phone] [USER_5] reussi. Details: ID transaction: PP240614.1922.B30878, Montant Transaction: 1550FCFA, Frais: 0 FCFA, Commission: 0 FCFA, Montant Net: 1550 FCFA, Nouveau Solde: 7907.38 FCFA."
USER_5,2024-06-14,19:52:50,OrangeMoney,rechargement,OUT,500.0,FCFA,7407.38,"Rechargement reussi. Montant de la transaction: 500 FCFA, ID transaction: RC240614.1952.A52909, Frais: 0 FCFA, Commission: 0 FCFA, Nouveau solde: 7407.38 FCFA"
USER_5,2024-06-15,08:10:29,OrangeMoney,transfert,OUT,1550.0,FCFA,5849.63,"Transfert de [USER_5_phone] [USER_5] vers [PHONE_3579] [CONTACT_B932] reussi. ID transaction: PP240615.0810.B44850, Montant Transaction: 1550 FCFA, Frais: 7.75 FCFA, Commission: 0 FCFA, Montant Net: 1557.75 FCFA, Nouveau Solde: 5849.63 FCFA."
USER_5,2024-06-15,10:18:27,OrangeMoney,transfert,IN,1500.0,FCFA,6849.63,"Vous avez recu avec succes 1500 FCFA de [PHONE_8295]. Votre nouveau solde est de 6849.63 FCFA, Reference de transaction: CI240615.1018.B27530 Orange Money vous remercie."
USER_5,2024-06-20,21:42:14,OrangeMoney,transfert,OUT,6500.0,FCFA,7599.63,"Transfert de [PHONE_6278] [CONTACT_B552] vers [USER_5_phone] [USER_5] reussi. Details: ID transaction: PP240620.2142.B00985, Montant Transaction: 6500FCFA, Frais: 0 FCFA, Commission: 0 FCFA, Montant Net: 6500 FCFA, Nouveau Solde: 7599.63 FCFA."
USER_5,2024-06-20,21:42:23,OrangeMoney,transfert,OUT,5200.0,FCFA,12799.63,"Transfert de [PHONE_2511] [CONTACT_7A71] vers [USER_5_phone] [USER_5] reussi. Details: ID transaction: PP240620.2142.B01051, Montant Transaction: 5200FCFA, Frais: 0 FCFA, Commission: 0 FCFA, Montant Net: 5200 FCFA, Nouveau Solde: 12799.63 FCFA."
USER_5,2024-06-20,21:48:34,OrangeMoney,transfert,OUT,2000.0,FCFA,14799.63,"Transfert de [PHONE_6278] [CONTACT_B552] vers [USER_5_phone] [USER_5] reussi. Details: ID transaction: PP240620.2148.C07373, Montant Transaction: 2000FCFA, Frais: 0 FCFA, Commission: 0 FCFA, Montant Net: 2000 FCFA, Nouveau Solde: 14799.63 FCFA."
USER_5,2024-06-20,21:52:05,OrangeMoney,transfert,OUT,14200.0,FCFA,528.63,"Transfert de [USER_5_phone] [USER_5] vers [PHONE_7339] [CONTACT_F697] reussi. ID transaction: PP240620.2152.A82869, Montant Transaction: 14200 FCFA, Frais: 71 FCFA, Commission: 0 FCFA, Montant Net: 14271 FCFA, Nouveau Solde: 528.63 FCFA."
USER_5,2024-06-22,06:26:45,OrangeMoney,transfert,OUT,10000.0,FCFA,10028.63,"Transfert de [PHONE_5156] [CONTACT_B8B6] vers [USER_5_phone] [USER_5] reussi. Details: ID transaction: PP240622.0626.B66370, Montant Transaction: 10000FCFA, Frais: 0 FCFA, Commission: 0 FCFA, Montant Net: 10000 FCFA, Nouveau Solde: 10028.63 FCFA."
USER_5,2024-06-24,19:04:54,OrangeMoney,transfert,OUT,1000.0,FCFA,8523.63,"Transfert de [USER_5_phone] [USER_5] vers [PHONE_4023] [CONTACT_2A76] reussi. ID transaction: PP240624.1904.A17257, Montant Transaction: 1000 FCFA, Frais: 5 FCFA, Commission: 0 FCFA, Montant Net: 1005 FCFA, Nouveau Solde: 8523.63 FCFA."
USER_5,2024-06-25,14:49:37,OrangeMoney,rechargement,OUT,1000.0,FCFA,7023.63,"Rechargement reussi. Montant de la transaction: 1000 FCFA, ID transaction: RC240625.1449.C17579, Frais: 0 FCFA, Commission: 0 FCFA, Nouveau solde: 7023.63 FCFA"
USER_5,2024-06-26,19:09:49,OrangeMoney,retrait,OUT,3000.0,FCFA,3973.63,"Retrait d'argent reussi par le [PHONE_4464] avec le Code : 200041. Informations detaillees : Montant: 3000 FCFA, Frais: 50 FCFA, No de transaction CO240626.1909.B91936, montant net debite 3050 FCFA, Nouveau solde: 3973.63 FCFA."
USER_5,2024-06-26,19:14:21,OrangeMoney,retrait,OUT,1000.0,FCFA,2923.63,"Retrait d'argent reussi par le [PHONE_4464] avec le Code : 200041. Informations detaillees : Montant: 1000 FCFA, Frais: 50 FCFA, No de transaction CO240626.1914.B94553, montant net debite 1050 FCFA, Nouveau solde: 2923.63 FCFA."
USER_5,2024-06-29,23:12:34,OrangeMoney,transfert,OUT,5000.0,FCFA,5623.63,"Transfert de [PHONE_5231] [CONTACT_556B] vers [USER_5_phone] [USER_5] reussi. Details: ID transaction: PP240629.2312.B23483, Montant Transaction: 5000FCFA, Frais: 0 FCFA, Commission: 0 FCFA, Montant Net: 5000 FCFA, Nouveau Solde: 5623.63 FCFA."
USER_5,2024-06-30,11:03:26,OrangeMoney,transfert,OUT,10150.0,FCFA,15773.63,"Transfert de [PHONE_1799] [CONTACT_73F1] vers [USER_5_phone] [USER_5] reussi. Details: ID transaction: PP240630.1103.C29642, Montant Transaction: 10150FCFA, Frais: 0 FCFA, Commission: 0 FCFA, Montant Net: 10150 FCFA, Nouveau Solde: 15773.63 FCFA."
USER_5,2024-06-30,11:33:00,OrangeMoney,transfert,OUT,7100.0,FCFA,8638.13,"Transfert de [USER_5_phone] [USER_5] vers [PHONE_9938] [CONTACT_854C] reussi. ID transaction: PP240630.1132.B46047, Montant Transaction: 7100 FCFA, Frais: 35.5 FCFA, Commission: 0 FCFA, Montant Net: 7135.5 FCFA, Nouveau Solde: 8638.13 FCFA."
USER_5,2024-06-30,19:50:37,OrangeMoney,rechargement,OUT,300.0,FCFA,8338.13,"Rechargement reussi. Montant de la transaction: 300 FCFA, ID transaction: RC240630.1950.A25614, Frais: 0 FCFA, Commission: 0 FCFA, Nouveau solde: 8338.13 FCFA"
USER_5,2024-07-01,17:11:23,OrangeMoney,transfert,OUT,7000.0,FCFA,14838.13,"Transfert de [PHONE_5156] [CONTACT_B8B6] vers [USER_5_phone] [USER_5] reussi. Details: ID transaction: PP240701.1711.C73616, Montant Transaction: 7000FCFA, Frais: 0 FCFA, Commission: 0 FCFA, Montant Net: 7000 FCFA, Nouveau Solde: 14838.13 FCFA."
USER_5,2024-07-01,20:30:57,OrangeMoney,retrait,OUT,1000.0,FCFA,13788.13,"Retrait d'argent reussi par le [PHONE_6239] avec le Code : 804419. Informations detaillees : Montant: 1000 FCFA, Frais: 50 FCFA, No de transaction CO240701.2030.B79953, montant net debite 1050 FCFA, Nouveau solde: 13788.13 FCFA."
USER_5,2024-07-01,22:07:10,OrangeMoney,depot,IN,2700.0,FCFA,16488.13,"Depot effectue par [PHONE_0958] [CONTACT_E205] to [USER_5_phone] [USER_5]. Informations detaillees: Montant de transaction : 2700 FCFA, ID transaction : CI240701.2207.B47009, Frais : 0 FCFA, Commission : 0 FCFA, Montant Net du Credit : 2700 FCFA, Nouveau Solde : 16488.13 FCFA."
USER_5,2024-07-02,21:44:39,OrangeMoney,retrait,OUT,2000.0,FCFA,13438.13,"Retrait d'argent reussi par le [PHONE_6888] avec le Code : 812343. Informations detaillees : Montant: 2000 FCFA, Frais: 50 FCFA, No de transaction CO240702.2144.B17346, montant net debite 2050 FCFA, Nouveau solde: 13438.13 FCFA."
USER_5,2024-07-04,20:37:24,OrangeMoney,transfert,OUT,8150.0,FCFA,4247.38,"Transfert de [USER_5_phone] [USER_5] vers [PHONE_9504] [CONTACT_8EDD] reussi. ID transaction: PP240704.2037.C40988, Montant Transaction: 8150 FCFA, Frais: 40.75 FCFA, Commission: 0 FCFA, Montant Net: 8190.75 FCFA, Nouveau Solde: 4247.38 FCFA."
USER_5,2024-07-05,14:21:20,OrangeMoney,depot,IN,3100.0,FCFA,6347.38,"Depot effectue par [PHONE_9353] [CONTACT_76F6] to [USER_5_phone] [USER_5]. Informations detaillees: Montant de transaction : 3100 FCFA, ID transaction : CI240705.1421.C97998, Frais : 0 FCFA, Commission : 0 FCFA, Montant Net du Credit : 3100 FCFA, Nouveau Solde : 6347.38 FCFA."
USER_5,2024-07-06,07:57:28,OrangeMoney,transfert,OUT,20300.0,FCFA,26147.38,"Transfert de [PHONE_7712] [CONTACT_BAF2] vers [USER_5_phone] [USER_5] reussi. Details: ID transaction: PP240706.0757.C59948, Montant Transaction: 20300FCFA, Frais: 0 FCFA, Commission: 0 FCFA, Montant Net: 20300 FCFA, Nouveau Solde: 26147.38 FCFA."
USER_5,2024-07-06,11:17:20,OrangeMoney,retrait,OUT,5000.0,FCFA,21072.38,"Retrait d'argent reussi par le [PHONE_2434] avec le Code : 142239. Informations detaillees : Montant: 5000 FCFA, Frais: 75 FCFA, No de transaction CO240706.1116.A91003, montant net debite 5075 FCFA, Nouveau solde: 21072.38 FCFA."
USER_5,2024-07-07,01:42:41,OrangeMoney,transfert,OUT,2000.0,FCFA,19062.38,"Transfert de [USER_5_phone] [USER_5] vers [PHONE_6604] [CONTACT_2104] reussi. ID transaction: PP240707.0142.B64738, Montant Transaction: 2000 FCFA, Frais: 10 FCFA, Commission: 0 FCFA, Montant Net: 2010 FCFA, Nouveau Solde: 19062.38 FCFA."
USER_5,2024-07-07,12:29:42,OrangeMoney,rechargement,OUT,300.0,FCFA,18762.38,"Rechargement reussi. Montant de la transaction: 300 FCFA, ID transaction: RC240707.1229.C48033, Frais: 0 FCFA, Commission: 0 FCFA, Nouveau solde: 18762.38 FCFA"
USER_5,2024-07-07,17:43:51,OrangeMoney,retrait,OUT,2000.0,FCFA,13212.38,"Retrait d'argent reussi par le [PHONE_7577] avec le Code : 804428. Informations detaillees : Montant: 2000 FCFA, Frais: 50 FCFA, No de transaction CO240707.1743.A12476, montant net debite 2050 FCFA, Nouveau solde: 13212.38 FCFA."
USER_5,2024-07-08,10:16:10,OrangeMoney,transfert,OUT,1000.0,FCFA,11207.38,"Transfert de [USER_5_phone] [USER_5] vers [PHONE_1699] [CONTACT_95D7] reussi. ID transaction: PP240708.1016.B93621, Montant Transaction: 1000 FCFA, Frais: 5 FCFA, Commission: 0 FCFA, Montant Net: 1005 FCFA, Nouveau Solde: 11207.38 FCFA."
USER_5,2024-07-08,13:57:41,OrangeMoney,transfert,OUT,650.0,FCFA,10554.13,"Transfert de [USER_5_phone] [USER_5] vers [PHONE_1699] [CONTACT_95D7] reussi. ID transaction: PP240708.1357.A52200, Montant Transaction: 650 FCFA, Frais: 3.25 FCFA, Commission: 0 FCFA, Montant Net: 653.25 FCFA, Nouveau Solde: 10554.13 FCFA."
USER_5,2024-07-08,14:13:51,OrangeMoney,retrait,OUT,2050.0,FCFA,8454.13,"Retrait d'argent reussi par le [PHONE_6147] avec le Code : 126080. Informations detaillees : Montant: 2050 FCFA, Frais: 50 FCFA, No de transaction CO240708.1413.A56728, montant net debite 2100 FCFA, Nouveau solde: 8454.13 FCFA."
USER_5,2024-07-08,21:02:51,OrangeMoney,transfert,OUT,5000.0,FCFA,2929.13,"Transfert de [USER_5_phone] [USER_5] vers [PHONE_1956] [CONTACT_2A97] reussi. ID transaction: PP240708.2102.C17706, Montant Transaction: 5000 FCFA, Frais: 25 FCFA, Commission: 0 FCFA, Montant Net: 5025 FCFA, Nouveau Solde: 2929.13 FCFA."
USER_5,2024-07-10,00:13:33,OrangeMoney,rechargement,OUT,200.0,FCFA,1529.13,"Rechargement reussi. Montant de la transaction: 200 FCFA, ID transaction: RC240710.0013.C95618, Frais: 0 FCFA, Commission: 0 FCFA, Nouveau solde: 1529.13 FCFA"
USER_5,2024-07-11,06:48:28,OrangeMoney,transfert,OUT,1600.0,FCFA,2429.13,"Transfert de [PHONE_1956] [CONTACT_2A97] vers [USER_5_phone] [USER_5] reussi. Details: ID transaction: PP240711.0648.C43144, Montant Transaction: 1600FCFA, Frais: 0 FCFA, Commission: 0 FCFA, Montant Net: 1600 FCFA, Nouveau Solde: 2429.13 FCFA."
USER_5,2024-07-11,14:44:46,OrangeMoney,transfert,OUT,550.0,FCFA,1376.38,"Transfert de [USER_5_phone] [USER_5] vers [PHONE_3592] [CONTACT_E9D6] reussi. ID transaction: PP240711.1444.B69709, Montant Transaction: 550 FCFA, Frais: 2.75 FCFA, Commission: 0 FCFA, Montant Net: 552.75 FCFA, Nouveau Solde: 1376.38 FCFA."
USER_5,2024-07-11,15:04:01,OrangeMoney,retrait,OUT,1000.0,FCFA,326.38,"Retrait d'argent reussi par le [PHONE_6147] avec le Code : 126080. Informations detaillees : Montant: 1000 FCFA, Frais: 50 FCFA, No de transaction CO240711.1503.C22824, montant net debite 1050 FCFA, Nouveau solde: 326.38 FCFA."
USER_5,2024-07-12,06:12:09,OrangeMoney,transfert,OUT,15000.0,FCFA,15326.38,"Transfert de [PHONE_7712] [CONTACT_BAF2] vers [USER_5_phone] [USER_5] reussi. Details: ID transaction: PP240712.0612.A46833, Montant Transaction: 15000FCFA, Frais: 0 FCFA, Commission: 0 FCFA, Montant Net: 15000 FCFA, Nouveau Solde: 15326.38 FCFA."
USER_5,2024-07-13,12:01:31,OrangeMoney,transfert,OUT,1200.0,FCFA,1226.38,"Transfert de [PHONE_1956] [CONTACT_2A97] vers [USER_5_phone] [USER_5] reussi. Details: ID transaction: PP240713.1201.C34084, Montant Transaction: 1200FCFA, Frais: 0 FCFA, Commission: 0 FCFA, Montant Net: 1200 FCFA, Nouveau Solde: 1226.38 FCFA."
USER_5,2024-07-13,18:55:48,OrangeMoney,transfert,OUT,2000.0,FCFA,2026.38,"Transfert de [PHONE_1956] [CONTACT_2A97] vers [USER_5_phone] [USER_5] reussi. Details: ID transaction: PP240713.1855.A57207, Montant Transaction: 2000FCFA, Frais: 0 FCFA, Commission: 0 FCFA, Montant Net: 2000 FCFA, Nouveau Solde: 2026.38 FCFA."
USER_5,2024-07-13,18:56:54,OrangeMoney,transfert,OUT,2000.0,FCFA,16.38,"Transfert de [USER_5_phone] [USER_5] vers [PHONE_7582] [CONTACT_0694] reussi. ID transaction: PP240713.1856.A58050, Montant Transaction: 2000 FCFA, Frais: 10 FCFA, Commission: 0 FCFA, Montant Net: 2010 FCFA, Nouveau Solde: 16.38 FCFA."
USER_5,2024-07-15,14:10:12,OrangeMoney,transfert,OUT,1100.0,FCFA,1116.38,"Transfert de [PHONE_1956] [CONTACT_2A97] vers [USER_5_phone] [USER_5] reussi. Details: ID transaction: PP240715.1410.B65259, Montant Transaction: 1100FCFA, Frais: 0 FCFA, Commission: 0 FCFA, Montant Net: 1100 FCFA, Nouveau Solde: 1116.38 FCFA."
USER_5,2024-07-15,14:39:44,OrangeMoney,transfert,OUT,1050.0,FCFA,61.13,"Transfert de [USER_5_phone] [USER_5] vers [PHONE_1699] [CONTACT_95D7] reussi. ID transaction: PP240715.1439.C97448, Montant Transaction: 1050 FCFA, Frais: 5.25 FCFA, Commission: 0 FCFA, Montant Net: 1055.25 FCFA, Nouveau Solde: 61.13 FCFA."
USER_5,2024-07-16,00:09:33,OrangeMoney,transfert,OUT,200.0,FCFA,261.13,"Transfert de [PHONE_9035] Elat vers [USER_5_phone] [USER_5] reussi. Details: ID transaction: PP240716.0009.B50365, Montant Transaction: 200FCFA, Frais: 0 FCFA, Commission: 0 FCFA, Montant Net: 200 FCFA, Nouveau Solde: 261.13 FCFA."
USER_5,2024-07-16,00:12:12,OrangeMoney,rechargement,OUT,200.0,FCFA,61.13,"Rechargement reussi. Montant de la transaction: 200 FCFA, ID transaction: RC240716.0012.B43679, Frais: 0 FCFA, Commission: 0 FCFA, Nouveau solde: 61.13 FCFA"
USER_5,2024-07-16,06:59:23,OrangeMoney,transfert,OUT,4100.0,FCFA,4161.13,"Transfert de [PHONE_1956] [CONTACT_2A97] vers [USER_5_phone] [USER_5] reussi. Details: ID transaction: PP240716.0659.A62207, Montant Transaction: 4100FCFA, Frais: 0 FCFA, Commission: 0 FCFA, Montant Net: 4100 FCFA, Nouveau Solde: 4161.13 FCFA."
USER_5,2024-07-16,09:35:12,OrangeMoney,autre,unknown,9185.0,FCFA,,"Transfert d argent de 9185 FCFA recu du +[PHONE_1907] (France) le 2024-07-16 09:35:10. Nouveau solde OM : 13346.13 FCFA, Frais : 0 FCFA"
USER_5,2024-07-16,09:47:41,OrangeMoney,transfert,OUT,3600.0,FCFA,9728.13,"Transfert de [USER_5_phone] [USER_5] vers [PHONE_0748] [CONTACT_56FD] reussi. ID transaction: PP240716.0947.B65507, Montant Transaction: 3600 FCFA, Frais: 18 FCFA, Commission: 0 FCFA, Montant Net: 3618 FCFA, Nouveau Solde: 9728.13 FCFA."
USER_5,2024-07-17,12:30:20,OrangeMoney,transfert,OUT,2150.0,FCFA,6457.38,"Transfert de [USER_5_phone] [USER_5] vers [PHONE_1699] [CONTACT_95D7] reussi. ID transaction: PP240717.1230.A88580, Montant Transaction: 2150 FCFA, Frais: 10.75 FCFA, Commission: 0 FCFA, Montant Net: 2160.75 FCFA, Nouveau Solde: 6457.38 FCFA."
USER_5,2024-07-17,16:40:08,OrangeMoney,transfert,OUT,1050.0,FCFA,5402.13,"Transfert de [USER_5_phone] [USER_5] vers [PHONE_5681] [CONTACT_C83A] reussi. ID transaction: PP240717.1640.B08540, Montant Transaction: 1050 FCFA, Frais: 5.25 FCFA, Commission: 0 FCFA, Montant Net: 1055.25 FCFA, Nouveau Solde: 5402.13 FCFA."
USER_5,2024-07-17,21:27:26,OrangeMoney,transfert,OUT,500.0,FCFA,4399.63,"Transfert de [USER_5_phone] [USER_5] vers [PHONE_1201] [CONTACT_B737] reussi. ID transaction: PP240717.2127.C30024, Montant Transaction: 500 FCFA, Frais: 2.5 FCFA, Commission: 0 FCFA, Montant Net: 502.5 FCFA, Nouveau Solde: 4399.63 FCFA."
USER_5,2024-07-18,14:39:17,OrangeMoney,transfert,OUT,2050.0,FCFA,2339.38,"Transfert de [USER_5_phone] [USER_5] vers [PHONE_1699] [CONTACT_95D7] reussi. ID transaction: PP240718.1439.C12281, Montant Transaction: 2050 FCFA, Frais: 10.25 FCFA, Commission: 0 FCFA, Montant Net: 2060.25 FCFA, Nouveau Solde: 2339.38 FCFA."
USER_5,2024-07-19,20:31:41,OrangeMoney,transfert,OUT,3000.0,FCFA,4139.38,"Transfert de [PHONE_7712] [CONTACT_BAF2] vers [USER_5_phone] [USER_5] reussi. Details: ID transaction: PP240719.2031.A28914, Montant Transaction: 3000FCFA, Frais: 0 FCFA, Commission: 0 FCFA, Montant Net: 3000 FCFA, Nouveau Solde: 4139.38 FCFA."
USER_5,2024-07-19,20:33:21,OrangeMoney,transfert,OUT,3100.0,FCFA,1023.88,"Transfert de [USER_5_phone] [USER_5] vers [PHONE_2445] [CONTACT_1BC7] reussi. ID transaction: PP240719.2033.A30090, Montant Transaction: 3100 FCFA, Frais: 15.5 FCFA, Commission: 0 FCFA, Montant Net: 3115.5 FCFA, Nouveau Solde: 1023.88 FCFA."
USER_5,2024-07-22,08:25:44,OrangeMoney,transfert,OUT,500.0,FCFA,702.5,"Transfert de [PHONE_8900] [USER_5] vers [USER_5_phone] [USER_5] reussi. ID transaction: PP240722.0825.B10754, Montant Transaction: 500 FCFA, Frais: 2.5 FCFA, Commission: 0 FCFA, Montant Net: 502.5 FCFA, Nouveau Solde: 702.5 FCFA."
USER_5,2024-07-22,08:25:46,OrangeMoney,transfert,OUT,500.0,FCFA,523.88,"Transfert de [PHONE_8900] [USER_5] vers [USER_5_phone] [USER_5] reussi. Details: ID transaction: PP240722.0825.B10754, Montant Transaction: 500FCFA, Frais: 0 FCFA, Commission: 0 FCFA, Montant Net: 500 FCFA, Nouveau Solde: 523.88 FCFA."
USER_5,2024-07-23,13:25:41,OrangeMoney,autre,unknown,30175.0,FCFA,,"Transfert d argent de 30175 FCFA recu du +[PHONE_1907] (France) le 2024-07-23 13:25:40. Nouveau solde OM : 30198.88 FCFA, Frais : 0 FCFA"
USER_5,2024-07-23,13:57:19,OrangeMoney,retrait,OUT,25000.0,FCFA,4823.88,"Retrait d'argent reussi par le [PHONE_6799] avec le Code : 122999. Informations detaillees : Montant: 25000 FCFA, Frais: 375 FCFA, No de transaction CO240723.1357.A70277, montant net debite 25375 FCFA, Nouveau solde: 4823.88 FCFA."
USER_5,2024-07-23,19:57:17,OrangeMoney,transfert,OUT,500.0,FCFA,200.0,"Transfert de [PHONE_8900] [USER_5] vers [USER_5_phone] [USER_5] reussi. ID transaction: PP240723.1957.D31809, Montant Transaction: 500 FCFA, Frais: 2.5 FCFA, Commission: 0 FCFA, Montant Net: 502.5 FCFA, Nouveau Solde: 200 FCFA."
USER_5,2024-07-23,19:57:20,OrangeMoney,transfert,OUT,500.0,FCFA,5323.88,"Transfert de [PHONE_8900] [USER_5] vers [USER_5_phone] [USER_5] reussi. Details: ID transaction: PP240723.1957.D31809, Montant Transaction: 500FCFA, Frais: 0 FCFA, Commission: 0 FCFA, Montant Net: 500 FCFA, Nouveau Solde: 5323.88 FCFA."
USER_5,2024-07-24,19:03:51,OrangeMoney,transfert,OUT,1000.0,FCFA,5823.88,"Transfert de [PHONE_1956] [CONTACT_2A97] vers [USER_5_phone] [USER_5] reussi. Details: ID transaction: PP240724.1903.C35857, Montant Transaction: 1000FCFA, Frais: 0 FCFA, Commission: 0 FCFA, Montant Net: 1000 FCFA, Nouveau Solde: 5823.88 FCFA."
USER_5,2024-07-25,15:27:08,OrangeMoney,transfert,OUT,2500.0,FCFA,7323.88,"Transfert de [PHONE_1435] [CONTACT_71CD] vers [USER_5_phone] [USER_5] reussi. Details: ID transaction: PP240725.1527.D66778, Montant Transaction: 2500FCFA, Frais: 0 FCFA, Commission: 0 FCFA, Montant Net: 2500 FCFA, Nouveau Solde: 7323.88 FCFA."
USER_5,2024-07-25,18:38:11,OrangeMoney,transfert,OUT,5100.0,FCFA,1698.38,"Transfert de [USER_5_phone] [USER_5] vers [PHONE_9229] [CONTACT_97A5] reussi. ID transaction: PP240725.1838.B02772, Montant Transaction: 5100 FCFA, Frais: 25.5 FCFA, Commission: 0 FCFA, Montant Net: 5125.5 FCFA, Nouveau Solde: 1698.38 FCFA."
USER_5,2024-07-26,08:55:30,OrangeMoney,transfert,OUT,5100.0,FCFA,6298.38,"Transfert de [PHONE_1956] [CONTACT_2A97] vers [USER_5_phone] [USER_5] reussi. Details: ID transaction: PP240726.0855.D10632, Montant Transaction: 5100FCFA, Frais: 0 FCFA, Commission: 0 FCFA, Montant Net: 5100 FCFA, Nouveau Solde: 6298.38 FCFA."
USER_5,2024-07-26,21:55:32,OrangeMoney,transfert,OUT,500.0,FCFA,5295.88,"Transfert de [USER_5_phone] [USER_5] vers [PHONE_7751] [CONTACT_B03E] reussi. ID transaction: PP240726.2155.C59079, Montant Transaction: 500 FCFA, Frais: 2.5 FCFA, Commission: 0 FCFA, Montant Net: 502.5 FCFA, Nouveau Solde: 5295.88 FCFA."
USER_5,2024-07-27,11:46:28,OrangeMoney,rechargement,OUT,200.0,FCFA,5095.88,"Rechargement reussi. Montant de la transaction: 200 FCFA, ID transaction: RC240727.1146.A01370, Frais: 0 FCFA, Commission: 0 FCFA, Nouveau solde: 5095.88 FCFA"
USER_5,2024-07-29,09:15:53,OrangeMoney,rechargement,OUT,300.0,FCFA,1195.88,"Rechargement reussi. Montant de la transaction: 300 FCFA, ID transaction: RC240729.0915.D03576, Frais: 0 FCFA, Commission: 0 FCFA, Nouveau solde: 1195.88 FCFA"
USER_5,2024-07-29,10:59:23,OrangeMoney,rechargement,OUT,150.0,FCFA,1045.88,"Rechargement reussi. Montant de la transaction: 150 FCFA, ID transaction: RC240729.1059.D21365, Frais: 0 FCFA, Commission: 0 FCFA, Nouveau solde: 1045.88 FCFA"
USER_5,2024-07-29,11:03:34,OrangeMoney,rechargement,OUT,150.0,FCFA,895.88,"Rechargement reussi. Montant de la transaction: 150 FCFA, ID transaction: RC240729.1103.B25754, Frais: 0 FCFA, Commission: 0 FCFA, Nouveau solde: 895.88 FCFA"
USER_5,2024-07-29,23:57:55,OrangeMoney,rechargement,OUT,200.0,FCFA,195.88,"Rechargement reussi. Montant de la transaction: 200 FCFA, ID transaction: RC240729.2357.A94853, Frais: 0 FCFA, Commission: 0 FCFA, Nouveau solde: 195.88 FCFA"
USER_5,2024-07-30,09:40:26,OrangeMoney,transfert,OUT,10000.0,FCFA,10095.88,"Transfert de [PHONE_1956] [CONTACT_2A97] vers [USER_5_phone] [USER_5] reussi. Details: ID transaction: PP240730.0940.A76201, Montant Transaction: 10000FCFA, Frais: 0 FCFA, Commission: 0 FCFA, Montant Net: 10000 FCFA, Nouveau Solde: 10095.88 FCFA."
USER_5,2024-07-30,10:30:17,OrangeMoney,transfert,OUT,300.0,FCFA,8294.38,"Transfert de [USER_5_phone] [USER_5] vers [PHONE_7582] [CONTACT_0694] reussi. ID transaction: PP240730.1030.A05587, Montant Transaction: 300 FCFA, Frais: 1.5 FCFA, Commission: 0 FCFA, Montant Net: 301.5 FCFA, Nouveau Solde: 8294.38 FCFA."
USER_5,2024-07-30,16:57:27,OrangeMoney,transfert,OUT,1550.0,FCFA,4236.63,"Transfert de [USER_5_phone] [USER_5] vers [PHONE_7206] [CONTACT_3E4F] reussi. ID transaction: PP240730.1657.A58709, Montant Transaction: 1550 FCFA, Frais: 7.75 FCFA, Commission: 0 FCFA, Montant Net: 1557.75 FCFA, Nouveau Solde: 4236.63 FCFA."
USER_5,2024-08-01,19:19:07,OrangeMoney,transfert,OUT,550.0,FCFA,2241.63,"Transfert de [PHONE_8096] [CONTACT_B329] vers [USER_5_phone] [USER_5] reussi. Details: ID transaction: PP240801.1919.A15442, Montant Transaction: 550FCFA, Frais: 0 FCFA, Commission: 0 FCFA, Montant Net: 550 FCFA, Nouveau Solde: 2241.63 FCFA."
USER_5,2024-08-01,19:30:00,OrangeMoney,transfert,OUT,3100.0,FCFA,5341.63,"Transfert de [PHONE_5809] [CONTACT_A7B7] vers [USER_5_phone] [USER_5] reussi. Details: ID transaction: PP240801.1930.B17285, Montant Transaction: 3100FCFA, Frais: 0 FCFA, Commission: 0 FCFA, Montant Net: 3100 FCFA, Nouveau Solde: 5341.63 FCFA."
USER_5,2024-08-02,10:56:16,OrangeMoney,transfert,OUT,2050.0,FCFA,6891.63,"Transfert de [PHONE_1956] [CONTACT_2A97] vers [USER_5_phone] [USER_5] reussi. Details: ID transaction: PP240802.1056.B66829, Montant Transaction: 2050FCFA, Frais: 0 FCFA, Commission: 0 FCFA, Montant Net: 2050 FCFA, Nouveau Solde: 6891.63 FCFA."
USER_5,2024-08-02,11:17:11,OrangeMoney,transfert,OUT,1000.0,FCFA,7891.63,"Transfert de [PHONE_5809] [CONTACT_A7B7] vers [USER_5_phone] [USER_5] reussi. Details: ID transaction: PP240802.1117.C10528, Montant Transaction: 1000FCFA, Frais: 0 FCFA, Commission: 0 FCFA, Montant Net: 1000 FCFA, Nouveau Solde: 7891.63 FCFA."
USER_5,2024-08-02,15:46:26,OrangeMoney,transfert,OUT,2050.0,FCFA,9441.63,"Transfert de [PHONE_2436] [CONTACT_7B4F] vers [USER_5_phone] [USER_5] reussi. Details: ID transaction: PP240802.1546.D60901, Montant Transaction: 2050FCFA, Frais: 0 FCFA, Commission: 0 FCFA, Montant Net: 2050 FCFA, Nouveau Solde: 9441.63 FCFA."
USER_5,2024-08-02,16:14:53,OrangeMoney,transfert,OUT,2050.0,FCFA,11491.63,"Transfert de [PHONE_2511] [CONTACT_7A71] vers [USER_5_phone] [USER_5] reussi. Details: ID transaction: PP240802.1614.C07863, Montant Transaction: 2050FCFA, Frais: 0 FCFA, Commission: 0 FCFA, Montant Net: 2050 FCFA, Nouveau Solde: 11491.63 FCFA."
USER_5,2024-08-02,17:49:34,OrangeMoney,depot,IN,1500.0,FCFA,12991.63,"Depot effectue par [PHONE_1306] [CONTACT_EF44] to [USER_5_phone] [USER_5]. Informations detaillees: Montant de transaction : 1500 FCFA, ID transaction : CI240802.1749.A75627, Frais : 0 FCFA, Commission : 0 FCFA, Montant Net du Credit : 1500 FCFA, Nouveau Solde : 12991.63 FCFA."
USER_5,2024-08-02,17:51:08,OrangeMoney,retrait,OUT,3500.0,FCFA,9439.13,"Retrait d'argent reussi par le [PHONE_4847] avec le Code : 753585. Informations detaillees : Montant: 3500 FCFA, Frais: 52.5 FCFA, No de transaction CO240802.1751.D04103, montant net debite 3552.5 FCFA, Nouveau solde: 9439.13 FCFA."
USER_5,2024-08-02,19:25:22,OrangeMoney,transfert,OUT,5075.0,FCFA,14514.13,"Transfert de [PHONE_3967] [CONTACT_3687] vers [USER_5_phone] [USER_5] reussi. Details: ID transaction: PP240802.1925.D14322, Montant Transaction: 5075FCFA, Frais: 0 FCFA, Commission: 0 FCFA, Montant Net: 5075 FCFA, Nouveau Solde: 14514.13 FCFA."
USER_5,2024-08-03,07:00:55,OrangeMoney,transfert,OUT,2600.0,FCFA,17114.13,"Transfert de [PHONE_1956] [CONTACT_2A97] vers [USER_5_phone] [USER_5] reussi. Details: ID transaction: PP240803.0700.C77599, Montant Transaction: 2600FCFA, Frais: 0 FCFA, Commission: 0 FCFA, Montant Net: 2600 FCFA, Nouveau Solde: 17114.13 FCFA."
USER_5,2024-08-03,07:25:24,OrangeMoney,transfert,OUT,1000.0,FCFA,18114.13,"Transfert de [PHONE_3967] [CONTACT_3687] vers [USER_5_phone] [USER_5] reussi. Details: ID transaction: PP240803.0725.C84708, Montant Transaction: 1000FCFA, Frais: 0 FCFA, Commission: 0 FCFA, Montant Net: 1000 FCFA, Nouveau Solde: 18114.13 FCFA."
USER_5,2024-08-03,08:02:47,OrangeMoney,retrait,OUT,3000.0,FCFA,15064.13,"Retrait d'argent reussi par le [PHONE_7577] avec le Code : 804428. Informations detaillees : Montant: 3000 FCFA, Frais: 50 FCFA, No de transaction CO240803.0802.A16174, montant net debite 3050 FCFA, Nouveau solde: 15064.13 FCFA."
USER_5,2024-08-03,09:20:32,OrangeMoney,transfert,OUT,2200.0,FCFA,12853.13,"Transfert de [USER_5_phone] [USER_5] vers [PHONE_7994] [CONTACT_84DF] reussi. ID transaction: PP240803.0920.D08640, Montant Transaction: 2200 FCFA, Frais: 11 FCFA, Commission: 0 FCFA, Montant Net: 2211 FCFA, Nouveau Solde: 12853.13 FCFA."
USER_5,2024-08-04,13:12:37,OrangeMoney,transfert,OUT,10250.0,FCFA,1551.88,"Transfert de [USER_5_phone] [USER_5] vers [PHONE_3416] [CONTACT_D79F] reussi. ID transaction: PP240804.1312.C30809, Montant Transaction: 10250 FCFA, Frais: 51.25 FCFA, Commission: 0 FCFA, Montant Net: 10301.25 FCFA, Nouveau Solde: 1551.88 FCFA."
USER_5,2024-08-05,15:33:14,OrangeMoney,transfert,OUT,2500.0,FCFA,3551.88,"Transfert de [PHONE_7582] [CONTACT_0694] vers [USER_5_phone] [USER_5] reussi. Details: ID transaction: PP240805.1533.C70877, Montant Transaction: 2500FCFA, Frais: 0 FCFA, Commission: 0 FCFA, Montant Net: 2500 FCFA, Nouveau Solde: 3551.88 FCFA."
USER_5,2024-08-05,17:41:31,OrangeMoney,retrait,OUT,2500.0,FCFA,501.88,"Retrait d'argent reussi par le [PHONE_0855] avec le Code : 151681. Informations detaillees : Montant: 2500 FCFA, Frais: 50 FCFA, No de transaction CO240805.1741.C73778, montant net debite 2550 FCFA, Nouveau solde: 501.88 FCFA."
USER_5,2024-08-06,18:32:49,OrangeMoney,rechargement,OUT,500.0,FCFA,1.88,"Rechargement reussi. Montant de la transaction: 500 FCFA, ID transaction: RC240806.1832.A97330, Frais: 0 FCFA, Commission: 0 FCFA, Nouveau solde: 1.88 FCFA"
USER_5,2024-08-07,11:45:07,OrangeMoney,transfert,OUT,2550.0,FCFA,2551.88,"Transfert de [PHONE_7316] [CONTACT_6E3E]  A YOMBO vers [USER_5_phone] [USER_5] reussi. Details: ID transaction: PP240807.1145.B22612, Montant Transaction: 2550FCFA, Frais: 0 FCFA, Commission: 0 FCFA, Montant Net: 2550 FCFA, Nouveau Solde: 2551.88 FCFA."
USER_5,2024-08-07,19:21:28,OrangeMoney,transfert,OUT,20500.0,FCFA,22051.88,"Transfert de [PHONE_1956] [CONTACT_2A97] vers [USER_5_phone] [USER_5] reussi. Details: ID transaction: PP240807.1921.A25186, Montant Transaction: 20500FCFA, Frais: 0 FCFA, Commission: 0 FCFA, Montant Net: 20500 FCFA, Nouveau Solde: 22051.88 FCFA."
USER_5,2024-08-07,19:25:01,OrangeMoney,transfert,OUT,20500.0,FCFA,1449.38,"Transfert de [USER_5_phone] [USER_5] vers [PHONE_4574] [CONTACT_8277] reussi. ID transaction: PP240807.1924.B22760, Montant Transaction: 20500 FCFA, Frais: 102.5 FCFA, Commission: 0 FCFA, Montant Net: 20602.5 FCFA, Nouveau Solde: 1449.38 FCFA."
USER_5,2024-08-09,19:58:39,OrangeMoney,transfert,OUT,2600.0,FCFA,3049.38,"Transfert de [PHONE_1956] [CONTACT_2A97] vers [USER_5_phone] [USER_5] reussi. Details: ID transaction: PP240809.1958.A10141, Montant Transaction: 2600FCFA, Frais: 0 FCFA, Commission: 0 FCFA, Montant Net: 2600 FCFA, Nouveau Solde: 3049.38 FCFA."
USER_5,2024-08-11,08:26:00,OrangeMoney,transfert,OUT,15000.0,FCFA,17549.38,"Transfert de [PHONE_1956] [CONTACT_2A97] vers [USER_5_phone] [USER_5] reussi. Details: ID transaction: PP240811.0826.C58428, Montant Transaction: 15000FCFA, Frais: 0 FCFA, Commission: 0 FCFA, Montant Net: 15000 FCFA, Nouveau Solde: 17549.38 FCFA."
USER_5,2024-08-13,17:03:03,OrangeMoney,transfert,OUT,1500.0,FCFA,3649.38,"Transfert de [PHONE_5747] [CONTACT_3F20] vers [USER_5_phone] [USER_5] reussi. Details: ID transaction: PP240813.1703.D30550, Montant Transaction: 1500FCFA, Frais: 0 FCFA, Commission: 0 FCFA, Montant Net: 1500 FCFA, Nouveau Solde: 3649.38 FCFA."
USER_5,2024-08-14,12:53:02,OrangeMoney,transfert,OUT,2200.0,FCFA,938.38,"Transfert de [USER_5_phone] [USER_5] vers [PHONE_1850] [CONTACT_87CF] reussi. ID transaction: PP240814.1253.C58874, Montant Transaction: 2200 FCFA, Frais: 11 FCFA, Commission: 0 FCFA, Montant Net: 2211 FCFA, Nouveau Solde: 938.38 FCFA."
USER_5,2024-08-15,09:19:07,OrangeMoney,transfert,OUT,5000.0,FCFA,5938.38,"Transfert de [PHONE_1956] [CONTACT_2A97] vers [USER_5_phone] [USER_5] reussi. Details: ID transaction: PP240815.0919.D82274, Montant Transaction: 5000FCFA, Frais: 0 FCFA, Commission: 0 FCFA, Montant Net: 5000 FCFA, Nouveau Solde: 5938.38 FCFA."
USER_5,2024-08-15,09:20:31,OrangeMoney,transfert,OUT,5150.0,FCFA,762.63,"Transfert de [USER_5_phone] [USER_5] vers [PHONE_5144] [CONTACT_879D] reussi. ID transaction: PP240815.0920.B78818, Montant Transaction: 5150 FCFA, Frais: 25.75 FCFA, Commission: 0 FCFA, Montant Net: 5175.75 FCFA, Nouveau Solde: 762.63 FCFA."
USER_5,2024-08-18,18:09:25,OrangeMoney,transfert,OUT,1000.0,FCFA,1262.63,"Transfert de [PHONE_1956] [CONTACT_2A97] vers [USER_5_phone] [USER_5] reussi. Details: ID transaction: PP240818.1809.B55280, Montant Transaction: 1000FCFA, Frais: 0 FCFA, Commission: 0 FCFA, Montant Net: 1000 FCFA, Nouveau Solde: 1262.63 FCFA."
USER_5,2024-08-20,18:34:58,OrangeMoney,transfert,OUT,1050.0,FCFA,1112.63,"Transfert de [PHONE_4275] [CONTACT_A8B4] vers [USER_5_phone] [USER_5] reussi. Details: ID transaction: PP240820.1834.D49671, Montant Transaction: 1050FCFA, Frais: 0 FCFA, Commission: 0 FCFA, Montant Net: 1050 FCFA, Nouveau Solde: 1112.63 FCFA."
USER_5,2024-08-23,17:52:20,OrangeMoney,transfert,OUT,100500.0,FCFA,100612.63,"Transfert de [PHONE_7712] [CONTACT_BAF2] vers [USER_5_phone] [USER_5] reussi. Details: ID transaction: PP240823.1752.B36991, Montant Transaction: 100500FCFA, Frais: 0 FCFA, Commission: 0 FCFA, Montant Net: 100500 FCFA, Nouveau Solde: 100612.63 FCFA."
USER_5,2024-08-23,20:31:28,OrangeMoney,transfert,OUT,1000.0,FCFA,101612.63,"Transfert de [PHONE_1956] [CONTACT_2A97] vers [USER_5_phone] [USER_5] reussi. Details: ID transaction: PP240823.2031.B37846, Montant Transaction: 1000FCFA, Frais: 0 FCFA, Commission: 0 FCFA, Montant Net: 1000 FCFA, Nouveau Solde: 101612.63 FCFA."
USER_5,2024-08-23,20:32:20,OrangeMoney,retrait,OUT,100000.0,FCFA,112.63,"Retrait d'argent reussi par le [PHONE_7103] avec le Code : 587233. Informations detaillees : Montant: 100000 FCFA, Frais: 1500 FCFA, No de transaction CO240823.2032.A13202, montant net debite 101500 FCFA, Nouveau solde: 112.63 FCFA."
USER_5,2024-08-25,00:35:40,OrangeMoney,transfert,OUT,21000.0,FCFA,21112.63,"Transfert de [PHONE_4275] [CONTACT_A8B4] vers [USER_5_phone] [USER_5] reussi. Details: ID transaction: PP240825.0035.D86300, Montant Transaction: 21000FCFA, Frais: 0 FCFA, Commission: 0 FCFA, Montant Net: 21000 FCFA, Nouveau Solde: 21112.63 FCFA."
USER_5,2024-08-27,09:15:39,OrangeMoney,transfert,OUT,20000.0,FCFA,512.63,"Transfert de [USER_5_phone] [USER_5] vers [PHONE_8470] [CONTACT_D8E7] reussi. ID transaction: PP240827.0915.A01001, Montant Transaction: 20000 FCFA, Frais: 100 FCFA, Commission: 0 FCFA, Montant Net: 20100 FCFA, Nouveau Solde: 512.63 FCFA."
USER_5,2024-08-27,12:41:57,OrangeMoney,transfert,OUT,20000.0,FCFA,20012.63,"Transfert de [PHONE_8470] [CONTACT_D8E7] vers [USER_5_phone] [USER_5] reussi. Details: ID transaction: PP240827.1241.B35188, Montant Transaction: 20000FCFA, Frais: 0 FCFA, Commission: 0 FCFA, Montant Net: 20000 FCFA, Nouveau Solde: 20012.63 FCFA."
USER_5,2024-08-27,14:37:11,OrangeMoney,transfert,OUT,19200.0,FCFA,716.63,"Transfert de [USER_5_phone] [USER_5] vers [PHONE_3357] [CONTACT_6D2A] reussi. ID transaction: PP240827.1437.A07501, Montant Transaction: 19200 FCFA, Frais: 96 FCFA, Commission: 0 FCFA, Montant Net: 19296 FCFA, Nouveau Solde: 716.63 FCFA."
USER_5,2024-08-29,17:03:55,OrangeMoney,depot,IN,3000.0,FCFA,3066.63,"Depot effectue par [PHONE_7872] [CONTACT_8635] to [USER_5_phone] [USER_5]. Informations detaillees: Montant de transaction : 3000 FCFA, ID transaction : CI240829.1703.C48040, Frais : 0 FCFA, Commission : 0 FCFA, Montant Net du Credit : 3000 FCFA, Nouveau Solde : 3066.63 FCFA."
USER_5,2024-09-02,22:10:57,OrangeMoney,transfert,OUT,1000.0,FCFA,1066.63,"Transfert de [PHONE_8470] [CONTACT_D8E7] vers [USER_5_phone] [USER_5] reussi. Details: ID transaction: PP240902.2210.A03165, Montant Transaction: 1000FCFA, Frais: 0 FCFA, Commission: 0 FCFA, Montant Net: 1000 FCFA, Nouveau Solde: 1066.63 FCFA."
USER_5,2024-09-06,11:17:48,OrangeMoney,autre,unknown,0.0,FCFA,35491.63,"Cher(e) client(e) vous venez de recevoir un mandat de  en provenance de NA.  ID: CI240906.1117.B92613, Reference: Gh8B26Quv57V  Montant transaction 35425 CFA, frais 0 FCFA, commission: 0 FCFA, Montant net: 35425 FCFA. Nouveau solde 35491.63 FCFA. Orange Money vous remercie."
USER_5,2024-09-06,13:36:44,OrangeMoney,transfert,OUT,12150.0,FCFA,22780.88,"Transfert de [USER_5_phone] [USER_5] vers [PHONE_7335] [CONTACT_3070] reussi. ID transaction: PP240906.1336.D44554, Montant Transaction: 12150 FCFA, Frais: 60.75 FCFA, Commission: 0 FCFA, Montant Net: 12210.75 FCFA, Nouveau Solde: 22780.88 FCFA."
USER_5,2024-09-06,14:03:00,OrangeMoney,transfert,OUT,20300.0,FCFA,43080.88,"Transfert de [PHONE_7712] [CONTACT_BAF2] vers [USER_5_phone] [USER_5] reussi. Details: ID transaction: PP240906.1402.B64706, Montant Transaction: 20300FCFA, Frais: 0 FCFA, Commission: 0 FCFA, Montant Net: 20300 FCFA, Nouveau Solde: 43080.88 FCFA."
USER_5,2024-09-06,15:30:40,OrangeMoney,transfert,OUT,1700.0,FCFA,41372.38,"Transfert de [USER_5_phone] [USER_5] vers [PHONE_9793] [CONTACT_92F0] reussi. ID transaction: PP240906.1530.B27828, Montant Transaction: 1700 FCFA, Frais: 8.5 FCFA, Commission: 0 FCFA, Montant Net: 1708.5 FCFA, Nouveau Solde: 41372.38 FCFA."
USER_5,2024-09-06,15:42:56,OrangeMoney,depot,IN,200000.0,FCFA,241372.38,"Depot effectue par [PHONE_0539] [CONTACT_F381] to [USER_5_phone] [USER_5]. Informations detaillees: Montant de transaction : 200000 FCFA, ID transaction : CI240906.1542.D56355, Frais : 0 FCFA, Commission : 0 FCFA, Montant Net du Credit : 200000 FCFA, Nouveau Solde : 241372.38 FCFA."
USER_5,2024-09-06,16:00:04,OrangeMoney,retrait,OUT,41000.0,FCFA,199757.38,"Retrait d'argent reussi par le [PHONE_5442] avec le Code : 730843. Informations detaillees : Montant: 41000 FCFA, Frais: 615 FCFA, No de transaction CO240906.1600.C10614, montant net debite 41615 FCFA, Nouveau solde: 199757.38 FCFA."
USER_5,2024-09-06,17:24:26,OrangeMoney,transfert,OUT,5000.0,FCFA,194732.38,"Transfert de [USER_5_phone] [USER_5] vers [PHONE_8470] [CONTACT_D8E7] reussi. ID transaction: PP240906.1724.D09512, Montant Transaction: 5000 FCFA, Frais: 25 FCFA, Commission: 0 FCFA, Montant Net: 5025 FCFA, Nouveau Solde: 194732.38 FCFA."
USER_5,2024-09-07,22:45:14,OrangeMoney,transfert,OUT,7100.0,FCFA,160646.88,"Transfert de [USER_5_phone] [USER_5] vers [PHONE_6593] [CONTACT_36DA] reussi. ID transaction: PP240907.2245.B96088, Montant Transaction: 7100 FCFA, Frais: 35.5 FCFA, Commission: 0 FCFA, Montant Net: 7135.5 FCFA, Nouveau Solde: 160646.88 FCFA."
USER_5,2024-09-08,12:18:48,OrangeMoney,transfert,OUT,10200.0,FCFA,150395.88,"Transfert de [USER_5_phone] [USER_5] vers [PHONE_7582] [CONTACT_0694] reussi. ID transaction: PP240908.1218.A14083, Montant Transaction: 10200 FCFA, Frais: 51 FCFA, Commission: 0 FCFA, Montant Net: 10251 FCFA, Nouveau Solde: 150395.88 FCFA."
USER_5,2024-09-08,23:28:10,OrangeMoney,transfert,OUT,1000.0,FCFA,149390.88,"Transfert de [USER_5_phone] [USER_5] vers [PHONE_0349] [CONTACT_21AC] reussi. ID transaction: PP240908.2328.B54109, Montant Transaction: 1000 FCFA, Frais: 5 FCFA, Commission: 0 FCFA, Montant Net: 1005 FCFA, Nouveau Solde: 149390.88 FCFA."
USER_5,2024-09-09,13:38:27,OrangeMoney,transfert,OUT,5100.0,FCFA,144265.38,"Transfert de [USER_5_phone] [USER_5] vers [PHONE_2617] [CONTACT_6EC3] reussi. ID transaction: PP240909.1338.C19759, Montant Transaction: 5100 FCFA, Frais: 25.5 FCFA, Commission: 0 FCFA, Montant Net: 5125.5 FCFA, Nouveau Solde: 144265.38 FCFA."
USER_5,2024-09-10,10:11:53,OrangeMoney,depot,IN,200000.0,FCFA,341465.38,"Depot effectue par [PHONE_9052] [CONTACT_D05B] to [USER_5_phone] [USER_5]. Informations detaillees: Montant de transaction : 200000 FCFA, ID transaction : CI240910.1011.C75407, Frais : 0 FCFA, Commission : 0 FCFA, Montant Net du Credit : 200000 FCFA, Nouveau Solde : 341465.38 FCFA."
USER_5,2024-09-10,10:18:58,OrangeMoney,transfert,OUT,150000.0,FCFA,190715.38,"Transfert de [USER_5_phone] [USER_5] vers [PHONE_1956] [CONTACT_2A97] reussi. ID transaction: PP240910.1018.B59969, Montant Transaction: 150000 FCFA, Frais: 750 FCFA, Commission: 0 FCFA, Montant Net: 150750 FCFA, Nouveau Solde: 190715.38 FCFA."
USER_5,2024-09-10,12:13:14,OrangeMoney,transfert,OUT,160000.0,FCFA,29915.38,"Transfert de [USER_5_phone] [USER_5] vers [PHONE_5231] Tazanfouo Nhouanet reussi. ID transaction: PP240910.1213.B31251, Montant Transaction: 160000 FCFA, Frais: 800 FCFA, Commission: 0 FCFA, Montant Net: 160800 FCFA, Nouveau Solde: 29915.38 FCFA."
USER_5,2024-09-10,12:55:07,OrangeMoney,transfert,OUT,1850.0,FCFA,31765.38,"Transfert de [PHONE_2411] [CONTACT_983B] vers [USER_5_phone] [USER_5] reussi. Details: ID transaction: PP240910.1253.D57058, Montant Transaction: 1850FCFA, Frais: 0 FCFA, Commission: 0 FCFA, Montant Net: 1850 FCFA, Nouveau Solde: 31765.38 FCFA."
USER_5,2024-09-10,15:21:23,OrangeMoney,paiement,OUT,4000.0,FCFA,27745.38,"Vous venez d'effectuer un paiement chez atchang d'un montant de 4000 FCFA.  Reference de la transaction: SM240910.1521.D73475, Frais: 20 FCFA, Montant net debite: 4020 FCFA. Nouveau Solde: 27745.38 FCFA. Orange Money vous remercie."
USER_5,2024-09-10,16:19:28,OrangeMoney,transfert,OUT,10000.0,FCFA,37745.38,"Transfert de [PHONE_7335] [CONTACT_3070] vers [USER_5_phone] [USER_5] reussi. Details: ID transaction: PP240910.1619.B85664, Montant Transaction: 10000FCFA, Frais: 0 FCFA, Commission: 0 FCFA, Montant Net: 10000 FCFA, Nouveau Solde: 37745.38 FCFA."
USER_5,2024-09-10,20:57:25,OrangeMoney,transfert,OUT,15500.0,FCFA,53245.38,"Transfert de [PHONE_1956] [CONTACT_2A97] vers [USER_5_phone] [USER_5] reussi. Details: ID transaction: PP240910.2057.C63235, Montant Transaction: 15500FCFA, Frais: 0 FCFA, Commission: 0 FCFA, Montant Net: 15500 FCFA, Nouveau Solde: 53245.38 FCFA."
USER_5,2024-09-11,18:41:19,OrangeMoney,transfert,OUT,9550.0,FCFA,27747.63,"Transfert de [USER_5_phone] [USER_5] vers [PHONE_4434] [CONTACT_91DE] reussi. ID transaction: PP240911.1841.B38107, Montant Transaction: 9550 FCFA, Frais: 47.75 FCFA, Commission: 0 FCFA, Montant Net: 9597.75 FCFA, Nouveau Solde: 27747.63 FCFA."
USER_5,2024-09-11,18:49:08,OrangeMoney,transfert,OUT,4850.0,FCFA,22873.38,"Transfert de [USER_5_phone] [USER_5] vers [PHONE_4434] [CONTACT_91DE] reussi. ID transaction: PP240911.1849.C45400, Montant Transaction: 4850 FCFA, Frais: 24.25 FCFA, Commission: 0 FCFA, Montant Net: 4874.25 FCFA, Nouveau Solde: 22873.38 FCFA."
USER_5,2024-09-12,08:28:11,OrangeMoney,retrait,OUT,1100.0,FCFA,21523.38,"Retrait d'argent reussi par le [PHONE_0647] avec le Code : 792842. Informations detaillees : Montant: 1100 FCFA, Frais: 50 FCFA, No de transaction CO240912.0828.C75278, montant net debite 1150 FCFA, Nouveau solde: 21523.38 FCFA."
USER_5,2024-09-12,12:34:10,OrangeMoney,paiement,OUT,3400.0,FCFA,17606.38,"Vous venez d'effectuer un paiement chez atchang d'un montant de 3400 FCFA.  Reference de la transaction: SM240912.1234.B08570, Frais: 17 FCFA, Montant net debite: 3417 FCFA. Nouveau Solde: 17606.38 FCFA. Orange Money vous remercie."
USER_5,2024-09-12,17:55:05,OrangeMoney,retrait,OUT,500.0,FCFA,17056.38,"Retrait d'argent reussi par le [PHONE_7669] avec le Code : 717494. Informations detaillees : Montant: 500 FCFA, Frais: 50 FCFA, No de transaction CO240912.1755.D33975, montant net debite 550 FCFA, Nouveau solde: 17056.38 FCFA."
USER_5,2024-09-12,17:57:36,OrangeMoney,retrait,OUT,700.0,FCFA,16306.38,"Retrait d'argent reussi par le [PHONE_0647] avec le Code : 792842. Informations detaillees : Montant: 700 FCFA, Frais: 50 FCFA, No de transaction CO240912.1757.D35433, montant net debite 750 FCFA, Nouveau solde: 16306.38 FCFA."
USER_5,2024-09-13,15:03:00,OrangeMoney,paiement,OUT,1650.0,FCFA,14148.13,"Vous venez d'effectuer un paiement chez atchang d'un montant de 1650 FCFA.  Reference de la transaction: SM240913.1502.D28506, Frais: 8.25 FCFA, Montant net debite: 1658.25 FCFA. Nouveau Solde: 14148.13 FCFA. Orange Money vous remercie."
USER_5,2024-09-14,13:37:27,OrangeMoney,retrait,OUT,1800.0,FCFA,11798.13,"Retrait d'argent reussi par le [PHONE_0647] avec le Code : 792842. Informations detaillees : Montant: 1800 FCFA, Frais: 50 FCFA, No de transaction CO240914.1337.D74617, montant net debite 1850 FCFA, Nouveau solde: 11798.13 FCFA."
USER_5,2024-09-14,18:50:16,OrangeMoney,transfert,OUT,1050.0,FCFA,10742.88,"Transfert de [USER_5_phone] [USER_5] vers [PHONE_5182] [CONTACT_8196] reussi. ID transaction: PP240914.1850.A95774, Montant Transaction: 1050 FCFA, Frais: 5.25 FCFA, Commission: 0 FCFA, Montant Net: 1055.25 FCFA, Nouveau Solde: 10742.88 FCFA."
USER_5,2024-09-14,18:51:43,OrangeMoney,transfert,OUT,900.0,FCFA,9838.38,"Transfert de [USER_5_phone] [USER_5] vers [PHONE_1699] [CONTACT_95D7] reussi. ID transaction: PP240914.1851.D87466, Montant Transaction: 900 FCFA, Frais: 4.5 FCFA, Commission: 0 FCFA, Montant Net: 904.5 FCFA, Nouveau Solde: 9838.38 FCFA."
USER_5,2024-09-15,14:00:23,OrangeMoney,transfert,OUT,1550.0,FCFA,8280.63,"Transfert de [USER_5_phone] [USER_5] vers [PHONE_1699] [CONTACT_95D7] reussi. ID transaction: PP240915.1400.D67589, Montant Transaction: 1550 FCFA, Frais: 7.75 FCFA, Commission: 0 FCFA, Montant Net: 1557.75 FCFA, Nouveau Solde: 8280.63 FCFA."
USER_5,2024-09-15,18:43:27,OrangeMoney,retrait,OUT,1750.0,FCFA,6480.63,"Retrait d'argent reussi par le [PHONE_0647] avec le Code : 792842. Informations detaillees : Montant: 1750 FCFA, Frais: 50 FCFA, No de transaction CO240915.1843.C82519, montant net debite 1800 FCFA, Nouveau solde: 6480.63 FCFA."
USER_5,2024-09-16,07:38:59,OrangeMoney,retrait,OUT,1050.0,FCFA,4880.63,"Retrait d'argent reussi par le [PHONE_0647] avec le Code : 792842. Informations detaillees : Montant: 1050 FCFA, Frais: 50 FCFA, No de transaction CO240916.0738.C60035, montant net debite 1100 FCFA, Nouveau solde: 4880.63 FCFA."
USER_5,2024-09-16,16:48:21,OrangeMoney,depot,IN,10200.0,FCFA,11580.63,"Depot effectue par [PHONE_8677] [CONTACT_5348] to [USER_5_phone] [USER_5]. Informations detaillees: Montant de transaction : 10200 FCFA, ID transaction : CI240916.1648.B46444, Frais : 0 FCFA, Commission : 0 FCFA, Montant Net du Credit : 10200 FCFA, Nouveau Solde : 11580.63 FCFA."
USER_5,2024-09-16,17:04:34,OrangeMoney,depot,IN,50000.0,FCFA,61580.63,"Depot effectue par [PHONE_4430] [CONTACT_829D] to [USER_5_phone] [USER_5]. Informations detaillees: Montant de transaction : 50000 FCFA, ID transaction : CI240916.1704.B50758, Frais : 0 FCFA, Commission : 0 FCFA, Montant Net du Credit : 50000 FCFA, Nouveau Solde : 61580.63 FCFA."
USER_5,2024-09-16,17:38:38,OrangeMoney,transfert,OUT,10200.0,FCFA,51329.63,"Transfert de [USER_5_phone] [USER_5] vers [PHONE_2617] [CONTACT_6EC3] reussi. ID transaction: PP240916.1738.B82669, Montant Transaction: 10200 FCFA, Frais: 51 FCFA, Commission: 0 FCFA, Montant Net: 10251 FCFA, Nouveau Solde: 51329.63 FCFA."
USER_5,2024-09-16,20:03:04,OrangeMoney,transfert,OUT,5750.0,FCFA,45550.88,"Transfert de [USER_5_phone] [USER_5] vers [PHONE_4434] [CONTACT_91DE] reussi. ID transaction: PP240916.2003.D79445, Montant Transaction: 5750 FCFA, Frais: 28.75 FCFA, Commission: 0 FCFA, Montant Net: 5778.75 FCFA, Nouveau Solde: 45550.88 FCFA."
USER_5,2024-09-16,22:22:38,OrangeMoney,transfert,OUT,1800.0,FCFA,43741.88,"Transfert de [USER_5_phone] [USER_5] vers [PHONE_1699] [CONTACT_95D7] reussi. ID transaction: PP240916.2222.C46646, Montant Transaction: 1800 FCFA, Frais: 9 FCFA, Commission: 0 FCFA, Montant Net: 1809 FCFA, Nouveau Solde: 43741.88 FCFA."
USER_5,2024-09-17,10:11:51,OrangeMoney,retrait,OUT,20000.0,FCFA,23441.88,"Retrait d'argent reussi par le [PHONE_3761] avec le Code : 385804. Informations detaillees : Montant: 20000 FCFA, Frais: 300 FCFA, No de transaction CO240917.1011.B15947, montant net debite 20300 FCFA, Nouveau solde: 23441.88 FCFA."
USER_5,2024-09-17,16:15:16,OrangeMoney,transfert,OUT,20300.0,FCFA,43241.88,"Transfert de [PHONE_7712] [CONTACT_BAF2] vers [USER_5_phone] [USER_5] reussi. Details: ID transaction: PP240917.1615.B84839, Montant Transaction: 20300FCFA, Frais: 0 FCFA, Commission: 0 FCFA, Montant Net: 20300 FCFA, Nouveau Solde: 43241.88 FCFA."
USER_5,2024-09-18,06:55:44,OrangeMoney,transfert,OUT,10200.0,FCFA,32490.88,"Transfert de [USER_5_phone] [USER_5] vers [PHONE_5252] [CONTACT_9EFD] reussi. ID transaction: PP240918.0655.D28092, Montant Transaction: 10200 FCFA, Frais: 51 FCFA, Commission: 0 FCFA, Montant Net: 10251 FCFA, Nouveau Solde: 32490.88 FCFA."
USER_5,2024-09-18,08:13:24,OrangeMoney,transfert,OUT,1500.0,FCFA,30983.38,"Transfert de [USER_5_phone] [USER_5] vers [PHONE_7181] [CONTACT_5088] reussi. ID transaction: PP240918.0813.B56913, Montant Transaction: 1500 FCFA, Frais: 7.5 FCFA, Commission: 0 FCFA, Montant Net: 1507.5 FCFA, Nouveau Solde: 30983.38 FCFA."
USER_5,2024-09-18,11:21:09,OrangeMoney,retrait,OUT,1400.0,FCFA,5533.38,"Retrait d'argent reussi par le [PHONE_4117] avec le Code : 407132. Informations detaillees : Montant: 1400 FCFA, Frais: 50 FCFA, No de transaction CO240918.1121.D01498, montant net debite 1450 FCFA, Nouveau solde: 5533.38 FCFA."
USER_5,2024-09-18,11:38:31,OrangeMoney,transfert,OUT,10100.0,FCFA,15633.38,"Transfert de [PHONE_1956] [CONTACT_2A97] vers [USER_5_phone] [USER_5] reussi. Details: ID transaction: PP240918.1138.B72466, Montant Transaction: 10100FCFA, Frais: 0 FCFA, Commission: 0 FCFA, Montant Net: 10100 FCFA, Nouveau Solde: 15633.38 FCFA."
USER_5,2024-09-18,13:47:19,OrangeMoney,retrait,OUT,9600.0,FCFA,5889.38,"Retrait d'argent reussi par le [PHONE_4117] avec le Code : 407132. Informations detaillees : Montant: 9600 FCFA, Frais: 144 FCFA, No de transaction CO240918.1347.C71434, montant net debite 9744 FCFA, Nouveau solde: 5889.38 FCFA."
USER_5,2024-09-18,21:34:06,OrangeMoney,retrait,OUT,750.0,FCFA,4589.38,"Retrait d'argent reussi par le [PHONE_0647] avec le Code : 792842. Informations detaillees : Montant: 750 FCFA, Frais: 50 FCFA, No de transaction CO240918.2134.D68816, montant net debite 800 FCFA, Nouveau solde: 4589.38 FCFA."
USER_5,2024-09-18,21:52:11,OrangeMoney,transfert,OUT,1450.0,FCFA,3132.13,"Transfert de [USER_5_phone] [USER_5] vers [PHONE_1699] [CONTACT_95D7] reussi. ID transaction: PP240918.2152.A64245, Montant Transaction: 1450 FCFA, Frais: 7.25 FCFA, Commission: 0 FCFA, Montant Net: 1457.25 FCFA, Nouveau Solde: 3132.13 FCFA."
USER_5,2024-09-19,13:20:56,OrangeMoney,retrait,OUT,3000.0,FCFA,82.13,"Retrait d'argent reussi par le [PHONE_1969] avec le Code : 612667. Informations detaillees : Montant: 3000 FCFA, Frais: 50 FCFA, No de transaction CO240919.1320.A32006, montant net debite 3050 FCFA, Nouveau solde: 82.13 FCFA."
USER_5,2024-09-19,15:32:21,OrangeMoney,transfert,OUT,10150.0,FCFA,10232.13,"Transfert de [PHONE_8470] [CONTACT_D8E7] vers [USER_5_phone] [USER_5] reussi. Details: ID transaction: PP240919.1532.B79446, Montant Transaction: 10150FCFA, Frais: 0 FCFA, Commission: 0 FCFA, Montant Net: 10150 FCFA, Nouveau Solde: 10232.13 FCFA."
USER_5,2024-09-19,15:42:10,OrangeMoney,retrait,OUT,4000.0,FCFA,6172.13,"Retrait d'argent reussi par le [PHONE_1969] avec le Code : 612667. Informations detaillees : Montant: 4000 FCFA, Frais: 60 FCFA, No de transaction CO240919.1542.D90883, montant net debite 4060 FCFA, Nouveau solde: 6172.13 FCFA."
USER_5,2024-09-19,20:29:45,OrangeMoney,transfert,OUT,40500.0,FCFA,46672.13,"Transfert de [PHONE_7712] [CONTACT_BAF2] vers [USER_5_phone] [USER_5] reussi. Details: ID transaction: PP240919.2029.C78691, Montant Transaction: 40500FCFA, Frais: 0 FCFA, Commission: 0 FCFA, Montant Net: 40500 FCFA, Nouveau Solde: 46672.13 FCFA."
USER_5,2024-09-20,13:22:11,OrangeMoney,retrait,OUT,1750.0,FCFA,43172.13,"Retrait d'argent reussi par le [PHONE_7669] avec le Code : 717494. Informations detaillees : Montant: 1750 FCFA, Frais: 50 FCFA, No de transaction CO240920.1322.D02523, montant net debite 1800 FCFA, Nouveau solde: 43172.13 FCFA."
USER_5,2024-09-20,13:26:17,OrangeMoney,retrait,OUT,1950.0,FCFA,41172.13,"Retrait d'argent reussi par le [PHONE_4117] avec le Code : 407132. Informations detaillees : Montant: 1950 FCFA, Frais: 50 FCFA, No de transaction CO240920.1326.A04984, montant net debite 2000 FCFA, Nouveau solde: 41172.13 FCFA."
USER_5,2024-09-20,13:41:43,OrangeMoney,transfert,OUT,900.0,FCFA,40267.63,"Transfert de [USER_5_phone] [USER_5] vers [PHONE_1699] [CONTACT_95D7] reussi. ID transaction: PP240920.1341.C78581, Montant Transaction: 900 FCFA, Frais: 4.5 FCFA, Commission: 0 FCFA, Montant Net: 904.5 FCFA, Nouveau Solde: 40267.63 FCFA."
USER_5,2024-09-20,16:26:54,OrangeMoney,rechargement,OUT,1000.0,FCFA,39267.63,"Rechargement reussi. Montant de la transaction: 1000 FCFA, ID transaction: RC240920.1626.B53382, Frais: 0 FCFA, Commission: 0 FCFA, Nouveau solde: 39267.63 FCFA"
USER_5,2024-09-20,19:58:50,OrangeMoney,transfert,OUT,10150.0,FCFA,29066.88,"Transfert de [USER_5_phone] [USER_5] vers [PHONE_8470] [CONTACT_D8E7] reussi. ID transaction: PP240920.1958.C35635, Montant Transaction: 10150 FCFA, Frais: 50.75 FCFA, Commission: 0 FCFA, Montant Net: 10200.75 FCFA, Nouveau Solde: 29066.88 FCFA."
USER_5,2024-09-21,10:52:48,OrangeMoney,depot,IN,350000.0,FCFA,378366.88,"Depot effectue par [PHONE_3319] [CONTACT_5D4A] to [USER_5_phone] [USER_5]. Informations detaillees: Montant de transaction : 350000 FCFA, ID transaction : CI240921.1052.A44682, Frais : 0 FCFA, Commission : 0 FCFA, Montant Net du Credit : 350000 FCFA, Nouveau Solde : 378366.88 FCFA."
USER_5,2024-09-21,16:51:23,OrangeMoney,transfert,OUT,1550.0,FCFA,376809.13,"Transfert de [USER_5_phone] [USER_5] vers [PHONE_7850] [CONTACT_176B] reussi. ID transaction: PP240921.1651.B97506, Montant Transaction: 1550 FCFA, Frais: 7.75 FCFA, Commission: 0 FCFA, Montant Net: 1557.75 FCFA, Nouveau Solde: 376809.13 FCFA."
USER_5,2024-09-21,22:59:56,OrangeMoney,transfert,OUT,3000.0,FCFA,373794.13,"Transfert de [USER_5_phone] [USER_5] vers [PHONE_0915] [CONTACT_7F81] reussi. ID transaction: PP240921.2259.A09885, Montant Transaction: 3000 FCFA, Frais: 15 FCFA, Commission: 0 FCFA, Montant Net: 3015 FCFA, Nouveau Solde: 373794.13 FCFA."
USER_5,2024-09-22,12:05:18,OrangeMoney,transfert,OUT,2000.0,FCFA,371584.13,"Transfert de [USER_5_phone] [USER_5] vers [PHONE_4002] [CONTACT_1F9D] reussi. ID transaction: PP240922.1205.D86977, Montant Transaction: 2000 FCFA, Frais: 10 FCFA, Commission: 0 FCFA, Montant Net: 2010 FCFA, Nouveau Solde: 371584.13 FCFA."
USER_5,2024-09-22,16:50:30,OrangeMoney,rechargement,OUT,1000.0,FCFA,370084.13,"Rechargement reussi. Montant de la transaction: 1000 FCFA, ID transaction: RC240922.1650.C52716, Frais: 0 FCFA, Commission: 0 FCFA, Nouveau solde: 370084.13 FCFA"
USER_5,2024-09-22,19:16:47,OrangeMoney,rechargement,OUT,1500.0,FCFA,368584.13,"Rechargement reussi. Montant de la transaction: 1500 FCFA, ID transaction: RC240922.1916.B73928, Frais: 0 FCFA, Commission: 0 FCFA, Nouveau solde: 368584.13 FCFA"
USER_5,2024-09-22,22:38:00,OrangeMoney,transfert,OUT,10000.0,FCFA,378584.13,"Transfert de [PHONE_0401] [CONTACT_B3BF] vers [USER_5_phone] [USER_5] reussi. Details: ID transaction: PP240922.2237.C47348, Montant Transaction: 10000FCFA, Frais: 0 FCFA, Commission: 0 FCFA, Montant Net: 10000 FCFA, Nouveau Solde: 378584.13 FCFA."
USER_5,2024-09-23,07:16:38,OrangeMoney,transfert,OUT,10150.0,FCFA,368383.38,"Transfert de [USER_5_phone] [USER_5] vers [PHONE_7370] [CONTACT_3793] reussi. ID transaction: PP240923.0716.B88028, Montant Transaction: 10150 FCFA, Frais: 50.75 FCFA, Commission: 0 FCFA, Montant Net: 10200.75 FCFA, Nouveau Solde: 368383.38 FCFA."
USER_5,2024-09-23,14:41:39,OrangeMoney,retrait,OUT,6100.0,FCFA,359191.88,"Retrait d'argent reussi par le [PHONE_4117] avec le Code : 407132. Informations detaillees : Montant: 6100 FCFA, Frais: 91.5 FCFA, No de transaction CO240923.1441.D51119, montant net debite 6191.5 FCFA, Nouveau solde: 359191.88 FCFA."
USER_5,2024-09-23,17:55:50,OrangeMoney,transfert,OUT,15200.0,FCFA,343915.88,"Transfert de [USER_5_phone] [USER_5] vers [PHONE_7083] [CONTACT_1E3F] reussi. ID transaction: PP240923.1755.A63075, Montant Transaction: 15200 FCFA, Frais: 76 FCFA, Commission: 0 FCFA, Montant Net: 15276 FCFA, Nouveau Solde: 343915.88 FCFA."
USER_5,2024-09-23,23:32:37,OrangeMoney,transfert,OUT,10150.0,FCFA,333715.13,"Transfert de [USER_5_phone] [USER_5] vers [PHONE_1517] [CONTACT_564D] reussi. ID transaction: PP240923.2332.D96581, Montant Transaction: 10150 FCFA, Frais: 50.75 FCFA, Commission: 0 FCFA, Montant Net: 10200.75 FCFA, Nouveau Solde: 333715.13 FCFA."
USER_5,2024-09-23,23:46:54,OrangeMoney,retrait,OUT,100000.0,FCFA,232215.13,"Retrait d'argent reussi par le [PHONE_7872] avec le Code : 150276. Informations detaillees : Montant: 100000 FCFA, Frais: 1500 FCFA, No de transaction CO240923.2346.C31894, montant net debite 101500 FCFA, Nouveau solde: 232215.13 FCFA."
USER_5,2024-09-24,12:13:56,OrangeMoney,retrait,OUT,3000.0,FCFA,228665.13,"Retrait d'argent reussi par le [PHONE_6147] avec le Code : 126080. Informations detaillees : Montant: 3000 FCFA, Frais: 50 FCFA, No de transaction CO240924.1213.C59615, montant net debite 3050 FCFA, Nouveau solde: 228665.13 FCFA."
USER_5,2024-09-24,12:31:50,OrangeMoney,retrait,OUT,5000.0,FCFA,223590.13,"Retrait d'argent reussi par le [PHONE_6147] avec le Code : 126080. Informations detaillees : Montant: 5000 FCFA, Frais: 75 FCFA, No de transaction CO240924.1231.B69667, montant net debite 5075 FCFA, Nouveau solde: 223590.13 FCFA."
USER_5,2024-09-24,12:35:15,OrangeMoney,retrait,OUT,1250.0,FCFA,222290.13,"Retrait d'argent reussi par le [PHONE_6147] avec le Code : 126080. Informations detaillees : Montant: 1250 FCFA, Frais: 50 FCFA, No de transaction CO240924.1235.D65786, montant net debite 1300 FCFA, Nouveau solde: 222290.13 FCFA."
USER_5,2024-09-25,07:34:33,OrangeMoney,transfert,OUT,1000.0,FCFA,221285.13,"Transfert de [USER_5_phone] [USER_5] vers [PHONE_2048] [CONTACT_C7F4] reussi. ID transaction: PP240925.0734.C00216, Montant Transaction: 1000 FCFA, Frais: 5 FCFA, Commission: 0 FCFA, Montant Net: 1005 FCFA, Nouveau Solde: 221285.13 FCFA."
USER_5,2024-09-25,07:35:36,OrangeMoney,transfert,OUT,1000.0,FCFA,220280.13,"Transfert de [USER_5_phone] [USER_5] vers [PHONE_9751] [CONTACT_47B0] reussi. ID transaction: PP240925.0735.A15019, Montant Transaction: 1000 FCFA, Frais: 5 FCFA, Commission: 0 FCFA, Montant Net: 1005 FCFA, Nouveau Solde: 220280.13 FCFA."
USER_5,2024-09-25,07:38:11,OrangeMoney,transfert,OUT,1000.0,FCFA,219275.13,"Transfert de [USER_5_phone] [USER_5] vers [PHONE_7935] [CONTACT_4961] reussi. ID transaction: PP240925.0738.D02299, Montant Transaction: 1000 FCFA, Frais: 5 FCFA, Commission: 0 FCFA, Montant Net: 1005 FCFA, Nouveau Solde: 219275.13 FCFA."
USER_5,2024-09-25,07:39:03,OrangeMoney,transfert,OUT,1000.0,FCFA,218270.13,"Transfert de [USER_5_phone] [USER_5] vers [PHONE_3754] [CONTACT_30DD] reussi. ID transaction: PP240925.0739.A16399, Montant Transaction: 1000 FCFA, Frais: 5 FCFA, Commission: 0 FCFA, Montant Net: 1005 FCFA, Nouveau Solde: 218270.13 FCFA."
USER_5,2024-09-25,09:50:00,OrangeMoney,transfert,OUT,500.0,FCFA,217767.63,"Transfert de [USER_5_phone] [USER_5] vers [PHONE_0349] [CONTACT_21AC] reussi. ID transaction: PP240925.0949.D71398, Montant Transaction: 500 FCFA, Frais: 2.5 FCFA, Commission: 0 FCFA, Montant Net: 502.5 FCFA, Nouveau Solde: 217767.63 FCFA."
USER_5,2024-09-25,10:24:04,OrangeMoney,transfert,OUT,2000.0,FCFA,215757.63,"Transfert de [USER_5_phone] [USER_5] vers [PHONE_6044] [CONTACT_D626] reussi. ID transaction: PP240925.1024.D92466, Montant Transaction: 2000 FCFA, Frais: 10 FCFA, Commission: 0 FCFA, Montant Net: 2010 FCFA, Nouveau Solde: 215757.63 FCFA."
USER_5,2024-09-25,15:19:08,OrangeMoney,transfert,OUT,1850.0,FCFA,213398.38,"Transfert de [USER_5_phone] [USER_5] vers [PHONE_4431] [CONTACT_DE6C] reussi. ID transaction: PP240925.1519.A03312, Montant Transaction: 1850 FCFA, Frais: 9.25 FCFA, Commission: 0 FCFA, Montant Net: 1859.25 FCFA, Nouveau Solde: 213398.38 FCFA."
USER_5,2024-09-25,18:01:05,OrangeMoney,transfert,OUT,1000.0,FCFA,212393.38,"Transfert de [USER_5_phone] [USER_5] vers [PHONE_4002] [CONTACT_1F9D] reussi. ID transaction: PP240925.1801.C05653, Montant Transaction: 1000 FCFA, Frais: 5 FCFA, Commission: 0 FCFA, Montant Net: 1005 FCFA, Nouveau Solde: 212393.38 FCFA."
USER_5,2024-09-26,10:33:51,OrangeMoney,transfert,OUT,1050.0,FCFA,212943.38,"Transfert de [PHONE_4565] [CONTACT_9362] vers [USER_5_phone] [USER_5] reussi. Details: ID transaction: PP240926.1033.C10372, Montant Transaction: 1050FCFA, Frais: 0 FCFA, Commission: 0 FCFA, Montant Net: 1050 FCFA, Nouveau Solde: 212943.38 FCFA."
USER_5,2024-09-26,11:39:40,OrangeMoney,transfert,OUT,500.0,FCFA,212440.88,"Transfert de [USER_5_phone] [USER_5] vers [PHONE_4002] [CONTACT_1F9D] reussi. ID transaction: PP240926.1139.C52662, Montant Transaction: 500 FCFA, Frais: 2.5 FCFA, Commission: 0 FCFA, Montant Net: 502.5 FCFA, Nouveau Solde: 212440.88 FCFA."
USER_5,2024-09-26,12:03:22,OrangeMoney,retrait,OUT,1450.0,FCFA,210940.88,"Retrait d'argent reussi par le [PHONE_6147] avec le Code : 126080. Informations detaillees : Montant: 1450 FCFA, Frais: 50 FCFA, No de transaction CO240926.1203.C83475, montant net debite 1500 FCFA, Nouveau solde: 210940.88 FCFA."
USER_5,2024-09-26,15:46:26,OrangeMoney,transfert,OUT,67500.0,FCFA,142603.38,"Transfert de [USER_5_phone] [USER_5] vers [PHONE_1053] [CONTACT_600F] reussi. ID transaction: PP240926.1546.D15276, Montant Transaction: 67500 FCFA, Frais: 337.5 FCFA, Commission: 0 FCFA, Montant Net: 67837.5 FCFA, Nouveau Solde: 142603.38 FCFA."
USER_5,2024-09-26,16:08:23,OrangeMoney,transfert,OUT,80000.0,FCFA,62203.38,"Transfert de [USER_5_phone] [USER_5] vers [PHONE_8367] [CONTACT_DA11] reussi. ID transaction: PP240926.1608.A43918, Montant Transaction: 80000 FCFA, Frais: 400 FCFA, Commission: 0 FCFA, Montant Net: 80400 FCFA, Nouveau Solde: 62203.38 FCFA."
USER_5,2024-09-26,16:18:34,OrangeMoney,transfert,OUT,1050.0,FCFA,61148.13,"Transfert de [USER_5_phone] [USER_5] vers [PHONE_6044] [CONTACT_D626] reussi. ID transaction: PP240926.1618.A50988, Montant Transaction: 1050 FCFA, Frais: 5.25 FCFA, Commission: 0 FCFA, Montant Net: 1055.25 FCFA, Nouveau Solde: 61148.13 FCFA."
USER_5,2024-09-26,18:27:20,OrangeMoney,transfert,OUT,8050.0,FCFA,53057.88,"Transfert de [USER_5_phone] [USER_5] vers [PHONE_8470] [CONTACT_D8E7] reussi. ID transaction: PP240926.1827.C29577, Montant Transaction: 8050 FCFA, Frais: 40.25 FCFA, Commission: 0 FCFA, Montant Net: 8090.25 FCFA, Nouveau Solde: 53057.88 FCFA."
USER_5,2024-09-26,21:50:38,OrangeMoney,transfert,OUT,2000.0,FCFA,50547.88,"Transfert de [USER_5_phone] [USER_5] vers [PHONE_1596] [CONTACT_968E] reussi. ID transaction: PP240926.2150.C47254, Montant Transaction: 2000 FCFA, Frais: 10 FCFA, Commission: 0 FCFA, Montant Net: 2010 FCFA, Nouveau Solde: 50547.88 FCFA."
USER_5,2024-09-27,09:29:08,OrangeMoney,rechargement,OUT,500.0,FCFA,49547.88,"Rechargement reussi. Montant de la transaction: 500 FCFA, ID transaction: RC240927.0929.C23356, Frais: 0 FCFA, Commission: 0 FCFA, Nouveau solde: 49547.88 FCFA"
USER_5,2024-09-27,09:59:14,OrangeMoney,transfert,OUT,1050.0,FCFA,50597.88,"Transfert de [PHONE_2664] [CONTACT_9AF5] vers [USER_5_phone] [USER_5] reussi. Details: ID transaction: PP240927.0959.C94828, Montant Transaction: 1050FCFA, Frais: 0 FCFA, Commission: 0 FCFA, Montant Net: 1050 FCFA, Nouveau Solde: 50597.88 FCFA."
USER_5,2024-09-27,10:38:46,OrangeMoney,depot,IN,2000.0,FCFA,52597.88,"Depot effectue par [PHONE_9388] [CONTACT_8F36] to [USER_5_phone] [USER_5]. Informations detaillees: Montant de transaction : 2000 FCFA, ID transaction : CI240927.1038.D87573, Frais : 0 FCFA, Commission : 0 FCFA, Montant Net du Credit : 2000 FCFA, Nouveau Solde : 52597.88 FCFA."
USER_5,2024-09-27,10:52:45,OrangeMoney,transfert,OUT,1050.0,FCFA,53647.88,"Transfert de [PHONE_3544] [CONTACT_5240] vers [USER_5_phone] [USER_5] reussi. Details: ID transaction: PP240927.1052.A45311, Montant Transaction: 1050FCFA, Frais: 0 FCFA, Commission: 0 FCFA, Montant Net: 1050 FCFA, Nouveau Solde: 53647.88 FCFA."
USER_5,2024-09-27,11:05:25,OrangeMoney,depot,IN,1100.0,FCFA,54747.88,"Depot effectue par [PHONE_1598] [CONTACT_D984] 4 to [USER_5_phone] [USER_5]. Informations detaillees: Montant de transaction : 1100 FCFA, ID transaction : CI240927.1105.A06858, Frais : 0 FCFA, Commission : 0 FCFA, Montant Net du Credit : 1100 FCFA, Nouveau Solde : 54747.88 FCFA."
USER_5,2024-09-27,11:40:00,OrangeMoney,transfert,OUT,1050.0,FCFA,55797.88,"Transfert de [PHONE_1871] [CONTACT_DA42] vers [USER_5_phone] [USER_5] reussi. Details: ID transaction: PP240927.1140.B61160, Montant Transaction: 1050FCFA, Frais: 0 FCFA, Commission: 0 FCFA, Montant Net: 1050 FCFA, Nouveau Solde: 55797.88 FCFA."
USER_5,2024-09-27,12:51:56,OrangeMoney,paiement,OUT,3000.0,FCFA,52782.88,"Vous venez d'effectuer un paiement chez atchang d'un montant de 3000 FCFA.  Reference de la transaction: SM240927.1251.C75910, Frais: 15 FCFA, Montant net debite: 3015 FCFA. Nouveau Solde: 52782.88 FCFA. Orange Money vous remercie."
USER_5,2024-09-27,12:53:51,OrangeMoney,depot,IN,2000.0,FCFA,54782.88,"Depot effectue par [PHONE_1049] [CONTACT_3812] to [USER_5_phone] [USER_5]. Informations detaillees: Montant de transaction : 2000 FCFA, ID transaction : CI240927.1253.B40593, Frais : 0 FCFA, Commission : 0 FCFA, Montant Net du Credit : 2000 FCFA, Nouveau Solde : 54782.88 FCFA."
USER_5,2024-09-27,13:11:49,OrangeMoney,depot,IN,100000.0,FCFA,154782.88,"Depot effectue par [PHONE_9498] [CONTACT_7D5C] to [USER_5_phone] [USER_5]. Informations detaillees: Montant de transaction : 100000 FCFA, ID transaction : CI240927.1311.C42177, Frais : 0 FCFA, Commission : 0 FCFA, Montant Net du Credit : 100000 FCFA, Nouveau Solde : 154782.88 FCFA."
USER_5,2024-09-27,14:15:58,OrangeMoney,transfert,OUT,1000.0,FCFA,155282.88,"Transfert de [PHONE_6397] [CONTACT_7E0D] vers [USER_5_phone] [USER_5] reussi. Details: ID transaction: PP240927.1415.A73894, Montant Transaction: 1000FCFA, Frais: 0 FCFA, Commission: 0 FCFA, Montant Net: 1000 FCFA, Nouveau Solde: 155282.88 FCFA."
USER_5,2024-09-27,15:24:19,OrangeMoney,transfert,OUT,1050.0,FCFA,155832.88,"Transfert de [PHONE_8778] [CONTACT_F9A9] vers [USER_5_phone] [USER_5] reussi. Details: ID transaction: PP240927.1524.B11247, Montant Transaction: 1050FCFA, Frais: 0 FCFA, Commission: 0 FCFA, Montant Net: 1050 FCFA, Nouveau Solde: 155832.88 FCFA."
USER_5,2024-09-27,15:25:07,OrangeMoney,transfert,OUT,1050.0,FCFA,156882.88,"Transfert de [PHONE_0342] [CONTACT_656B] vers [USER_5_phone] [USER_5] reussi. Details: ID transaction: PP240927.1525.B11873, Montant Transaction: 1050FCFA, Frais: 0 FCFA, Commission: 0 FCFA, Montant Net: 1050 FCFA, Nouveau Solde: 156882.88 FCFA."
USER_5,2024-09-27,15:59:36,OrangeMoney,transfert,OUT,1050.0,FCFA,157932.88,"Transfert de [PHONE_3967] [CONTACT_3687] vers [USER_5_phone] [USER_5] reussi. Details: ID transaction: PP240927.1559.D38107, Montant Transaction: 1050FCFA, Frais: 0 FCFA, Commission: 0 FCFA, Montant Net: 1050 FCFA, Nouveau Solde: 157932.88 FCFA."
USER_5,2024-09-27,16:00:23,OrangeMoney,transfert,OUT,2000.0,FCFA,159932.88,"Transfert de [PHONE_6866] [CONTACT_6844] vers [USER_5_phone] [USER_5] reussi. Details: ID transaction: PP240927.1600.B37637, Montant Transaction: 2000FCFA, Frais: 0 FCFA, Commission: 0 FCFA, Montant Net: 2000 FCFA, Nouveau Solde: 159932.88 FCFA."
USER_5,2024-09-27,16:21:02,OrangeMoney,retrait,OUT,24000.0,FCFA,135572.88,"Retrait d'argent reussi par le [PHONE_7872] avec le Code : 150276. Informations detaillees : Montant: 24000 FCFA, Frais: 360 FCFA, No de transaction CO240927.1620.C73423, montant net debite 24360 FCFA, Nouveau solde: 135572.88 FCFA."
USER_5,2024-09-27,17:14:24,OrangeMoney,depot,IN,1000.0,FCFA,136572.88,"Depot effectue par [PHONE_9347] [CONTACT_5348] to [USER_5_phone] [USER_5]. Informations detaillees: Montant de transaction : 1000 FCFA, ID transaction : CI240927.1714.D56707, Frais : 0 FCFA, Commission : 0 FCFA, Montant Net du Credit : 1000 FCFA, Nouveau Solde : 136572.88 FCFA."
USER_5,2024-09-27,18:56:55,OrangeMoney,transfert,OUT,1050.0,FCFA,99722.88,"Transfert de [PHONE_1368] [CONTACT_A566] vers [USER_5_phone] [USER_5] reussi. Details: ID transaction: PP240927.1856.B75559, Montant Transaction: 1050FCFA, Frais: 0 FCFA, Commission: 0 FCFA, Montant Net: 1050 FCFA, Nouveau Solde: 99722.88 FCFA."
USER_5,2024-09-27,19:00:14,OrangeMoney,transfert,OUT,1050.0,FCFA,100772.88,"Transfert de [PHONE_1240] [CONTACT_6BC5] vers [USER_5_phone] [USER_5] reussi. Details: ID transaction: PP240927.1900.C77856, Montant Transaction: 1050FCFA, Frais: 0 FCFA, Commission: 0 FCFA, Montant Net: 1050 FCFA, Nouveau Solde: 100772.88 FCFA."
USER_5,2024-09-27,19:10:53,OrangeMoney,transfert,OUT,80000.0,FCFA,20372.88,"Transfert de [USER_5_phone] [USER_5] vers [PHONE_8367] [CONTACT_DA11] reussi. ID transaction: PP240927.1910.A00286, Montant Transaction: 80000 FCFA, Frais: 400 FCFA, Commission: 0 FCFA, Montant Net: 80400 FCFA, Nouveau Solde: 20372.88 FCFA."
USER_5,2024-09-27,20:08:42,OrangeMoney,depot,IN,1000.0,FCFA,21372.88,"Depot effectue par [PHONE_5569] [CONTACT_1223] to [USER_5_phone] [USER_5]. Informations detaillees: Montant de transaction : 1000 FCFA, ID transaction : CI240927.2008.C39397, Frais : 0 FCFA, Commission : 0 FCFA, Montant Net du Credit : 1000 FCFA, Nouveau Solde : 21372.88 FCFA."
USER_5,2024-09-28,00:30:56,OrangeMoney,transfert,OUT,500.0,FCFA,20670.38,"Transfert de [USER_5_phone] [USER_5] vers [PHONE_1201] [CONTACT_B737] reussi. ID transaction: PP240928.0030.B06381, Montant Transaction: 500 FCFA, Frais: 2.5 FCFA, Commission: 0 FCFA, Montant Net: 502.5 FCFA, Nouveau Solde: 20670.38 FCFA."
USER_5,2024-09-28,10:29:05,OrangeMoney,depot,IN,20000.0,FCFA,40170.38,"Depot effectue par [PHONE_0779] [CONTACT_0056] to [USER_5_phone] [USER_5]. Informations detaillees: Montant de transaction : 20000 FCFA, ID transaction : CI240928.1029.B65652, Frais : 0 FCFA, Commission : 0 FCFA, Montant Net du Credit : 20000 FCFA, Nouveau Solde : 40170.38 FCFA."
USER_5,2024-09-28,13:28:31,OrangeMoney,transfert,OUT,50750.0,FCFA,88820.38,"Transfert de [PHONE_1956] [CONTACT_2A97] vers [USER_5_phone] [USER_5] reussi. Details: ID transaction: PP240928.1328.D82733, Montant Transaction: 50750FCFA, Frais: 0 FCFA, Commission: 0 FCFA, Montant Net: 50750 FCFA, Nouveau Solde: 88820.38 FCFA."
USER_5,2024-09-28,14:06:15,OrangeMoney,transfert,OUT,15000.0,FCFA,73745.38,"Transfert de [USER_5_phone] [USER_5] vers [PHONE_1927] [CONTACT_EAE9] reussi. ID transaction: PP240928.1406.A20165, Montant Transaction: 15000 FCFA, Frais: 75 FCFA, Commission: 0 FCFA, Montant Net: 15075 FCFA, Nouveau Solde: 73745.38 FCFA."
USER_5,2024-09-28,18:31:17,OrangeMoney,transfert,OUT,68000.0,FCFA,5405.38,"Transfert de [USER_5_phone] [USER_5] vers [PHONE_9229] [CONTACT_97A5] reussi. ID transaction: PP240928.1831.B06206, Montant Transaction: 68000 FCFA, Frais: 340 FCFA, Commission: 0 FCFA, Montant Net: 68340 FCFA, Nouveau Solde: 5405.38 FCFA."
USER_5,2024-10-01,11:52:11,OrangeMoney,retrait,OUT,1500.0,FCFA,2855.38,"Retrait d'argent reussi par le [PHONE_6147] avec le Code : 126080. Informations detaillees : Montant: 1500 FCFA, Frais: 50 FCFA, No de transaction CO241001.1152.C35456, montant net debite 1550 FCFA, Nouveau solde: 2855.38 FCFA."
USER_5,2024-10-01,15:43:38,OrangeMoney,transfert,OUT,2350.0,FCFA,493.63,"Transfert de [USER_5_phone] [USER_5] vers [PHONE_6714] [CONTACT_891F] reussi. ID transaction: PP241001.1543.D38339, Montant Transaction: 2350 FCFA, Frais: 11.75 FCFA, Commission: 0 FCFA, Montant Net: 2361.75 FCFA, Nouveau Solde: 493.63 FCFA."
USER_5,2024-10-01,18:18:58,OrangeMoney,transfert,OUT,3050.0,FCFA,3193.63,"Transfert de [PHONE_7370] [CONTACT_3793] vers [USER_5_phone] [USER_5] reussi. Details: ID transaction: PP241001.1818.B53197, Montant Transaction: 3050FCFA, Frais: 0 FCFA, Commission: 0 FCFA, Montant Net: 3050 FCFA, Nouveau Solde: 3193.63 FCFA."
USER_5,2024-10-02,17:07:50,OrangeMoney,rechargement,OUT,200.0,FCFA,2493.63,"Rechargement reussi. Montant de la transaction: 200 FCFA, ID transaction: RC241002.1707.C54596, Frais: 0 FCFA, Commission: 0 FCFA, Nouveau solde: 2493.63 FCFA"
USER_5,2024-10-03,12:53:00,OrangeMoney,depot,IN,250000.0,FCFA,252493.63,"Depot effectue par [PHONE_5331] [CONTACT_68EA] 2 to [USER_5_phone] [USER_5]. Informations detaillees: Montant de transaction : 250000 FCFA, ID transaction : CI241003.1225.B93918, Frais : 0 FCFA, Commission : 0 FCFA, Montant Net du Credit : 250000 FCFA, Nouveau Solde : 252493.63 FCFA."
USER_5,2024-10-03,12:54:01,OrangeMoney,transfert,OUT,10150.0,FCFA,242292.88,"Transfert de [USER_5_phone] [USER_5] vers [PHONE_8470] [CONTACT_D8E7] reussi. ID transaction: PP241003.1253.D24011, Montant Transaction: 10150 FCFA, Frais: 50.75 FCFA, Commission: 0 FCFA, Montant Net: 10200.75 FCFA, Nouveau Solde: 242292.88 FCFA."
USER_5,2024-10-03,13:00:16,OrangeMoney,transfert,OUT,162000.0,FCFA,79482.88,"Transfert de [USER_5_phone] [USER_5] vers [PHONE_5231] Tazanfouo Nhouanet reussi. ID transaction: PP241003.1300.B29694, Montant Transaction: 162000 FCFA, Frais: 810 FCFA, Commission: 0 FCFA, Montant Net: 162810 FCFA, Nouveau Solde: 79482.88 FCFA."
USER_5,2024-10-03,14:35:10,OrangeMoney,transfert,OUT,50000.0,FCFA,29232.88,"Transfert de [USER_5_phone] [USER_5] vers [PHONE_8138] [CONTACT_3296] reussi. ID transaction: PP241003.1435.C88042, Montant Transaction: 50000 FCFA, Frais: 250 FCFA, Commission: 0 FCFA, Montant Net: 50250 FCFA, Nouveau Solde: 29232.88 FCFA."
USER_5,2024-10-03,16:29:17,OrangeMoney,retrait,OUT,1000.0,FCFA,28182.88,"Retrait d'argent reussi par le [PHONE_6147] avec le Code : 126080. Informations detaillees : Montant: 1000 FCFA, Frais: 50 FCFA, No de transaction CO241003.1629.C20166, montant net debite 1050 FCFA, Nouveau solde: 28182.88 FCFA."
USER_5,2024-10-05,16:38:10,OrangeMoney,transfert,OUT,20300.0,FCFA,46482.88,"Transfert de [PHONE_7712] [CONTACT_BAF2] vers [USER_5_phone] [USER_5] reussi. Details: ID transaction: PP241005.1638.A30965, Montant Transaction: 20300FCFA, Frais: 0 FCFA, Commission: 0 FCFA, Montant Net: 20300 FCFA, Nouveau Solde: 46482.88 FCFA."
USER_5,2024-10-07,16:40:06,OrangeMoney,transfert,OUT,3100.0,FCFA,42367.38,"Transfert de [USER_5_phone] [USER_5] vers [PHONE_7083] [CONTACT_1E3F] reussi. ID transaction: PP241007.1640.A30788, Montant Transaction: 3100 FCFA, Frais: 15.5 FCFA, Commission: 0 FCFA, Montant Net: 3115.5 FCFA, Nouveau Solde: 42367.38 FCFA."
USER_5,2024-10-08,22:35:21,OrangeMoney,transfert,OUT,800.0,FCFA,43167.38,"Transfert de [PHONE_7181] [CONTACT_5088] vers [USER_5_phone] [USER_5] reussi. Details: ID transaction: PP241008.2235.C02162, Montant Transaction: 800FCFA, Frais: 0 FCFA, Commission: 0 FCFA, Montant Net: 800 FCFA, Nouveau Solde: 43167.38 FCFA."
USER_5,2024-10-08,23:39:33,OrangeMoney,transfert,OUT,600.0,FCFA,43767.38,"Transfert de [PHONE_2917] [CONTACT_955E] vers [USER_5_phone] [USER_5] reussi. Details: ID transaction: PP241008.2339.D10044, Montant Transaction: 600FCFA, Frais: 0 FCFA, Commission: 0 FCFA, Montant Net: 600 FCFA, Nouveau Solde: 43767.38 FCFA."
USER_5,2024-10-09,16:58:43,OrangeMoney,transfert,OUT,15500.0,FCFA,58767.38,"Transfert de [PHONE_7712] [CONTACT_BAF2] vers [USER_5_phone] [USER_5] reussi. Details: ID transaction: PP241009.1658.C90672, Montant Transaction: 15500FCFA, Frais: 0 FCFA, Commission: 0 FCFA, Montant Net: 15500 FCFA, Nouveau Solde: 58767.38 FCFA."
USER_5,2024-10-09,17:04:36,OrangeMoney,retrait,OUT,15000.0,FCFA,43542.38,"Retrait d'argent reussi par le [PHONE_7872] avec le Code : 150276. Informations detaillees : Montant: 15000 FCFA, Frais: 225 FCFA, No de transaction CO241009.1704.B50497, montant net debite 15225 FCFA, Nouveau solde: 43542.38 FCFA."
USER_5,2024-10-09,17:20:13,OrangeMoney,transfert,OUT,1000.0,FCFA,44542.38,"Transfert de [PHONE_7181] [CONTACT_5088] vers [USER_5_phone] [USER_5] reussi. Details: ID transaction: PP241009.1720.A20206, Montant Transaction: 1000FCFA, Frais: 0 FCFA, Commission: 0 FCFA, Montant Net: 1000 FCFA, Nouveau Solde: 44542.38 FCFA."
USER_5,2024-10-09,17:53:13,OrangeMoney,transfert,OUT,4212.25,FCFA,40309.07,"Transfert de [USER_5_phone] [USER_5] vers [PHONE_6527] [CONTACT_48EC] reussi. ID transaction: PP241009.1753.B32201, Montant Transaction: 4212.25 FCFA, Frais: 21.06 FCFA, Commission: 0 FCFA, Montant Net: 4233.31 FCFA, Nouveau Solde: 40309.07 FCFA."
USER_5,2024-10-10,17:03:03,OrangeMoney,transfert,OUT,20300.0,FCFA,19907.57,"Transfert de [USER_5_phone] [USER_5] vers [PHONE_2617] [CONTACT_6EC3] reussi. ID transaction: PP241010.1506.A19321, Montant Transaction: 20300 FCFA, Frais: 101.5 FCFA, Commission: 0 FCFA, Montant Net: 20401.5 FCFA, Nouveau Solde: 19907.57 FCFA."
USER_5,2024-10-10,18:38:41,OrangeMoney,transfert,OUT,5250.0,FCFA,14631.32,"Transfert de [USER_5_phone] [USER_5] vers [PHONE_7850] [CONTACT_176B] reussi. ID transaction: PP241010.1838.A70936, Montant Transaction: 5250 FCFA, Frais: 26.25 FCFA, Commission: 0 FCFA, Montant Net: 5276.25 FCFA, Nouveau Solde: 14631.32 FCFA."
USER_5,2024-10-11,07:54:09,OrangeMoney,transfert,OUT,1000.0,FCFA,15431.32,"Transfert de [PHONE_2046] [CONTACT_4962] vers [USER_5_phone] [USER_5] reussi. Details: ID transaction: PP241011.0748.C49324, Montant Transaction: 1000FCFA, Frais: 0 FCFA, Commission: 0 FCFA, Montant Net: 1000 FCFA, Nouveau Solde: 15431.32 FCFA."
USER_5,2024-10-11,17:00:18,OrangeMoney,transfert,OUT,180000.0,FCFA,180531.32,"Transfert de [PHONE_6593] [CONTACT_36DA] vers [USER_5_phone] [USER_5] reussi. Details: ID transaction: PP241011.1700.C13597, Montant Transaction: 180000FCFA, Frais: 0 FCFA, Commission: 0 FCFA, Montant Net: 180000 FCFA, Nouveau Solde: 180531.32 FCFA."
USER_5,2024-10-13,11:47:48,OrangeMoney,transfert,OUT,150000.0,FCFA,19781.32,"Transfert de [USER_5_phone] [USER_5] vers [PHONE_1956] [CONTACT_2A97] reussi. ID transaction: PP241013.1147.D94821, Montant Transaction: 150000 FCFA, Frais: 750 FCFA, Commission: 0 FCFA, Montant Net: 150750 FCFA, Nouveau Solde: 19781.32 FCFA."
USER_5,2024-10-13,12:00:06,OrangeMoney,transfert,OUT,2050.0,FCFA,17721.07,"Transfert de [USER_5_phone] [USER_5] vers [PHONE_1284] [CONTACT_DF6B] reussi. ID transaction: PP241013.1200.A19881, Montant Transaction: 2050 FCFA, Frais: 10.25 FCFA, Commission: 0 FCFA, Montant Net: 2060.25 FCFA, Nouveau Solde: 17721.07 FCFA."
USER_5,2024-10-14,12:56:09,OrangeMoney,transfert,OUT,100000.0,FCFA,117721.07,"Transfert de [PHONE_1956] [CONTACT_2A97] vers [USER_5_phone] [USER_5] reussi. Details: ID transaction: PP241014.1256.B32395, Montant Transaction: 100000FCFA, Frais: 0 FCFA, Commission: 0 FCFA, Montant Net: 100000 FCFA, Nouveau Solde: 117721.07 FCFA."
USER_5,2024-10-14,12:57:47,OrangeMoney,retrait,OUT,101500.0,FCFA,14698.57,"Retrait d'argent reussi par le [PHONE_7872] avec le Code : 150276. Informations detaillees : Montant: 101500 FCFA, Frais: 1522.5 FCFA, No de transaction CO241014.1257.C60527, montant net debite 103022.5 FCFA, Nouveau solde: 14698.57 FCFA."
USER_5,2024-10-14,14:08:16,OrangeMoney,transfert,OUT,1000.0,FCFA,13693.57,"Transfert de [USER_5_phone] [USER_5] vers [PHONE_2046] [CONTACT_4962] reussi. ID transaction: PP241014.1408.A92170, Montant Transaction: 1000 FCFA, Frais: 5 FCFA, Commission: 0 FCFA, Montant Net: 1005 FCFA, Nouveau Solde: 13693.57 FCFA."
USER_5,2024-10-16,10:36:27,OrangeMoney,transfert,OUT,1500.0,FCFA,5486.07,"Transfert de [USER_5_phone] [USER_5] vers [PHONE_1699] [CONTACT_95D7] reussi. ID transaction: PP241016.1036.D23670, Montant Transaction: 1500 FCFA, Frais: 7.5 FCFA, Commission: 0 FCFA, Montant Net: 1507.5 FCFA, Nouveau Solde: 5486.07 FCFA."
USER_5,2024-10-16,15:26:34,OrangeMoney,retrait,OUT,2000.0,FCFA,3436.07,"Retrait d'argent reussi par le [PHONE_4117] avec le Code : 407132. Informations detaillees : Montant: 2000 FCFA, Frais: 50 FCFA, No de transaction CO241016.1526.C31119, montant net debite 2050 FCFA, Nouveau solde: 3436.07 FCFA."
USER_5,2024-10-16,19:27:12,OrangeMoney,transfert,OUT,1000.0,FCFA,2431.07,"Transfert de [USER_5_phone] [USER_5] vers [PHONE_8888] Amayene reussi. ID transaction: PP241016.1927.A98249, Montant Transaction: 1000 FCFA, Frais: 5 FCFA, Commission: 0 FCFA, Montant Net: 1005 FCFA, Nouveau Solde: 2431.07 FCFA."
USER_5,2024-10-16,23:22:54,OrangeMoney,transfert,OUT,1000.0,FCFA,3431.07,"Transfert de [PHONE_6714] [CONTACT_891F] vers [USER_5_phone] [USER_5] reussi. Details: ID transaction: PP241016.2322.D72840, Montant Transaction: 1000FCFA, Frais: 0 FCFA, Commission: 0 FCFA, Montant Net: 1000 FCFA, Nouveau Solde: 3431.07 FCFA."
USER_5,2024-10-16,23:23:57,OrangeMoney,retrait,OUT,3100.0,FCFA,281.07,"Retrait d'argent reussi par le [PHONE_0066] avec le Code : 846282. Informations detaillees : Montant: 3100 FCFA, Frais: 50 FCFA, No de transaction CO241016.2323.A95907, montant net debite 3150 FCFA, Nouveau solde: 281.07 FCFA."
USER_5,2024-10-17,12:54:41,OrangeMoney,depot,IN,30000.0,FCFA,30281.07,"Depot effectue par [PHONE_9341] [CONTACT_F6C6] to [USER_5_phone] [USER_5]. Informations detaillees: Montant de transaction : 30000 FCFA, ID transaction : CI241017.1254.D70759, Frais : 0 FCFA, Commission : 0 FCFA, Montant Net du Credit : 30000 FCFA, Nouveau Solde : 30281.07 FCFA."
USER_5,2024-10-18,10:19:09,OrangeMoney,transfert,OUT,76125.0,FCFA,106406.07,"Transfert de [PHONE_7316] [CONTACT_07E5] vers [USER_5_phone] [USER_5] reussi. Details: ID transaction: PP241018.1019.B00514, Montant Transaction: 76125FCFA, Frais: 0 FCFA, Commission: 0 FCFA, Montant Net: 76125 FCFA, Nouveau Solde: 106406.07 FCFA."
USER_5,2024-10-18,15:31:52,OrangeMoney,retrait,OUT,3000.0,FCFA,102856.07,"Retrait d'argent reussi par le [PHONE_6147] avec le Code : 126080. Informations detaillees : Montant: 3000 FCFA, Frais: 50 FCFA, No de transaction CO241018.1531.B15121, montant net debite 3050 FCFA, Nouveau solde: 102856.07 FCFA."
USER_5,2024-10-18,19:24:04,OrangeMoney,autre,unknown,150215.0,FCFA,,"Transfert d argent de 150215 FCFA recu du +[PHONE_9349] (Allemagne) le 2024-10-18 19:24:00. Nouveau solde OM : 253071.07 FCFA, Frais : 0 FCFA"
USER_5,2024-10-21,22:07:28,OrangeMoney,transfert,OUT,550.0,FCFA,250018.32,"Transfert de [USER_5_phone] [USER_5] vers [PHONE_6973] [CONTACT_10BF] reussi. ID transaction: PP241021.2207.K68797, Montant Transaction: 550 FCFA, Frais: 2.75 FCFA, Commission: 0 FCFA, Montant Net: 552.75 FCFA, Nouveau Solde: 250018.32 FCFA."
USER_5,2024-10-22,16:13:13,OrangeMoney,transfert,OUT,35000.0,FCFA,214343.32,"Transfert de [USER_5_phone] [USER_5] vers [PHONE_0042] [CONTACT_3F7B] reussi. ID transaction: PP241022.1613.K34740, Montant Transaction: 35000 FCFA, Frais: 175 FCFA, Commission: 0 FCFA, Montant Net: 35175 FCFA, Nouveau Solde: 214343.32 FCFA."
USER_5,2024-10-23,12:51:10,OrangeMoney,retrait,OUT,1650.0,FCFA,212643.32,"Retrait d'argent reussi par le [PHONE_4117] avec le Code : 407132. Informations detaillees : Montant: 1650 FCFA, Frais: 50 FCFA, No de transaction CO241023.1251.M06443, montant net debite 1700 FCFA, Nouveau solde: 212643.32 FCFA."
USER_5,2024-10-25,19:32:15,OrangeMoney,retrait,OUT,3000.0,FCFA,208093.32,"Retrait d'argent reussi par le [PHONE_0777] avec le Code : 158486. Informations detaillees : Montant: 3000 FCFA, Frais: 50 FCFA, No de transaction CO241025.1931.A48700, montant net debite 3050 FCFA, Nouveau solde: 208093.32 FCFA."
USER_5,2024-10-26,10:54:35,OrangeMoney,transfert,OUT,20000.0,FCFA,187493.32,"Transfert de [USER_5_phone] [USER_5] vers [PHONE_8470] [CONTACT_D8E7] reussi. ID transaction: PP241026.1054.B52785, Montant Transaction: 20000 FCFA, Frais: 100 FCFA, Commission: 0 FCFA, Montant Net: 20100 FCFA, Nouveau Solde: 187493.32 FCFA."
USER_5,2024-10-26,11:24:24,OrangeMoney,retrait,OUT,182000.0,FCFA,2763.32,"Retrait d'argent reussi par le [PHONE_1969] avec le Code : 612667. Informations detaillees : Montant: 182000 FCFA, Frais: 2730 FCFA, No de transaction CO241026.1124.C20652, montant net debite 184730 FCFA, Nouveau solde: 2763.32 FCFA."
USER_5,2024-10-28,10:19:23,OrangeMoney,depot,IN,180000.0,FCFA,181763.32,"Depot effectue par [PHONE_9498] [CONTACT_7D5C] to [USER_5_phone] [USER_5]. Informations detaillees: Montant de transaction : 180000 FCFA, ID transaction : CI241028.1019.B77337, Frais : 0 FCFA, Commission : 0 FCFA, Montant Net du Credit : 180000 FCFA, Nouveau Solde : 181763.32 FCFA."
USER_5,2024-10-29,11:22:44,OrangeMoney,transfert,OUT,20000.0,FCFA,201263.32,"Transfert de [PHONE_2617] [CONTACT_6EC3] vers [USER_5_phone] [USER_5] reussi. Details: ID transaction: PP241029.1122.B40035, Montant Transaction: 20000FCFA, Frais: 0 FCFA, Commission: 0 FCFA, Montant Net: 20000 FCFA, Nouveau Solde: 201263.32 FCFA."
USER_5,2024-10-30,04:57:09,OrangeMoney,transfert,OUT,180000.0,FCFA,19863.32,"Transfert de [USER_5_phone] [USER_5] vers [PHONE_5231] Tazanfouo Nhouanet reussi. ID transaction: PP241030.0457.A00070, Montant Transaction: 180000 FCFA, Frais: 900 FCFA, Commission: 0 FCFA, Montant Net: 180900 FCFA, Nouveau Solde: 19863.32 FCFA."
USER_5,2024-10-31,19:30:33,OrangeMoney,transfert,OUT,10200.0,FCFA,29063.32,"Transfert de [PHONE_7712] [CONTACT_BAF2] vers [USER_5_phone] [USER_5] reussi. Details: ID transaction: PP241031.1930.D16023, Montant Transaction: 10200FCFA, Frais: 0 FCFA, Commission: 0 FCFA, Montant Net: 10200 FCFA, Nouveau Solde: 29063.32 FCFA."
USER_5,2024-11-01,10:47:38,OrangeMoney,transfert,OUT,5100.0,FCFA,23937.82,"Transfert de [USER_5_phone] [USER_5] vers [PHONE_9229] [CONTACT_97A5] reussi. ID transaction: PP241101.1047.C63883, Montant Transaction: 5100 FCFA, Frais: 25.5 FCFA, Commission: 0 FCFA, Montant Net: 5125.5 FCFA, Nouveau Solde: 23937.82 FCFA."
USER_5,2024-11-02,17:32:40,OrangeMoney,transfert,OUT,5100.0,FCFA,18812.32,"Transfert de [USER_5_phone] [USER_5] vers [PHONE_0665] [CONTACT_C723] reussi. ID transaction: PP241102.1732.D41388, Montant Transaction: 5100 FCFA, Frais: 25.5 FCFA, Commission: 0 FCFA, Montant Net: 5125.5 FCFA, Nouveau Solde: 18812.32 FCFA."
USER_5,2024-11-02,19:31:25,OrangeMoney,transfert,OUT,2000.0,FCFA,16802.32,"Transfert de [USER_5_phone] [USER_5] vers [PHONE_6044] [CONTACT_D626] reussi. ID transaction: PP241102.1931.B20970, Montant Transaction: 2000 FCFA, Frais: 10 FCFA, Commission: 0 FCFA, Montant Net: 2010 FCFA, Nouveau Solde: 16802.32 FCFA."
USER_5,2024-11-02,19:32:42,OrangeMoney,transfert,OUT,4000.0,FCFA,12782.32,"Transfert de [USER_5_phone] [USER_5] vers [PHONE_7810] [CONTACT_48B1] reussi. ID transaction: PP241102.1932.A45694, Montant Transaction: 4000 FCFA, Frais: 20 FCFA, Commission: 0 FCFA, Montant Net: 4020 FCFA, Nouveau Solde: 12782.32 FCFA."
USER_5,2024-11-02,19:36:18,OrangeMoney,transfert,OUT,2000.0,FCFA,10772.32,"Transfert de [USER_5_phone] [USER_5] vers [PHONE_3977] [CONTACT_DB55] reussi. ID transaction: PP241102.1936.D27709, Montant Transaction: 2000 FCFA, Frais: 10 FCFA, Commission: 0 FCFA, Montant Net: 2010 FCFA, Nouveau Solde: 10772.32 FCFA."
USER_5,2024-11-02,19:37:08,OrangeMoney,transfert,OUT,2000.0,FCFA,8762.32,"Transfert de [USER_5_phone] [USER_5] vers [PHONE_8778] [CONTACT_F9A9] reussi. ID transaction: PP241102.1937.D28302, Montant Transaction: 2000 FCFA, Frais: 10 FCFA, Commission: 0 FCFA, Montant Net: 2010 FCFA, Nouveau Solde: 8762.32 FCFA."
USER_5,2024-11-02,19:38:08,OrangeMoney,transfert,OUT,2000.0,FCFA,6752.32,"Transfert de [USER_5_phone] [USER_5] vers [PHONE_5931] [CONTACT_1739] reussi. ID transaction: PP241102.1938.C29579, Montant Transaction: 2000 FCFA, Frais: 10 FCFA, Commission: 0 FCFA, Montant Net: 2010 FCFA, Nouveau Solde: 6752.32 FCFA."
USER_5,2024-11-02,19:46:34,OrangeMoney,transfert,OUT,2500.0,FCFA,4239.82,"Transfert de [USER_5_phone] [USER_5] vers [PHONE_9905] [CONTACT_EB76] reussi. ID transaction: PP241102.1946.D34275, Montant Transaction: 2500 FCFA, Frais: 12.5 FCFA, Commission: 0 FCFA, Montant Net: 2512.5 FCFA, Nouveau Solde: 4239.82 FCFA."
USER_5,2024-11-03,17:19:31,OrangeMoney,transfert,OUT,500.0,FCFA,1737.32,"Transfert de [USER_5_phone] [USER_5] vers [PHONE_6044] [CONTACT_D626] reussi. ID transaction: PP241103.1719.C16377, Montant Transaction: 500 FCFA, Frais: 2.5 FCFA, Commission: 0 FCFA, Montant Net: 502.5 FCFA, Nouveau Solde: 1737.32 FCFA."
USER_5,2024-11-03,17:20:17,OrangeMoney,transfert,OUT,1000.0,FCFA,732.32,"Transfert de [USER_5_phone] [USER_5] vers [PHONE_5931] [CONTACT_1739] reussi. ID transaction: PP241103.1720.C16910, Montant Transaction: 1000 FCFA, Frais: 5 FCFA, Commission: 0 FCFA, Montant Net: 1005 FCFA, Nouveau Solde: 732.32 FCFA."
USER_5,2024-11-03,17:21:36,OrangeMoney,transfert,OUT,500.0,FCFA,229.82,"Transfert de [USER_5_phone] [USER_5] vers [PHONE_6044] [CONTACT_D626] reussi. ID transaction: PP241103.1721.C17767, Montant Transaction: 500 FCFA, Frais: 2.5 FCFA, Commission: 0 FCFA, Montant Net: 502.5 FCFA, Nouveau Solde: 229.82 FCFA."
USER_5,2024-11-04,21:38:00,OrangeMoney,transfert,OUT,20604.5,FCFA,20834.32,"Transfert de [PHONE_7712] [CONTACT_BAF2] vers [USER_5_phone] [USER_5] reussi. Details: ID transaction: PP241104.2137.B27671, Montant Transaction: 20604.5FCFA, Frais: 0 FCFA, Commission: 0 FCFA, Montant Net: 20604.5 FCFA, Nouveau Solde: 20834.32 FCFA."
USER_5,2024-11-05,00:26:27,OrangeMoney,transfert,OUT,1000.0,FCFA,19329.32,"Transfert de [USER_5_phone] [USER_5] vers [PHONE_9229] [CONTACT_97A5] reussi. ID transaction: PP241105.0026.C61526, Montant Transaction: 1000 FCFA, Frais: 5 FCFA, Commission: 0 FCFA, Montant Net: 1005 FCFA, Nouveau Solde: 19329.32 FCFA."
USER_5,2024-11-05,14:22:52,OrangeMoney,transfert,OUT,5000.0,FCFA,14304.32,"Transfert de [USER_5_phone] [USER_5] vers [PHONE_8692] [CONTACT_9AB2] reussi. ID transaction: PP241105.1422.C25655, Montant Transaction: 5000 FCFA, Frais: 25 FCFA, Commission: 0 FCFA, Montant Net: 5025 FCFA, Nouveau Solde: 14304.32 FCFA."
USER_5,2024-11-06,08:47:40,OrangeMoney,transfert,OUT,5000.0,FCFA,9279.32,"Transfert de [USER_5_phone] [USER_5] vers [PHONE_7810] [CONTACT_48B1] reussi. ID transaction: PP241106.0847.A26318, Montant Transaction: 5000 FCFA, Frais: 25 FCFA, Commission: 0 FCFA, Montant Net: 5025 FCFA, Nouveau Solde: 9279.32 FCFA."
USER_5,2024-11-06,08:48:19,OrangeMoney,transfert,OUT,5000.0,FCFA,4254.32,"Transfert de [USER_5_phone] [USER_5] vers [PHONE_6727] [CONTACT_E884] reussi. ID transaction: PP241106.0848.A26604, Montant Transaction: 5000 FCFA, Frais: 25 FCFA, Commission: 0 FCFA, Montant Net: 5025 FCFA, Nouveau Solde: 4254.32 FCFA."
USER_5,2024-11-06,08:48:54,OrangeMoney,transfert,OUT,1000.0,FCFA,3249.32,"Transfert de [USER_5_phone] [USER_5] vers [PHONE_8778] [CONTACT_F9A9] reussi. ID transaction: PP241106.0848.A26884, Montant Transaction: 1000 FCFA, Frais: 5 FCFA, Commission: 0 FCFA, Montant Net: 1005 FCFA, Nouveau Solde: 3249.32 FCFA."
USER_5,2024-11-06,10:02:42,OrangeMoney,transfert,OUT,1000.0,FCFA,2244.32,"Transfert de [USER_5_phone] [USER_5] vers [PHONE_7181] [CONTACT_5088] reussi. ID transaction: PP241106.1002.D46529, Montant Transaction: 1000 FCFA, Frais: 5 FCFA, Commission: 0 FCFA, Montant Net: 1005 FCFA, Nouveau Solde: 2244.32 FCFA."
USER_5,2024-11-06,12:01:53,OrangeMoney,depot,IN,10000.0,FCFA,12244.32,"Depot effectue par [PHONE_3761] [CONTACT_10B6] to [USER_5_phone] [USER_5]. Informations detaillees: Montant de transaction : 10000 FCFA, ID transaction : CI241106.1201.A09857, Frais : 0 FCFA, Commission : 0 FCFA, Montant Net du Credit : 10000 FCFA, Nouveau Solde : 12244.32 FCFA."
USER_5,2024-11-06,12:02:37,OrangeMoney,transfert,OUT,5000.0,FCFA,7219.32,"Transfert de [USER_5_phone] [USER_5] vers [PHONE_6727] [CONTACT_E884] reussi. ID transaction: PP241106.1202.B15536, Montant Transaction: 5000 FCFA, Frais: 25 FCFA, Commission: 0 FCFA, Montant Net: 5025 FCFA, Nouveau Solde: 7219.32 FCFA."
USER_5,2024-11-06,12:04:16,OrangeMoney,transfert,OUT,2500.0,FCFA,4706.82,"Transfert de [USER_5_phone] [USER_5] vers [PHONE_9905] [CONTACT_EB76] reussi. ID transaction: PP241106.1204.B16584, Montant Transaction: 2500 FCFA, Frais: 12.5 FCFA, Commission: 0 FCFA, Montant Net: 2512.5 FCFA, Nouveau Solde: 4706.82 FCFA."
USER_5,2024-11-07,10:59:11,OrangeMoney,retrait,OUT,1250.0,FCFA,2906.82,"Retrait d'argent reussi par le [PHONE_7669] avec le Code : 717494. Informations detaillees : Montant: 1250 FCFA, Frais: 50 FCFA, No de transaction CO241107.1059.D23581, montant net debite 1300 FCFA, Nouveau solde: 2906.82 FCFA."
USER_5,2024-11-07,11:07:36,OrangeMoney,retrait,OUT,500.0,FCFA,2356.82,"Retrait d'argent reussi par le [PHONE_6147] avec le Code : 126080. Informations detaillees : Montant: 500 FCFA, Frais: 50 FCFA, No de transaction CO241107.1107.A37620, montant net debite 550 FCFA, Nouveau solde: 2356.82 FCFA."
USER_5,2024-11-10,21:31:49,OrangeMoney,transfert,OUT,14000.0,FCFA,15856.82,"Transfert de [PHONE_0962] [CONTACT_F062] vers [USER_5_phone] [USER_5] reussi. Details: ID transaction: PP241110.2131.B25747, Montant Transaction: 14000FCFA, Frais: 0 FCFA, Commission: 0 FCFA, Montant Net: 14000 FCFA, Nouveau Solde: 15856.82 FCFA."
USER_5,2024-11-13,10:26:59,OrangeMoney,transfert,OUT,5075.0,FCFA,5531.82,"Transfert de [PHONE_9229] [CONTACT_97A5] vers [USER_5_phone] [USER_5] reussi. Details: ID transaction: PP241113.1026.A43098, Montant Transaction: 5075FCFA, Frais: 0 FCFA, Commission: 0 FCFA, Montant Net: 5075 FCFA, Nouveau Solde: 5531.82 FCFA."
USER_5,2024-11-13,10:29:18,OrangeMoney,retrait,OUT,550.0,FCFA,4931.82,"Retrait d'argent reussi par le [PHONE_7669] avec le Code : 717494. Informations detaillees : Montant: 550 FCFA, Frais: 50 FCFA, No de transaction CO241113.1029.A83934, montant net debite 600 FCFA, Nouveau solde: 4931.82 FCFA."
USER_5,2024-11-13,10:32:07,OrangeMoney,retrait,OUT,600.0,FCFA,4281.82,"Retrait d'argent reussi par le [PHONE_0647] avec le Code : 792842. Informations detaillees : Montant: 600 FCFA, Frais: 50 FCFA, No de transaction CO241113.1032.B99433, montant net debite 650 FCFA, Nouveau solde: 4281.82 FCFA."
USER_5,2024-11-13,10:40:50,OrangeMoney,retrait,OUT,3000.0,FCFA,1231.82,"Retrait d'argent reussi par le [PHONE_3761] avec le Code : 385804. Informations detaillees : Montant: 3000 FCFA, Frais: 50 FCFA, No de transaction CO241113.1040.B03695, montant net debite 3050 FCFA, Nouveau solde: 1231.82 FCFA."
USER_5,2024-11-13,22:28:22,OrangeMoney,transfert,OUT,1000.0,FCFA,2231.82,"Transfert de [PHONE_5809] [CONTACT_A7B7] vers [USER_5_phone] [USER_5] reussi. Details: ID transaction: PP241113.2228.D41199, Montant Transaction: 1000FCFA, Frais: 0 FCFA, Commission: 0 FCFA, Montant Net: 1000 FCFA, Nouveau Solde: 2231.82 FCFA."
USER_5,2024-11-14,09:36:45,OrangeMoney,transfert,OUT,1750.0,FCFA,473.07,"Transfert de [USER_5_phone] [USER_5] vers [PHONE_6527] [CONTACT_48EC] reussi. ID transaction: PP241114.0936.B43804, Montant Transaction: 1750 FCFA, Frais: 8.75 FCFA, Commission: 0 FCFA, Montant Net: 1758.75 FCFA, Nouveau Solde: 473.07 FCFA."
USER_5,2024-11-15,19:36:38,OrangeMoney,transfert,OUT,2000.0,FCFA,2173.07,"Transfert de [PHONE_2617] [CONTACT_6EC3] vers [USER_5_phone] [USER_5] reussi. Details: ID transaction: PP241115.1936.A18783, Montant Transaction: 2000FCFA, Frais: 0 FCFA, Commission: 0 FCFA, Montant Net: 2000 FCFA, Nouveau Solde: 2173.07 FCFA."
USER_5,2024-11-15,19:50:49,OrangeMoney,autre,unknown,9840.0,FCFA,,"Transfert d'argent de 9840 FCFA reçu de Emilie Audrey Foning Ketchiegmen provenant du pays FR le 15/11/2024 à 18:50:27. Nouveau solde OM : 12013.07 FCFA, Frais : 0 FCFA, CI241115.1950.A86129 Orange Money vous remercie"
USER_5,2024-11-15,21:23:43,OrangeMoney,transfert,OUT,950.0,FCFA,11058.32,"Transfert de [USER_5_phone] [USER_5] vers [PHONE_6527] [CONTACT_48EC] reussi. ID transaction: PP241115.2123.B51752, Montant Transaction: 950 FCFA, Frais: 4.75 FCFA, Commission: 0 FCFA, Montant Net: 954.75 FCFA, Nouveau Solde: 11058.32 FCFA."
USER_5,2024-11-16,08:31:24,OrangeMoney,transfert,OUT,200.0,FCFA,10857.32,"Transfert de [USER_5_phone] [USER_5] vers [PHONE_8470] [CONTACT_D8E7] reussi. ID transaction: PP241116.0831.A86770, Montant Transaction: 200 FCFA, Frais: 1 FCFA, Commission: 0 FCFA, Montant Net: 201 FCFA, Nouveau Solde: 10857.32 FCFA."
USER_5,2024-11-16,14:02:13,OrangeMoney,retrait,OUT,2100.0,FCFA,8707.32,"Retrait d'argent reussi par le [PHONE_7669] avec le Code : 717494. Informations detaillees : Montant: 2100 FCFA, Frais: 50 FCFA, No de transaction CO241116.1402.D19700, montant net debite 2150 FCFA, Nouveau solde: 8707.32 FCFA."
USER_5,2024-11-16,14:33:54,OrangeMoney,transfert,OUT,3000.0,FCFA,5692.32,"Transfert de [USER_5_phone] [USER_5] vers [PHONE_0962] [CONTACT_F062] reussi. ID transaction: PP241116.1433.B90384, Montant Transaction: 3000 FCFA, Frais: 15 FCFA, Commission: 0 FCFA, Montant Net: 3015 FCFA, Nouveau Solde: 5692.32 FCFA."
USER_5,2024-11-17,02:01:28,OrangeMoney,transfert,OUT,1000.0,FCFA,4187.32,"Transfert de [USER_5_phone] [USER_5] vers [PHONE_8787] Yvana reussi. ID transaction: PP241117.0201.B32333, Montant Transaction: 1000 FCFA, Frais: 5 FCFA, Commission: 0 FCFA, Montant Net: 1005 FCFA, Nouveau Solde: 4187.32 FCFA."
USER_5,2024-11-17,12:13:55,OrangeMoney,transfert,OUT,1950.0,FCFA,2227.57,"Transfert de [USER_5_phone] [USER_5] vers [PHONE_8526] [CONTACT_A091] reussi. ID transaction: PP241117.1213.D40314, Montant Transaction: 1950 FCFA, Frais: 9.75 FCFA, Commission: 0 FCFA, Montant Net: 1959.75 FCFA, Nouveau Solde: 2227.57 FCFA."
USER_5,2024-11-18,10:54:11,OrangeMoney,retrait,OUT,1700.0,FCFA,477.57,"Retrait d'argent reussi par le [PHONE_0647] avec le Code : 792842. Informations detaillees : Montant: 1700 FCFA, Frais: 50 FCFA, No de transaction CO241118.1054.D03368, montant net debite 1750 FCFA, Nouveau solde: 477.57 FCFA."
USER_5,2024-11-22,14:21:39,OrangeMoney,transfert,OUT,200.0,FCFA,227.57,"Transfert de [USER_5_phone] [USER_5] vers [PHONE_7181] [CONTACT_5088] reussi. ID transaction: PP241122.1421.D61972, Montant Transaction: 200 FCFA, Frais: 50 FCFA, Commission: 0 FCFA, Montant Net: 250 FCFA, Nouveau Solde: 227.57 FCFA."
USER_5,2024-11-23,14:34:13,OrangeMoney,transfert,OUT,10000.0,FCFA,10227.57,"Transfert de [PHONE_9035] Elat vers [USER_5_phone] [USER_5] reussi. Details: ID transaction: PP241123.1434.B83627, Montant Transaction: 10000FCFA, Frais: 0 FCFA, Commission: 0 FCFA, Montant Net: 10000 FCFA, Nouveau Solde: 10227.57 FCFA."
USER_5,2024-11-23,16:07:37,OrangeMoney,transfert,OUT,2600.0,FCFA,7577.57,"Transfert de [USER_5_phone] [USER_5] vers [PHONE_6527] [CONTACT_48EC] reussi. ID transaction: PP241123.1607.D45604, Montant Transaction: 2600 FCFA, Frais: 50 FCFA, Commission: 0 FCFA, Montant Net: 2650 FCFA, Nouveau Solde: 7577.57 FCFA."
USER_5,2024-11-23,16:47:01,OrangeMoney,transfert,OUT,550.0,FCFA,6477.57,"Transfert de [USER_5_phone] [USER_5] vers [PHONE_6527] [CONTACT_48EC] reussi. ID transaction: PP241123.1646.A90938, Montant Transaction: 550 FCFA, Frais: 50 FCFA, Commission: 0 FCFA, Montant Net: 600 FCFA, Nouveau Solde: 6477.57 FCFA."
USER_5,2024-11-25,12:02:44,OrangeMoney,paiement,OUT,1050.0,FCFA,3877.57,"Vous venez d'effectuer un paiement chez atchang d'un montant de 1050 FCFA.  Reference de la transaction: SM241125.1202.D11212, Frais: 50 FCFA, Montant net debite: 1100 FCFA. Nouveau Solde: 3877.57 FCFA. Orange Money vous remercie."
USER_5,2024-11-25,12:07:02,OrangeMoney,paiement,OUT,950.0,FCFA,2902.57,"Vous venez d'effectuer un paiement chez atchang d'un montant de 950 FCFA.  Reference de la transaction: SM241125.1207.C11547, Frais: 25 FCFA, Montant net debite: 975 FCFA. Nouveau Solde: 2902.57 FCFA. Orange Money vous remercie."
USER_5,2024-11-25,19:53:57,OrangeMoney,transfert,OUT,2050.0,FCFA,802.57,"Transfert de [USER_5_phone] [USER_5] vers [PHONE_7181] [CONTACT_5088] reussi. ID transaction: PP241125.1953.D83766, Montant Transaction: 2050 FCFA, Frais: 50 FCFA, Commission: 0 FCFA, Montant Net: 2100 FCFA, Nouveau Solde: 802.57 FCFA."
USER_5,2024-11-26,07:46:40,OrangeMoney,transfert,OUT,1000.0,FCFA,1302.57,"Transfert de [PHONE_0962] [CONTACT_F062] vers [USER_5_phone] [USER_5] reussi. Details: ID transaction: PP241126.0746.C10022, Montant Transaction: 1000FCFA, Frais: 0 FCFA, Commission: 0 FCFA, Montant Net: 1000 FCFA, Nouveau Solde: 1302.57 FCFA."
USER_5,2024-11-26,07:47:23,OrangeMoney,retrait,OUT,800.0,FCFA,452.57,"Retrait d'argent reussi par le [PHONE_0647] avec le Code : 792842. Informations detaillees : Montant: 800 FCFA, Frais: 50 FCFA, No de transaction CO241126.0747.D76134, montant net debite 850 FCFA, Nouveau solde: 452.57 FCFA."
USER_5,2024-11-26,17:15:10,OrangeMoney,transfert,OUT,2000.0,FCFA,2452.57,"Transfert de [PHONE_7181] [CONTACT_5088] vers [USER_5_phone] [USER_5] reussi. Details: ID transaction: PP241126.1715.C62728, Montant Transaction: 2000FCFA, Frais: 0 FCFA, Commission: 0 FCFA, Montant Net: 2000 FCFA, Nouveau Solde: 2452.57 FCFA."
USER_5,2024-11-26,23:15:40,OrangeMoney,transfert,OUT,500.0,FCFA,1902.57,"Transfert de [USER_5_phone] [USER_5] vers [PHONE_6438] [CONTACT_D286] reussi. ID transaction: PP241126.2315.C53809, Montant Transaction: 500 FCFA, Frais: 50 FCFA, Commission: 0 FCFA, Montant Net: 550 FCFA, Nouveau Solde: 1902.57 FCFA."
USER_5,2024-11-27,10:45:55,OrangeMoney,transfert,OUT,1250.0,FCFA,102.57,"Transfert de [USER_5_phone] [USER_5] vers [PHONE_6562] [CONTACT_3F20] reussi. ID transaction: PP241127.1045.B01861, Montant Transaction: 1250 FCFA, Frais: 50 FCFA, Commission: 0 FCFA, Montant Net: 1300 FCFA, Nouveau Solde: 102.57 FCFA."
USER_5,2024-11-27,11:13:23,OrangeMoney,depot,IN,15500.0,FCFA,15602.57,"Depot effectue par [PHONE_1330] [CONTACT_9EA1] to [USER_5_phone] [USER_5]. Informations detaillees: Montant de transaction : 15500 FCFA, ID transaction : CI241127.1113.A10622, Frais : 0 FCFA, Commission : 0 FCFA, Montant Net du Credit : 15500 FCFA, Nouveau Solde : 15602.57 FCFA."
USER_5,2024-11-27,15:49:48,OrangeMoney,transfert,OUT,1900.0,FCFA,13652.57,"Transfert de [USER_5_phone] [USER_5] vers [PHONE_6664] [CONTACT_33F6] reussi. ID transaction: PP241127.1549.A22035, Montant Transaction: 1900 FCFA, Frais: 50 FCFA, Commission: 0 FCFA, Montant Net: 1950 FCFA, Nouveau Solde: 13652.57 FCFA."
USER_5,2024-11-27,19:43:39,OrangeMoney,transfert,OUT,525.0,FCFA,13077.57,"Transfert de [USER_5_phone] [USER_5] vers [PHONE_6438] [CONTACT_D286] reussi. ID transaction: PP241127.1943.B66271, Montant Transaction: 525 FCFA, Frais: 50 FCFA, Commission: 0 FCFA, Montant Net: 575 FCFA, Nouveau Solde: 13077.57 FCFA."
USER_5,2024-11-28,14:55:49,OrangeMoney,transfert,OUT,225.0,FCFA,1884.57,"Transfert de [USER_5_phone] [USER_5] vers [PHONE_9585] [CONTACT_028E] reussi. ID transaction: PP241128.1455.A97783, Montant Transaction: 225 FCFA, Frais: 50 FCFA, Commission: 0 FCFA, Montant Net: 275 FCFA, Nouveau Solde: 1884.57 FCFA."
USER_5,2024-11-29,12:15:37,OrangeMoney,transfert,OUT,5100.0,FCFA,6284.57,"Transfert de [PHONE_2509] [CONTACT_6D8D] vers [USER_5_phone] [USER_5] reussi. Details: ID transaction: PP241129.1215.A14414, Montant Transaction: 5100FCFA, Frais: 0 FCFA, Commission: 0 FCFA, Montant Net: 5100 FCFA, Nouveau Solde: 6284.57 FCFA."
USER_5,2024-11-29,14:03:12,OrangeMoney,transfert,OUT,3050.0,FCFA,3184.57,"Transfert de [USER_5_phone] [USER_5] vers [PHONE_9930] Tete yatoleque reussi. ID transaction: PP241129.1403.D61666, Montant Transaction: 3050 FCFA, Frais: 50 FCFA, Commission: 0 FCFA, Montant Net: 3100 FCFA, Nouveau Solde: 3184.57 FCFA."
USER_5,2024-11-29,14:39:21,OrangeMoney,paiement,OUT,1050.0,FCFA,2084.57,"Vous venez d'effectuer un paiement chez atchang d'un montant de 1050 FCFA.  Reference de la transaction: SM241129.1439.D69965, Frais: 50 FCFA, Montant net debite: 1100 FCFA. Nouveau Solde: 2084.57 FCFA. Orange Money vous remercie."
USER_5,2024-11-29,21:21:29,OrangeMoney,paiement,OUT,900.0,FCFA,659.57,"Vous venez d'effectuer un paiement chez SIMEU d'un montant de 900 FCFA.  Reference de la transaction: SM241129.2121.D29429, Frais: 25 FCFA, Montant net debite: 925 FCFA. Nouveau Solde: 659.57 FCFA. Orange Money vous remercie."
USER_5,2024-11-30,12:48:39,OrangeMoney,paiement,OUT,600.0,FCFA,34.57,"Vous venez d'effectuer un paiement chez SIMEU d'un montant de 600 FCFA.  Reference de la transaction: SM241130.1248.D82653, Frais: 25 FCFA, Montant net debite: 625 FCFA. Nouveau Solde: 34.57 FCFA. Orange Money vous remercie."
USER_5,2024-12-02,10:13:06,OrangeMoney,transfert,OUT,500.0,FCFA,534.57,"Transfert de [PHONE_7751] [CONTACT_B03E] vers [USER_5_phone] [USER_5] reussi. Details: ID transaction: PP241202.1013.A65989, Montant Transaction: 500FCFA, Frais: 0 FCFA, Commission: 0 FCFA, Montant Net: 500 FCFA, Nouveau Solde: 534.57 FCFA."
USER_5,2024-12-02,13:08:58,OrangeMoney,transfert,OUT,11000.0,FCFA,11034.57,"Transfert de [PHONE_3802] [CONTACT_9F2E] vers [USER_5_phone] [USER_5] reussi. Details: ID transaction: PP241202.1308.A76987, Montant Transaction: 11000FCFA, Frais: 0 FCFA, Commission: 0 FCFA, Montant Net: 11000 FCFA, Nouveau Solde: 11034.57 FCFA."
USER_5,2024-12-02,13:10:44,OrangeMoney,transfert,OUT,2000.0,FCFA,8984.57,"Transfert de [USER_5_phone] [USER_5] vers [PHONE_7751] [CONTACT_B03E] reussi. ID transaction: PP241202.1310.A78121, Montant Transaction: 2000 FCFA, Frais: 50 FCFA, Commission: 0 FCFA, Montant Net: 2050 FCFA, Nouveau Solde: 8984.57 FCFA."
USER_5,2024-12-02,17:59:04,OrangeMoney,transfert,OUT,1650.0,FCFA,7284.57,"Transfert de [USER_5_phone] [USER_5] vers [PHONE_6527] [CONTACT_48EC] reussi. ID transaction: PP241202.1759.D49962, Montant Transaction: 1650 FCFA, Frais: 50 FCFA, Commission: 0 FCFA, Montant Net: 1700 FCFA, Nouveau Solde: 7284.57 FCFA."
USER_5,2024-12-02,19:41:01,OrangeMoney,transfert,OUT,550.0,FCFA,6684.57,"Transfert de [USER_5_phone] [USER_5] vers [PHONE_6436] [CONTACT_74AE] reussi. ID transaction: PP241202.1941.D22976, Montant Transaction: 550 FCFA, Frais: 50 FCFA, Commission: 0 FCFA, Montant Net: 600 FCFA, Nouveau Solde: 6684.57 FCFA."
USER_5,2024-12-03,09:31:30,OrangeMoney,transfert,OUT,550.0,FCFA,2064.57,"Transfert de [USER_5_phone] [USER_5] vers [PHONE_8470] [CONTACT_D8E7] reussi. ID transaction: PP241203.0931.A82987, Montant Transaction: 550 FCFA, Frais: 50 FCFA, Commission: 0 FCFA, Montant Net: 600 FCFA, Nouveau Solde: 2064.57 FCFA."
USER_5,2024-12-03,11:25:44,OrangeMoney,transfert,OUT,500.0,FCFA,1514.57,"Transfert de [USER_5_phone] [USER_5] vers [PHONE_6044] [CONTACT_D626] reussi. ID transaction: PP241203.1125.C46436, Montant Transaction: 500 FCFA, Frais: 50 FCFA, Commission: 0 FCFA, Montant Net: 550 FCFA, Nouveau Solde: 1514.57 FCFA."
USER_5,2024-12-03,12:05:13,OrangeMoney,transfert,OUT,800.0,FCFA,664.57,"Transfert de [USER_5_phone] [USER_5] vers [PHONE_6527] [CONTACT_48EC] reussi. ID transaction: PP241203.1205.A75743, Montant Transaction: 800 FCFA, Frais: 50 FCFA, Commission: 0 FCFA, Montant Net: 850 FCFA, Nouveau Solde: 664.57 FCFA."
USER_5,2024-12-04,12:19:34,OrangeMoney,transfert,OUT,2000.0,FCFA,2664.57,"Transfert de [PHONE_3802] [CONTACT_9F2E] vers [USER_5_phone] [USER_5] reussi. Details: ID transaction: PP241204.1219.A60569, Montant Transaction: 2000FCFA, Frais: 0 FCFA, Commission: 0 FCFA, Montant Net: 2000 FCFA, Nouveau Solde: 2664.57 FCFA."
USER_5,2024-12-04,13:23:12,OrangeMoney,paiement,OUT,1000.0,FCFA,1614.57,"Vous venez d'effectuer un paiement chez atchang d'un montant de 1000 FCFA.  Reference de la transaction: SM241204.1323.B01794, Frais: 50 FCFA, Montant net debite: 1050 FCFA. Nouveau Solde: 1614.57 FCFA. Orange Money vous remercie."
USER_5,2024-12-04,20:23:36,OrangeMoney,transfert,OUT,1050.0,FCFA,14.57,"Transfert de [USER_5_phone] [USER_5] vers [PHONE_6527] [CONTACT_48EC] reussi. ID transaction: PP241204.2023.B79705, Montant Transaction: 1050 FCFA, Frais: 50 FCFA, Commission: 0 FCFA, Montant Net: 1100 FCFA, Nouveau Solde: 14.57 FCFA."
USER_5,2024-12-05,09:26:53,OrangeMoney,transfert,OUT,1000.0,FCFA,1014.57,"Transfert de [PHONE_7181] [CONTACT_5088] vers [USER_5_phone] [USER_5] reussi. Details: ID transaction: PP241205.0926.C39782, Montant Transaction: 1000FCFA, Frais: 0 FCFA, Commission: 0 FCFA, Montant Net: 1000 FCFA, Nouveau Solde: 1014.57 FCFA."
USER_5,2024-12-05,09:28:08,OrangeMoney,retrait,OUT,600.0,FCFA,364.57,"Retrait d'argent reussi par le [PHONE_0647] avec le Code : 792842. Informations detaillees : Montant: 600 FCFA, Frais: 50 FCFA, No de transaction CO241205.0928.C32048, montant net debite 650 FCFA, Nouveau solde: 364.57 FCFA."
USER_5,2024-12-06,21:26:56,OrangeMoney,transfert,OUT,500.0,FCFA,564.57,"Transfert de [PHONE_1956] [CONTACT_2A97] vers [USER_5_phone] [USER_5] reussi. Details: ID transaction: PP241206.2126.D02363, Montant Transaction: 500FCFA, Frais: 0 FCFA, Commission: 0 FCFA, Montant Net: 500 FCFA, Nouveau Solde: 564.57 FCFA."
USER_5,2024-12-08,11:02:07,OrangeMoney,depot,IN,500.0,FCFA,564.57,"Depot effectue par [PHONE_7872] [CONTACT_8635] to [USER_5_phone] [USER_5]. Informations detaillees: Montant de transaction : 500 FCFA, ID transaction : CI241208.1102.D80051, Frais : 0 FCFA, Commission : 0 FCFA, Montant Net du Credit : 500 FCFA, Nouveau Solde : 564.57 FCFA."
USER_5,2024-12-09,08:20:50,OrangeMoney,transfert,OUT,1000.0,FCFA,1064.57,"Transfert de [PHONE_9793] [CONTACT_92F0] vers [USER_5_phone] [USER_5] reussi. Details: ID transaction: PP241209.0820.D57329, Montant Transaction: 1000FCFA, Frais: 0 FCFA, Commission: 0 FCFA, Montant Net: 1000 FCFA, Nouveau Solde: 1064.57 FCFA."
USER_5,2024-12-09,12:33:58,OrangeMoney,depot,IN,15500.0,FCFA,16064.57,"Depot effectue par [PHONE_2148] [CONTACT_FD84] to [USER_5_phone] [USER_5]. Informations detaillees: Montant de transaction : 15500 FCFA, ID transaction : CI241209.1231.C72985, Frais : 0 FCFA, Commission : 0 FCFA, Montant Net du Credit : 15500 FCFA, Nouveau Solde : 16064.57 FCFA."
USER_5,2024-12-12,18:34:08,OrangeMoney,transfert,OUT,5500.0,FCFA,6164.57,"Transfert de [PHONE_2971] [CONTACT_962A] vers [USER_5_phone] [USER_5] reussi. Details: ID transaction: PP241212.1834.D11381, Montant Transaction: 5500FCFA, Frais: 0 FCFA, Commission: 0 FCFA, Montant Net: 5500 FCFA, Nouveau Solde: 6164.57 FCFA."
USER_5,2024-12-13,10:00:43,OrangeMoney,transfert,OUT,600.0,FCFA,1514.57,"Transfert de [USER_5_phone] [USER_5] vers [PHONE_2489] [CONTACT_C243] reussi. ID transaction: PP241213.1000.D76583, Montant Transaction: 600 FCFA, Frais: 50 FCFA, Commission: 0 FCFA, Montant Net: 650 FCFA, Nouveau Solde: 1514.57 FCFA."
USER_5,2024-12-13,18:25:49,OrangeMoney,paiement,OUT,950.0,FCFA,539.57,"Vous venez d'effectuer un paiement chez SIMEU d'un montant de 950 FCFA.  Reference de la transaction: SM241213.1823.D92320, Frais: 25 FCFA, Montant net debite: 975 FCFA. Nouveau Solde: 539.57 FCFA. Orange Money vous remercie."
USER_5,2024-12-14,09:56:59,OrangeMoney,transfert,OUT,5000.0,FCFA,5039.57,"Transfert de [PHONE_9229] [CONTACT_97A5] vers [USER_5_phone] [USER_5] reussi. Details: ID transaction: PP241214.0956.D86869, Montant Transaction: 5000FCFA, Frais: 0 FCFA, Commission: 0 FCFA, Montant Net: 5000 FCFA, Nouveau Solde: 5039.57 FCFA."
USER_5,2024-12-14,09:59:04,OrangeMoney,transfert,OUT,2050.0,FCFA,2939.57,"Transfert de [USER_5_phone] [USER_5] vers [PHONE_8470] [CONTACT_D8E7] reussi. ID transaction: PP241214.0959.C93807, Montant Transaction: 2050 FCFA, Frais: 50 FCFA, Commission: 0 FCFA, Montant Net: 2100 FCFA, Nouveau Solde: 2939.57 FCFA."
USER_5,2024-12-14,18:10:27,OrangeMoney,transfert,OUT,25500.0,FCFA,28439.57,"Transfert de [PHONE_0762] [CONTACT_BAF2] vers [USER_5_phone] [USER_5] reussi. Details: ID transaction: PP241214.1810.B13419, Montant Transaction: 25500FCFA, Frais: 0 FCFA, Commission: 0 FCFA, Montant Net: 25500 FCFA, Nouveau Solde: 28439.57 FCFA."
USER_5,2024-12-14,19:59:23,OrangeMoney,transfert,OUT,5100.0,FCFA,20167.57,"Transfert de [USER_5_phone] [USER_5] vers [PHONE_9229] [CONTACT_97A5] reussi. ID transaction: PP241214.1959.A90158, Montant Transaction: 5100 FCFA, Frais: 50 FCFA, Commission: 0 FCFA, Montant Net: 5150 FCFA, Nouveau Solde: 20167.57 FCFA."
USER_5,2024-12-14,20:06:13,OrangeMoney,transfert,OUT,4060.0,FCFA,16057.57,"Transfert de [USER_5_phone] [USER_5] vers [PHONE_9229] [CONTACT_97A5] reussi. ID transaction: PP241214.2006.B90004, Montant Transaction: 4060 FCFA, Frais: 50 FCFA, Commission: 0 FCFA, Montant Net: 4110 FCFA, Nouveau Solde: 16057.57 FCFA."
USER_5,2024-12-15,12:18:38,OrangeMoney,paiement,OUT,950.0,FCFA,14582.57,"Vous venez d'effectuer un paiement chez SIMEU d'un montant de 950 FCFA.  Reference de la transaction: SM241215.1218.C73079, Frais: 25 FCFA, Montant net debite: 975 FCFA. Nouveau Solde: 14582.57 FCFA. Orange Money vous remercie."
USER_5,2024-12-15,14:43:27,OrangeMoney,transfert,OUT,1000.0,FCFA,13532.57,"Transfert de [USER_5_phone] [USER_5] vers [PHONE_0767] [CONTACT_E3D8] reussi. ID transaction: PP241215.1443.D39919, Montant Transaction: 1000 FCFA, Frais: 50 FCFA, Commission: 0 FCFA, Montant Net: 1050 FCFA, Nouveau Solde: 13532.57 FCFA."
USER_5,2024-12-15,15:13:28,OrangeMoney,transfert,OUT,2500.0,FCFA,16032.57,"Transfert de [PHONE_1435] [CONTACT_71CD] vers [USER_5_phone] [USER_5] reussi. Details: ID transaction: PP241215.1513.A66889, Montant Transaction: 2500FCFA, Frais: 0 FCFA, Commission: 0 FCFA, Montant Net: 2500 FCFA, Nouveau Solde: 16032.57 FCFA."
USER_5,2024-12-15,16:58:23,OrangeMoney,transfert,OUT,550.0,FCFA,15432.57,"Transfert de [USER_5_phone] [USER_5] vers [PHONE_5420] [CONTACT_5B97] reussi. ID transaction: PP241215.1658.A35079, Montant Transaction: 550 FCFA, Frais: 50 FCFA, Commission: 0 FCFA, Montant Net: 600 FCFA, Nouveau Solde: 15432.57 FCFA."
USER_5,2024-12-16,13:32:58,OrangeMoney,retrait,OUT,10000.0,FCFA,5282.57,"Retrait d'argent reussi par le [PHONE_1969] avec le Code : 612667. Informations detaillees : Montant: 10000 FCFA, Frais: 150 FCFA, No de transaction CO241216.1332.B44359, montant net debite 10150 FCFA, Nouveau solde: 5282.57 FCFA."
USER_5,2024-12-17,11:41:50,OrangeMoney,retrait,OUT,600.0,FCFA,4132.57,"Retrait d'argent reussi par le [PHONE_0647] avec le Code : 792842. Informations detaillees : Montant: 600 FCFA, Frais: 50 FCFA, No de transaction CO241217.1141.D66207, montant net debite 650 FCFA, Nouveau solde: 4132.57 FCFA."
USER_5,2024-12-17,19:09:33,OrangeMoney,transfert,OUT,1050.0,FCFA,5182.57,"Transfert de [PHONE_1227] [CONTACT_5DD5] vers [USER_5_phone] [USER_5] reussi. Details: ID transaction: PP241217.1909.D49253, Montant Transaction: 1050FCFA, Frais: 0 FCFA, Commission: 0 FCFA, Montant Net: 1050 FCFA, Nouveau Solde: 5182.57 FCFA."
USER_5,2024-12-18,15:37:48,OrangeMoney,paiement,OUT,850.0,FCFA,4307.57,"Vous venez d'effectuer un paiement chez SIMEU d'un montant de 850 FCFA.  Reference de la transaction: SM241218.1537.A46399, Frais: 25 FCFA, Montant net debite: 875 FCFA. Nouveau Solde: 4307.57 FCFA. Orange Money vous remercie."
USER_5,2024-12-18,15:54:59,OrangeMoney,transfert,OUT,1150.0,FCFA,3107.57,"Transfert de [USER_5_phone] [USER_5] vers [PHONE_6664] [CONTACT_33F6] reussi. ID transaction: PP241218.1554.B00107, Montant Transaction: 1150 FCFA, Frais: 50 FCFA, Commission: 0 FCFA, Montant Net: 1200 FCFA, Nouveau Solde: 3107.57 FCFA."
USER_5,2024-12-19,11:25:27,OrangeMoney,paiement,OUT,1050.0,FCFA,1307.57,"Vous venez d'effectuer un paiement chez SIMEU d'un montant de 1050 FCFA.  Reference de la transaction: SM241219.1125.B73533, Frais: 50 FCFA, Montant net debite: 1100 FCFA. Nouveau Solde: 1307.57 FCFA. Orange Money vous remercie."
USER_5,2024-12-19,20:33:34,OrangeMoney,transfert,OUT,1100.0,FCFA,157.57,"Transfert de [USER_5_phone] [USER_5] vers [PHONE_6732] [CONTACT_526B] A NFON reussi. ID transaction: PP241219.2033.D71664, Montant Transaction: 1100 FCFA, Frais: 50 FCFA, Commission: 0 FCFA, Montant Net: 1150 FCFA, Nouveau Solde: 157.57 FCFA."
USER_5,2024-12-23,10:50:55,OrangeMoney,transfert,OUT,15300.0,FCFA,15357.57,"Transfert de [PHONE_0762] [CONTACT_BAF2] vers [USER_5_phone] [USER_5] reussi. Details: ID transaction: PP241223.1050.B33094, Montant Transaction: 15300FCFA, Frais: 0 FCFA, Commission: 0 FCFA, Montant Net: 15300 FCFA, Nouveau Solde: 15357.57 FCFA."
USER_5,2024-12-23,14:55:16,OrangeMoney,transfert,OUT,2250.0,FCFA,12557.57,"Transfert de [USER_5_phone] [USER_5] vers [PHONE_6110] [CONTACT_93D5] reussi. ID transaction: PP241223.1455.A52015, Montant Transaction: 2250 FCFA, Frais: 50 FCFA, Commission: 0 FCFA, Montant Net: 2300 FCFA, Nouveau Solde: 12557.57 FCFA."
USER_5,2024-12-25,00:29:36,OrangeMoney,transfert,OUT,10000.0,FCFA,1507.57,"Transfert de [USER_5_phone] [USER_5] vers [PHONE_8500] [CONTACT_0AE2] reussi. ID transaction: PP241225.0029.C52079, Montant Transaction: 10000 FCFA, Frais: 50 FCFA, Commission: 0 FCFA, Montant Net: 10050 FCFA, Nouveau Solde: 1507.57 FCFA."
USER_5,2024-12-25,17:33:04,OrangeMoney,transfert,OUT,1400.0,FCFA,57.57,"Transfert de [USER_5_phone] [USER_5] vers [PHONE_1956] [CONTACT_2A97] reussi. ID transaction: PP241225.1733.A86127, Montant Transaction: 1400 FCFA, Frais: 50 FCFA, Commission: 0 FCFA, Montant Net: 1450 FCFA, Nouveau Solde: 57.57 FCFA."
USER_5,2024-12-26,14:54:54,OrangeMoney,transfert,OUT,3100.0,FCFA,3157.57,"Transfert de [PHONE_0762] [CONTACT_BAF2] vers [USER_5_phone] [USER_5] reussi. Details: ID transaction: PP241226.1454.D63120, Montant Transaction: 3100FCFA, Frais: 0 FCFA, Commission: 0 FCFA, Montant Net: 3100 FCFA, Nouveau Solde: 3157.57 FCFA."
USER_5,2024-12-27,12:17:53,OrangeMoney,depot,IN,2200.0,FCFA,5357.57,"Depot effectue par [PHONE_0167] [CONTACT_4EB9] to [USER_5_phone] [USER_5]. Informations detaillees: Montant de transaction : 2200 FCFA, ID transaction : CI241227.1217.C81292, Frais : 0 FCFA, Commission : 0 FCFA, Montant Net du Credit : 2200 FCFA, Nouveau Solde : 5357.57 FCFA."
USER_5,2024-12-27,12:49:54,OrangeMoney,retrait,OUT,5000.0,FCFA,282.57,"Retrait d'argent reussi par le [PHONE_3268] avec le Code : 264701. Informations detaillees : Montant: 5000 FCFA, Frais: 75 FCFA, No de transaction CO241227.1249.B87763, montant net debite 5075 FCFA, Nouveau solde: 282.57 FCFA."
USER_5,2024-12-29,15:20:36,OrangeMoney,transfert,OUT,2550.0,FCFA,2582.57,"Transfert de [PHONE_6979] [CONTACT_16E9] vers [USER_5_phone] [USER_5] reussi. Details: ID transaction: PP241229.1520.D81411, Montant Transaction: 2550FCFA, Frais: 0 FCFA, Commission: 0 FCFA, Montant Net: 2550 FCFA, Nouveau Solde: 2582.57 FCFA."
USER_5,2024-12-29,15:44:28,OrangeMoney,transfert,OUT,2050.0,FCFA,482.57,"Transfert de [USER_5_phone] [USER_5] vers [PHONE_1956] [CONTACT_2A97] reussi. ID transaction: PP241229.1544.D95546, Montant Transaction: 2050 FCFA, Frais: 50 FCFA, Commission: 0 FCFA, Montant Net: 2100 FCFA, Nouveau Solde: 482.57 FCFA."
USER_5,2024-12-30,12:55:18,OrangeMoney,transfert,OUT,2050.0,FCFA,2232.57,"Transfert de [PHONE_7370] [CONTACT_3793] vers [USER_5_phone] [USER_5] reussi. Details: ID transaction: PP241230.1255.C52997, Montant Transaction: 2050FCFA, Frais: 0 FCFA, Commission: 0 FCFA, Montant Net: 2050 FCFA, Nouveau Solde: 2232.57 FCFA."
USER_5,2024-12-30,13:11:33,OrangeMoney,transfert,OUT,2050.0,FCFA,132.57,"Transfert de [USER_5_phone] [USER_5] vers [PHONE_1956] [CONTACT_2A97] reussi. ID transaction: PP241230.1311.D59906, Montant Transaction: 2050 FCFA, Frais: 50 FCFA, Commission: 0 FCFA, Montant Net: 2100 FCFA, Nouveau Solde: 132.57 FCFA."
USER_5,2024-12-31,08:56:53,OrangeMoney,transfert,OUT,2050.0,FCFA,2182.57,"Transfert de [PHONE_3967] [CONTACT_3687] vers [USER_5_phone] [USER_5] reussi. Details: ID transaction: PP241231.0856.A69300, Montant Transaction: 2050FCFA, Frais: 0 FCFA, Commission: 0 FCFA, Montant Net: 2050 FCFA, Nouveau Solde: 2182.57 FCFA."
USER_5,2024-12-31,14:51:28,OrangeMoney,retrait,OUT,1000.0,FCFA,132.57,"Retrait d'argent reussi par le [PHONE_5777] avec le Code : 204373. Informations detaillees : Montant: 1000 FCFA, Frais: 50 FCFA, No de transaction CO241231.1451.C93286, montant net debite 1050 FCFA, Nouveau solde: 132.57 FCFA."
USER_5,2025-01-03,16:48:22,OrangeMoney,transfert,OUT,2050.0,FCFA,2082.57,"Transfert de [PHONE_6320] [CONTACT_6932] vers [USER_5_phone] [USER_5] reussi. Details: ID transaction: PP250103.1648.A77469, Montant Transaction: 2050FCFA, Frais: 0 FCFA, Commission: 0 FCFA, Montant Net: 2050 FCFA, Nouveau Solde: 2082.57 FCFA."
USER_5,2025-01-04,00:02:27,OrangeMoney,rechargement,OUT,200.0,FCFA,1882.57,"Rechargement reussi. Montant de la transaction: 200 FCFA, ID transaction: RC250104.0002.B05488, Frais: 0 FCFA, Commission: 0 FCFA, Nouveau solde: 1882.57 FCFA"
USER_5,2025-01-04,00:03:34,OrangeMoney,rechargement,OUT,500.0,FCFA,1382.57,"Rechargement reussi. Montant de la transaction: 500 FCFA, ID transaction: RC250104.0003.C09697, Frais: 0 FCFA, Commission: 0 FCFA, Nouveau solde: 1382.57 FCFA"
USER_5,2025-01-06,17:52:02,OrangeMoney,rechargement,OUT,100.0,FCFA,157.57,"Rechargement reussi. Montant de la transaction: 100 FCFA, ID transaction: RC250106.1751.D88730, Frais: 0 FCFA, Commission: 0 FCFA, Nouveau solde: 157.57 FCFA"
USER_5,2025-01-08,17:36:04,OrangeMoney,transfert,OUT,500.0,FCFA,557.57,"Transfert de [PHONE_6320] [CONTACT_6932] vers [USER_5_phone] [USER_5] reussi. Details: ID transaction: PP250108.1736.C43955, Montant Transaction: 500FCFA, Frais: 0 FCFA, Commission: 0 FCFA, Montant Net: 500 FCFA, Nouveau Solde: 557.57 FCFA."
USER_5,2025-01-08,19:04:39,OrangeMoney,transfert,OUT,50500.0,FCFA,50557.57,"Transfert de [PHONE_0762] [CONTACT_BAF2] vers [USER_5_phone] [USER_5] reussi. Details: ID transaction: PP250108.1904.C98622, Montant Transaction: 50500FCFA, Frais: 0 FCFA, Commission: 0 FCFA, Montant Net: 50500 FCFA, Nouveau Solde: 50557.57 FCFA."
USER_5,2025-01-09,21:54:32,OrangeMoney,paiement,OUT,1950.0,FCFA,33657.57,"Vous venez d'effectuer un paiement chez SIMEU d'un montant de 1950 FCFA.  Reference de la transaction: SM250109.2154.D33491, Frais: 50 FCFA, Montant net debite: 2000 FCFA. Nouveau Solde: 33657.57 FCFA. Orange Money vous remercie."
USER_5,2025-01-11,20:26:33,OrangeMoney,rechargement,OUT,500.0,FCFA,30757.57,"Rechargement reussi. Montant de la transaction: 500 FCFA, ID transaction: RC250111.2026.D37495, Frais: 0 FCFA, Commission: 0 FCFA, Nouveau solde: 30757.57 FCFA"
USER_5,2025-01-11,20:39:28,OrangeMoney,rechargement,OUT,500.0,FCFA,30257.57,"Rechargement reussi. Montant de la transaction: 500 FCFA, ID transaction: RC250111.2039.A27271, Frais: 0 FCFA, Commission: 0 FCFA, Nouveau solde: 30257.57 FCFA"
USER_5,2025-01-13,11:40:44,OrangeMoney,transfert,OUT,25000.0,FCFA,4628.57,"Transfert de [USER_5_phone] [USER_5] vers [PHONE_7626] [CONTACT_7AA8] reussi. ID transaction: PP250113.1140.C21561, Montant Transaction: 25000 FCFA, Frais: 129 FCFA, Commission: 0 FCFA, Montant Net: 25129 FCFA, Nouveau Solde: 4628.57 FCFA."
USER_5,2025-01-13,15:13:20,OrangeMoney,paiement,OUT,800.0,FCFA,3303.57,"Vous venez d'effectuer un paiement chez SIMEU d'un montant de 800 FCFA.  Reference de la transaction: SM250113.1513.B93321, Frais: 25 FCFA, Montant net debite: 825 FCFA. Nouveau Solde: 3303.57 FCFA. Orange Money vous remercie."
USER_5,2025-01-13,21:37:09,OrangeMoney,transfert,OUT,2704.0,FCFA,545.57,"Transfert de [USER_5_phone] [USER_5] vers [PHONE_6067] [CONTACT_6BF2] reussi. ID transaction: PP250113.2137.A99846, Montant Transaction: 2704 FCFA, Frais: 54 FCFA, Commission: 0 FCFA, Montant Net: 2758 FCFA, Nouveau Solde: 545.57 FCFA."
USER_5,2025-01-16,11:30:47,OrangeMoney,depot,IN,950.0,FCFA,1495.57,"Depot effectue par [PHONE_0167] [CONTACT_4EB9] to [USER_5_phone] [USER_5]. Informations detaillees: Montant de transaction : 950 FCFA, ID transaction : CI250116.1130.B38294, Frais : 0 FCFA, Commission : 0 FCFA, Montant Net du Credit : 950 FCFA, Nouveau Solde : 1495.57 FCFA."
USER_5,2025-01-17,11:22:34,OrangeMoney,transfert,OUT,30600.0,FCFA,30646.57,"Transfert de [PHONE_0762] [CONTACT_BAF2] vers [USER_5_phone] [USER_5] reussi. Details: ID transaction: PP250117.1122.C22687, Montant Transaction: 30600FCFA, Frais: 0 FCFA, Commission: 0 FCFA, Montant Net: 30600 FCFA, Nouveau Solde: 30646.57 FCFA."
USER_5,2025-01-17,11:31:54,OrangeMoney,retrait,OUT,1550.0,FCFA,29042.57,"Retrait d'argent reussi par le [PHONE_4117] avec le Code : 407132. Informations detaillees : Montant: 1550 FCFA, Frais: 54 FCFA, No de transaction CO250117.1131.D10121, montant net debite 1604 FCFA, Nouveau solde: 29042.57 FCFA."
USER_5,2025-01-17,13:47:58,OrangeMoney,transfert,OUT,1500.0,FCFA,26988.57,"Transfert de [USER_5_phone] [USER_5] vers [PHONE_2420] [CONTACT_344B] reussi. ID transaction: PP250117.1347.A02905, Montant Transaction: 1500 FCFA, Frais: 54 FCFA, Commission: 0 FCFA, Montant Net: 1554 FCFA, Nouveau Solde: 26988.57 FCFA."
USER_5,2025-01-17,20:21:59,OrangeMoney,transfert,OUT,4800.0,FCFA,22134.57,"Transfert de [USER_5_phone] [USER_5] vers [PHONE_6067] [CONTACT_6BF2] reussi. ID transaction: PP250117.2021.A52285, Montant Transaction: 4800 FCFA, Frais: 54 FCFA, Commission: 0 FCFA, Montant Net: 4854 FCFA, Nouveau Solde: 22134.57 FCFA."
USER_5,2025-01-17,22:15:24,OrangeMoney,rechargement,OUT,100.0,FCFA,22034.57,"Rechargement reussi. Montant de la transaction: 100 FCFA, ID transaction: RC250117.2215.A71896, Frais: 0 FCFA, Commission: 0 FCFA, Nouveau solde: 22034.57 FCFA"
USER_5,2025-01-18,09:57:36,OrangeMoney,retrait,OUT,600.0,FCFA,21380.57,"Retrait d'argent reussi par le [PHONE_0647] avec le Code : 792842. Informations detaillees : Montant: 600 FCFA, Frais: 54 FCFA, No de transaction CO250118.0957.C21334, montant net debite 654 FCFA, Nouveau solde: 21380.57 FCFA."
USER_5,2025-01-18,15:19:54,OrangeMoney,paiement,OUT,1750.0,FCFA,19580.57,"Vous venez d'effectuer un paiement chez SIMEU d'un montant de 1750 FCFA.  Reference de la transaction: SM250118.1519.C98187, Frais: 50 FCFA, Montant net debite: 1800 FCFA. Nouveau Solde: 19580.57 FCFA. Orange Money vous remercie."
USER_5,2025-01-19,11:04:40,OrangeMoney,paiement,OUT,1004.0,FCFA,13526.57,"Vous venez d'effectuer un paiement chez SIMEU d'un montant de 1004 FCFA.  Reference de la transaction: SM250119.1104.C87482, Frais: 50 FCFA, Montant net debite: 1054 FCFA. Nouveau Solde: 13526.57 FCFA. Orange Money vous remercie."
USER_5,2025-01-19,22:16:30,OrangeMoney,retrait,OUT,750.0,FCFA,12222.57,"Retrait d'argent reussi par le [PHONE_0647] avec le Code : 792842. Informations detaillees : Montant: 750 FCFA, Frais: 54 FCFA, No de transaction CO250119.2216.A09582, montant net debite 804 FCFA, Nouveau solde: 12222.57 FCFA."
USER_5,2025-01-19,23:23:05,OrangeMoney,retrait,OUT,1000.0,FCFA,11168.57,"Retrait d'argent reussi par le [PHONE_0647] avec le Code : 792842. Informations detaillees : Montant: 1000 FCFA, Frais: 54 FCFA, No de transaction CO250119.2323.B12546, montant net debite 1054 FCFA, Nouveau solde: 11168.57 FCFA."
USER_5,2025-01-20,08:03:48,OrangeMoney,retrait,OUT,550.0,FCFA,10564.57,"Retrait d'argent reussi par le [PHONE_0647] avec le Code : 792842. Informations detaillees : Montant: 550 FCFA, Frais: 54 FCFA, No de transaction CO250120.0803.A47242, montant net debite 604 FCFA, Nouveau solde: 10564.57 FCFA."
USER_5,2025-01-20,14:46:15,OrangeMoney,paiement,OUT,500.0,FCFA,9039.57,"Vous venez d'effectuer un paiement chez SIMEU d'un montant de 500 FCFA.  Reference de la transaction: SM250120.1446.A69193, Frais: 25 FCFA, Montant net debite: 525 FCFA. Nouveau Solde: 9039.57 FCFA. Orange Money vous remercie."
USER_5,2025-01-20,17:01:12,OrangeMoney,transfert,OUT,5500.0,FCFA,3485.57,"Transfert de [USER_5_phone] [USER_5] vers [PHONE_6979] [CONTACT_16E9] reussi. ID transaction: PP250120.1701.D20058, Montant Transaction: 5500 FCFA, Frais: 54 FCFA, Commission: 0 FCFA, Montant Net: 5554 FCFA, Nouveau Solde: 3485.57 FCFA."
USER_5,2025-01-20,20:29:01,OrangeMoney,transfert,OUT,2054.0,FCFA,1377.57,"Transfert de [USER_5_phone] [USER_5] vers [PHONE_6067] [CONTACT_6BF2] reussi. ID transaction: PP250120.2028.C22899, Montant Transaction: 2054 FCFA, Frais: 54 FCFA, Commission: 0 FCFA, Montant Net: 2108 FCFA, Nouveau Solde: 1377.57 FCFA."
USER_5,2025-01-21,10:16:24,OrangeMoney,paiement,OUT,950.0,FCFA,402.57,"Vous venez d'effectuer un paiement chez SIMEU d'un montant de 950 FCFA.  Reference de la transaction: SM250121.1016.D46484, Frais: 25 FCFA, Montant net debite: 975 FCFA. Nouveau Solde: 402.57 FCFA. Orange Money vous remercie."
USER_5,2025-01-21,15:20:52,OrangeMoney,depot,IN,19000.0,FCFA,19102.57,"Depot effectue par [PHONE_4117] [CONTACT_7B9E] to [USER_5_phone] [USER_5]. Informations detaillees: Montant de transaction : 19000 FCFA, ID transaction : CI250121.1520.D92969, Frais : 0 FCFA, Commission : 0 FCFA, Montant Net du Credit : 19000 FCFA, Nouveau Solde : 19102.57 FCFA."
USER_5,2025-01-21,18:17:58,OrangeMoney,transfert,OUT,12184.0,FCFA,3853.65,"Transfert de [USER_5_phone] [USER_5] vers [PHONE_0489] [CONTACT_52F6] reussi. ID transaction: PP250121.1817.D68495, Montant Transaction: 12184 FCFA, Frais: 64.92 FCFA, Commission: 0 FCFA, Montant Net: 12248.92 FCFA, Nouveau Solde: 3853.65 FCFA."
USER_5,2025-01-22,13:31:29,OrangeMoney,depot,IN,51000.0,FCFA,54353.65,"Depot effectue par [PHONE_5840] [CONTACT_9CED] to [USER_5_phone] [USER_5]. Informations detaillees: Montant de transaction : 51000 FCFA, ID transaction : CI250122.1331.D31832, Frais : 0 FCFA, Commission : 0 FCFA, Montant Net du Credit : 51000 FCFA, Nouveau Solde : 54353.65 FCFA."
USER_5,2025-01-23,10:13:37,OrangeMoney,retrait,OUT,15000.0,FCFA,37624.65,"Retrait d'argent reussi par le [PHONE_3761] avec le Code : 385804. Informations detaillees : Montant: 15000 FCFA, Frais: 229 FCFA, No de transaction CO250123.1013.A90036, montant net debite 15229 FCFA, Nouveau solde: 37624.65 FCFA."
USER_5,2025-01-23,10:15:34,OrangeMoney,transfert,OUT,1004.0,FCFA,36566.65,"Transfert de [USER_5_phone] [USER_5] vers [PHONE_9625] [CONTACT_66A2] reussi. ID transaction: PP250123.1015.B31532, Montant Transaction: 1004 FCFA, Frais: 54 FCFA, Commission: 0 FCFA, Montant Net: 1058 FCFA, Nouveau Solde: 36566.65 FCFA."
USER_5,2025-01-23,10:19:15,OrangeMoney,transfert,OUT,35529.0,FCFA,856.01,"Transfert de [USER_5_phone] [USER_5] vers [PHONE_2046] [CONTACT_4962] reussi. ID transaction: PP250123.1019.C26576, Montant Transaction: 35529 FCFA, Frais: 181.64 FCFA, Commission: 0 FCFA, Montant Net: 35710.64 FCFA, Nouveau Solde: 856.01 FCFA."
USER_5,2025-01-26,20:07:53,OrangeMoney,transfert,OUT,500.0,FCFA,556.01,"Transfert de [PHONE_0962] [CONTACT_F062] vers [USER_5_phone] [USER_5] reussi. Details: ID transaction: PP250126.2007.B49578, Montant Transaction: 500FCFA, Frais: 0 FCFA, Commission: 0 FCFA, Montant Net: 500 FCFA, Nouveau Solde: 556.01 FCFA."
USER_5,2025-01-28,08:49:09,OrangeMoney,transfert,OUT,1000.0,FCFA,1056.01,"Transfert de [PHONE_8268] [CONTACT_D121] vers [USER_5_phone] [USER_5] reussi. Details: ID transaction: PP250128.0849.A35038, Montant Transaction: 1000FCFA, Frais: 0 FCFA, Commission: 0 FCFA, Montant Net: 1000 FCFA, Nouveau Solde: 1056.01 FCFA."
USER_5,2025-01-29,20:21:45,OrangeMoney,transfert,OUT,30000.0,FCFA,30281.01,"Transfert de [PHONE_2647] [CONTACT_B3E1] vers [USER_5_phone] [USER_5] reussi. Details: ID transaction: PP250129.2021.C25465, Montant Transaction: 30000FCFA, Frais: 0 FCFA, Commission: 0 FCFA, Montant Net: 30000 FCFA, Nouveau Solde: 30281.01 FCFA."
USER_5,2025-01-29,20:37:46,OrangeMoney,transfert,OUT,30000.0,FCFA,127.01,"Transfert de [USER_5_phone] [USER_5] vers [PHONE_2647] [CONTACT_B3E1] reussi. ID transaction: PP250129.2037.D46089, Montant Transaction: 30000 FCFA, Frais: 154 FCFA, Commission: 0 FCFA, Montant Net: 30154 FCFA, Nouveau Solde: 127.01 FCFA."
USER_5,2025-01-30,18:09:36,OrangeMoney,transfert,OUT,500.0,FCFA,527.01,"Transfert de [PHONE_8268] [CONTACT_D121] vers [USER_5_phone] [USER_5] reussi. Details: ID transaction: PP250130.1809.C85005, Montant Transaction: 500FCFA, Frais: 0 FCFA, Commission: 0 FCFA, Montant Net: 500 FCFA, Nouveau Solde: 527.01 FCFA."
USER_5,2025-01-31,08:11:43,OrangeMoney,transfert,OUT,153269.0,FCFA,153296.01,"Transfert de [PHONE_1956] [CONTACT_2A97] vers [USER_5_phone] [USER_5] reussi. Details: ID transaction: PP250131.0811.D11769, Montant Transaction: 153269FCFA, Frais: 0 FCFA, Commission: 0 FCFA, Montant Net: 153269 FCFA, Nouveau Solde: 153296.01 FCFA."
USER_5,2025-01-31,08:22:04,OrangeMoney,transfert,OUT,3000.0,FCFA,150242.01,"Transfert de [USER_5_phone] [USER_5] vers [PHONE_6044] [CONTACT_D626] reussi. ID transaction: PP250131.0822.C06245, Montant Transaction: 3000 FCFA, Frais: 54 FCFA, Commission: 0 FCFA, Montant Net: 3054 FCFA, Nouveau Solde: 150242.01 FCFA."
USER_5,2025-01-31,09:37:22,OrangeMoney,transfert,OUT,90000.0,FCFA,59788.01,"Transfert de [USER_5_phone] [USER_5] vers [PHONE_2434] [CONTACT_BC51] reussi. ID transaction: PP250131.0937.B53878, Montant Transaction: 90000 FCFA, Frais: 454 FCFA, Commission: 0 FCFA, Montant Net: 90454 FCFA, Nouveau Solde: 59788.01 FCFA."
USER_5,2025-01-31,12:30:16,OrangeMoney,transfert,OUT,1000.0,FCFA,58234.01,"Transfert de [USER_5_phone] [USER_5] vers [PHONE_8906] [CONTACT_C751] reussi. ID transaction: PP250131.1230.C56342, Montant Transaction: 1000 FCFA, Frais: 54 FCFA, Commission: 0 FCFA, Montant Net: 1054 FCFA, Nouveau Solde: 58234.01 FCFA."
USER_5,2025-01-31,13:56:20,OrangeMoney,retrait,OUT,500.0,FCFA,57680.01,"Retrait d'argent reussi par le [PHONE_6147] avec le Code : 126080. Informations detaillees : Montant: 500 FCFA, Frais: 54 FCFA, No de transaction CO250131.1356.A22109, montant net debite 554 FCFA, Nouveau solde: 57680.01 FCFA."
USER_5,2025-01-31,15:07:22,OrangeMoney,transfert,OUT,500.0,FCFA,47126.01,"Transfert de [USER_5_phone] [USER_5] vers [PHONE_7751] [CONTACT_B03E] reussi. ID transaction: PP250131.1507.C55723, Montant Transaction: 500 FCFA, Frais: 54 FCFA, Commission: 0 FCFA, Montant Net: 554 FCFA, Nouveau Solde: 47126.01 FCFA."
USER_5,2025-01-31,15:08:37,OrangeMoney,rechargement,OUT,500.0,FCFA,46626.01,"Rechargement reussi. Montant de la transaction: 500 FCFA, ID transaction: RC250131.1508.B53991, Frais: 0 FCFA, Commission: 0 FCFA, Nouveau solde: 46626.01 FCFA"
USER_5,2025-01-31,15:52:30,OrangeMoney,transfert,OUT,10154.0,FCFA,35367.24,"Transfert de [USER_5_phone] [USER_5] vers [PHONE_6979] [CONTACT_16E9] reussi. ID transaction: PP250131.1552.B93191, Montant Transaction: 10154 FCFA, Frais: 54.77 FCFA, Commission: 0 FCFA, Montant Net: 10208.77 FCFA, Nouveau Solde: 35367.24 FCFA."
USER_5,2025-01-31,19:20:48,OrangeMoney,transfert,OUT,5688.0,FCFA,29625.24,"Transfert de [USER_5_phone] [USER_5] vers [PHONE_6067] [CONTACT_6BF2] reussi. ID transaction: PP250131.1920.D41339, Montant Transaction: 5688 FCFA, Frais: 54 FCFA, Commission: 0 FCFA, Montant Net: 5742 FCFA, Nouveau Solde: 29625.24 FCFA."
USER_5,2025-01-31,21:16:25,OrangeMoney,transfert,OUT,550.0,FCFA,29021.24,"Transfert de [USER_5_phone] [USER_5] vers [PHONE_6664] [CONTACT_33F6] reussi. ID transaction: PP250131.2116.D09982, Montant Transaction: 550 FCFA, Frais: 54 FCFA, Commission: 0 FCFA, Montant Net: 604 FCFA, Nouveau Solde: 29021.24 FCFA."
USER_5,2025-02-01,10:18:29,OrangeMoney,retrait,OUT,400.0,FCFA,27567.24,"Retrait d'argent reussi par le [PHONE_0647] avec le Code : 792842. Informations detaillees : Montant: 400 FCFA, Frais: 54 FCFA, No de transaction CO250201.1018.C96643, montant net debite 454 FCFA, Nouveau solde: 27567.24 FCFA."
USER_5,2025-02-01,15:07:32,OrangeMoney,paiement,OUT,650.0,FCFA,26392.24,"Vous venez d'effectuer un paiement chez SIMEU d'un montant de 650 FCFA.  Reference de la transaction: SM250201.1507.A68808, Frais: 25 FCFA, Montant net debite: 675 FCFA. Nouveau Solde: 26392.24 FCFA. Orange Money vous remercie."
USER_5,2025-02-01,22:51:06,OrangeMoney,transfert,OUT,1450.0,FCFA,24388.24,"Transfert de [USER_5_phone] [USER_5] vers [PHONE_6110] [CONTACT_93D5] reussi. ID transaction: PP250201.2251.C08743, Montant Transaction: 1450 FCFA, Frais: 54 FCFA, Commission: 0 FCFA, Montant Net: 1504 FCFA, Nouveau Solde: 24388.24 FCFA."
USER_5,2025-02-02,14:29:33,OrangeMoney,paiement,OUT,804.0,FCFA,23559.24,"Vous venez d'effectuer un paiement chez SIMEU d'un montant de 804 FCFA.  Reference de la transaction: SM250202.1429.A66048, Frais: 25 FCFA, Montant net debite: 829 FCFA. Nouveau Solde: 23559.24 FCFA. Orange Money vous remercie."
USER_5,2025-02-02,22:59:31,OrangeMoney,transfert,OUT,1250.0,FCFA,22255.24,"Transfert de [USER_5_phone] [USER_5] vers [PHONE_4260] [CONTACT_D476] reussi. ID transaction: PP250202.2259.B58004, Montant Transaction: 1250 FCFA, Frais: 54 FCFA, Commission: 0 FCFA, Montant Net: 1304 FCFA, Nouveau Solde: 22255.24 FCFA."
USER_5,2025-02-03,11:43:16,OrangeMoney,transfert,OUT,155000.0,FCFA,176755.24,"Transfert de [PHONE_7712] [CONTACT_BAF2] vers [USER_5_phone] [USER_5] reussi. Details: ID transaction: PP250203.1143.C22477, Montant Transaction: 155000FCFA, Frais: 0 FCFA, Commission: 0 FCFA, Montant Net: 155000 FCFA, Nouveau Solde: 176755.24 FCFA."
USER_5,2025-02-03,12:33:12,OrangeMoney,paiement,OUT,154.0,FCFA,176591.24,"Vous venez d'effectuer un paiement chez atchang d'un montant de 154 FCFA.  Reference de la transaction: SM250203.1233.A94033, Frais: 10 FCFA, Montant net debite: 164 FCFA. Nouveau Solde: 176591.24 FCFA. Orange Money vous remercie."
USER_5,2025-02-03,13:07:42,OrangeMoney,transfert,OUT,150000.0,FCFA,25837.24,"Transfert de [USER_5_phone] [USER_5] vers [PHONE_1956] [CONTACT_2A97] reussi. ID transaction: PP250203.1307.B81277, Montant Transaction: 150000 FCFA, Frais: 754 FCFA, Commission: 0 FCFA, Montant Net: 150754 FCFA, Nouveau Solde: 25837.24 FCFA."
USER_5,2025-02-03,13:09:55,OrangeMoney,transfert,OUT,900.0,FCFA,24883.24,"Transfert de [USER_5_phone] [USER_5] vers [PHONE_4431] [CONTACT_DE6C] reussi. ID transaction: PP250203.1309.D85315, Montant Transaction: 900 FCFA, Frais: 54 FCFA, Commission: 0 FCFA, Montant Net: 954 FCFA, Nouveau Solde: 24883.24 FCFA."
USER_5,2025-02-03,17:07:30,OrangeMoney,transfert,OUT,1754.0,FCFA,22575.24,"Transfert de [USER_5_phone] [USER_5] vers [PHONE_6067] [CONTACT_6BF2] reussi. ID transaction: PP250203.1707.B28646, Montant Transaction: 1754 FCFA, Frais: 54 FCFA, Commission: 0 FCFA, Montant Net: 1808 FCFA, Nouveau Solde: 22575.24 FCFA."
USER_5,2025-02-04,17:34:32,OrangeMoney,transfert,OUT,1654.0,FCFA,18800.24,"Transfert de [USER_5_phone] [USER_5] vers [PHONE_1905] [CONTACT_AB12] reussi. ID transaction: PP250204.1734.B95754, Montant Transaction: 1654 FCFA, Frais: 54 FCFA, Commission: 0 FCFA, Montant Net: 1708 FCFA, Nouveau Solde: 18800.24 FCFA."
USER_5,2025-02-06,15:15:36,OrangeMoney,retrait,OUT,1400.0,FCFA,15646.24,"Retrait d'argent reussi par le [PHONE_0647] avec le Code : 792842. Informations detaillees : Montant: 1400 FCFA, Frais: 54 FCFA, No de transaction CO250206.1515.B63707, montant net debite 1454 FCFA, Nouveau solde: 15646.24 FCFA."
USER_5,2025-02-06,15:17:11,OrangeMoney,retrait,OUT,100.0,FCFA,15492.24,"Retrait d'argent reussi par le [PHONE_0647] avec le Code : 792842. Informations detaillees : Montant: 100 FCFA, Frais: 54 FCFA, No de transaction CO250206.1517.C64322, montant net debite 154 FCFA, Nouveau solde: 15492.24 FCFA."
USER_5,2025-02-07,11:52:42,OrangeMoney,retrait,OUT,3000.0,FCFA,11938.24,"Retrait d'argent reussi par le [PHONE_1969] avec le Code : 612667. Informations detaillees : Montant: 3000 FCFA, Frais: 54 FCFA, No de transaction CO250207.1152.D54338, montant net debite 3054 FCFA, Nouveau solde: 11938.24 FCFA."
USER_5,2025-02-07,16:21:33,OrangeMoney,transfert,OUT,6601.5,FCFA,5282.74,"Transfert de [USER_5_phone] [USER_5] vers [PHONE_6593] [CONTACT_36DA] reussi. ID transaction: PP250207.1621.A35760, Montant Transaction: 6601.5 FCFA, Frais: 54 FCFA, Commission: 0 FCFA, Montant Net: 6655.5 FCFA, Nouveau Solde: 5282.74 FCFA."
USER_5,2025-02-07,18:06:39,OrangeMoney,transfert,OUT,3759.5,FCFA,1469.24,"Transfert de [USER_5_phone] [USER_5] vers [PHONE_1905] [CONTACT_AB12] reussi. ID transaction: PP250207.1806.A96554, Montant Transaction: 3759.5 FCFA, Frais: 54 FCFA, Commission: 0 FCFA, Montant Net: 3813.5 FCFA, Nouveau Solde: 1469.24 FCFA."
USER_5,2025-02-08,10:15:56,OrangeMoney,retrait,OUT,450.0,FCFA,965.24,"Retrait d'argent reussi par le [PHONE_0647] avec le Code : 792842. Informations detaillees : Montant: 450 FCFA, Frais: 54 FCFA, No de transaction CO250208.1015.A53416, montant net debite 504 FCFA, Nouveau solde: 965.24 FCFA."
USER_5,2025-02-08,19:13:10,OrangeMoney,rechargement,OUT,100.0,FCFA,865.24,"Rechargement reussi. Montant de la transaction: 100 FCFA, ID transaction: RC250208.1913.C65684, Frais: 0 FCFA, Commission: 0 FCFA, Nouveau solde: 865.24 FCFA"
USER_5,2025-02-08,20:33:16,OrangeMoney,transfert,OUT,26000.0,FCFA,26865.24,"Transfert de [PHONE_1956] [CONTACT_2A97] vers [USER_5_phone] [USER_5] reussi. Details: ID transaction: PP250208.2033.A55714, Montant Transaction: 26000FCFA, Frais: 0 FCFA, Commission: 0 FCFA, Montant Net: 26000 FCFA, Nouveau Solde: 26865.24 FCFA."
USER_5,2025-02-08,21:11:06,OrangeMoney,paiement,OUT,2000.0,FCFA,9915.24,"Vous venez d'effectuer un paiement chez SIMEU d'un montant de 2000 FCFA.  Reference de la transaction: SM250208.2111.C66997, Frais: 50 FCFA, Montant net debite: 2050 FCFA. Nouveau Solde: 9915.24 FCFA. Orange Money vous remercie."
USER_5,2025-02-09,09:52:47,OrangeMoney,paiement,OUT,1804.0,FCFA,8061.24,"Vous venez d'effectuer un paiement chez SIMEU d'un montant de 1804 FCFA.  Reference de la transaction: SM250209.0952.A12950, Frais: 50 FCFA, Montant net debite: 1854 FCFA. Nouveau Solde: 8061.24 FCFA. Orange Money vous remercie."
USER_5,2025-02-09,10:02:14,OrangeMoney,transfert,OUT,1454.0,FCFA,6553.24,"Transfert de [USER_5_phone] [USER_5] vers [PHONE_6067] [CONTACT_6BF2] reussi. ID transaction: PP250209.1002.B32326, Montant Transaction: 1454 FCFA, Frais: 54 FCFA, Commission: 0 FCFA, Montant Net: 1508 FCFA, Nouveau Solde: 6553.24 FCFA."
USER_5,2025-02-09,20:17:48,OrangeMoney,transfert,OUT,854.0,FCFA,5145.24,"Transfert de [USER_5_phone] [USER_5] vers [PHONE_4260] [CONTACT_D476] reussi. ID transaction: PP250209.2017.B05190, Montant Transaction: 854 FCFA, Frais: 54 FCFA, Commission: 0 FCFA, Montant Net: 908 FCFA, Nouveau Solde: 5145.24 FCFA."
USER_5,2025-02-10,10:10:37,OrangeMoney,retrait,OUT,450.0,FCFA,4641.24,"Retrait d'argent reussi par le [PHONE_0647] avec le Code : 792842. Informations detaillees : Montant: 450 FCFA, Frais: 54 FCFA, No de transaction CO250210.1010.B93982, montant net debite 504 FCFA, Nouveau solde: 4641.24 FCFA."
USER_5,2025-02-10,16:00:26,OrangeMoney,transfert,OUT,1254.0,FCFA,3333.24,"Transfert de [USER_5_phone] [USER_5] vers [PHONE_6527] [CONTACT_48EC] reussi. ID transaction: PP250210.1600.B04601, Montant Transaction: 1254 FCFA, Frais: 54 FCFA, Commission: 0 FCFA, Montant Net: 1308 FCFA, Nouveau Solde: 3333.24 FCFA."
USER_5,2025-02-11,13:06:39,OrangeMoney,paiement,OUT,1450.0,FCFA,1833.24,"Vous venez d'effectuer un paiement chez SIMEU d'un montant de 1450 FCFA.  Reference de la transaction: SM250211.1306.A77748, Frais: 50 FCFA, Montant net debite: 1500 FCFA. Nouveau Solde: 1833.24 FCFA. Orange Money vous remercie."
USER_5,2025-02-15,07:46:15,OrangeMoney,transfert,OUT,500.0,FCFA,79.24,"Transfert de [USER_5_phone] [USER_5] vers [PHONE_8883] [CONTACT_0551] reussi. ID transaction: PP250215.0746.B93429, Montant Transaction: 500 FCFA, Frais: 54 FCFA, Commission: 0 FCFA, Montant Net: 554 FCFA, Nouveau Solde: 79.24 FCFA."
USER_5,2025-02-15,10:33:44,OrangeMoney,transfert,OUT,20304.0,FCFA,20383.24,"Transfert de [PHONE_1956] [CONTACT_2A97] vers [USER_5_phone] [USER_5] reussi. Details: ID transaction: PP250215.1033.D73369, Montant Transaction: 20304FCFA, Frais: 0 FCFA, Commission: 0 FCFA, Montant Net: 20304 FCFA, Nouveau Solde: 20383.24 FCFA."
USER_5,2025-02-15,12:10:00,OrangeMoney,paiement,OUT,704.0,FCFA,19154.24,"Vous venez d'effectuer un paiement chez SIMEU d'un montant de 704 FCFA.  Reference de la transaction: SM250215.1210.A22013, Frais: 25 FCFA, Montant net debite: 729 FCFA. Nouveau Solde: 19154.24 FCFA. Orange Money vous remercie."
USER_5,2025-02-15,12:18:42,OrangeMoney,transfert,OUT,550.0,FCFA,18050.24,"Transfert de [USER_5_phone] [USER_5] vers [PHONE_1750] [CONTACT_7CFD] reussi. ID transaction: PP250215.1218.D37514, Montant Transaction: 550 FCFA, Frais: 54 FCFA, Commission: 0 FCFA, Montant Net: 604 FCFA, Nouveau Solde: 18050.24 FCFA."
USER_5,2025-02-15,17:20:13,OrangeMoney,transfert,OUT,2054.0,FCFA,15942.24,"Transfert de [USER_5_phone] [USER_5] vers [PHONE_2046] [CONTACT_4962] reussi. ID transaction: PP250215.1720.B23953, Montant Transaction: 2054 FCFA, Frais: 54 FCFA, Commission: 0 FCFA, Montant Net: 2108 FCFA, Nouveau Solde: 15942.24 FCFA."
USER_5,2025-02-15,17:31:36,OrangeMoney,transfert,OUT,1000.0,FCFA,14888.24,"Transfert de [USER_5_phone] [USER_5] vers [PHONE_4180] [CONTACT_A1E2] reussi. ID transaction: PP250215.1731.B31132, Montant Transaction: 1000 FCFA, Frais: 54 FCFA, Commission: 0 FCFA, Montant Net: 1054 FCFA, Nouveau Solde: 14888.24 FCFA."
USER_5,2025-02-15,22:16:24,OrangeMoney,paiement,OUT,804.0,FCFA,13059.24,"Vous venez d'effectuer un paiement chez SIMEU d'un montant de 804 FCFA.  Reference de la transaction: SM250215.2216.B23592, Frais: 25 FCFA, Montant net debite: 829 FCFA. Nouveau Solde: 13059.24 FCFA. Orange Money vous remercie."
USER_5,2025-02-16,09:51:04,OrangeMoney,transfert,OUT,10154.0,FCFA,2850.47,"Transfert de [USER_5_phone] [USER_5] vers [PHONE_5710] [CONTACT_893D] reussi. ID transaction: PP250216.0951.D86470, Montant Transaction: 10154 FCFA, Frais: 54.77 FCFA, Commission: 0 FCFA, Montant Net: 10208.77 FCFA, Nouveau Solde: 2850.47 FCFA."
USER_5,2025-02-16,13:02:48,OrangeMoney,transfert,OUT,10154.0,FCFA,13004.47,"Transfert de [PHONE_1596] [CONTACT_968E] vers [USER_5_phone] [USER_5] reussi. Details: ID transaction: PP250216.1302.D92861, Montant Transaction: 10154FCFA, Frais: 0 FCFA, Commission: 0 FCFA, Montant Net: 10154 FCFA, Nouveau Solde: 13004.47 FCFA."
USER_5,2025-02-16,13:47:03,OrangeMoney,transfert,OUT,554.0,FCFA,12396.47,"Transfert de [USER_5_phone] [USER_5] vers [PHONE_0906] [CONTACT_88EF] reussi. ID transaction: PP250216.1347.A08185, Montant Transaction: 554 FCFA, Frais: 54 FCFA, Commission: 0 FCFA, Montant Net: 608 FCFA, Nouveau Solde: 12396.47 FCFA."
USER_5,2025-02-16,20:34:55,OrangeMoney,transfert,OUT,500.0,FCFA,11842.47,"Transfert de [USER_5_phone] [USER_5] vers [PHONE_6320] [CONTACT_6932] reussi. ID transaction: PP250216.2034.C52054, Montant Transaction: 500 FCFA, Frais: 54 FCFA, Commission: 0 FCFA, Montant Net: 554 FCFA, Nouveau Solde: 11842.47 FCFA."
USER_5,2025-02-17,12:12:47,OrangeMoney,transfert,OUT,1000.0,FCFA,10288.47,"Transfert de [USER_5_phone] [USER_5] vers [PHONE_2974] kecheu fodop reussi. ID transaction: PP250217.1212.C84366, Montant Transaction: 1000 FCFA, Frais: 54 FCFA, Commission: 0 FCFA, Montant Net: 1054 FCFA, Nouveau Solde: 10288.47 FCFA."
USER_5,2025-02-18,18:48:30,OrangeMoney,transfert,OUT,1054.0,FCFA,7680.47,"Transfert de [USER_5_phone] [USER_5] vers [PHONE_2785] [CONTACT_53E0] reussi. ID transaction: PP250218.1848.A73755, Montant Transaction: 1054 FCFA, Frais: 54 FCFA, Commission: 0 FCFA, Montant Net: 1108 FCFA, Nouveau Solde: 7680.47 FCFA."
USER_5,2025-02-19,08:49:16,OrangeMoney,retrait,OUT,3050.0,FCFA,3876.47,"Retrait d'argent reussi par le [PHONE_8410] avec le Code : 356437. Informations detaillees : Montant: 3050 FCFA, Frais: 54 FCFA, No de transaction CO250219.0849.D05407, montant net debite 3104 FCFA, Nouveau solde: 3876.47 FCFA."
USER_5,2025-02-19,11:08:33,OrangeMoney,transfert,OUT,2554.0,FCFA,1268.47,"Transfert de [USER_5_phone] [USER_5] vers [PHONE_9938] Moussinga reussi. ID transaction: PP250219.1108.D31031, Montant Transaction: 2554 FCFA, Frais: 54 FCFA, Commission: 0 FCFA, Montant Net: 2608 FCFA, Nouveau Solde: 1268.47 FCFA."
USER_5,2025-02-19,14:34:50,OrangeMoney,transfert,OUT,400.0,FCFA,1168.47,"Transfert de [PHONE_8268] [CONTACT_D121] vers [USER_5_phone] [USER_5] reussi. Details: ID transaction: PP250219.1434.C47635, Montant Transaction: 400FCFA, Frais: 0 FCFA, Commission: 0 FCFA, Montant Net: 400 FCFA, Nouveau Solde: 1168.47 FCFA."
USER_5,2025-02-19,14:44:07,OrangeMoney,paiement,OUT,1054.0,FCFA,64.47,"Vous venez d'effectuer un paiement chez atchang d'un montant de 1054 FCFA.  Reference de la transaction: SM250219.1444.B75754, Frais: 50 FCFA, Montant net debite: 1104 FCFA. Nouveau Solde: 64.47 FCFA. Orange Money vous remercie."
USER_5,2025-02-21,13:15:53,OrangeMoney,depot,IN,900.0,FCFA,964.47,"Depot effectue par [PHONE_4710] [CONTACT_0F72] to [USER_5_phone] [USER_5]. Informations detaillees: Montant de transaction : 900 FCFA, ID transaction : CI250221.1315.D65925, Frais : 0 FCFA, Commission : 0 FCFA, Montant Net du Credit : 900 FCFA, Nouveau Solde : 964.47 FCFA."
USER_5,2025-02-21,14:00:40,OrangeMoney,transfert,OUT,50754.0,FCFA,51218.47,"Transfert de [PHONE_1043] [CONTACT_59FC] vers [USER_5_phone] [USER_5] reussi. Details: ID transaction: PP250221.1400.A84037, Montant Transaction: 50754FCFA, Frais: 0 FCFA, Commission: 0 FCFA, Montant Net: 50754 FCFA, Nouveau Solde: 51218.47 FCFA."
USER_5,2025-02-21,14:23:33,OrangeMoney,transfert,OUT,40000.0,FCFA,11014.47,"Transfert de [USER_5_phone] [USER_5] vers [PHONE_3768] [CONTACT_B2B5] reussi. ID transaction: PP250221.1423.A97751, Montant Transaction: 40000 FCFA, Frais: 204 FCFA, Commission: 0 FCFA, Montant Net: 40204 FCFA, Nouveau Solde: 11014.47 FCFA."
USER_5,2025-02-21,15:18:53,OrangeMoney,transfert,OUT,5079.0,FCFA,5881.47,"Transfert de [USER_5_phone] [USER_5] vers [PHONE_7751] [CONTACT_B03E] reussi. ID transaction: PP250221.1518.C33334, Montant Transaction: 5079 FCFA, Frais: 54 FCFA, Commission: 0 FCFA, Montant Net: 5133 FCFA, Nouveau Solde: 5881.47 FCFA."
USER_5,2025-02-21,21:19:00,OrangeMoney,transfert,OUT,13199.0,FCFA,18580.47,"Transfert de [PHONE_3768] [CONTACT_B2B5] vers [USER_5_phone] [USER_5] reussi. Details: ID transaction: PP250221.2119.C55087, Montant Transaction: 13199FCFA, Frais: 0 FCFA, Commission: 0 FCFA, Montant Net: 13199 FCFA, Nouveau Solde: 18580.47 FCFA."
USER_5,2025-02-22,10:23:11,OrangeMoney,paiement,OUT,1800.0,FCFA,1431.47,"Vous venez d'effectuer un paiement chez SIMEU d'un montant de 1800 FCFA.  Reference de la transaction: SM250222.1023.D34330, Frais: 50 FCFA, Montant net debite: 1850 FCFA. Nouveau Solde: 1431.47 FCFA. Orange Money vous remercie."
USER_5,2025-02-22,10:54:08,OrangeMoney,transfert,OUT,20500.0,FCFA,21931.47,"Transfert de [PHONE_1956] [CONTACT_2A97] vers [USER_5_phone] [USER_5] reussi. Details: ID transaction: PP250222.1054.A30665, Montant Transaction: 20500FCFA, Frais: 0 FCFA, Commission: 0 FCFA, Montant Net: 20500 FCFA, Nouveau Solde: 21931.47 FCFA."
USER_5,2025-02-22,13:38:05,OrangeMoney,transfert,OUT,1054.0,FCFA,20823.47,"Transfert de [USER_5_phone] [USER_5] vers [PHONE_0508] [CONTACT_37A8] reussi. ID transaction: PP250222.1338.A29080, Montant Transaction: 1054 FCFA, Frais: 54 FCFA, Commission: 0 FCFA, Montant Net: 1108 FCFA, Nouveau Solde: 20823.47 FCFA."
USER_5,2025-02-22,16:53:44,OrangeMoney,retrait,OUT,4400.0,FCFA,16353.47,"Retrait d'argent reussi par le [PHONE_6147] avec le Code : 126080. Informations detaillees : Montant: 4400 FCFA, Frais: 70 FCFA, No de transaction CO250222.1653.A95426, montant net debite 4470 FCFA, Nouveau solde: 16353.47 FCFA."
USER_5,2025-02-22,21:57:11,OrangeMoney,paiement,OUT,1804.0,FCFA,13999.47,"Vous venez d'effectuer un paiement chez SIMEU d'un montant de 1804 FCFA.  Reference de la transaction: SM250222.2157.C37249, Frais: 50 FCFA, Montant net debite: 1854 FCFA. Nouveau Solde: 13999.47 FCFA. Orange Money vous remercie."
USER_5,2025-02-22,22:04:50,OrangeMoney,transfert,OUT,1054.0,FCFA,12891.47,"Transfert de [USER_5_phone] [USER_5] vers [PHONE_0776] [CONTACT_66FD] reussi. ID transaction: PP250222.2204.A15612, Montant Transaction: 1054 FCFA, Frais: 54 FCFA, Commission: 0 FCFA, Montant Net: 1108 FCFA, Nouveau Solde: 12891.47 FCFA."
USER_5,2025-02-23,10:50:58,OrangeMoney,paiement,OUT,600.0,FCFA,11566.47,"Vous venez d'effectuer un paiement chez SIMEU d'un montant de 600 FCFA.  Reference de la transaction: SM250223.1050.A98099, Frais: 25 FCFA, Montant net debite: 625 FCFA. Nouveau Solde: 11566.47 FCFA. Orange Money vous remercie."
USER_5,2025-02-23,17:48:34,OrangeMoney,transfert,OUT,2004.0,FCFA,9008.47,"Transfert de [USER_5_phone] [USER_5] vers [PHONE_1497] [CONTACT_1370] reussi. ID transaction: PP250223.1748.B00312, Montant Transaction: 2004 FCFA, Frais: 54 FCFA, Commission: 0 FCFA, Montant Net: 2058 FCFA, Nouveau Solde: 9008.47 FCFA."
USER_5,2025-02-24,15:42:27,OrangeMoney,transfert,OUT,2854.0,FCFA,5100.47,"Transfert de [USER_5_phone] [USER_5] vers [PHONE_6067] [CONTACT_6BF2] reussi. ID transaction: PP250224.1542.C41988, Montant Transaction: 2854 FCFA, Frais: 54 FCFA, Commission: 0 FCFA, Montant Net: 2908 FCFA, Nouveau Solde: 5100.47 FCFA."
USER_5,2025-02-25,22:17:57,OrangeMoney,transfert,OUT,854.0,FCFA,3692.47,"Transfert de [USER_5_phone] [USER_5] vers [PHONE_4431] [CONTACT_DE6C] reussi. ID transaction: PP250225.2217.C06168, Montant Transaction: 854 FCFA, Frais: 54 FCFA, Commission: 0 FCFA, Montant Net: 908 FCFA, Nouveau Solde: 3692.47 FCFA."
USER_5,2025-02-26,13:56:13,OrangeMoney,paiement,OUT,2454.0,FCFA,688.47,"Vous venez d'effectuer un paiement chez SIMEU d'un montant de 2454 FCFA.  Reference de la transaction: SM250226.1356.D51690, Frais: 50 FCFA, Montant net debite: 2504 FCFA. Nouveau Solde: 688.47 FCFA. Orange Money vous remercie."
USER_5,2025-02-26,22:44:03,OrangeMoney,depot,IN,2900.0,FCFA,3088.47,"Depot effectue par [PHONE_0167] [CONTACT_4EB9] to [USER_5_phone] [USER_5]. Informations detaillees: Montant de transaction : 2900 FCFA, ID transaction : CI250226.2244.D85402, Frais : 0 FCFA, Commission : 0 FCFA, Montant Net du Credit : 2900 FCFA, Nouveau Solde : 3088.47 FCFA."
USER_5,2025-02-27,08:08:51,OrangeMoney,depot,IN,3600.0,FCFA,6688.47,"Depot effectue par [PHONE_7024] [CONTACT_1223] to [USER_5_phone] [USER_5]. Informations detaillees: Montant de transaction : 3600 FCFA, ID transaction : CI250227.0808.A16662, Frais : 0 FCFA, Commission : 0 FCFA, Montant Net du Credit : 3600 FCFA, Nouveau Solde : 6688.47 FCFA."
USER_5,2025-02-27,10:00:37,OrangeMoney,depot,IN,1500.0,FCFA,8188.47,"Depot effectue par [PHONE_7024] [CONTACT_1223] to [USER_5_phone] [USER_5]. Informations detaillees: Montant de transaction : 1500 FCFA, ID transaction : CI250227.1000.B60728, Frais : 0 FCFA, Commission : 0 FCFA, Montant Net du Credit : 1500 FCFA, Nouveau Solde : 8188.47 FCFA."
USER_5,2025-02-27,10:24:38,OrangeMoney,transfert,OUT,6000.0,FCFA,2134.47,"Transfert de [USER_5_phone] [USER_5] vers [PHONE_3768] [CONTACT_B2B5] reussi. ID transaction: PP250227.1024.A13475, Montant Transaction: 6000 FCFA, Frais: 54 FCFA, Commission: 0 FCFA, Montant Net: 6054 FCFA, Nouveau Solde: 2134.47 FCFA."
USER_5,2025-02-27,14:02:06,OrangeMoney,depot,IN,20500.0,FCFA,22634.47,"Depot effectue par [PHONE_1288] [CONTACT_CFAB] to [USER_5_phone] [USER_5]. Informations detaillees: Montant de transaction : 20500 FCFA, ID transaction : CI250227.1402.D76211, Frais : 0 FCFA, Commission : 0 FCFA, Montant Net du Credit : 20500 FCFA, Nouveau Solde : 22634.47 FCFA."
USER_5,2025-02-27,14:23:23,OrangeMoney,transfert,OUT,5079.0,FCFA,17501.47,"Transfert de [USER_5_phone] [USER_5] vers [PHONE_1956] [CONTACT_2A97] reussi. ID transaction: PP250227.1422.D64621, Montant Transaction: 5079 FCFA, Frais: 54 FCFA, Commission: 0 FCFA, Montant Net: 5133 FCFA, Nouveau Solde: 17501.47 FCFA."
USER_5,2025-02-27,16:12:18,OrangeMoney,retrait,OUT,6000.0,FCFA,11407.47,"Retrait d'argent reussi par le [PHONE_8128] avec le Code : 676971. Informations detaillees : Montant: 6000 FCFA, Frais: 94 FCFA, No de transaction CO250227.1612.D45351, montant net debite 6094 FCFA, Nouveau solde: 11407.47 FCFA."
USER_5,2025-02-28,07:39:59,OrangeMoney,transfert,OUT,50754.0,FCFA,54511.47,"Transfert de [PHONE_1043] [CONTACT_59FC] vers [USER_5_phone] [USER_5] reussi. Details: ID transaction: PP250228.0739.D21726, Montant Transaction: 50754FCFA, Frais: 0 FCFA, Commission: 0 FCFA, Montant Net: 50754 FCFA, Nouveau Solde: 54511.47 FCFA."
USER_5,2025-02-28,09:20:11,OrangeMoney,transfert,OUT,3556.5,FCFA,50900.97,"Transfert de [USER_5_phone] [USER_5] vers [PHONE_9235] [CONTACT_6932] reussi. ID transaction: PP250228.0920.B73641, Montant Transaction: 3556.5 FCFA, Frais: 54 FCFA, Commission: 0 FCFA, Montant Net: 3610.5 FCFA, Nouveau Solde: 50900.97 FCFA."
USER_5,2025-02-28,09:21:23,OrangeMoney,transfert,OUT,5079.0,FCFA,45767.97,"Transfert de [USER_5_phone] [USER_5] vers [PHONE_1956] [CONTACT_2A97] reussi. ID transaction: PP250228.0921.C74043, Montant Transaction: 5079 FCFA, Frais: 54 FCFA, Commission: 0 FCFA, Montant Net: 5133 FCFA, Nouveau Solde: 45767.97 FCFA."
USER_5,2025-02-28,09:27:46,OrangeMoney,transfert,OUT,16000.0,FCFA,29683.97,"Transfert de [USER_5_phone] [USER_5] vers [PHONE_3768] [CONTACT_B2B5] reussi. ID transaction: PP250228.0927.B78469, Montant Transaction: 16000 FCFA, Frais: 84 FCFA, Commission: 0 FCFA, Montant Net: 16084 FCFA, Nouveau Solde: 29683.97 FCFA."
USER_5,2025-02-28,19:24:06,OrangeMoney,paiement,OUT,2200.0,FCFA,12033.97,"Vous venez d'effectuer un paiement chez [CONTACT_2E91] d'un montant de 2200 FCFA.  Reference de la transaction: SM250228.1924.A40520, Frais: 50 FCFA, Montant net debite: 2250 FCFA. Nouveau Solde: 12033.97 FCFA. Orange Money vous remercie."
USER_5,2025-02-28,19:49:31,OrangeMoney,paiement,OUT,1354.0,FCFA,10629.97,"Vous venez d'effectuer un paiement chez SIMEU d'un montant de 1354 FCFA.  Reference de la transaction: SM250228.1949.D66892, Frais: 50 FCFA, Montant net debite: 1404 FCFA. Nouveau Solde: 10629.97 FCFA. Orange Money vous remercie."
USER_5,2025-03-01,18:15:41,OrangeMoney,transfert,OUT,2054.0,FCFA,8021.97,"Transfert de [USER_5_phone] [USER_5] vers [PHONE_8508] sanama reussi. ID transaction: PP250301.1815.B67092, Montant Transaction: 2054 FCFA, Frais: 54 FCFA, Commission: 0 FCFA, Montant Net: 2108 FCFA, Nouveau Solde: 8021.97 FCFA."
USER_5,2025-03-01,22:30:49,OrangeMoney,transfert,OUT,1054.0,FCFA,2713.97,"Transfert de [USER_5_phone] [USER_5] vers [PHONE_9035] Elat reussi. ID transaction: PP250301.2230.D01046, Montant Transaction: 1054 FCFA, Frais: 54 FCFA, Commission: 0 FCFA, Montant Net: 1108 FCFA, Nouveau Solde: 2713.97 FCFA."
USER_5,2025-03-02,09:21:37,OrangeMoney,paiement,OUT,754.0,FCFA,1234.97,"Vous venez d'effectuer un paiement chez SIMEU d'un montant de 754 FCFA.  Reference de la transaction: SM250302.0921.B09517, Frais: 25 FCFA, Montant net debite: 779 FCFA. Nouveau Solde: 1234.97 FCFA. Orange Money vous remercie."
USER_5,2025-03-05,13:28:19,OrangeMoney,transfert,OUT,2100.0,FCFA,2634.97,"Transfert de [PHONE_1956] [CONTACT_2A97] vers [USER_5_phone] [USER_5] reussi. Details: ID transaction: PP250305.1328.A29579, Montant Transaction: 2100FCFA, Frais: 0 FCFA, Commission: 0 FCFA, Montant Net: 2100 FCFA, Nouveau Solde: 2634.97 FCFA."
USER_5,2025-03-07,13:04:53,OrangeMoney,transfert,OUT,10200.0,FCFA,11334.97,"Transfert de [PHONE_7712] [CONTACT_BAF2] vers [USER_5_phone] [USER_5] reussi. Details: ID transaction: PP250307.1304.B70893, Montant Transaction: 10200FCFA, Frais: 0 FCFA, Commission: 0 FCFA, Montant Net: 10200 FCFA, Nouveau Solde: 11334.97 FCFA."
USER_5,2025-03-07,13:05:09,OrangeMoney,transfert,OUT,5100.0,FCFA,16434.97,"Transfert de [PHONE_1956] [CONTACT_2A97] vers [USER_5_phone] [USER_5] reussi. Details: ID transaction: PP250307.1305.B71070, Montant Transaction: 5100FCFA, Frais: 0 FCFA, Commission: 0 FCFA, Montant Net: 5100 FCFA, Nouveau Solde: 16434.97 FCFA."
USER_5,2025-03-07,13:24:53,OrangeMoney,retrait,OUT,7000.0,FCFA,9325.97,"Retrait d'argent reussi par le [PHONE_0144] avec le Code : 350597. Informations detaillees : Montant: 7000 FCFA, Frais: 109 FCFA, No de transaction CO250307.1324.D73764, montant net debite 7109 FCFA, Nouveau solde: 9325.97 FCFA."
USER_5,2025-03-07,13:48:06,OrangeMoney,transfert,OUT,1500.0,FCFA,7771.97,"Transfert de [USER_5_phone] [USER_5] vers [PHONE_0474] [CONTACT_4529] reussi. ID transaction: PP250307.1348.C96854, Montant Transaction: 1500 FCFA, Frais: 54 FCFA, Commission: 0 FCFA, Montant Net: 1554 FCFA, Nouveau Solde: 7771.97 FCFA."
USER_5,2025-03-08,21:03:49,OrangeMoney,transfert,OUT,1054.0,FCFA,8825.97,"Transfert de [PHONE_7181] [CONTACT_5088] vers [USER_5_phone] [USER_5] reussi. Details: ID transaction: PP250308.2103.D44098, Montant Transaction: 1054FCFA, Frais: 0 FCFA, Commission: 0 FCFA, Montant Net: 1054 FCFA, Nouveau Solde: 8825.97 FCFA."
USER_5,2025-03-08,21:05:20,OrangeMoney,retrait,OUT,6450.0,FCFA,2275.22,"Retrait d'argent reussi par le [PHONE_7443] avec le Code : 306528. Informations detaillees : Montant: 6450 FCFA, Frais: 100.75 FCFA, No de transaction CO250308.2105.A93245, montant net debite 6550.75 FCFA, Nouveau solde: 2275.22 FCFA."
USER_5,2025-03-10,10:59:06,OrangeMoney,transfert,OUT,15300.0,FCFA,17575.22,"Transfert de [PHONE_7712] [CONTACT_BAF2] vers [USER_5_phone] [USER_5] reussi. Details: ID transaction: PP250310.1059.C88553, Montant Transaction: 15300FCFA, Frais: 0 FCFA, Commission: 0 FCFA, Montant Net: 15300 FCFA, Nouveau Solde: 17575.22 FCFA."
USER_5,2025-03-10,12:53:24,OrangeMoney,transfert,OUT,3600.0,FCFA,21175.22,"Transfert de [PHONE_1956] [CONTACT_2A97] vers [USER_5_phone] [USER_5] reussi. Details: ID transaction: PP250310.1253.C58569, Montant Transaction: 3600FCFA, Frais: 0 FCFA, Commission: 0 FCFA, Montant Net: 3600 FCFA, Nouveau Solde: 21175.22 FCFA."
USER_5,2025-03-12,14:43:39,OrangeMoney,transfert,OUT,15500.0,FCFA,31675.22,"Transfert de [PHONE_0762] [CONTACT_BAF2] vers [USER_5_phone] [USER_5] reussi. Details: ID transaction: PP250312.1443.C02635, Montant Transaction: 15500FCFA, Frais: 0 FCFA, Commission: 0 FCFA, Montant Net: 15500 FCFA, Nouveau Solde: 31675.22 FCFA."
USER_5,2025-03-12,16:11:43,OrangeMoney,transfert,OUT,5000.0,FCFA,11721.22,"Transfert de [USER_5_phone] [USER_5] vers [PHONE_8470] [CONTACT_D8E7] reussi. ID transaction: PP250312.1611.A56183, Montant Transaction: 5000 FCFA, Frais: 54 FCFA, Commission: 0 FCFA, Montant Net: 5054 FCFA, Nouveau Solde: 11721.22 FCFA."
USER_5,2025-03-13,19:35:38,OrangeMoney,transfert,OUT,2054.0,FCFA,5413.22,"Transfert de [USER_5_phone] [USER_5] vers [PHONE_2080] [CONTACT_B4E5] reussi. ID transaction: PP250313.1935.A26515, Montant Transaction: 2054 FCFA, Frais: 54 FCFA, Commission: 0 FCFA, Montant Net: 2108 FCFA, Nouveau Solde: 5413.22 FCFA."
USER_5,2025-03-14,14:54:50,OrangeMoney,retrait,OUT,1000.0,FCFA,4359.22,"Retrait d'argent reussi par le [PHONE_7049] avec le Code : 867286. Informations detaillees : Montant: 1000 FCFA, Frais: 54 FCFA, No de transaction CO250314.1454.D10248, montant net debite 1054 FCFA, Nouveau solde: 4359.22 FCFA."
USER_5,2025-03-15,08:05:00,OrangeMoney,transfert,OUT,500.0,FCFA,3305.22,"Transfert de [USER_5_phone] [USER_5] vers [PHONE_6320] [CONTACT_6932] reussi. ID transaction: PP250315.0741.C37540, Montant Transaction: 500 FCFA, Frais: 54 FCFA, Commission: 0 FCFA, Montant Net: 554 FCFA, Nouveau Solde: 3305.22 FCFA."
USER_5,2025-03-20,15:16:24,OrangeMoney,transfert,OUT,5100.0,FCFA,6205.22,"Transfert de [PHONE_1956] [CONTACT_2A97] vers [USER_5_phone] [USER_5] reussi. Details: ID transaction: PP250320.1516.D32236, Montant Transaction: 5100FCFA, Frais: 0 FCFA, Commission: 0 FCFA, Montant Net: 5100 FCFA, Nouveau Solde: 6205.22 FCFA."
USER_5,2025-03-24,16:59:07,OrangeMoney,transfert,OUT,1554.0,FCFA,1609.22,"Transfert de [PHONE_6979] [CONTACT_16E9] vers [USER_5_phone] [USER_5] reussi. Details: ID transaction: PP250324.1659.C07914, Montant Transaction: 1554FCFA, Frais: 0 FCFA, Commission: 0 FCFA, Montant Net: 1554 FCFA, Nouveau Solde: 1609.22 FCFA."
USER_5,2025-03-24,17:11:48,OrangeMoney,transfert,OUT,1000.0,FCFA,2609.22,"Transfert de [PHONE_6979] [CONTACT_16E9] vers [USER_5_phone] [USER_5] reussi. Details: ID transaction: PP250324.1711.C15929, Montant Transaction: 1000FCFA, Frais: 0 FCFA, Commission: 0 FCFA, Montant Net: 1000 FCFA, Nouveau Solde: 2609.22 FCFA."
USER_5,2025-03-24,17:34:07,OrangeMoney,transfert,OUT,1054.0,FCFA,1501.22,"Transfert de [USER_5_phone] [USER_5] vers [PHONE_6067] [CONTACT_6BF2] reussi. ID transaction: PP250324.1734.B31371, Montant Transaction: 1054 FCFA, Frais: 54 FCFA, Commission: 0 FCFA, Montant Net: 1108 FCFA, Nouveau Solde: 1501.22 FCFA."
USER_5,2025-03-24,17:37:24,OrangeMoney,paiement,OUT,554.0,FCFA,922.22,"Vous venez d'effectuer un paiement chez [CONTACT_2E91] d'un montant de 554 FCFA.  Reference de la transaction: SM250324.1737.B30861, Frais: 25 FCFA, Montant net debite: 579 FCFA. Nouveau Solde: 922.22 FCFA. Orange Money vous remercie."
USER_5,2025-03-25,07:57:45,OrangeMoney,transfert,OUT,20300.0,FCFA,20722.22,"Transfert de [PHONE_7712] [CONTACT_BAF2] vers [USER_5_phone] [USER_5] reussi. Details: ID transaction: PP250325.0757.D46401, Montant Transaction: 20300FCFA, Frais: 0 FCFA, Commission: 0 FCFA, Montant Net: 20300 FCFA, Nouveau Solde: 20722.22 FCFA."
USER_5,2025-03-25,08:06:52,OrangeMoney,transfert,OUT,3000.0,FCFA,17668.22,"Transfert de [USER_5_phone] [USER_5] vers [PHONE_8378] [CONTACT_B0AD] reussi. ID transaction: PP250325.0806.C47636, Montant Transaction: 3000 FCFA, Frais: 54 FCFA, Commission: 0 FCFA, Montant Net: 3054 FCFA, Nouveau Solde: 17668.22 FCFA."
USER_5,2025-03-25,08:07:45,OrangeMoney,transfert,OUT,2500.0,FCFA,15114.22,"Transfert de [USER_5_phone] [USER_5] vers [PHONE_0962] [CONTACT_F062] reussi. ID transaction: PP250325.0807.A51856, Montant Transaction: 2500 FCFA, Frais: 54 FCFA, Commission: 0 FCFA, Montant Net: 2554 FCFA, Nouveau Solde: 15114.22 FCFA."
USER_5,2025-03-25,09:56:26,OrangeMoney,retrait,OUT,200.0,FCFA,13860.22,"Retrait d'argent reussi par le [PHONE_0647] avec le Code : 792842. Informations detaillees : Montant: 200 FCFA, Frais: 54 FCFA, No de transaction CO250325.0956.B75477, montant net debite 254 FCFA, Nouveau solde: 13860.22 FCFA."
USER_5,2025-03-25,15:05:40,OrangeMoney,retrait,OUT,4050.0,FCFA,9745.47,"Retrait d'argent reussi par le [PHONE_4117] avec le Code : 407132. Informations detaillees : Montant: 4050 FCFA, Frais: 64.75 FCFA, No de transaction CO250325.1505.C50501, montant net debite 4114.75 FCFA, Nouveau solde: 9745.47 FCFA."
USER_5,2025-03-26,10:26:59,OrangeMoney,retrait,OUT,500.0,FCFA,6581.47,"Retrait d'argent reussi par le [PHONE_0647] avec le Code : 792842. Informations detaillees : Montant: 500 FCFA, Frais: 54 FCFA, No de transaction CO250326.1026.B79225, montant net debite 554 FCFA, Nouveau solde: 6581.47 FCFA."
USER_5,2025-03-26,15:03:53,OrangeMoney,retrait,OUT,1050.0,FCFA,5477.47,"Retrait d'argent reussi par le [PHONE_0647] avec le Code : 792842. Informations detaillees : Montant: 1050 FCFA, Frais: 54 FCFA, No de transaction CO250326.1503.B39599, montant net debite 1104 FCFA, Nouveau solde: 5477.47 FCFA."
USER_5,2025-03-27,14:51:16,OrangeMoney,retrait,OUT,3000.0,FCFA,2423.47,"Retrait d'argent reussi par le [PHONE_6147] avec le Code : 126080. Informations detaillees : Montant: 3000 FCFA, Frais: 54 FCFA, No de transaction CO250327.1451.A29769, montant net debite 3054 FCFA, Nouveau solde: 2423.47 FCFA."
USER_5,2025-03-28,18:35:06,OrangeMoney,transfert,OUT,1054.0,FCFA,1315.47,"Transfert de [USER_5_phone] [USER_5] vers [PHONE_6067] [CONTACT_6BF2] reussi. ID transaction: PP250328.1835.B93694, Montant Transaction: 1054 FCFA, Frais: 54 FCFA, Commission: 0 FCFA, Montant Net: 1108 FCFA, Nouveau Solde: 1315.47 FCFA."
USER_5,2025-03-30,18:48:51,OrangeMoney,transfert,OUT,100.0,FCFA,11.47,"Transfert de [USER_5_phone] [USER_5] vers [PHONE_5909] [CONTACT_16C7] reussi. ID transaction: PP250330.1847.A48887, Montant Transaction: 100 FCFA, Frais: 54 FCFA, Commission: 0 FCFA, Montant Net: 154 FCFA, Nouveau Solde: 11.47 FCFA."
USER_5,2025-03-31,23:25:14,OrangeMoney,transfert,OUT,2054.0,FCFA,2065.47,"Transfert de [PHONE_9125] [CONTACT_6809] vers [USER_5_phone] [USER_5] reussi. Details: ID transaction: PP250331.2325.D83872, Montant Transaction: 2054FCFA, Frais: 0 FCFA, Commission: 0 FCFA, Montant Net: 2054 FCFA, Nouveau Solde: 2065.47 FCFA."
USER_5,2025-04-01,10:37:18,OrangeMoney,retrait,OUT,750.0,FCFA,1261.47,"Retrait d'argent reussi par le [PHONE_0647] avec le Code : 792842. Informations detaillees : Montant: 750 FCFA, Frais: 54 FCFA, No de transaction CO250401.1037.D32234, montant net debite 804 FCFA, Nouveau solde: 1261.47 FCFA."
USER_5,2025-04-01,11:58:24,OrangeMoney,transfert,OUT,1000.0,FCFA,107.47,"Transfert de [USER_5_phone] [USER_5] vers [PHONE_2046] [CONTACT_4962] reussi. ID transaction: PP250401.1158.D56016, Montant Transaction: 1000 FCFA, Frais: 54 FCFA, Commission: 0 FCFA, Montant Net: 1054 FCFA, Nouveau Solde: 107.47 FCFA."
USER_5,2025-04-02,08:16:51,OrangeMoney,transfert,OUT,500.0,FCFA,507.47,"Transfert de [PHONE_9035] Elat vers [USER_5_phone] [USER_5] reussi. Details: ID transaction: PP250402.0816.C63575, Montant Transaction: 500FCFA, Frais: 0 FCFA, Commission: 0 FCFA, Montant Net: 500 FCFA, Nouveau Solde: 507.47 FCFA."
USER_5,2025-04-04,12:08:03,OrangeMoney,transfert,OUT,2054.0,FCFA,2061.47,"Transfert de [PHONE_1480] [CONTACT_E302] vers [USER_5_phone] [USER_5] reussi. Details: ID transaction: PP250404.1208.A82169, Montant Transaction: 2054FCFA, Frais: 0 FCFA, Commission: 0 FCFA, Montant Net: 2054 FCFA, Nouveau Solde: 2061.47 FCFA."
USER_5,2025-04-05,17:38:18,OrangeMoney,rechargement,OUT,100.0,FCFA,961.47,"Rechargement reussi. Montant de la transaction: 100 FCFA, ID transaction: RC250405.1738.B93318, Frais: 0 FCFA, Commission: 0 FCFA, Nouveau solde: 961.47 FCFA"
USER_5,2025-04-07,11:27:58,OrangeMoney,transfert,OUT,1000.0,FCFA,1011.47,"Transfert de [PHONE_4789] [CONTACT_1E66] vers [USER_5_phone] [USER_5] reussi. Details: ID transaction: PP250407.1127.D36564, Montant Transaction: 1000FCFA, Frais: 0 FCFA, Commission: 0 FCFA, Montant Net: 1000 FCFA, Nouveau Solde: 1011.47 FCFA."
USER_5,2025-04-10,19:55:11,OrangeMoney,transfert,OUT,2000.0,FCFA,2011.47,"Transfert de [PHONE_7751] [CONTACT_B03E] vers [USER_5_phone] [USER_5] reussi. Details: ID transaction: PP250410.1955.C62551, Montant Transaction: 2000FCFA, Frais: 0 FCFA, Commission: 0 FCFA, Montant Net: 2000 FCFA, Nouveau Solde: 2011.47 FCFA."
USER_5,2025-04-11,09:13:06,OrangeMoney,transfert,OUT,20300.0,FCFA,22311.47,"Transfert de [PHONE_7712] [CONTACT_BAF2] vers [USER_5_phone] [USER_5] reussi. Details: ID transaction: PP250411.0913.B26441, Montant Transaction: 20300FCFA, Frais: 0 FCFA, Commission: 0 FCFA, Montant Net: 20300 FCFA, Nouveau Solde: 22311.47 FCFA."
USER_5,2025-04-11,09:43:02,OrangeMoney,transfert,OUT,5000.0,FCFA,13057.47,"Transfert de [USER_5_phone] [USER_5] vers [PHONE_9793] [CONTACT_92F0] reussi. ID transaction: PP250411.0943.D40946, Montant Transaction: 5000 FCFA, Frais: 54 FCFA, Commission: 0 FCFA, Montant Net: 5054 FCFA, Nouveau Solde: 13057.47 FCFA."
USER_5,2025-04-11,19:37:27,OrangeMoney,retrait,OUT,1100.0,FCFA,10903.47,"Retrait d'argent reussi par le [PHONE_8806] avec le Code : 387013. Informations detaillees : Montant: 1100 FCFA, Frais: 54 FCFA, No de transaction CO250411.1937.A44471, montant net debite 1154 FCFA, Nouveau solde: 10903.47 FCFA."
USER_5,2025-04-12,17:29:55,OrangeMoney,paiement,OUT,650.0,FCFA,10228.47,"Vous venez d'effectuer un paiement chez SIMEU d'un montant de 650 FCFA.  Reference de la transaction: SM250412.1729.C40321, Frais: 25 FCFA, Montant net debite: 675 FCFA. Nouveau Solde: 10228.47 FCFA. Orange Money vous remercie."
USER_5,2025-04-13,12:33:53,OrangeMoney,transfert,OUT,15500.0,FCFA,25728.47,"Transfert de [PHONE_7712] [CONTACT_BAF2] vers [USER_5_phone] [USER_5] reussi. Details: ID transaction: PP250413.1233.A66687, Montant Transaction: 15500FCFA, Frais: 0 FCFA, Commission: 0 FCFA, Montant Net: 15500 FCFA, Nouveau Solde: 25728.47 FCFA."
USER_5,2025-04-14,09:51:13,OrangeMoney,retrait,OUT,2500.0,FCFA,8274.47,"Retrait d'argent reussi par le [PHONE_1969] avec le Code : 612667. Informations detaillees : Montant: 2500 FCFA, Frais: 54 FCFA, No de transaction CO250414.0951.C50371, montant net debite 2554 FCFA, Nouveau solde: 8274.47 FCFA."
USER_5,2025-04-15,12:12:21,OrangeMoney,transfert,OUT,2054.0,FCFA,5066.47,"Transfert de [USER_5_phone] [USER_5] vers [PHONE_9751] [CONTACT_47B0] reussi. ID transaction: PP250415.1212.D15823, Montant Transaction: 2054 FCFA, Frais: 54 FCFA, Commission: 0 FCFA, Montant Net: 2108 FCFA, Nouveau Solde: 5066.47 FCFA."
USER_5,2025-04-15,13:40:44,OrangeMoney,retrait,OUT,1000.0,FCFA,4012.47,"Retrait d'argent reussi par le [PHONE_7038] avec le Code : 853026. Informations detaillees : Montant: 1000 FCFA, Frais: 54 FCFA, No de transaction CO250415.1340.B77295, montant net debite 1054 FCFA, Nouveau solde: 4012.47 FCFA."
USER_5,2025-04-16,16:52:08,OrangeMoney,transfert,OUT,2600.0,FCFA,6612.47,"Transfert de [PHONE_7712] [CONTACT_BAF2] vers [USER_5_phone] [USER_5] reussi. Details: ID transaction: PP250416.1652.D98986, Montant Transaction: 2600FCFA, Frais: 0 FCFA, Commission: 0 FCFA, Montant Net: 2600 FCFA, Nouveau Solde: 6612.47 FCFA."
USER_5,2025-04-16,16:53:30,OrangeMoney,retrait,OUT,2000.0,FCFA,4558.47,"Retrait d'argent reussi par le [PHONE_9890] avec le Code : 265360. Informations detaillees : Montant: 2000 FCFA, Frais: 54 FCFA, No de transaction CO250416.1653.A41300, montant net debite 2054 FCFA, Nouveau solde: 4558.47 FCFA."
USER_5,2025-04-18,09:53:36,OrangeMoney,transfert,OUT,20300.0,FCFA,22258.47,"Transfert de [PHONE_0762] [CONTACT_BAF2] vers [USER_5_phone] [USER_5] reussi. Details: ID transaction: PP250418.0953.C20234, Montant Transaction: 20300FCFA, Frais: 0 FCFA, Commission: 0 FCFA, Montant Net: 20300 FCFA, Nouveau Solde: 22258.47 FCFA."
USER_5,2025-04-18,12:34:54,OrangeMoney,retrait,OUT,6000.0,FCFA,16164.47,"Retrait d'argent reussi par le [PHONE_9655] avec le Code : 797330. Informations detaillees : Montant: 6000 FCFA, Frais: 94 FCFA, No de transaction CO250418.1234.D59188, montant net debite 6094 FCFA, Nouveau solde: 16164.47 FCFA."
USER_5,2025-04-18,12:46:31,OrangeMoney,rechargement,OUT,100.0,FCFA,16064.47,"Rechargement reussi. Montant de la transaction: 100 FCFA, ID transaction: RC250418.1246.A84066, Frais: 0 FCFA, Commission: 0 FCFA, Nouveau solde: 16064.47 FCFA"
USER_5,2025-04-18,16:45:11,OrangeMoney,transfert,OUT,2500.0,FCFA,13510.47,"Transfert de [USER_5_phone] [USER_5] vers [PHONE_8470] [CONTACT_D8E7] reussi. ID transaction: PP250418.1645.A70532, Montant Transaction: 2500 FCFA, Frais: 54 FCFA, Commission: 0 FCFA, Montant Net: 2554 FCFA, Nouveau Solde: 13510.47 FCFA."
USER_5,2025-04-19,07:46:29,OrangeMoney,transfert,OUT,2554.0,FCFA,10902.47,"Transfert de [USER_5_phone] [USER_5] vers [PHONE_2411] [CONTACT_983B] reussi. ID transaction: PP250419.0746.A12512, Montant Transaction: 2554 FCFA, Frais: 54 FCFA, Commission: 0 FCFA, Montant Net: 2608 FCFA, Nouveau Solde: 10902.47 FCFA."
USER_5,2025-04-20,14:09:34,OrangeMoney,depot,IN,3000.0,FCFA,13227.47,"Depot effectue par [PHONE_9655] [CONTACT_E180] to [USER_5_phone] [USER_5]. Informations detaillees: Montant de transaction : 3000 FCFA, ID transaction : CI250420.1409.C58020, Frais : 0 FCFA, Commission : 0 FCFA, Montant Net du Credit : 3000 FCFA, Nouveau Solde : 13227.47 FCFA."
USER_5,2025-04-20,14:14:23,OrangeMoney,transfert,OUT,2500.0,FCFA,10673.47,"Transfert de [USER_5_phone] [USER_5] vers [PHONE_0962] [CONTACT_F062] reussi. ID transaction: PP250420.1414.C79520, Montant Transaction: 2500 FCFA, Frais: 54 FCFA, Commission: 0 FCFA, Montant Net: 2554 FCFA, Nouveau Solde: 10673.47 FCFA."
USER_5,2025-04-21,12:32:46,OrangeMoney,transfert,OUT,500.0,FCFA,9917.47,"Transfert de [USER_5_phone] [USER_5] vers [PHONE_9229] [CONTACT_97A5] reussi. ID transaction: PP250421.1232.A35215, Montant Transaction: 500 FCFA, Frais: 54 FCFA, Commission: 0 FCFA, Montant Net: 554 FCFA, Nouveau Solde: 9917.47 FCFA."
USER_5,2025-04-22,00:17:05,OrangeMoney,transfert,OUT,100.0,FCFA,8763.47,"Transfert de [USER_5_phone] [USER_5] vers [PHONE_9751] [CONTACT_47B0] reussi. ID transaction: PP250422.0017.C54028, Montant Transaction: 100 FCFA, Frais: 54 FCFA, Commission: 0 FCFA, Montant Net: 154 FCFA, Nouveau Solde: 8763.47 FCFA."
USER_5,2025-04-22,14:38:37,OrangeMoney,transfert,OUT,500.0,FCFA,9263.47,"Transfert de [PHONE_0373] Oubbo vers [USER_5_phone] [USER_5] reussi. Details: ID transaction: PP250422.1438.B02184, Montant Transaction: 500FCFA, Frais: 0 FCFA, Commission: 0 FCFA, Montant Net: 500 FCFA, Nouveau Solde: 9263.47 FCFA."
USER_5,2025-04-22,17:34:42,OrangeMoney,depot,IN,3000.0,FCFA,12263.47,"Depot effectue par [PHONE_4434] [CONTACT_80AC] to [USER_5_phone] [USER_5]. Informations detaillees: Montant de transaction : 3000 FCFA, ID transaction : CI250422.1734.B53987, Frais : 0 FCFA, Commission : 0 FCFA, Montant Net du Credit : 3000 FCFA, Nouveau Solde : 12263.47 FCFA."
USER_5,2025-04-22,18:28:21,OrangeMoney,transfert,OUT,2054.0,FCFA,10155.47,"Transfert de [USER_5_phone] [USER_5] vers [PHONE_6321] [CONTACT_F1C0] reussi. ID transaction: PP250422.1828.D29565, Montant Transaction: 2054 FCFA, Frais: 54 FCFA, Commission: 0 FCFA, Montant Net: 2108 FCFA, Nouveau Solde: 10155.47 FCFA."
USER_5,2025-04-22,20:10:17,OrangeMoney,transfert,OUT,4216.25,FCFA,5885.22,"Transfert de [USER_5_phone] [USER_5] vers [PHONE_6527] [CONTACT_48EC] reussi. ID transaction: PP250422.2010.D90373, Montant Transaction: 4216.25 FCFA, Frais: 54 FCFA, Commission: 0 FCFA, Montant Net: 4270.25 FCFA, Nouveau Solde: 5885.22 FCFA."
USER_5,2025-04-22,20:12:14,OrangeMoney,transfert,OUT,1000.0,FCFA,4831.22,"Transfert de [USER_5_phone] [USER_5] vers [PHONE_6527] [CONTACT_48EC] reussi. ID transaction: PP250422.2012.A99798, Montant Transaction: 1000 FCFA, Frais: 54 FCFA, Commission: 0 FCFA, Montant Net: 1054 FCFA, Nouveau Solde: 4831.22 FCFA."
USER_5,2025-04-23,23:03:58,OrangeMoney,transfert,OUT,500.0,FCFA,4077.22,"Transfert de [USER_5_phone] [USER_5] vers [PHONE_8188] [CONTACT_F470] reussi. ID transaction: PP250423.2303.A51313, Montant Transaction: 500 FCFA, Frais: 54 FCFA, Commission: 0 FCFA, Montant Net: 554 FCFA, Nouveau Solde: 4077.22 FCFA."
USER_5,2025-04-24,07:17:26,OrangeMoney,transfert,OUT,500.0,FCFA,3023.22,"Transfert de [USER_5_phone] [USER_5] vers [PHONE_1750] [CONTACT_7CFD] reussi. ID transaction: PP250424.0717.C74694, Montant Transaction: 500 FCFA, Frais: 54 FCFA, Commission: 0 FCFA, Montant Net: 554 FCFA, Nouveau Solde: 3023.22 FCFA."
USER_5,2025-04-24,07:20:21,OrangeMoney,paiement,OUT,1154.0,FCFA,1819.22,"Vous venez d'effectuer un paiement chez SIMEU d'un montant de 1154 FCFA.  Reference de la transaction: SM250424.0720.B27034, Frais: 50 FCFA, Montant net debite: 1204 FCFA. Nouveau Solde: 1819.22 FCFA. Orange Money vous remercie."
USER_5,2025-04-24,12:23:29,OrangeMoney,transfert,OUT,554.0,FCFA,1211.22,"Transfert de [USER_5_phone] [USER_5] vers [PHONE_6880] [CONTACT_D712] reussi. ID transaction: PP250424.1223.B12731, Montant Transaction: 554 FCFA, Frais: 54 FCFA, Commission: 0 FCFA, Montant Net: 608 FCFA, Nouveau Solde: 1211.22 FCFA."
USER_5,2025-04-26,18:22:58,OrangeMoney,transfert,OUT,2054.0,FCFA,2265.22,"Transfert de [PHONE_9229] [CONTACT_97A5] vers [USER_5_phone] [USER_5] reussi. Details: ID transaction: PP250426.1822.C68431, Montant Transaction: 2054FCFA, Frais: 0 FCFA, Commission: 0 FCFA, Montant Net: 2054 FCFA, Nouveau Solde: 2265.22 FCFA."
USER_5,2025-04-26,18:30:27,OrangeMoney,transfert,OUT,1929.0,FCFA,282.22,"Transfert de [USER_5_phone] [USER_5] vers [PHONE_6067] [CONTACT_6BF2] reussi. ID transaction: PP250426.1830.A84139, Montant Transaction: 1929 FCFA, Frais: 54 FCFA, Commission: 0 FCFA, Montant Net: 1983 FCFA, Nouveau Solde: 282.22 FCFA."
USER_5,2025-04-26,21:58:48,OrangeMoney,transfert,OUT,2054.0,FCFA,2336.22,"Transfert de [PHONE_9125] [CONTACT_6809] vers [USER_5_phone] [USER_5] reussi. Details: ID transaction: PP250426.2158.A00560, Montant Transaction: 2054FCFA, Frais: 0 FCFA, Commission: 0 FCFA, Montant Net: 2054 FCFA, Nouveau Solde: 2336.22 FCFA."
USER_5,2025-04-27,10:41:29,OrangeMoney,paiement,OUT,1154.0,FCFA,1132.22,"Vous venez d'effectuer un paiement chez SIMEU d'un montant de 1154 FCFA.  Reference de la transaction: SM250427.1041.B72491, Frais: 50 FCFA, Montant net debite: 1204 FCFA. Nouveau Solde: 1132.22 FCFA. Orange Money vous remercie."
USER_5,2025-04-30,11:43:05,OrangeMoney,transfert,OUT,23000.0,FCFA,23532.22,"Transfert de [PHONE_4275] [CONTACT_A8B4] vers [USER_5_phone] [USER_5] reussi. Details: ID transaction: PP250430.1143.D57332, Montant Transaction: 23000FCFA, Frais: 0 FCFA, Commission: 0 FCFA, Montant Net: 23000 FCFA, Nouveau Solde: 23532.22 FCFA."
USER_5,2025-04-30,19:13:56,OrangeMoney,transfert,OUT,1754.0,FCFA,21724.22,"Transfert de [USER_5_phone] [USER_5] vers [PHONE_6067] [CONTACT_6BF2] reussi. ID transaction: PP250430.1913.D49410, Montant Transaction: 1754 FCFA, Frais: 54 FCFA, Commission: 0 FCFA, Montant Net: 1808 FCFA, Nouveau Solde: 21724.22 FCFA."
USER_5,2025-05-01,13:25:36,OrangeMoney,paiement,OUT,654.0,FCFA,21045.22,"Vous venez d'effectuer un paiement chez SIMEU d'un montant de 654 FCFA.  Reference de la transaction: SM250501.1325.B75804, Frais: 25 FCFA, Montant net debite: 679 FCFA. Nouveau Solde: 21045.22 FCFA. Orange Money vous remercie."
USER_5,2025-05-01,18:33:22,OrangeMoney,retrait,OUT,3500.0,FCFA,16988.72,"Retrait d'argent reussi par le [PHONE_0898] avec le Code : 151929. Informations detaillees : Montant: 3500 FCFA, Frais: 56.5 FCFA, No de transaction CO250501.1833.B18897, montant net debite 3556.5 FCFA, Nouveau solde: 16988.72 FCFA."
USER_5,2025-05-02,09:39:33,OrangeMoney,transfert,OUT,2554.0,FCFA,19042.72,"Transfert de [PHONE_1956] [CONTACT_2A97] vers [USER_5_phone] [USER_5] reussi. Details: ID transaction: PP250502.0939.D01699, Montant Transaction: 2554FCFA, Frais: 0 FCFA, Commission: 0 FCFA, Montant Net: 2554 FCFA, Nouveau Solde: 19042.72 FCFA."
USER_5,2025-05-02,17:52:25,OrangeMoney,transfert,OUT,10200.0,FCFA,29242.72,"Transfert de [PHONE_7712] [CONTACT_BAF2] vers [USER_5_phone] [USER_5] reussi. Details: ID transaction: PP250502.1752.D11508, Montant Transaction: 10200FCFA, Frais: 0 FCFA, Commission: 0 FCFA, Montant Net: 10200 FCFA, Nouveau Solde: 29242.72 FCFA."
USER_5,2025-05-02,18:42:20,OrangeMoney,transfert,OUT,1000.0,FCFA,28188.72,"Transfert de [USER_5_phone] [USER_5] vers [PHONE_2046] [CONTACT_4962] reussi. ID transaction: PP250502.1842.A46554, Montant Transaction: 1000 FCFA, Frais: 54 FCFA, Commission: 0 FCFA, Montant Net: 1054 FCFA, Nouveau Solde: 28188.72 FCFA."
USER_5,2025-05-02,20:23:04,OrangeMoney,paiement,OUT,1104.0,FCFA,27034.72,"Vous venez d'effectuer un paiement chez SIMEU d'un montant de 1104 FCFA.  Reference de la transaction: SM250502.2023.A49460, Frais: 50 FCFA, Montant net debite: 1154 FCFA. Nouveau Solde: 27034.72 FCFA. Orange Money vous remercie."
USER_5,2025-05-03,08:58:51,OrangeMoney,retrait,OUT,2500.0,FCFA,24480.72,"Retrait d'argent reussi par le [PHONE_1969] avec le Code : 612667. Informations detaillees : Montant: 2500 FCFA, Frais: 54 FCFA, No de transaction CO250503.0858.C78296, montant net debite 2554 FCFA, Nouveau solde: 24480.72 FCFA."
USER_5,2025-05-03,11:26:12,OrangeMoney,transfert,OUT,3054.0,FCFA,20872.72,"Transfert de [USER_5_phone] [USER_5] vers [PHONE_9469] [CONTACT_600F] reussi. ID transaction: PP250503.1125.D28610, Montant Transaction: 3054 FCFA, Frais: 54 FCFA, Commission: 0 FCFA, Montant Net: 3108 FCFA, Nouveau Solde: 20872.72 FCFA."
USER_5,2025-05-04,13:30:58,OrangeMoney,depot,IN,15000.0,FCFA,16372.72,"Depot effectue par [PHONE_0167] [CONTACT_4EB9] to [USER_5_phone] [USER_5]. Informations detaillees: Montant de transaction : 15000 FCFA, ID transaction : CI250504.1330.D89384, Frais : 0 FCFA, Commission : 0 FCFA, Montant Net du Credit : 15000 FCFA, Nouveau Solde : 16372.72 FCFA."
USER_5,2025-05-04,21:07:18,OrangeMoney,retrait,OUT,8950.0,FCFA,2484.47,"Retrait d'argent reussi par le [PHONE_0647] avec le Code : 792842. Informations detaillees : Montant: 8950 FCFA, Frais: 138.25 FCFA, No de transaction CO250504.2107.B86056, montant net debite 9088.25 FCFA, Nouveau solde: 2484.47 FCFA."
USER_5,2025-05-07,08:47:41,OrangeMoney,depot,IN,2000.0,FCFA,2184.47,"Depot effectue par [PHONE_7683] [CONTACT_0218] to [USER_5_phone] [USER_5]. Informations detaillees: Montant de transaction : 2000 FCFA, ID transaction : CI250507.0847.D32356, Frais : 0 FCFA, Commission : 0 FCFA, Montant Net du Credit : 2000 FCFA, Nouveau Solde : 2184.47 FCFA."
USER_5,2025-05-10,15:40:04,OrangeMoney,transfert,OUT,2054.0,FCFA,2638.47,"Transfert de [PHONE_9257] [CONTACT_56CD] vers [USER_5_phone] [USER_5] reussi. Details: ID transaction: PP250510.1540.B73639, Montant Transaction: 2054FCFA, Frais: 0 FCFA, Commission: 0 FCFA, Montant Net: 2054 FCFA, Nouveau Solde: 2638.47 FCFA."
USER_5,2025-05-11,04:32:10,OrangeMoney,transfert,OUT,1000.0,FCFA,1084.47,"Transfert de [USER_5_phone] [USER_5] vers [PHONE_7584] [CONTACT_C436] reussi. ID transaction: PP250511.0432.B37394, Montant Transaction: 1000 FCFA, Frais: 54 FCFA, Commission: 0 FCFA, Montant Net: 1054 FCFA, Nouveau Solde: 1084.47 FCFA."
USER_5,2025-05-13,08:50:06,OrangeMoney,transfert,OUT,15500.0,FCFA,15584.47,"Transfert de [PHONE_1956] [CONTACT_2A97] vers [USER_5_phone] [USER_5] reussi. Details: ID transaction: PP250513.0850.B89715, Montant Transaction: 15500FCFA, Frais: 0 FCFA, Commission: 0 FCFA, Montant Net: 15500 FCFA, Nouveau Solde: 15584.47 FCFA."
USER_5,2025-05-14,08:23:43,OrangeMoney,transfert,OUT,350000.0,FCFA,350184.47,"Transfert de [PHONE_1291] [CONTACT_67C2] vers [USER_5_phone] [USER_5] reussi. Details: ID transaction: PP250514.0823.B10360, Montant Transaction: 350000FCFA, Frais: 0 FCFA, Commission: 0 FCFA, Montant Net: 350000 FCFA, Nouveau Solde: 350184.47 FCFA."
USER_5,2025-05-14,08:24:58,OrangeMoney,transfert,OUT,350000.0,FCFA,700184.47,"Transfert de [PHONE_1291] [CONTACT_67C2] vers [USER_5_phone] [USER_5] reussi. Details: ID transaction: PP250514.0824.C12803, Montant Transaction: 350000FCFA, Frais: 0 FCFA, Commission: 0 FCFA, Montant Net: 350000 FCFA, Nouveau Solde: 700184.47 FCFA."
USER_5,2025-05-14,08:47:50,OrangeMoney,transfert,OUT,5079.0,FCFA,695051.47,"Transfert de [USER_5_phone] [USER_5] vers [PHONE_6979] [CONTACT_16E9] reussi. ID transaction: PP250514.0847.D29667, Montant Transaction: 5079 FCFA, Frais: 54 FCFA, Commission: 0 FCFA, Montant Net: 5133 FCFA, Nouveau Solde: 695051.47 FCFA."
USER_5,2025-05-14,08:55:10,OrangeMoney,transfert,OUT,5079.0,FCFA,689918.47,"Transfert de [USER_5_phone] [USER_5] vers [PHONE_1956] [CONTACT_2A97] reussi. ID transaction: PP250514.0855.C27267, Montant Transaction: 5079 FCFA, Frais: 54 FCFA, Commission: 0 FCFA, Montant Net: 5133 FCFA, Nouveau Solde: 689918.47 FCFA."
USER_5,2025-05-14,12:15:29,OrangeMoney,retrait,OUT,500000.0,FCFA,184914.47,"Retrait d'argent reussi par le [PHONE_4900] avec le Code : 145895. Informations detaillees : Montant: 500000 FCFA, Frais: 4004 FCFA, No de transaction CO250514.1215.B43605, montant net debite 504004 FCFA, Nouveau solde: 184914.47 FCFA."
USER_5,2025-05-14,12:16:32,OrangeMoney,retrait,OUT,100000.0,FCFA,83410.47,"Retrait d'argent reussi par le [PHONE_4900] avec le Code : 145895. Informations detaillees : Montant: 100000 FCFA, Frais: 1504 FCFA, No de transaction CO250514.1216.B44256, montant net debite 101504 FCFA, Nouveau solde: 83410.47 FCFA."
USER_5,2025-05-14,13:40:01,OrangeMoney,transfert,OUT,3000.0,FCFA,80356.47,"Transfert de [USER_5_phone] [USER_5] vers [PHONE_8263] [CONTACT_8A61] reussi. ID transaction: PP250514.1339.C87855, Montant Transaction: 3000 FCFA, Frais: 54 FCFA, Commission: 0 FCFA, Montant Net: 3054 FCFA, Nouveau Solde: 80356.47 FCFA."
USER_5,2025-05-15,07:29:19,OrangeMoney,transfert,OUT,72000.0,FCFA,7992.47,"Transfert de [USER_5_phone] [USER_5] vers [PHONE_1956] [CONTACT_2A97] reussi. ID transaction: PP250515.0729.D31447, Montant Transaction: 72000 FCFA, Frais: 364 FCFA, Commission: 0 FCFA, Montant Net: 72364 FCFA, Nouveau Solde: 7992.47 FCFA."
USER_5,2025-05-16,07:53:25,OrangeMoney,transfert,OUT,5079.0,FCFA,2359.47,"Transfert de [USER_5_phone] [USER_5] vers [PHONE_6708] [CONTACT_F0D8] reussi. ID transaction: PP250516.0753.C69885, Montant Transaction: 5079 FCFA, Frais: 54 FCFA, Commission: 0 FCFA, Montant Net: 5133 FCFA, Nouveau Solde: 2359.47 FCFA."
USER_5,2025-05-18,13:51:56,OrangeMoney,transfert,OUT,1054.0,FCFA,2163.47,"Transfert de [PHONE_2822] [CONTACT_20CC] vers [USER_5_phone] [USER_5] reussi. Details: ID transaction: PP250518.1351.D03475, Montant Transaction: 1054FCFA, Frais: 0 FCFA, Commission: 0 FCFA, Montant Net: 1054 FCFA, Nouveau Solde: 2163.47 FCFA."
USER_5,2025-05-21,16:10:01,OrangeMoney,transfert,OUT,2100.0,FCFA,2713.47,"Transfert de [PHONE_1956] [CONTACT_2A97] vers [USER_5_phone] [USER_5] reussi. Details: ID transaction: PP250521.1609.A02908, Montant Transaction: 2100FCFA, Frais: 0 FCFA, Commission: 0 FCFA, Montant Net: 2100 FCFA, Nouveau Solde: 2713.47 FCFA."
USER_5,2025-05-24,13:27:21,OrangeMoney,transfert,OUT,1554.0,FCFA,3267.47,"Transfert de [PHONE_2307] [CONTACT_3B61] vers [USER_5_phone] [USER_5] reussi. Details: ID transaction: PP250524.1327.D11940, Montant Transaction: 1554FCFA, Frais: 0 FCFA, Commission: 0 FCFA, Montant Net: 1554 FCFA, Nouveau Solde: 3267.47 FCFA."
USER_5,2025-05-26,07:22:35,OrangeMoney,transfert,OUT,2500.0,FCFA,5267.47,"Transfert de [PHONE_1956] [CONTACT_2A97] vers [USER_5_phone] [USER_5] reussi. Details: ID transaction: PP250526.0722.B25404, Montant Transaction: 2500FCFA, Frais: 0 FCFA, Commission: 0 FCFA, Montant Net: 2500 FCFA, Nouveau Solde: 5267.47 FCFA."
USER_5,2025-05-26,07:27:43,OrangeMoney,transfert,OUT,500.0,FCFA,5767.47,"Transfert de [PHONE_1956] [CONTACT_2A97] vers [USER_5_phone] [USER_5] reussi. Details: ID transaction: PP250526.0727.B27138, Montant Transaction: 500FCFA, Frais: 0 FCFA, Commission: 0 FCFA, Montant Net: 500 FCFA, Nouveau Solde: 5767.47 FCFA."
USER_5,2025-05-26,08:37:59,OrangeMoney,paiement,OUT,5586.5,FCFA,130.97,"Vous venez d'effectuer un paiement chez [CONTACT_0C22] d'un montant de 5586.50 FCFA.  Reference de la transaction: SM250526.0837.D90315, Frais: 50 FCFA, Montant net debite: 5636.50 FCFA. Nouveau Solde: 130.97 FCFA. Orange Money vous remercie."
USER_5,2025-05-29,18:08:55,OrangeMoney,transfert,OUT,2054.0,FCFA,2084.97,"Transfert de [PHONE_6438] [CONTACT_D286] vers [USER_5_phone] [USER_5] reussi. Details: ID transaction: PP250529.1808.C94798, Montant Transaction: 2054FCFA, Frais: 0 FCFA, Commission: 0 FCFA, Montant Net: 2054 FCFA, Nouveau Solde: 2084.97 FCFA."
USER_5,2025-05-31,18:51:52,OrangeMoney,rechargement,OUT,500.0,FCFA,484.97,"Rechargement reussi. Montant de la transaction: 500 FCFA, ID transaction: RC250531.1851.C43778, Frais: 0 FCFA, Commission: 0 FCFA, Nouveau solde: 484.97 FCFA"
USER_5,2025-06-02,21:57:07,OrangeMoney,transfert,OUT,1000.0,FCFA,1484.97,"Transfert de [PHONE_1956] [CONTACT_2A97] vers [USER_5_phone] [USER_5] reussi. Details: ID transaction: PP250602.2157.A37099, Montant Transaction: 1000FCFA, Frais: 0 FCFA, Commission: 0 FCFA, Montant Net: 1000 FCFA, Nouveau Solde: 1484.97 FCFA."
USER_5,2025-06-02,21:59:10,OrangeMoney,transfert,OUT,1000.0,FCFA,430.97,"Transfert de [USER_5_phone] [USER_5] vers [PHONE_6320] [CONTACT_6932] reussi. ID transaction: PP250602.2159.D33045, Montant Transaction: 1000 FCFA, Frais: 54 FCFA, Commission: 0 FCFA, Montant Net: 1054 FCFA, Nouveau Solde: 430.97 FCFA."
USER_5,2025-06-03,19:57:54,OrangeMoney,transfert,OUT,1000.0,FCFA,1130.97,"Transfert de [PHONE_1956] [CONTACT_2A97] vers [USER_5_phone] [USER_5] reussi. Details: ID transaction: PP250603.1957.B02453, Montant Transaction: 1000FCFA, Frais: 0 FCFA, Commission: 0 FCFA, Montant Net: 1000 FCFA, Nouveau Solde: 1130.97 FCFA."
USER_5,2025-06-03,20:31:07,OrangeMoney,transfert,OUT,5075.0,FCFA,5205.97,"Transfert de [PHONE_8470] [CONTACT_D8E7] vers [USER_5_phone] [USER_5] reussi. Details: ID transaction: PP250603.2031.B21206, Montant Transaction: 5075FCFA, Frais: 0 FCFA, Commission: 0 FCFA, Montant Net: 5075 FCFA, Nouveau Solde: 5205.97 FCFA."
USER_5,2025-06-04,22:15:17,OrangeMoney,depot,IN,1950.0,FCFA,2155.97,"Depot effectue par [PHONE_0167] [CONTACT_4EB9] to [USER_5_phone] [USER_5]. Informations detaillees: Montant de transaction : 1950 FCFA, ID transaction : CI250604.2215.B30828, Frais : 0 FCFA, Commission : 0 FCFA, Montant Net du Credit : 1950 FCFA, Nouveau Solde : 2155.97 FCFA."
USER_5,2025-06-05,09:07:24,OrangeMoney,transfert,OUT,10000.0,FCFA,10655.97,"Transfert de [PHONE_1956] [CONTACT_2A97] vers [USER_5_phone] [USER_5] reussi. Details: ID transaction: PP250605.0907.C12178, Montant Transaction: 10000FCFA, Frais: 0 FCFA, Commission: 0 FCFA, Montant Net: 10000 FCFA, Nouveau Solde: 10655.97 FCFA."
USER_5,2025-06-05,09:14:40,OrangeMoney,transfert,OUT,5079.0,FCFA,5734.97,"Transfert de [PHONE_3768] [CONTACT_B2B5] vers [USER_5_phone] [USER_5] reussi. Details: ID transaction: PP250605.0914.D32316, Montant Transaction: 5079FCFA, Frais: 0 FCFA, Commission: 0 FCFA, Montant Net: 5079 FCFA, Nouveau Solde: 5734.97 FCFA."
USER_5,2025-06-05,10:02:24,OrangeMoney,transfert,OUT,2000.0,FCFA,3680.97,"Transfert de [USER_5_phone] [USER_5] vers [PHONE_4023] [CONTACT_2A76] reussi. ID transaction: PP250605.1002.D59888, Montant Transaction: 2000 FCFA, Frais: 54 FCFA, Commission: 0 FCFA, Montant Net: 2054 FCFA, Nouveau Solde: 3680.97 FCFA."
USER_5,2025-06-11,10:28:41,OrangeMoney,transfert,OUT,500000.0,FCFA,500180.97,"Transfert de [PHONE_1291] [CONTACT_67C2] vers [USER_5_phone] [USER_5] reussi. Details: ID transaction: PP250611.1028.D46901, Montant Transaction: 500000FCFA, Frais: 0 FCFA, Commission: 0 FCFA, Montant Net: 500000 FCFA, Nouveau Solde: 500180.97 FCFA."
USER_5,2025-06-11,10:30:26,OrangeMoney,transfert,OUT,500000.0,FCFA,1000180.97,"Transfert de [PHONE_1291] [CONTACT_67C2] vers [USER_5_phone] [USER_5] reussi. Details: ID transaction: PP250611.1030.C36747, Montant Transaction: 500000FCFA, Frais: 0 FCFA, Commission: 0 FCFA, Montant Net: 500000 FCFA, Nouveau Solde: 1000180.97 FCFA."
USER_5,2025-06-11,10:43:18,OrangeMoney,transfert,OUT,75000.0,FCFA,924801.97,"Transfert de [USER_5_phone] [USER_5] vers [PHONE_1956] [CONTACT_2A97] reussi. ID transaction: PP250611.1043.A56236, Montant Transaction: 75000 FCFA, Frais: 379 FCFA, Commission: 0 FCFA, Montant Net: 75379 FCFA, Nouveau Solde: 924801.97 FCFA."
USER_5,2025-06-11,10:43:57,OrangeMoney,transfert,OUT,2500.0,FCFA,922247.97,"Transfert de [USER_5_phone] [USER_5] vers [PHONE_7751] [CONTACT_B03E] reussi. ID transaction: PP250611.1043.D55730, Montant Transaction: 2500 FCFA, Frais: 54 FCFA, Commission: 0 FCFA, Montant Net: 2554 FCFA, Nouveau Solde: 922247.97 FCFA."
USER_5,2025-06-11,10:44:41,OrangeMoney,transfert,OUT,2500.0,FCFA,919693.97,"Transfert de [USER_5_phone] [USER_5] vers [PHONE_2079] [CONTACT_0A4F] reussi. ID transaction: PP250611.1044.A57053, Montant Transaction: 2500 FCFA, Frais: 54 FCFA, Commission: 0 FCFA, Montant Net: 2554 FCFA, Nouveau Solde: 919693.97 FCFA."
USER_5,2025-06-11,11:32:34,OrangeMoney,transfert,OUT,5000.0,FCFA,914639.97,"Transfert de [USER_5_phone] [USER_5] vers [PHONE_3460] [CONTACT_C6A7] reussi. ID transaction: PP250611.1132.B73497, Montant Transaction: 5000 FCFA, Frais: 54 FCFA, Commission: 0 FCFA, Montant Net: 5054 FCFA, Nouveau Solde: 914639.97 FCFA."
USER_5,2025-06-11,13:33:49,OrangeMoney,retrait,OUT,500000.0,FCFA,410635.97,"Retrait d'argent reussi par le [PHONE_4132] avec le Code : 122172. Informations detaillees : Montant: 500000 FCFA, Frais: 4004 FCFA, No de transaction CO250611.1333.A02267, montant net debite 504004 FCFA, Nouveau solde: 410635.97 FCFA."
USER_5,2025-06-11,13:35:13,OrangeMoney,retrait,OUT,300000.0,FCFA,106631.97,"Retrait d'argent reussi par le [PHONE_4132] avec le Code : 122172. Informations detaillees : Montant: 300000 FCFA, Frais: 4004 FCFA, No de transaction CO250611.1335.C00813, montant net debite 304004 FCFA, Nouveau solde: 106631.97 FCFA."
USER_5,2025-06-11,14:34:45,OrangeMoney,transfert,OUT,1000.0,FCFA,105577.97,"Transfert de [USER_5_phone] [USER_5] vers [PHONE_8365] [CONTACT_0D48] reussi. ID transaction: PP250611.1434.A90380, Montant Transaction: 1000 FCFA, Frais: 54 FCFA, Commission: 0 FCFA, Montant Net: 1054 FCFA, Nouveau Solde: 105577.97 FCFA."
USER_5,2025-06-11,15:58:08,OrangeMoney,transfert,OUT,15500.0,FCFA,106177.97,"Transfert de [PHONE_7712] [CONTACT_BAF2] vers [USER_5_phone] [USER_5] reussi. Details: ID transaction: PP250611.1558.D38902, Montant Transaction: 15500FCFA, Frais: 0 FCFA, Commission: 0 FCFA, Montant Net: 15500 FCFA, Nouveau Solde: 106177.97 FCFA."
USER_5,2025-06-12,15:53:04,OrangeMoney,transfert,OUT,35529.0,FCFA,49256.33,"Transfert de [USER_5_phone] [USER_5] vers [PHONE_6258] [CONTACT_235C] A NDJAKO reussi. ID transaction: PP250612.1553.A67955, Montant Transaction: 35529 FCFA, Frais: 181.64 FCFA, Commission: 0 FCFA, Montant Net: 35710.64 FCFA, Nouveau Solde: 49256.33 FCFA."
USER_5,2025-06-14,14:10:44,OrangeMoney,transfert,OUT,12691.5,FCFA,27197.38,"Transfert de [USER_5_phone] [USER_5] vers [PHONE_9363] [CONTACT_99C5] reussi. ID transaction: PP250614.1410.C09747, Montant Transaction: 12691.5 FCFA, Frais: 67.45 FCFA, Commission: 0 FCFA, Montant Net: 12758.95 FCFA, Nouveau Solde: 27197.38 FCFA."
USER_5,2025-06-15,00:00:16,OrangeMoney,transfert,OUT,2054.0,FCFA,25089.38,"Transfert de [USER_5_phone] [USER_5] vers [PHONE_7032] [CONTACT_8091] reussi. ID transaction: PP250615.0000.D19202, Montant Transaction: 2054 FCFA, Frais: 54 FCFA, Commission: 0 FCFA, Montant Net: 2108 FCFA, Nouveau Solde: 25089.38 FCFA."
USER_5,2025-06-16,07:50:52,OrangeMoney,retrait,OUT,4000.0,FCFA,21025.38,"Retrait d'argent reussi par le [PHONE_3319] avec le Code : 265904. Informations detaillees : Montant: 4000 FCFA, Frais: 64 FCFA, No de transaction CO250616.0750.C46110, montant net debite 4064 FCFA, Nouveau solde: 21025.38 FCFA."
USER_5,2025-06-17,07:44:53,OrangeMoney,retrait,OUT,2100.0,FCFA,18871.38,"Retrait d'argent reussi par le [PHONE_0730] avec le Code : 264650. Informations detaillees : Montant: 2100 FCFA, Frais: 54 FCFA, No de transaction CO250617.0744.C29287, montant net debite 2154 FCFA, Nouveau solde: 18871.38 FCFA."
USER_5,2025-06-17,16:59:28,OrangeMoney,retrait,OUT,5000.0,FCFA,13792.38,"Retrait d'argent reussi par le [PHONE_4590] avec le Code : 291639. Informations detaillees : Montant: 5000 FCFA, Frais: 79 FCFA, No de transaction CO250617.1659.D52143, montant net debite 5079 FCFA, Nouveau solde: 13792.38 FCFA."
USER_5,2025-06-18,07:51:12,OrangeMoney,retrait,OUT,2000.0,FCFA,11738.38,"Retrait d'argent reussi par le [PHONE_2783] avec le Code : 872366. Informations detaillees : Montant: 2000 FCFA, Frais: 54 FCFA, No de transaction CO250618.0751.C36654, montant net debite 2054 FCFA, Nouveau solde: 11738.38 FCFA."
USER_5,2025-06-18,11:51:47,OrangeMoney,transfert,OUT,10150.0,FCFA,21888.38,"Transfert de [PHONE_1956] [CONTACT_2A97] vers [USER_5_phone] [USER_5] reussi. Details: ID transaction: PP250618.1151.D46123, Montant Transaction: 10150FCFA, Frais: 0 FCFA, Commission: 0 FCFA, Montant Net: 10150 FCFA, Nouveau Solde: 21888.38 FCFA."
USER_5,2025-06-18,14:38:28,OrangeMoney,retrait,OUT,10000.0,FCFA,11734.38,"Retrait d'argent reussi par le [PHONE_1268] avec le Code : 292339. Informations detaillees : Montant: 10000 FCFA, Frais: 154 FCFA, No de transaction CO250618.1438.A77671, montant net debite 10154 FCFA, Nouveau solde: 11734.38 FCFA."
USER_5,2025-06-18,16:58:38,OrangeMoney,transfert,OUT,5500.0,FCFA,6180.38,"Transfert de [USER_5_phone] [USER_5] vers [PHONE_7662] [CONTACT_B54F] reussi. ID transaction: PP250618.1658.A27398, Montant Transaction: 5500 FCFA, Frais: 54 FCFA, Commission: 0 FCFA, Montant Net: 5554 FCFA, Nouveau Solde: 6180.38 FCFA."
USER_5,2025-06-18,20:49:03,OrangeMoney,transfert,OUT,5000.0,FCFA,6180.38,"Transfert de [PHONE_1956] [CONTACT_2A97] vers [USER_5_phone] [USER_5] reussi. Details: ID transaction: PP250618.2049.B53617, Montant Transaction: 5000FCFA, Frais: 0 FCFA, Commission: 0 FCFA, Montant Net: 5000 FCFA, Nouveau Solde: 6180.38 FCFA."
USER_5,2025-06-19,18:05:26,OrangeMoney,transfert,OUT,554.0,FCFA,572.38,"Transfert de [USER_5_phone] [USER_5] vers [PHONE_7751] [CONTACT_B03E] reussi. ID transaction: PP250619.1805.B79295, Montant Transaction: 554 FCFA, Frais: 54 FCFA, Commission: 0 FCFA, Montant Net: 608 FCFA, Nouveau Solde: 572.38 FCFA."
USER_5,2025-06-21,10:31:48,OrangeMoney,depot,IN,5000.0,FCFA,5372.38,"Depot effectue par [PHONE_4416] [CONTACT_7B9E] to [USER_5_phone] [USER_5]. Informations detaillees: Montant de transaction : 5000 FCFA, ID transaction : CI250621.1031.A59385, Frais : 0 FCFA, Commission : 0 FCFA, Montant Net du Credit : 5000 FCFA, Nouveau Solde : 5372.38 FCFA."
USER_5,2025-06-23,11:47:19,OrangeMoney,transfert,OUT,40000.0,FCFA,40372.38,"Transfert de [PHONE_1956] [CONTACT_2A97] vers [USER_5_phone] [USER_5] reussi. Details: ID transaction: PP250623.1147.B59628, Montant Transaction: 40000FCFA, Frais: 0 FCFA, Commission: 0 FCFA, Montant Net: 40000 FCFA, Nouveau Solde: 40372.38 FCFA."
USER_5,2025-06-23,11:48:38,OrangeMoney,transfert,OUT,20000.0,FCFA,20268.38,"Transfert de [USER_5_phone] [USER_5] vers [PHONE_1058] [CONTACT_CF35] reussi. ID transaction: PP250623.1148.C58875, Montant Transaction: 20000 FCFA, Frais: 104 FCFA, Commission: 0 FCFA, Montant Net: 20104 FCFA, Nouveau Solde: 20268.38 FCFA."
USER_5,2025-06-23,11:49:14,OrangeMoney,transfert,OUT,16244.0,FCFA,3939.16,"Transfert de [USER_5_phone] [USER_5] vers [PHONE_4275] [CONTACT_A8B4] reussi. ID transaction: PP250623.1149.C59188, Montant Transaction: 16244 FCFA, Frais: 85.22 FCFA, Commission: 0 FCFA, Montant Net: 16329.22 FCFA, Nouveau Solde: 3939.16 FCFA."
USER_5,2025-06-23,14:59:10,OrangeMoney,depot,IN,20000.0,FCFA,23939.16,"Depot effectue par [PHONE_8692] [CONTACT_E8D5] to [USER_5_phone] [USER_5]. Informations detaillees: Montant de transaction : 20000 FCFA, ID transaction : CI250623.1459.C36426, Frais : 0 FCFA, Commission : 0 FCFA, Montant Net du Credit : 20000 FCFA, Nouveau Solde : 23939.16 FCFA."
USER_5,2025-06-24,08:36:37,OrangeMoney,transfert,OUT,3054.0,FCFA,20831.16,"Transfert de [USER_5_phone] [USER_5] vers [PHONE_6320] [CONTACT_6932] reussi. ID transaction: PP250624.0836.C66782, Montant Transaction: 3054 FCFA, Frais: 54 FCFA, Commission: 0 FCFA, Montant Net: 3108 FCFA, Nouveau Solde: 20831.16 FCFA."
USER_5,2025-06-25,12:39:02,OrangeMoney,transfert,OUT,3556.5,FCFA,14020.66,"Transfert de [USER_5_phone] [USER_5] vers [PHONE_2061] [CONTACT_638C] reussi. ID transaction: PP250625.1238.C18721, Montant Transaction: 3556.5 FCFA, Frais: 54 FCFA, Commission: 0 FCFA, Montant Net: 3610.5 FCFA, Nouveau Solde: 14020.66 FCFA."
USER_5,2025-06-25,20:25:36,OrangeMoney,transfert,OUT,1000.0,FCFA,11966.66,"Transfert de [USER_5_phone] [USER_5] vers [PHONE_9751] [CONTACT_47B0] reussi. ID transaction: PP250625.2025.A14292, Montant Transaction: 1000 FCFA, Frais: 54 FCFA, Commission: 0 FCFA, Montant Net: 1054 FCFA, Nouveau Solde: 11966.66 FCFA."
USER_5,2025-06-26,09:36:00,OrangeMoney,transfert,OUT,2500.0,FCFA,9412.66,"Transfert de [USER_5_phone] [USER_5] vers [PHONE_7662] [CONTACT_B54F] reussi. ID transaction: PP250626.0935.A64140, Montant Transaction: 2500 FCFA, Frais: 54 FCFA, Commission: 0 FCFA, Montant Net: 2554 FCFA, Nouveau Solde: 9412.66 FCFA."
USER_5,2025-06-26,11:40:35,OrangeMoney,depot,IN,1000.0,FCFA,5412.66,"Depot effectue par [PHONE_0455] [CONTACT_870E] to [USER_5_phone] [USER_5]. Informations detaillees: Montant de transaction : 1000 FCFA, ID transaction : CI250626.1140.D96039, Frais : 0 FCFA, Commission : 0 FCFA, Montant Net du Credit : 1000 FCFA, Nouveau Solde : 5412.66 FCFA."
USER_5,2025-06-26,11:41:06,OrangeMoney,transfert,OUT,4500.0,FCFA,858.66,"Transfert de [USER_5_phone] [USER_5] vers [PHONE_7662] [CONTACT_B54F] reussi. ID transaction: PP250626.1141.B30366, Montant Transaction: 4500 FCFA, Frais: 54 FCFA, Commission: 0 FCFA, Montant Net: 4554 FCFA, Nouveau Solde: 858.66 FCFA."
USER_5,2025-06-27,10:53:31,OrangeMoney,transfert,OUT,10150.0,FCFA,11008.66,"Transfert de [PHONE_1956] [CONTACT_2A97] vers [USER_5_phone] [USER_5] reussi. Details: ID transaction: PP250627.1053.D86056, Montant Transaction: 10150FCFA, Frais: 0 FCFA, Commission: 0 FCFA, Montant Net: 10150 FCFA, Nouveau Solde: 11008.66 FCFA."
USER_5,2025-06-27,15:12:06,OrangeMoney,retrait,OUT,10500.0,FCFA,347.16,"Retrait d'argent reussi par le [PHONE_3268] avec le Code : 264701. Informations detaillees : Montant: 10500 FCFA, Frais: 161.5 FCFA, No de transaction CO250627.1512.A20557, montant net debite 10661.5 FCFA, Nouveau solde: 347.16 FCFA."
USER_5,2025-06-27,22:12:18,OrangeMoney,transfert,OUT,1000.0,FCFA,1047.16,"Transfert de [PHONE_6558] [CONTACT_7B4F] vers [USER_5_phone] [USER_5] reussi. Details: ID transaction: PP250627.2212.D20452, Montant Transaction: 1000FCFA, Frais: 0 FCFA, Commission: 0 FCFA, Montant Net: 1000 FCFA, Nouveau Solde: 1047.16 FCFA."
USER_5,2025-06-28,18:12:31,OrangeMoney,transfert,OUT,200.0,FCFA,293.16,"Transfert de [USER_5_phone] [USER_5] vers [PHONE_9229] [CONTACT_97A5] reussi. ID transaction: PP250628.1812.B66618, Montant Transaction: 200 FCFA, Frais: 54 FCFA, Commission: 0 FCFA, Montant Net: 254 FCFA, Nouveau Solde: 293.16 FCFA."
USER_5,2025-06-30,16:48:45,OrangeMoney,transfert,OUT,10150.0,FCFA,10443.16,"Transfert de [PHONE_1956] [CONTACT_2A97] vers [USER_5_phone] [USER_5] reussi. Details: ID transaction: PP250630.1648.B18514, Montant Transaction: 10150FCFA, Frais: 0 FCFA, Commission: 0 FCFA, Montant Net: 10150 FCFA, Nouveau Solde: 10443.16 FCFA."
USER_5,2025-07-01,07:52:14,OrangeMoney,transfert,OUT,10000.0,FCFA,389.16,"Transfert de [USER_5_phone] [USER_5] vers [PHONE_8470] [CONTACT_D8E7] reussi. ID transaction: PP250701.0752.D76065, Montant Transaction: 10000 FCFA, Frais: 54 FCFA, Commission: 0 FCFA, Montant Net: 10054 FCFA, Nouveau Solde: 389.16 FCFA."
USER_5,2025-07-01,19:11:48,OrangeMoney,transfert,OUT,2100.0,FCFA,2189.16,"Transfert de [PHONE_9183] [CONTACT_7FB6] vers [USER_5_phone] [USER_5] reussi. Details: ID transaction: PP250701.1911.B75848, Montant Transaction: 2100FCFA, Frais: 0 FCFA, Commission: 0 FCFA, Montant Net: 2100 FCFA, Nouveau Solde: 2189.16 FCFA."
USER_5,2025-07-01,22:16:40,OrangeMoney,transfert,OUT,500.0,FCFA,689.16,"Transfert de [PHONE_7751] [CONTACT_B03E] vers [USER_5_phone] [USER_5] reussi. Details: ID transaction: PP250701.2216.A75156, Montant Transaction: 500FCFA, Frais: 0 FCFA, Commission: 0 FCFA, Montant Net: 500 FCFA, Nouveau Solde: 689.16 FCFA."
USER_5,2025-07-02,08:31:45,OrangeMoney,transfert,OUT,5000.0,FCFA,5189.16,"Transfert de [PHONE_1956] [CONTACT_2A97] vers [USER_5_phone] [USER_5] reussi. Details: ID transaction: PP250702.0831.A49392, Montant Transaction: 5000FCFA, Frais: 0 FCFA, Commission: 0 FCFA, Montant Net: 5000 FCFA, Nouveau Solde: 5189.16 FCFA."
USER_5,2025-07-04,13:44:43,OrangeMoney,transfert,OUT,50000.0,FCFA,50189.16,"Transfert de [PHONE_1291] [CONTACT_67C2] vers [USER_5_phone] [USER_5] reussi. Details: ID transaction: PP250704.1344.D54691, Montant Transaction: 50000FCFA, Frais: 0 FCFA, Commission: 0 FCFA, Montant Net: 50000 FCFA, Nouveau Solde: 50189.16 FCFA."
USER_5,2025-07-04,13:47:59,OrangeMoney,transfert,OUT,48724.0,FCFA,1217.54,"Transfert de [USER_5_phone] [USER_5] vers [PHONE_1956] [CONTACT_2A97] reussi. ID transaction: PP250704.1347.B48896, Montant Transaction: 48724 FCFA, Frais: 247.62 FCFA, Commission: 0 FCFA, Montant Net: 48971.62 FCFA, Nouveau Solde: 1217.54 FCFA."
USER_5,2025-07-04,19:19:07,OrangeMoney,depot,IN,40000.0,FCFA,41217.54,"Depot effectue par [PHONE_8701] [CONTACT_0E02] to [USER_5_phone] [USER_5]. Informations detaillees: Montant de transaction : 40000 FCFA, ID transaction : CI250704.1919.A34390, Frais : 0 FCFA, Commission : 0 FCFA, Montant Net du Credit : 40000 FCFA, Nouveau Solde : 41217.54 FCFA."
USER_5,2025-07-04,21:35:10,OrangeMoney,transfert,OUT,10000.0,FCFA,21163.54,"Transfert de [USER_5_phone] [USER_5] vers [PHONE_7855] [CONTACT_FF42] reussi. ID transaction: PP250704.2135.C42547, Montant Transaction: 10000 FCFA, Frais: 54 FCFA, Commission: 0 FCFA, Montant Net: 10054 FCFA, Nouveau Solde: 21163.54 FCFA."
USER_5,2025-07-06,00:03:40,OrangeMoney,transfert,OUT,2650.0,FCFA,3459.54,"Transfert de [USER_5_phone] [USER_5] vers [PHONE_2324] zocka reussi. ID transaction: PP250706.0003.C68503, Montant Transaction: 2650 FCFA, Frais: 54 FCFA, Commission: 0 FCFA, Montant Net: 2704 FCFA, Nouveau Solde: 3459.54 FCFA."
USER_5,2025-07-06,09:51:41,OrangeMoney,transfert,OUT,15229.0,FCFA,18688.54,"Transfert de [PHONE_1956] [CONTACT_2A97] vers [USER_5_phone] [USER_5] reussi. Details: ID transaction: PP250706.0951.B72008, Montant Transaction: 15229FCFA, Frais: 0 FCFA, Commission: 0 FCFA, Montant Net: 15229 FCFA, Nouveau Solde: 18688.54 FCFA."
USER_5,2025-07-07,10:06:56,OrangeMoney,transfert,OUT,3100.0,FCFA,21288.54,"Transfert de [PHONE_1956] [CONTACT_2A97] vers [USER_5_phone] [USER_5] reussi. Details: ID transaction: PP250707.1006.A26625, Montant Transaction: 3100FCFA, Frais: 0 FCFA, Commission: 0 FCFA, Montant Net: 3100 FCFA, Nouveau Solde: 21288.54 FCFA."
USER_5,2025-07-07,13:58:14,OrangeMoney,transfert,OUT,5100.0,FCFA,26388.54,"Transfert de [PHONE_7712] [CONTACT_BAF2] vers [USER_5_phone] [USER_5] reussi. Details: ID transaction: PP250707.1358.A68846, Montant Transaction: 5100FCFA, Frais: 0 FCFA, Commission: 0 FCFA, Montant Net: 5100 FCFA, Nouveau Solde: 26388.54 FCFA."
USER_5,2025-07-09,18:40:43,OrangeMoney,transfert,OUT,15500.0,FCFA,38788.54,"Transfert de [PHONE_7712] [CONTACT_BAF2] vers [USER_5_phone] [USER_5] reussi. Details: ID transaction: PP250709.1840.C20662, Montant Transaction: 15500FCFA, Frais: 0 FCFA, Commission: 0 FCFA, Montant Net: 15500 FCFA, Nouveau Solde: 38788.54 FCFA."
USER_5,2025-07-11,09:03:36,OrangeMoney,transfert,OUT,10154.0,FCFA,13679.77,"Transfert de [USER_5_phone] [USER_5] vers [PHONE_0349] [CONTACT_21AC] reussi. ID transaction: PP250711.0903.B72384, Montant Transaction: 10154 FCFA, Frais: 54.77 FCFA, Commission: 0 FCFA, Montant Net: 10208.77 FCFA, Nouveau Solde: 13679.77 FCFA."
USER_5,2025-07-11,17:09:41,OrangeMoney,depot,IN,5100.0,FCFA,18779.77,"Depot effectue par [PHONE_2146] [CONTACT_DF59] to [USER_5_phone] [USER_5]. Informations detaillees: Montant de transaction : 5100 FCFA, ID transaction : CI250711.1709.B02304, Frais : 0 FCFA, Commission : 0 FCFA, Montant Net du Credit : 5100 FCFA, Nouveau Solde : 18779.77 FCFA."
USER_5,2025-07-12,13:26:16,OrangeMoney,transfert,OUT,6094.0,FCFA,12631.77,"Transfert de [USER_5_phone] [USER_5] vers [PHONE_9531] [CONTACT_8C1E] reussi. ID transaction: PP250712.1326.C32129, Montant Transaction: 6094 FCFA, Frais: 54 FCFA, Commission: 0 FCFA, Montant Net: 6148 FCFA, Nouveau Solde: 12631.77 FCFA."
USER_5,2025-07-12,17:16:20,OrangeMoney,transfert,OUT,1000.0,FCFA,11077.77,"Transfert de [USER_5_phone] [USER_5] vers [PHONE_2617] [CONTACT_6EC3] reussi. ID transaction: PP250712.1716.B80712, Montant Transaction: 1000 FCFA, Frais: 54 FCFA, Commission: 0 FCFA, Montant Net: 1054 FCFA, Nouveau Solde: 11077.77 FCFA."
USER_5,2025-07-12,17:35:38,OrangeMoney,retrait,OUT,2000.0,FCFA,9023.77,"Retrait d'argent reussi par le [PHONE_0430] avec le Code : 114882. Informations detaillees : Montant: 2000 FCFA, Frais: 54 FCFA, No de transaction CO250712.1735.C39375, montant net debite 2054 FCFA, Nouveau solde: 9023.77 FCFA."
USER_5,2025-07-12,17:36:28,OrangeMoney,retrait,OUT,2000.0,FCFA,6969.77,"Retrait d'argent reussi par le [PHONE_0430] avec le Code : 114882. Informations detaillees : Montant: 2000 FCFA, Frais: 54 FCFA, No de transaction CO250712.1736.C39829, montant net debite 2054 FCFA, Nouveau solde: 6969.77 FCFA."
USER_5,2025-07-12,18:15:34,OrangeMoney,rechargement,OUT,500.0,FCFA,6469.77,"Rechargement reussi. Montant de la transaction: 500 FCFA, ID transaction: RC250712.1815.D83042, Frais: 0 FCFA, Commission: 0 FCFA, Nouveau solde: 6469.77 FCFA"
USER_5,2025-07-12,20:08:32,OrangeMoney,transfert,OUT,50754.0,FCFA,52223.77,"Transfert de [PHONE_1088] [CONTACT_5B16] vers [USER_5_phone] [USER_5] reussi. Details: ID transaction: PP250712.2008.B88322, Montant Transaction: 50754FCFA, Frais: 0 FCFA, Commission: 0 FCFA, Montant Net: 50754 FCFA, Nouveau Solde: 52223.77 FCFA."
USER_5,2025-07-12,21:28:30,OrangeMoney,transfert,OUT,2054.0,FCFA,50115.77,"Transfert de [USER_5_phone] [USER_5] vers [PHONE_3768] [CONTACT_B2B5] reussi. ID transaction: PP250712.2128.D36732, Montant Transaction: 2054 FCFA, Frais: 54 FCFA, Commission: 0 FCFA, Montant Net: 2108 FCFA, Nouveau Solde: 50115.77 FCFA."
USER_5,2025-07-13,18:10:25,OrangeMoney,transfert,OUT,500.0,FCFA,49561.77,"Transfert de [USER_5_phone] [USER_5] vers [PHONE_7751] [CONTACT_B03E] reussi. ID transaction: PP250713.1810.B42993, Montant Transaction: 500 FCFA, Frais: 54 FCFA, Commission: 0 FCFA, Montant Net: 554 FCFA, Nouveau Solde: 49561.77 FCFA."
USER_5,2025-07-13,18:12:55,OrangeMoney,transfert,OUT,25379.0,FCFA,24051.88,"Transfert de [USER_5_phone] [USER_5] vers [PHONE_3768] [CONTACT_B2B5] reussi. ID transaction: PP250713.1812.B44548, Montant Transaction: 25379 FCFA, Frais: 130.89 FCFA, Commission: 0 FCFA, Montant Net: 25509.89 FCFA, Nouveau Solde: 24051.88 FCFA."
USER_5,2025-07-14,07:00:36,OrangeMoney,retrait,OUT,1500.0,FCFA,21497.88,"Retrait d'argent reussi par le [PHONE_3319] avec le Code : 265904. Informations detaillees : Montant: 1500 FCFA, Frais: 54 FCFA, No de transaction CO250714.0700.B54161, montant net debite 1554 FCFA, Nouveau solde: 21497.88 FCFA."
USER_5,2025-07-14,13:16:46,OrangeMoney,transfert,OUT,3054.0,FCFA,18389.88,"Transfert de [USER_5_phone] [USER_5] vers [PHONE_8564] Moyo kamguia reussi. ID transaction: PP250714.1315.B83420, Montant Transaction: 3054 FCFA, Frais: 54 FCFA, Commission: 0 FCFA, Montant Net: 3108 FCFA, Nouveau Solde: 18389.88 FCFA."
USER_5,2025-07-14,16:34:38,OrangeMoney,transfert,OUT,2054.0,FCFA,15781.88,"Transfert de [USER_5_phone] [USER_5] vers [PHONE_3768] [CONTACT_B2B5] reussi. ID transaction: PP250714.1634.D08523, Montant Transaction: 2054 FCFA, Frais: 54 FCFA, Commission: 0 FCFA, Montant Net: 2108 FCFA, Nouveau Solde: 15781.88 FCFA."
USER_5,2025-07-14,17:56:38,OrangeMoney,transfert,OUT,1000.0,FCFA,16781.88,"Transfert de [PHONE_1394] [CONTACT_E8CB] vers [USER_5_phone] [USER_5] reussi. Details: ID transaction: PP250714.1756.C46919, Montant Transaction: 1000FCFA, Frais: 0 FCFA, Commission: 0 FCFA, Montant Net: 1000 FCFA, Nouveau Solde: 16781.88 FCFA."
USER_5,2025-07-15,13:15:31,OrangeMoney,transfert,OUT,1500.0,FCFA,15227.88,"Transfert de [USER_5_phone] [USER_5] vers [PHONE_5923] [CONTACT_E732] reussi. ID transaction: PP250715.1315.A25755, Montant Transaction: 1500 FCFA, Frais: 54 FCFA, Commission: 0 FCFA, Montant Net: 1554 FCFA, Nouveau Solde: 15227.88 FCFA."
USER_5,2025-07-15,13:55:22,OrangeMoney,transfert,OUT,2054.0,FCFA,13119.88,"Transfert de [USER_5_phone] [USER_5] vers [PHONE_8564] Moyo kamguia reussi. ID transaction: PP250715.1355.D48038, Montant Transaction: 2054 FCFA, Frais: 54 FCFA, Commission: 0 FCFA, Montant Net: 2108 FCFA, Nouveau Solde: 13119.88 FCFA."
USER_5,2025-07-15,18:05:57,OrangeMoney,transfert,OUT,10154.0,FCFA,2911.11,"Transfert de [USER_5_phone] [USER_5] vers [PHONE_3472] [CONTACT_588E] reussi. ID transaction: PP250715.1805.C90963, Montant Transaction: 10154 FCFA, Frais: 54.77 FCFA, Commission: 0 FCFA, Montant Net: 10208.77 FCFA, Nouveau Solde: 2911.11 FCFA."
USER_5,2025-07-15,22:32:09,OrangeMoney,transfert,OUT,15200.0,FCFA,16911.11,"Transfert de [PHONE_7712] [CONTACT_BAF2] vers [USER_5_phone] [USER_5] reussi. Details: ID transaction: PP250715.2232.C17453, Montant Transaction: 15200FCFA, Frais: 0 FCFA, Commission: 0 FCFA, Montant Net: 15200 FCFA, Nouveau Solde: 16911.11 FCFA."
USER_5,2025-07-16,07:35:17,OrangeMoney,retrait,OUT,1500.0,FCFA,15357.11,"Retrait d'argent reussi par le [PHONE_3268] avec le Code : 264701. Informations detaillees : Montant: 1500 FCFA, Frais: 54 FCFA, No de transaction CO250716.0735.C65458, montant net debite 1554 FCFA, Nouveau solde: 15357.11 FCFA."
USER_5,2025-07-16,09:16:56,OrangeMoney,transfert,OUT,1000.0,FCFA,13803.11,"Transfert de [USER_5_phone] [USER_5] vers [PHONE_1337] [CONTACT_AD64] reussi. ID transaction: PP250716.0916.B00946, Montant Transaction: 1000 FCFA, Frais: 54 FCFA, Commission: 0 FCFA, Montant Net: 1054 FCFA, Nouveau Solde: 13803.11 FCFA."
USER_5,2025-07-16,13:21:56,OrangeMoney,transfert,OUT,3054.0,FCFA,10695.11,"Transfert de [USER_5_phone] [USER_5] vers [PHONE_2489] [CONTACT_C243] reussi. ID transaction: PP250716.1321.C39552, Montant Transaction: 3054 FCFA, Frais: 54 FCFA, Commission: 0 FCFA, Montant Net: 3108 FCFA, Nouveau Solde: 10695.11 FCFA."
USER_5,2025-07-16,14:52:42,OrangeMoney,transfert,OUT,5079.0,FCFA,5562.11,"Transfert de [USER_5_phone] [USER_5] vers [PHONE_0349] [CONTACT_21AC] reussi. ID transaction: PP250716.1452.C94723, Montant Transaction: 5079 FCFA, Frais: 54 FCFA, Commission: 0 FCFA, Montant Net: 5133 FCFA, Nouveau Solde: 5562.11 FCFA."
USER_5,2025-07-16,16:20:02,OrangeMoney,transfert,OUT,3000.0,FCFA,2008.11,"Transfert de [USER_5_phone] [USER_5] vers [PHONE_9531] [CONTACT_8C1E] reussi. ID transaction: PP250716.1620.C47106, Montant Transaction: 3000 FCFA, Frais: 54 FCFA, Commission: 0 FCFA, Montant Net: 3054 FCFA, Nouveau Solde: 2008.11 FCFA."
USER_5,2025-07-18,19:24:45,OrangeMoney,transfert,OUT,10000.0,FCFA,10508.11,"Transfert de [PHONE_1956] [CONTACT_2A97] vers [USER_5_phone] [USER_5] reussi. Details: ID transaction: PP250718.1924.D26178, Montant Transaction: 10000FCFA, Frais: 0 FCFA, Commission: 0 FCFA, Montant Net: 10000 FCFA, Nouveau Solde: 10508.11 FCFA."
USER_5,2025-07-19,14:35:05,OrangeMoney,transfert,OUT,2554.0,FCFA,2900.11,"Transfert de [USER_5_phone] [USER_5] vers [PHONE_2105] [CONTACT_4600] A NGON reussi. ID transaction: PP250719.1435.A90885, Montant Transaction: 2554 FCFA, Frais: 54 FCFA, Commission: 0 FCFA, Montant Net: 2608 FCFA, Nouveau Solde: 2900.11 FCFA."
USER_5,2025-07-22,11:45:10,OrangeMoney,transfert,OUT,20200.0,FCFA,23100.11,"Transfert de [PHONE_1956] [CONTACT_2A97] vers [USER_5_phone] [USER_5] reussi. Details: ID transaction: PP250722.1145.B33718, Montant Transaction: 20200FCFA, Frais: 0 FCFA, Commission: 0 FCFA, Montant Net: 20200 FCFA, Nouveau Solde: 23100.11 FCFA."
USER_5,2025-07-23,13:57:46,OrangeMoney,transfert,OUT,5000.0,FCFA,6389.11,"Transfert de [PHONE_1956] [CONTACT_2A97] vers [USER_5_phone] [USER_5] reussi. Details: ID transaction: PP250723.1357.D22327, Montant Transaction: 5000FCFA, Frais: 0 FCFA, Commission: 0 FCFA, Montant Net: 5000 FCFA, Nouveau Solde: 6389.11 FCFA."
USER_5,2025-07-24,15:08:55,OrangeMoney,depot,IN,5000.0,FCFA,6389.11,"Depot effectue par [PHONE_6460] [CONTACT_5CB8] K11 to [USER_5_phone] [USER_5]. Informations detaillees: Montant de transaction : 5000 FCFA, ID transaction : CI250724.1508.C26997, Frais : 0 FCFA, Commission : 0 FCFA, Montant Net du Credit : 5000 FCFA, Nouveau Solde : 6389.11 FCFA."
USER_5,2025-07-24,15:12:40,OrangeMoney,transfert,OUT,3054.0,FCFA,3281.11,"Transfert de [USER_5_phone] [USER_5] vers [PHONE_4407] [CONTACT_71ED] reussi. ID transaction: PP250724.1512.C53471, Montant Transaction: 3054 FCFA, Frais: 54 FCFA, Commission: 0 FCFA, Montant Net: 3108 FCFA, Nouveau Solde: 3281.11 FCFA."
USER_5,2025-07-25,17:15:55,OrangeMoney,depot,IN,5000.0,FCFA,8281.11,"Depot effectue par [PHONE_3268] noumbi anne chantal to [USER_5_phone] [USER_5]. Informations detaillees: Montant de transaction : 5000 FCFA, ID transaction : CI250725.1715.A32819, Frais : 0 FCFA, Commission : 0 FCFA, Montant Net du Credit : 5000 FCFA, Nouveau Solde : 8281.11 FCFA."
USER_5,2025-07-25,19:22:29,OrangeMoney,paiement,OUT,1554.0,FCFA,6177.11,"Vous venez d'effectuer un paiement chez [CONTACT_61D5] d'un montant de 1554 FCFA.  Reference de la transaction: SM250725.1922.B85397, Frais: 50 FCFA, Montant net debite: 1604 FCFA. Nouveau Solde: 6177.11 FCFA. Orange Money vous remercie."
USER_5,2025-07-26,13:52:44,OrangeMoney,transfert,OUT,500.0,FCFA,5623.11,"Transfert de [USER_5_phone] [USER_5] vers [PHONE_1240] [CONTACT_A990] reussi. ID transaction: PP250726.1352.B60047, Montant Transaction: 500 FCFA, Frais: 54 FCFA, Commission: 0 FCFA, Montant Net: 554 FCFA, Nouveau Solde: 5623.11 FCFA."
USER_5,2025-07-28,20:20:02,OrangeMoney,transfert,OUT,2500.0,FCFA,2623.11,"Transfert de [PHONE_1956] [CONTACT_2A97] vers [USER_5_phone] [USER_5] reussi. Details: ID transaction: PP250728.2020.A68182, Montant Transaction: 2500FCFA, Frais: 0 FCFA, Commission: 0 FCFA, Montant Net: 2500 FCFA, Nouveau Solde: 2623.11 FCFA."
USER_5,2025-07-28,21:18:23,OrangeMoney,transfert,OUT,2404.0,FCFA,165.11,"Transfert de [USER_5_phone] [USER_5] vers [PHONE_6620] [CONTACT_EE69] reussi. ID transaction: PP250728.2118.A96825, Montant Transaction: 2404 FCFA, Frais: 54 FCFA, Commission: 0 FCFA, Montant Net: 2458 FCFA, Nouveau Solde: 165.11 FCFA."
USER_5,2025-07-29,18:52:06,OrangeMoney,transfert,OUT,2000.0,FCFA,2165.11,"Transfert de [PHONE_7810] [CONTACT_48B1] vers [USER_5_phone] [USER_5] reussi. Details: ID transaction: PP250729.1852.C41054, Montant Transaction: 2000FCFA, Frais: 0 FCFA, Commission: 0 FCFA, Montant Net: 2000 FCFA, Nouveau Solde: 2165.11 FCFA."
USER_5,2025-07-31,16:26:56,OrangeMoney,transfert,OUT,5000.0,FCFA,5065.11,"Transfert de [PHONE_1956] [CONTACT_2A97] vers [USER_5_phone] [USER_5] reussi. Details: ID transaction: PP250731.1626.A47138, Montant Transaction: 5000FCFA, Frais: 0 FCFA, Commission: 0 FCFA, Montant Net: 5000 FCFA, Nouveau Solde: 5065.11 FCFA."
USER_5,2025-07-31,16:37:48,OrangeMoney,transfert,OUT,5000.0,FCFA,5065.11,"Transfert de [PHONE_1956] [CONTACT_2A97] vers [USER_5_phone] [USER_5] reussi. Details: ID transaction: PP250731.1637.D58405, Montant Transaction: 5000FCFA, Frais: 0 FCFA, Commission: 0 FCFA, Montant Net: 5000 FCFA, Nouveau Solde: 5065.11 FCFA."
USER_5,2025-08-03,11:43:04,OrangeMoney,transfert,OUT,3054.0,FCFA,3119.11,"Transfert de [PHONE_6735] [CONTACT_CBC7] vers [USER_5_phone] [USER_5] reussi. Details: ID transaction: PP250803.1143.B38935, Montant Transaction: 3054FCFA, Frais: 0 FCFA, Commission: 0 FCFA, Montant Net: 3054 FCFA, Nouveau Solde: 3119.11 FCFA."
USER_5,2025-08-03,20:51:17,OrangeMoney,transfert,OUT,3054.0,FCFA,11.11,"Transfert de [USER_5_phone] [USER_5] vers [PHONE_0994] [CONTACT_C7BA] reussi. ID transaction: PP250803.2051.D61376, Montant Transaction: 3054 FCFA, Frais: 54 FCFA, Commission: 0 FCFA, Montant Net: 3108 FCFA, Nouveau Solde: 11.11 FCFA."
USER_5,2025-08-05,11:23:27,OrangeMoney,transfert,OUT,500.0,FCFA,511.11,"Transfert de [PHONE_7225] [CONTACT_A8F7] vers [USER_5_phone] [USER_5] reussi. Details: ID transaction: PP250805.1123.C62554, Montant Transaction: 500FCFA, Frais: 0 FCFA, Commission: 0 FCFA, Montant Net: 500 FCFA, Nouveau Solde: 511.11 FCFA."
USER_5,2025-08-06,12:15:30,OrangeMoney,transfert,OUT,35529.0,FCFA,35540.11,"Transfert de [PHONE_6735] [CONTACT_CBC7] vers [USER_5_phone] [USER_5] reussi. Details: ID transaction: PP250806.1215.C34413, Montant Transaction: 35529FCFA, Frais: 0 FCFA, Commission: 0 FCFA, Montant Net: 35529 FCFA, Nouveau Solde: 35540.11 FCFA."
USER_5,2025-08-06,13:36:40,OrangeMoney,transfert,OUT,10154.0,FCFA,24781.34,"Transfert de [USER_5_phone] [USER_5] vers [PHONE_2645] [CONTACT_FAEA] reussi. ID transaction: PP250806.1336.D00554, Montant Transaction: 10154 FCFA, Frais: 54.77 FCFA, Commission: 0 FCFA, Montant Net: 10208.77 FCFA, Nouveau Solde: 24781.34 FCFA."
USER_5,2025-08-06,17:00:27,OrangeMoney,transfert,OUT,81204.0,FCFA,100385.34,"Transfert de [PHONE_4642] [CONTACT_FF47] vers [USER_5_phone] [USER_5] reussi. Details: ID transaction: PP250806.1700.A28054, Montant Transaction: 81204FCFA, Frais: 0 FCFA, Commission: 0 FCFA, Montant Net: 81204 FCFA, Nouveau Solde: 100385.34 FCFA."
USER_5,2025-08-06,18:35:23,OrangeMoney,retrait,OUT,5000.0,FCFA,77306.34,"Retrait d'argent reussi par le [PHONE_2710] avec le Code : 291957. Informations detaillees : Montant: 5000 FCFA, Frais: 79 FCFA, No de transaction CO250806.1835.B10144, montant net debite 5079 FCFA, Nouveau solde: 77306.34 FCFA."
USER_5,2025-08-07,15:28:06,OrangeMoney,transfert,OUT,10154.0,FCFA,63717.57,"Transfert de [USER_5_phone] [USER_5] vers [PHONE_0244] [CONTACT_B2EF] reussi. ID transaction: PP250807.1528.B02319, Montant Transaction: 10154 FCFA, Frais: 54.77 FCFA, Commission: 0 FCFA, Montant Net: 10208.77 FCFA, Nouveau Solde: 63717.57 FCFA."
USER_5,2025-08-07,18:39:49,OrangeMoney,transfert,OUT,1554.0,FCFA,61109.57,"Transfert de [USER_5_phone] [USER_5] vers [PHONE_2071] [CONTACT_36D0] AFILA reussi. ID transaction: PP250807.1839.C15843, Montant Transaction: 1554 FCFA, Frais: 54 FCFA, Commission: 0 FCFA, Montant Net: 1608 FCFA, Nouveau Solde: 61109.57 FCFA."
USER_5,2025-08-07,21:29:23,OrangeMoney,transfert,OUT,1754.0,FCFA,59301.57,"Transfert de [USER_5_phone] [USER_5] vers [PHONE_7473] [CONTACT_7540] I reussi. ID transaction: PP250807.2129.B14922, Montant Transaction: 1754 FCFA, Frais: 54 FCFA, Commission: 0 FCFA, Montant Net: 1808 FCFA, Nouveau Solde: 59301.57 FCFA."
USER_5,2025-08-08,10:49:56,OrangeMoney,transfert,OUT,3054.0,FCFA,52693.57,"Transfert de [USER_5_phone] [USER_5] vers [PHONE_3364] [CONTACT_2318] MEKE reussi. ID transaction: PP250808.1049.D92830, Montant Transaction: 3054 FCFA, Frais: 54 FCFA, Commission: 0 FCFA, Montant Net: 3108 FCFA, Nouveau Solde: 52693.57 FCFA."
USER_5,2025-08-11,08:09:18,OrangeMoney,transfert,OUT,15500.0,FCFA,63593.57,"Transfert de [PHONE_7712] [CONTACT_BAF2] vers [USER_5_phone] [USER_5] reussi. Details: ID transaction: PP250811.0809.B17796, Montant Transaction: 15500FCFA, Frais: 0 FCFA, Commission: 0 FCFA, Montant Net: 15500 FCFA, Nouveau Solde: 63593.57 FCFA."
USER_5,2025-08-11,17:12:45,OrangeMoney,transfert,OUT,15000.0,FCFA,30047.57,"Transfert de [USER_5_phone] [USER_5] vers [PHONE_6189] [CONTACT_93AA] reussi. ID transaction: PP250811.1712.A40920, Montant Transaction: 15000 FCFA, Frais: 79 FCFA, Commission: 0 FCFA, Montant Net: 15079 FCFA, Nouveau Solde: 30047.57 FCFA."
USER_5,2025-08-12,13:43:34,OrangeMoney,transfert,OUT,3054.0,FCFA,24939.57,"Transfert de [USER_5_phone] [USER_5] vers [PHONE_1226] [CONTACT_1147] reussi. ID transaction: PP250812.1343.B37905, Montant Transaction: 3054 FCFA, Frais: 54 FCFA, Commission: 0 FCFA, Montant Net: 3108 FCFA, Nouveau Solde: 24939.57 FCFA."
USER_5,2025-08-12,21:58:10,OrangeMoney,transfert,OUT,7000.0,FCFA,30939.57,"Transfert de [PHONE_6558] [CONTACT_7B4F] vers [USER_5_phone] [USER_5] reussi. Details: ID transaction: PP250812.2158.D28155, Montant Transaction: 7000FCFA, Frais: 0 FCFA, Commission: 0 FCFA, Montant Net: 7000 FCFA, Nouveau Solde: 30939.57 FCFA."
USER_5,2025-08-16,12:24:13,OrangeMoney,retrait,OUT,3100.0,FCFA,4985.57,"Retrait d'argent reussi par le [PHONE_1876] avec le Code : 265950. Informations detaillees : Montant: 3100 FCFA, Frais: 54 FCFA, No de transaction CO250816.1224.A84782, montant net debite 3154 FCFA, Nouveau solde: 4985.57 FCFA."
USER_5,2025-08-17,13:06:14,OrangeMoney,transfert,OUT,3556.5,FCFA,1375.07,"Transfert de [USER_5_phone] [USER_5] vers [PHONE_7818] [CONTACT_1334] reussi. ID transaction: PP250817.1306.C21834, Montant Transaction: 3556.5 FCFA, Frais: 54 FCFA, Commission: 0 FCFA, Montant Net: 3610.5 FCFA, Nouveau Solde: 1375.07 FCFA."
USER_5,2025-08-17,14:19:17,OrangeMoney,transfert,OUT,1054.0,FCFA,2429.07,"Transfert de [PHONE_8351] [CONTACT_D78B] vers [USER_5_phone] [USER_5] reussi. Details: ID transaction: PP250817.1418.D81380, Montant Transaction: 1054FCFA, Frais: 0 FCFA, Commission: 0 FCFA, Montant Net: 1054 FCFA, Nouveau Solde: 2429.07 FCFA."
USER_5,2025-08-17,20:20:40,OrangeMoney,retrait,OUT,2000.0,FCFA,375.07,"Retrait d'argent reussi par le [PHONE_7700] avec le Code : 266076. Informations detaillees : Montant: 2000 FCFA, Frais: 54 FCFA, No de transaction CO250817.2020.D99633, montant net debite 2054 FCFA, Nouveau solde: 375.07 FCFA."
USER_5,2025-08-18,16:03:22,OrangeMoney,rechargement,OUT,300.0,FCFA,75.07,"Rechargement reussi. Montant de la transaction: 300 FCFA, ID transaction: RC250818.1603.B14647, Frais: 0 FCFA, Commission: 0 FCFA, Nouveau solde: 75.07 FCFA"
USER_5,2025-08-18,16:10:53,OrangeMoney,depot,IN,70000.0,FCFA,70075.07,"Depot effectue par [PHONE_8661] [CONTACT_048A] to [USER_5_phone] [USER_5]. Informations detaillees: Montant de transaction : 70000 FCFA, ID transaction : CI250818.1610.C47109, Frais : 0 FCFA, Commission : 0 FCFA, Montant Net du Credit : 70000 FCFA, Nouveau Solde : 70075.07 FCFA."
USER_5,2025-08-18,16:47:55,OrangeMoney,retrait,OUT,1000.0,FCFA,67121.07,"Retrait d'argent reussi par le [PHONE_7683] avec le Code : 609116. Informations detaillees : Montant: 1000 FCFA, Frais: 54 FCFA, No de transaction CO250818.1645.C90893, montant net debite 1054 FCFA, Nouveau solde: 67121.07 FCFA."
USER_5,2025-08-18,16:54:29,OrangeMoney,retrait,OUT,65000.0,FCFA,1142.07,"Retrait d'argent reussi par le [PHONE_7683] avec le Code : 609116. Informations detaillees : Montant: 65000 FCFA, Frais: 979 FCFA, No de transaction CO250818.1651.B09409, montant net debite 65979 FCFA, Nouveau solde: 1142.07 FCFA."
USER_5,2025-08-18,20:42:24,OrangeMoney,transfert,OUT,2054.0,FCFA,3196.07,"Transfert de [PHONE_9125] [CONTACT_6809] vers [USER_5_phone] [USER_5] reussi. Details: ID transaction: PP250818.2042.B01628, Montant Transaction: 2054FCFA, Frais: 0 FCFA, Commission: 0 FCFA, Montant Net: 2054 FCFA, Nouveau Solde: 3196.07 FCFA."
USER_5,2025-08-19,07:31:49,OrangeMoney,rechargement,OUT,500.0,FCFA,2696.07,"Rechargement reussi. Montant de la transaction: 500 FCFA, ID transaction: RC250819.0730.C77208, Frais: 0 FCFA, Commission: 0 FCFA, Nouveau solde: 2696.07 FCFA"
USER_5,2025-08-19,16:22:46,OrangeMoney,retrait,OUT,1000.0,FCFA,1142.07,"Retrait d'argent reussi par le [PHONE_7683] avec le Code : 609116. Informations detaillees : Montant: 1000 FCFA, Frais: 54 FCFA, No de transaction CO250819.1621.A80223, montant net debite 1054 FCFA, Nouveau solde: 1142.07 FCFA."
USER_5,2025-08-20,07:31:00,OrangeMoney,depot,IN,2000.0,FCFA,3142.07,"Depot effectue par [PHONE_7683] [CONTACT_0218] to [USER_5_phone] [USER_5]. Informations detaillees: Montant de transaction : 2000 FCFA, ID transaction : CI250820.0730.C96143, Frais : 0 FCFA, Commission : 0 FCFA, Montant Net du Credit : 2000 FCFA, Nouveau Solde : 3142.07 FCFA."
USER_5,2025-08-20,07:45:50,OrangeMoney,retrait,OUT,2000.0,FCFA,1088.07,"Retrait d'argent reussi par le [PHONE_9709] avec le Code : 264639. Informations detaillees : Montant: 2000 FCFA, Frais: 54 FCFA, No de transaction CO250820.0745.C63808, montant net debite 2054 FCFA, Nouveau solde: 1088.07 FCFA."
USER_5,2025-08-22,11:43:23,OrangeMoney,transfert,OUT,1500.0,FCFA,1588.07,"Transfert de [PHONE_1956] [CONTACT_2A97] vers [USER_5_phone] [USER_5] reussi. Details: ID transaction: PP250822.1125.D35206, Montant Transaction: 1500FCFA, Frais: 0 FCFA, Commission: 0 FCFA, Montant Net: 1500 FCFA, Nouveau Solde: 1588.07 FCFA."
USER_5,2025-08-25,12:05:08,OrangeMoney,depot,IN,500.0,FCFA,538.07,"Depot effectue par [PHONE_8682] [CONTACT_10B6] Ayuk to [USER_5_phone] [USER_5]. Informations detaillees: Montant de transaction : 500 FCFA, ID transaction : CI250825.1205.A34923, Frais : 0 FCFA, Commission : 0 FCFA, Montant Net du Credit : 500 FCFA, Nouveau Solde : 538.07 FCFA."
USER_5,2025-08-25,17:50:51,OrangeMoney,transfert,OUT,3000.0,FCFA,3538.07,"Transfert de [PHONE_6727] [CONTACT_E884] vers [USER_5_phone] [USER_5] reussi. Details: ID transaction: PP250825.1750.C80670, Montant Transaction: 3000FCFA, Frais: 0 FCFA, Commission: 0 FCFA, Montant Net: 3000 FCFA, Nouveau Solde: 3538.07 FCFA."
USER_5,2025-08-25,17:58:22,OrangeMoney,transfert,OUT,2904.0,FCFA,580.07,"Transfert de [USER_5_phone] [USER_5] vers [PHONE_4728] [CONTACT_D3CA] reussi. ID transaction: PP250825.1758.C85551, Montant Transaction: 2904 FCFA, Frais: 54 FCFA, Commission: 0 FCFA, Montant Net: 2958 FCFA, Nouveau Solde: 580.07 FCFA."
USER_5,2025-08-25,19:16:42,OrangeMoney,transfert,OUT,68700.0,FCFA,69280.07,"Transfert de [PHONE_6727] [CONTACT_E884] vers [USER_5_phone] [USER_5] reussi. Details: ID transaction: PP250825.1916.C34038, Montant Transaction: 68700FCFA, Frais: 0 FCFA, Commission: 0 FCFA, Montant Net: 68700 FCFA, Nouveau Solde: 69280.07 FCFA."
USER_5,2025-08-25,19:32:16,OrangeMoney,retrait,OUT,67000.0,FCFA,1606.07,"Retrait d'argent reussi par le [PHONE_5442] avec le Code : 730843. Informations detaillees : Montant: 67000 FCFA, Frais: 674 FCFA, No de transaction CO250825.1932.A46737, montant net debite 67674 FCFA, Nouveau solde: 1606.07 FCFA."
USER_5,2025-08-25,20:20:27,OrangeMoney,transfert,OUT,7109.0,FCFA,8715.07,"Transfert de [PHONE_1517] [CONTACT_564D] vers [USER_5_phone] [USER_5] reussi. Details: ID transaction: PP250825.2020.A81877, Montant Transaction: 7109FCFA, Frais: 0 FCFA, Commission: 0 FCFA, Montant Net: 7109 FCFA, Nouveau Solde: 8715.07 FCFA."
USER_5,2025-08-25,21:51:05,OrangeMoney,transfert,OUT,7109.0,FCFA,1552.07,"Transfert de [USER_5_phone] [USER_5] vers [PHONE_8697] [CONTACT_B747] reussi. ID transaction: PP250825.2150.C07612, Montant Transaction: 7109 FCFA, Frais: 54 FCFA, Commission: 0 FCFA, Montant Net: 7163 FCFA, Nouveau Solde: 1552.07 FCFA."
USER_5,2025-08-26,09:55:38,OrangeMoney,depot,IN,30000.0,FCFA,31552.07,"Depot effectue par [PHONE_4633] [CONTACT_5893] to [USER_5_phone] [USER_5]. Informations detaillees: Montant de transaction : 30000 FCFA, ID transaction : CI250826.0955.C58813, Frais : 0 FCFA, Commission : 0 FCFA, Montant Net du Credit : 30000 FCFA, Nouveau Solde : 31552.07 FCFA."
USER_5,2025-08-26,09:59:14,OrangeMoney,retrait,OUT,29000.0,FCFA,2258.07,"Retrait d'argent reussi par le [PHONE_8423] avec le Code : 156742. Informations detaillees : Montant: 29000 FCFA, Frais: 294 FCFA, No de transaction CO250826.0959.A84801, montant net debite 29294 FCFA, Nouveau solde: 2258.07 FCFA."
USER_5,2025-08-27,07:48:45,OrangeMoney,transfert,OUT,7109.0,FCFA,7367.07,"Transfert de [PHONE_2617] [CONTACT_6EC3] vers [USER_5_phone] [USER_5] reussi. Details: ID transaction: PP250827.0748.D16152, Montant Transaction: 7109FCFA, Frais: 0 FCFA, Commission: 0 FCFA, Montant Net: 7109 FCFA, Nouveau Solde: 7367.07 FCFA."
USER_5,2025-08-27,17:28:47,OrangeMoney,transfert,OUT,6094.0,FCFA,13361.07,"Transfert de [PHONE_6727] [CONTACT_E884] vers [USER_5_phone] [USER_5] reussi. Details: ID transaction: PP250827.1728.C41433, Montant Transaction: 6094FCFA, Frais: 0 FCFA, Commission: 0 FCFA, Montant Net: 6094 FCFA, Nouveau Solde: 13361.07 FCFA."
USER_5,2025-08-27,21:03:54,OrangeMoney,rechargement,OUT,500.0,FCFA,12861.07,"Rechargement reussi. Montant de la transaction: 500 FCFA, ID transaction: RC250827.2103.A78901, Frais: 0 FCFA, Commission: 0 FCFA, Nouveau solde: 12861.07 FCFA"
USER_5,2025-08-28,11:25:24,OrangeMoney,depot,IN,20000.0,FCFA,30761.07,"Depot effectue par [PHONE_8661] [CONTACT_048A] to [USER_5_phone] [USER_5]. Informations detaillees: Montant de transaction : 20000 FCFA, ID transaction : CI250828.1125.C96848, Frais : 0 FCFA, Commission : 0 FCFA, Montant Net du Credit : 20000 FCFA, Nouveau Solde : 30761.07 FCFA."
USER_5,2025-08-28,12:15:16,OrangeMoney,transfert,OUT,29000.0,FCFA,1612.07,"Transfert de [USER_5_phone] [USER_5] vers [PHONE_2046] [CONTACT_4962] reussi. ID transaction: PP250828.1215.D13073, Montant Transaction: 29000 FCFA, Frais: 149 FCFA, Commission: 0 FCFA, Montant Net: 29149 FCFA, Nouveau Solde: 1612.07 FCFA."
USER_5,2025-08-28,18:01:04,OrangeMoney,retrait,OUT,500.0,FCFA,58.07,"Retrait d'argent reussi par le [PHONE_7683] avec le Code : 609116. Informations detaillees : Montant: 500 FCFA, Frais: 54 FCFA, No de transaction CO250828.1800.A29018, montant net debite 554 FCFA, Nouveau solde: 58.07 FCFA."
USER_5,2025-08-30,08:55:36,OrangeMoney,depot,IN,5000.0,FCFA,5058.07,"Depot effectue par [PHONE_0612] [CONTACT_C2A0] to [USER_5_phone] [USER_5]. Informations detaillees: Montant de transaction : 5000 FCFA, ID transaction : CI250830.0855.D28356, Frais : 0 FCFA, Commission : 0 FCFA, Montant Net du Credit : 5000 FCFA, Nouveau Solde : 5058.07 FCFA."
USER_5,2025-08-30,13:04:56,OrangeMoney,rechargement,OUT,500.0,FCFA,4558.07,"Rechargement reussi. Montant de la transaction: 500 FCFA, ID transaction: RC250830.1304.B79124, Frais: 0 FCFA, Commission: 0 FCFA, Nouveau solde: 4558.07 FCFA"
USER_5,2025-08-31,18:56:50,OrangeMoney,transfert,OUT,7109.0,FCFA,9467.07,"Transfert de [PHONE_2617] [CONTACT_6EC3] vers [USER_5_phone] [USER_5] reussi. Details: ID transaction: PP250831.1856.A50726, Montant Transaction: 7109FCFA, Frais: 0 FCFA, Commission: 0 FCFA, Montant Net: 7109 FCFA, Nouveau Solde: 9467.07 FCFA."
USER_5,2025-09-02,00:58:13,OrangeMoney,transfert,OUT,1000.0,FCFA,4813.07,"Transfert de [USER_5_phone] [USER_5] vers [PHONE_0349] [CONTACT_21AC] reussi. ID transaction: PP250902.0058.D51460, Montant Transaction: 1000 FCFA, Frais: 54 FCFA, Commission: 0 FCFA, Montant Net: 1054 FCFA, Nouveau Solde: 4813.07 FCFA."
USER_5,2025-09-03,11:20:28,OrangeMoney,transfert,OUT,3204.0,FCFA,55.07,"Transfert de [USER_5_phone] [USER_5] vers [PHONE_8085] [CONTACT_E93A] A AFA A reussi. ID transaction: PP250903.1120.C66732, Montant Transaction: 3204 FCFA, Frais: 54 FCFA, Commission: 0 FCFA, Montant Net: 3258 FCFA, Nouveau Solde: 55.07 FCFA."
USER_5,2025-09-04,09:38:08,OrangeMoney,transfert,OUT,1054.0,FCFA,1109.07,"Transfert de [PHONE_6558] [CONTACT_7B4F] vers [USER_5_phone] [USER_5] reussi. Details: ID transaction: PP250904.0938.D93959, Montant Transaction: 1054FCFA, Frais: 0 FCFA, Commission: 0 FCFA, Montant Net: 1054 FCFA, Nouveau Solde: 1109.07 FCFA."
USER_5,2025-09-06,00:43:40,OrangeMoney,transfert,OUT,1500.0,FCFA,2109.07,"Transfert de [PHONE_5809] [CONTACT_A7B7] vers [USER_5_phone] [USER_5] reussi. Details: ID transaction: PP250906.0043.A74608, Montant Transaction: 1500FCFA, Frais: 0 FCFA, Commission: 0 FCFA, Montant Net: 1500 FCFA, Nouveau Solde: 2109.07 FCFA."
USER_5,2025-09-06,14:57:04,OrangeMoney,transfert,OUT,1054.0,FCFA,1.07,"Transfert de [USER_5_phone] [USER_5] vers [PHONE_7810] [CONTACT_48B1] reussi. ID transaction: PP250906.1457.A86346, Montant Transaction: 1054 FCFA, Frais: 54 FCFA, Commission: 0 FCFA, Montant Net: 1108 FCFA, Nouveau Solde: 1.07 FCFA."
USER_5,2025-09-10,15:24:29,OrangeMoney,retrait,OUT,1600.0,FCFA,1897.07,"Retrait d'argent reussi par le [PHONE_8677] avec le Code : 373742. Informations detaillees : Montant: 1600 FCFA, Frais: 54 FCFA, No de transaction CO250910.1524.D45862, montant net debite 1654 FCFA, Nouveau solde: 1897.07 FCFA."
USER_5,2025-09-11,08:33:55,OrangeMoney,depot,IN,10500.0,FCFA,12397.07,"Depot effectue par [PHONE_7665] [CONTACT_9CB0] to [USER_5_phone] [USER_5]. Informations detaillees: Montant de transaction : 10500 FCFA, ID transaction : CI250911.0833.C93935, Frais : 0 FCFA, Commission : 0 FCFA, Montant Net du Credit : 10500 FCFA, Nouveau Solde : 12397.07 FCFA."
USER_5,2025-09-11,14:05:28,OrangeMoney,transfert,OUT,4000.0,FCFA,7843.07,"Transfert de [USER_5_phone] [USER_5] vers [PHONE_1058] [CONTACT_CF35] reussi. ID transaction: PP250911.1405.A71994, Montant Transaction: 4000 FCFA, Frais: 54 FCFA, Commission: 0 FCFA, Montant Net: 4054 FCFA, Nouveau Solde: 7843.07 FCFA."
USER_5,2025-09-12,07:17:26,OrangeMoney,transfert,OUT,2554.0,FCFA,7697.07,"Transfert de [PHONE_7181] [CONTACT_5088] vers [USER_5_phone] [USER_5] reussi. Details: ID transaction: PP250912.0717.C59085, Montant Transaction: 2554FCFA, Frais: 0 FCFA, Commission: 0 FCFA, Montant Net: 2554 FCFA, Nouveau Solde: 7697.07 FCFA."
USER_5,2025-09-12,09:08:01,OrangeMoney,retrait,OUT,2000.0,FCFA,5643.07,"Retrait d'argent reussi par le [PHONE_9709] avec le Code : 264639. Informations detaillees : Montant: 2000 FCFA, Frais: 54 FCFA, No de transaction CO250912.0908.A01671, montant net debite 2054 FCFA, Nouveau solde: 5643.07 FCFA."
USER_5,2025-09-12,14:45:01,OrangeMoney,retrait,OUT,5000.0,FCFA,64.07,"Retrait d'argent reussi par le [PHONE_5442] avec le Code : 730843. Informations detaillees : Montant: 5000 FCFA, Frais: 79 FCFA, No de transaction CO250912.1444.D83764, montant net debite 5079 FCFA, Nouveau solde: 64.07 FCFA."
USER_5,2025-09-14,11:42:56,OrangeMoney,depot,IN,4000.0,FCFA,4064.07,"Depot effectue par [PHONE_1604] [CONTACT_F943] to [USER_5_phone] [USER_5]. Informations detaillees: Montant de transaction : 4000 FCFA, ID transaction : CI250914.1142.B39182, Frais : 0 FCFA, Commission : 0 FCFA, Montant Net du Credit : 4000 FCFA, Nouveau Solde : 4064.07 FCFA."
USER_5,2025-09-15,16:25:44,OrangeMoney,depot,IN,8500.0,FCFA,11064.07,"Depot effectue par [PHONE_8606] [CONTACT_EC50] to [USER_5_phone] [USER_5]. Informations detaillees: Montant de transaction : 8500 FCFA, ID transaction : CI250915.1625.A55777, Frais : 0 FCFA, Commission : 0 FCFA, Montant Net du Credit : 8500 FCFA, Nouveau Solde : 11064.07 FCFA."
USER_5,2025-09-15,16:46:13,OrangeMoney,transfert,OUT,69000.0,FCFA,80064.07,"Transfert de [PHONE_2617] [CONTACT_6EC3] vers [USER_5_phone] [USER_5] reussi. Details: ID transaction: PP250915.1646.A77871, Montant Transaction: 69000FCFA, Frais: 0 FCFA, Commission: 0 FCFA, Montant Net: 69000 FCFA, Nouveau Solde: 80064.07 FCFA."
USER_5,2025-09-15,16:48:05,OrangeMoney,retrait,OUT,68700.0,FCFA,10329.57,"Retrait d'argent reussi par le [PHONE_7683] avec le Code : 609116. Informations detaillees : Montant: 68700 FCFA, Frais: 1034.5 FCFA, No de transaction CO250915.1647.A15213, montant net debite 69734.5 FCFA, Nouveau solde: 10329.57 FCFA."
USER_5,2025-09-15,17:28:05,OrangeMoney,transfert,OUT,500.0,FCFA,7760.57,"Transfert de [USER_5_phone] [USER_5] vers [PHONE_1956] [CONTACT_2A97] reussi. ID transaction: PP250915.1728.A05673, Montant Transaction: 500 FCFA, Frais: 54 FCFA, Commission: 0 FCFA, Montant Net: 554 FCFA, Nouveau Solde: 7760.57 FCFA."
USER_5,2025-09-16,07:13:49,OrangeMoney,depot,IN,4800.0,FCFA,12060.57,"Depot effectue par [PHONE_7683] [CONTACT_0218] to [USER_5_phone] [USER_5]. Informations detaillees: Montant de transaction : 4800 FCFA, ID transaction : CI250916.0713.A70720, Frais : 0 FCFA, Commission : 0 FCFA, Montant Net du Credit : 4800 FCFA, Nouveau Solde : 12060.57 FCFA."
USER_5,2025-09-16,07:16:00,OrangeMoney,transfert,OUT,8500.0,FCFA,3539.57,"Transfert de [USER_5_phone] [USER_5] vers [PHONE_0450] [CONTACT_2133] reussi. ID transaction: PP250916.0715.D13078, Montant Transaction: 8500 FCFA, Frais: 21 FCFA, Commission: 0 FCFA, Montant Net: 8521 FCFA, Nouveau Solde: 3539.57 FCFA."
USER_5,2025-09-17,20:25:25,OrangeMoney,depot,IN,4900.0,FCFA,6939.57,"Depot effectue par [PHONE_7683] [CONTACT_0218] to [USER_5_phone] [USER_5]. Informations detaillees: Montant de transaction : 4900 FCFA, ID transaction : CI250917.2025.B56647, Frais : 0 FCFA, Commission : 0 FCFA, Montant Net du Credit : 4900 FCFA, Nouveau Solde : 6939.57 FCFA."
USER_5,2025-09-17,20:26:44,OrangeMoney,transfert,OUT,5500.0,FCFA,1385.57,"Transfert de [USER_5_phone] [USER_5] vers [PHONE_0002] [CONTACT_08BA] reussi. ID transaction: PP250917.2026.C52883, Montant Transaction: 5500 FCFA, Frais: 54 FCFA, Commission: 0 FCFA, Montant Net: 5554 FCFA, Nouveau Solde: 1385.57 FCFA."
USER_5,2025-09-18,13:42:43,OrangeMoney,transfert,OUT,1700.0,FCFA,2585.57,"Transfert de [PHONE_7210] [CONTACT_225A] vers [USER_5_phone] [USER_5] reussi. Details: ID transaction: PP250918.1342.D37147, Montant Transaction: 1700FCFA, Frais: 0 FCFA, Commission: 0 FCFA, Montant Net: 1700 FCFA, Nouveau Solde: 2585.57 FCFA."
USER_5,2025-09-18,13:46:51,OrangeMoney,transfert,OUT,1054.0,FCFA,1477.57,"Transfert de [USER_5_phone] [USER_5] vers [PHONE_7311] [CONTACT_89BD] reussi. ID transaction: PP250918.1346.A27049, Montant Transaction: 1054 FCFA, Frais: 54 FCFA, Commission: 0 FCFA, Montant Net: 1108 FCFA, Nouveau Solde: 1477.57 FCFA."
USER_5,2025-09-19,15:13:10,OrangeMoney,depot,IN,1600.0,FCFA,2577.57,"Depot effectue par [PHONE_2195] [CONTACT_1BDE] to [USER_5_phone] [USER_5]. Informations detaillees: Montant de transaction : 1600 FCFA, ID transaction : CI250919.1513.C45091, Frais : 0 FCFA, Commission : 0 FCFA, Montant Net du Credit : 1600 FCFA, Nouveau Solde : 2577.57 FCFA."
USER_5,2025-09-19,16:10:54,OrangeMoney,depot,IN,1600.0,FCFA,4177.57,"Depot effectue par [PHONE_8384] [CONTACT_E399] to [USER_5_phone] [USER_5]. Informations detaillees: Montant de transaction : 1600 FCFA, ID transaction : CI250919.1610.D65935, Frais : 0 FCFA, Commission : 0 FCFA, Montant Net du Credit : 1600 FCFA, Nouveau Solde : 4177.57 FCFA."
USER_5,2025-09-19,16:45:07,OrangeMoney,retrait,OUT,500.0,FCFA,3623.57,"Retrait d'argent reussi par le [PHONE_3930] avec le Code : 556911. Informations detaillees : Montant: 500 FCFA, Frais: 54 FCFA, No de transaction CO250919.1645.D73762, montant net debite 554 FCFA, Nouveau solde: 3623.57 FCFA."
USER_5,2025-09-22,22:33:12,OrangeMoney,transfert,OUT,2000.0,FCFA,2023.57,"Transfert de [PHONE_6979] [CONTACT_16E9] vers [USER_5_phone] [USER_5] reussi. Details: ID transaction: PP250922.2233.A19382, Montant Transaction: 2000FCFA, Frais: 0 FCFA, Commission: 0 FCFA, Montant Net: 2000 FCFA, Nouveau Solde: 2023.57 FCFA."
USER_5,2025-09-23,19:09:44,OrangeMoney,transfert,OUT,3054.0,FCFA,4527.57,"Transfert de [PHONE_6558] [CONTACT_7B4F] vers [USER_5_phone] [USER_5] reussi. Details: ID transaction: PP250923.1909.A78143, Montant Transaction: 3054FCFA, Frais: 0 FCFA, Commission: 0 FCFA, Montant Net: 3054 FCFA, Nouveau Solde: 4527.57 FCFA."
USER_5,2025-09-24,22:29:17,OrangeMoney,rechargement,OUT,500.0,FCFA,477.57,"Rechargement reussi. Montant de la transaction: 500 FCFA, ID transaction: RC250924.2229.A06948, Frais: 0 FCFA, Commission: 0 FCFA, Nouveau solde: 477.57 FCFA"
USER_5,2025-09-25,07:16:35,OrangeMoney,transfert,OUT,2554.0,FCFA,2781.57,"Transfert de [PHONE_6727] [CONTACT_E884] vers [USER_5_phone] [USER_5] reussi. Details: ID transaction: PP250925.0716.B19921, Montant Transaction: 2554FCFA, Frais: 0 FCFA, Commission: 0 FCFA, Montant Net: 2554 FCFA, Nouveau Solde: 2781.57 FCFA."
USER_5,2025-09-25,07:54:23,OrangeMoney,retrait,OUT,2500.0,FCFA,227.57,"Retrait d'argent reussi par le [PHONE_6239] avec le Code : 804419. Informations detaillees : Montant: 2500 FCFA, Frais: 54 FCFA, No de transaction CO250925.0754.B27352, montant net debite 2554 FCFA, Nouveau solde: 227.57 FCFA."
USER_5,2025-09-25,14:09:58,OrangeMoney,transfert,OUT,10000.0,FCFA,10027.57,"Transfert de [PHONE_5124] [CONTACT_DAC6] vers [USER_5_phone] [USER_5] reussi. Details: ID transaction: PP250925.1409.A24160, Montant Transaction: 10000FCFA, Frais: 0 FCFA, Commission: 0 FCFA, Montant Net: 10000 FCFA, Nouveau Solde: 10027.57 FCFA."
USER_5,2025-09-25,14:30:44,OrangeMoney,transfert,OUT,1000.0,FCFA,7971.57,"Transfert de [USER_5_phone] [USER_5] vers [PHONE_7751] [CONTACT_B03E] reussi. ID transaction: PP250925.1430.B36095, Montant Transaction: 1000 FCFA, Frais: 6 FCFA, Commission: 0 FCFA, Montant Net: 1006 FCFA, Nouveau Solde: 7971.57 FCFA."
USER_5,2025-09-25,14:35:29,OrangeMoney,transfert,OUT,3500.0,FCFA,4460.57,"Transfert de [USER_5_phone] [USER_5] vers [PHONE_9229] [CONTACT_97A5] reussi. ID transaction: PP250925.1435.D39322, Montant Transaction: 3500 FCFA, Frais: 11 FCFA, Commission: 0 FCFA, Montant Net: 3511 FCFA, Nouveau Solde: 4460.57 FCFA."
USER_5,2025-09-28,21:04:13,OrangeMoney,transfert,OUT,500.0,FCFA,610.57,"Transfert de [PHONE_1956] [CONTACT_2A97] vers [USER_5_phone] [USER_5] reussi. Details: ID transaction: PP250928.2104.D58562, Montant Transaction: 500FCFA, Frais: 0 FCFA, Commission: 0 FCFA, Montant Net: 500 FCFA, Nouveau Solde: 610.57 FCFA."
USER_5,2025-10-04,12:23:25,OrangeMoney,depot,IN,2050.0,FCFA,2060.57,"Depot effectue par [PHONE_8384] [CONTACT_E399] to [USER_5_phone] [USER_5]. Informations detaillees: Montant de transaction : 2050 FCFA, ID transaction : CI251004.1218.D84735, Frais : 0 FCFA, Commission : 0 FCFA, Montant Net du Credit : 2050 FCFA, Nouveau Solde : 2060.57 FCFA."
USER_5,2025-10-04,12:37:18,OrangeMoney,retrait,OUT,2000.0,FCFA,6.57,"Retrait d'argent reussi par le [PHONE_1308] avec le Code : 883869. Informations detaillees : Montant: 2000 FCFA, Frais: 54 FCFA, No de transaction CO251004.1237.A94773, montant net debite 2054 FCFA, Nouveau solde: 6.57 FCFA."
USER_5,2025-10-07,12:44:59,OrangeMoney,transfert,OUT,15500.0,FCFA,15506.57,"Transfert de [PHONE_1956] [CONTACT_2A97] vers [USER_5_phone] [USER_5] reussi. Details: ID transaction: PP251007.1244.C31886, Montant Transaction: 15500FCFA, Frais: 0 FCFA, Commission: 0 FCFA, Montant Net: 15500 FCFA, Nouveau Solde: 15506.57 FCFA."
USER_5,2025-10-13,17:32:59,OrangeMoney,depot,IN,5500.0,FCFA,5606.57,"Depot effectue par [PHONE_5361] [CONTACT_776E] to [USER_5_phone] [USER_5]. Informations detaillees: Montant de transaction : 5500 FCFA, ID transaction : CI251013.1732.D46954, Frais : 0 FCFA, Commission : 0 FCFA, Montant Net du Credit : 5500 FCFA, Nouveau Solde : 5606.57 FCFA."
USER_5,2025-10-13,17:34:25,OrangeMoney,transfert,OUT,5079.0,FCFA,473.57,"Transfert de [USER_5_phone] [USER_5] vers [PHONE_5408] [CONTACT_2F83] reussi. ID transaction: PP251013.1734.A88847, Montant Transaction: 5079 FCFA, Frais: 54 FCFA, Commission: 0 FCFA, Montant Net: 5133 FCFA, Nouveau Solde: 473.57 FCFA."
USER_5,2025-10-14,15:11:08,OrangeMoney,transfert,OUT,25000.0,FCFA,25173.57,"Transfert de [PHONE_2617] [CONTACT_6EC3] vers [USER_5_phone] [USER_5] reussi. Details: ID transaction: PP251014.1511.B68036, Montant Transaction: 25000FCFA, Frais: 0 FCFA, Commission: 0 FCFA, Montant Net: 25000 FCFA, Nouveau Solde: 25173.57 FCFA."
USER_5,2025-10-14,22:12:54,OrangeMoney,transfert,OUT,50000.0,FCFA,75173.57,"Transfert de [PHONE_5735] [CONTACT_C710] vers [USER_5_phone] [USER_5] reussi. Details: ID transaction: PP251014.2212.A77506, Montant Transaction: 50000FCFA, Frais: 0 FCFA, Commission: 0 FCFA, Montant Net: 50000 FCFA, Nouveau Solde: 75173.57 FCFA."
USER_5,2025-10-16,09:14:04,OrangeMoney,retrait,OUT,3500.0,FCFA,44917.07,"Retrait d'argent reussi par le [PHONE_0647] avec le Code : 792842. Informations detaillees : Montant: 3500 FCFA, Frais: 56.5 FCFA, No de transaction CO251016.0914.D29847, montant net debite 3556.5 FCFA, Nouveau solde: 44917.07 FCFA."
USER_5,2025-10-16,20:36:01,OrangeMoney,transfert,OUT,6500.0,FCFA,23363.07,"Transfert de [USER_5_phone] [USER_5] vers [PHONE_9427] [CONTACT_A80D] reussi. ID transaction: PP251016.2035.B40977, Montant Transaction: 6500 FCFA, Frais: 54 FCFA, Commission: 0 FCFA, Montant Net: 6554 FCFA, Nouveau Solde: 23363.07 FCFA."
USER_5,2025-10-17,12:34:15,OrangeMoney,transfert,OUT,20304.0,FCFA,3014.47,"Transfert de [USER_5_phone] [USER_5] vers [PHONE_6979] [CONTACT_16E9] reussi. ID transaction: PP251017.1234.C91157, Montant Transaction: 20304 FCFA, Frais: 44.6 FCFA, Commission: 0 FCFA, Montant Net: 20348.6 FCFA, Nouveau Solde: 3014.47 FCFA."
USER_5,2025-10-17,13:37:37,OrangeMoney,transfert,OUT,2000.0,FCFA,1006.47,"Transfert de [USER_5_phone] [USER_5] vers [PHONE_1815] [CONTACT_AA7C] reussi. ID transaction: PP251017.1337.B08800, Montant Transaction: 2000 FCFA, Frais: 8 FCFA, Commission: 0 FCFA, Montant Net: 2008 FCFA, Nouveau Solde: 1006.47 FCFA."
USER_5,2025-10-22,08:19:18,OrangeMoney,transfert,OUT,3100.0,FCFA,3606.47,"Transfert de [PHONE_1956] [CONTACT_2A97] vers [USER_5_phone] [USER_5] reussi. Details: ID transaction: PP251022.0819.A57963, Montant Transaction: 3100FCFA, Frais: 0 FCFA, Commission: 0 FCFA, Montant Net: 3100 FCFA, Nouveau Solde: 3606.47 FCFA."
USER_5,2025-10-22,09:13:26,OrangeMoney,retrait,OUT,3500.0,FCFA,49.97,"Retrait d'argent reussi par le [PHONE_0934] avec le Code : 169300. Informations detaillees : Montant: 3500 FCFA, Frais: 56.5 FCFA, No de transaction CO251022.0913.C88029, montant net debite 3556.5 FCFA, Nouveau solde: 49.97 FCFA."
USER_5,2025-10-22,11:17:00,OrangeMoney,transfert,OUT,2100.0,FCFA,2149.97,"Transfert de [PHONE_1956] [CONTACT_2A97] vers [USER_5_phone] [USER_5] reussi. Details: ID transaction: PP251022.1116.C77099, Montant Transaction: 2100FCFA, Frais: 0 FCFA, Commission: 0 FCFA, Montant Net: 2100 FCFA, Nouveau Solde: 2149.97 FCFA."
USER_5,2025-10-22,11:17:50,OrangeMoney,transfert,OUT,20300.0,FCFA,22449.97,"Transfert de [PHONE_7712] [CONTACT_BAF2] vers [USER_5_phone] [USER_5] reussi. Details: ID transaction: PP251022.1117.A50246, Montant Transaction: 20300FCFA, Frais: 0 FCFA, Commission: 0 FCFA, Montant Net: 20300 FCFA, Nouveau Solde: 22449.97 FCFA."
USER_5,2025-10-22,12:38:07,OrangeMoney,retrait,OUT,5000.0,FCFA,17370.97,"Retrait d'argent reussi par le [PHONE_4710] avec le Code : 352598. Informations detaillees : Montant: 5000 FCFA, Frais: 79 FCFA, No de transaction CO251022.1238.A39558, montant net debite 5079 FCFA, Nouveau solde: 17370.97 FCFA."
USER_5,2025-10-22,13:35:31,OrangeMoney,transfert,OUT,1054.0,FCFA,16262.97,"Transfert de [USER_5_phone] [USER_5] vers [PHONE_9625] [CONTACT_66A2] reussi. ID transaction: PP251022.1335.B40024, Montant Transaction: 1054 FCFA, Frais: 54 FCFA, Commission: 0 FCFA, Montant Net: 1108 FCFA, Nouveau Solde: 16262.97 FCFA."
USER_5,2025-10-22,23:57:47,OrangeMoney,transfert,OUT,500.0,FCFA,15257.97,"Transfert de [USER_5_phone] [USER_5] vers [PHONE_7751] [CONTACT_B03E] reussi. ID transaction: PP251022.2357.A14740, Montant Transaction: 500 FCFA, Frais: 5 FCFA, Commission: 0 FCFA, Montant Net: 505 FCFA, Nouveau Solde: 15257.97 FCFA."
USER_5,2025-10-23,08:53:09,OrangeMoney,paiement,OUT,850.0,FCFA,14407.97,"Vous venez d'effectuer un paiement chez [CONTACT_3566] d'un montant de 850 FCFA.  Reference de la transaction: SM251023.0853.A02335, Frais: 0 FCFA, Montant net debite: 850 FCFA. Nouveau Solde: 14407.97 FCFA. Orange Money vous remercie."
USER_5,2025-10-23,10:23:44,OrangeMoney,retrait,OUT,5350.0,FCFA,8973.72,"Retrait d'argent reussi par le [PHONE_0647] avec le Code : 792842. Informations detaillees : Montant: 5350 FCFA, Frais: 84.25 FCFA, No de transaction CO251023.1023.C81936, montant net debite 5434.25 FCFA, Nouveau solde: 8973.72 FCFA."
USER_5,2025-10-23,11:27:43,OrangeMoney,retrait,OUT,5000.0,FCFA,3894.72,"Retrait d'argent reussi par le [PHONE_8781] avec le Code : 352897. Informations detaillees : Montant: 5000 FCFA, Frais: 79 FCFA, No de transaction CO251023.1127.B27258, montant net debite 5079 FCFA, Nouveau solde: 3894.72 FCFA."
USER_5,2025-10-25,13:48:12,OrangeMoney,transfert,OUT,554.0,FCFA,1048.72,"Transfert de [PHONE_3233] [CONTACT_BE0E] vers [USER_5_phone] [USER_5] reussi. Details: ID transaction: PP251025.1348.A75446, Montant Transaction: 554FCFA, Frais: 0 FCFA, Commission: 0 FCFA, Montant Net: 554 FCFA, Nouveau Solde: 1048.72 FCFA."
USER_5,2025-10-28,13:36:17,OrangeMoney,depot,IN,10500.0,FCFA,10548.72,"Depot effectue par [PHONE_9215] [CONTACT_8EF4] to [USER_5_phone] [USER_5]. Informations detaillees: Montant de transaction : 10500 FCFA, ID transaction : CI251028.1336.D97539, Frais : 0 FCFA, Commission : 0 FCFA, Montant Net du Credit : 10500 FCFA, Nouveau Solde : 10548.72 FCFA."
USER_5,2025-10-28,14:34:55,OrangeMoney,transfert,OUT,5079.0,FCFA,5415.72,"Transfert de [USER_5_phone] [USER_5] vers [PHONE_6059] [CONTACT_8777] reussi. ID transaction: PP251028.1434.A49957, Montant Transaction: 5079 FCFA, Frais: 54 FCFA, Commission: 0 FCFA, Montant Net: 5133 FCFA, Nouveau Solde: 5415.72 FCFA."
USER_5,2025-10-28,19:43:28,OrangeMoney,retrait,OUT,2000.0,FCFA,3361.72,"Retrait d'argent reussi par le [PHONE_6276] avec le Code : 798262. Informations detaillees : Montant: 2000 FCFA, Frais: 54 FCFA, No de transaction CO251028.1943.B35522, montant net debite 2054 FCFA, Nouveau solde: 3361.72 FCFA."
USER_5,2025-10-29,11:55:25,OrangeMoney,transfert,OUT,3054.0,FCFA,6415.72,"Transfert de [PHONE_9840] [CONTACT_FEFF] vers [USER_5_phone] [USER_5] reussi. Details: ID transaction: PP251029.1155.B87987, Montant Transaction: 3054FCFA, Frais: 0 FCFA, Commission: 0 FCFA, Montant Net: 3054 FCFA, Nouveau Solde: 6415.72 FCFA."
USER_5,2025-10-29,11:59:58,OrangeMoney,retrait,OUT,3000.0,FCFA,3361.72,"Retrait d'argent reussi par le [PHONE_0802] avec le Code : 564916. Informations detaillees : Montant: 3000 FCFA, Frais: 54 FCFA, No de transaction CO251029.1159.B70905, montant net debite 3054 FCFA, Nouveau solde: 3361.72 FCFA."
USER_5,2025-10-31,12:10:04,OrangeMoney,transfert,OUT,500.0,FCFA,1856.72,"Transfert de [USER_5_phone] [USER_5] vers [PHONE_7751] [CONTACT_B03E] reussi. ID transaction: PP251031.1210.D38892, Montant Transaction: 500 FCFA, Frais: 5 FCFA, Commission: 0 FCFA, Montant Net: 505 FCFA, Nouveau Solde: 1856.72 FCFA."
USER_5,2025-11-06,14:27:08,OrangeMoney,transfert,OUT,500.0,FCFA,556.72,"Transfert de [PHONE_1227] [CONTACT_5DD5] vers [USER_5_phone] [USER_5] reussi. Details: ID transaction: PP251106.1427.B25536, Montant Transaction: 500FCFA, Frais: 0 FCFA, Commission: 0 FCFA, Montant Net: 500 FCFA, Nouveau Solde: 556.72 FCFA."
USER_5,2025-11-10,06:29:11,OrangeMoney,transfert,OUT,2000.0,FCFA,2056.72,"Transfert de [PHONE_1956] [CONTACT_2A97] vers [USER_5_phone] [USER_5] reussi. Details: ID transaction: PP251110.0624.C31727, Montant Transaction: 2000FCFA, Frais: 0 FCFA, Commission: 0 FCFA, Montant Net: 2000 FCFA, Nouveau Solde: 2056.72 FCFA."
USER_5,2025-11-10,13:02:37,OrangeMoney,depot,IN,3500.0,FCFA,5056.72,"Depot effectue par [PHONE_7038] [CONTACT_8790] to [USER_5_phone] [USER_5]. Informations detaillees: Montant de transaction : 3500 FCFA, ID transaction : CI251110.1250.D13476, Frais : 0 FCFA, Commission : 0 FCFA, Montant Net du Credit : 3500 FCFA, Nouveau Solde : 5056.72 FCFA."
USER_5,2025-11-10,13:05:56,OrangeMoney,transfert,OUT,3000.0,FCFA,2002.72,"Transfert de [USER_5_phone] [USER_5] vers [PHONE_6708] [CONTACT_F0D8] reussi. ID transaction: PP251110.1305.C22096, Montant Transaction: 3000 FCFA, Frais: 54 FCFA, Commission: 0 FCFA, Montant Net: 3054 FCFA, Nouveau Solde: 2002.72 FCFA."
USER_5,2025-11-11,08:11:53,OrangeMoney,transfert,OUT,15000.0,FCFA,15502.72,"Transfert de [PHONE_1956] [CONTACT_2A97] vers [USER_5_phone] [USER_5] reussi. Details: ID transaction: PP251111.0811.C87528, Montant Transaction: 15000FCFA, Frais: 0 FCFA, Commission: 0 FCFA, Montant Net: 15000 FCFA, Nouveau Solde: 15502.72 FCFA."
USER_5,2025-11-12,07:51:39,OrangeMoney,depot,IN,6000.0,FCFA,6102.72,"Depot effectue par [PHONE_8661] [CONTACT_048A] to [USER_5_phone] [USER_5]. Informations detaillees: Montant de transaction : 6000 FCFA, ID transaction : CI251112.0751.A96273, Frais : 0 FCFA, Commission : 0 FCFA, Montant Net du Credit : 6000 FCFA, Nouveau Solde : 6102.72 FCFA."
USER_5,2025-11-12,07:53:50,OrangeMoney,transfert,OUT,5079.0,FCFA,469.72,"Transfert de [USER_5_phone] [USER_5] vers [PHONE_4275] [CONTACT_A8B4] reussi. ID transaction: PP251112.0753.A98238, Montant Transaction: 5079 FCFA, Frais: 54 FCFA, Commission: 0 FCFA, Montant Net: 5133 FCFA, Nouveau Solde: 469.72 FCFA."
USER_5,2025-11-13,23:01:31,OrangeMoney,depot,IN,30995.0,FCFA,31164.72,"Depot effectue par [PHONE_1604] [CONTACT_7D2B] to [USER_5_phone] [USER_5]. Informations detaillees: Montant de transaction : 30995 FCFA, ID transaction : CI251113.2301.D11648, Frais : 0 FCFA, Commission : 0 FCFA, Montant Net du Credit : 30995 FCFA, Nouveau Solde : 31164.72 FCFA."
USER_5,2025-11-14,15:59:03,OrangeMoney,transfert,OUT,13199.0,FCFA,17895.73,"Transfert de [USER_5_phone] [USER_5] vers [PHONE_7144] [CONTACT_27D4] reussi. ID transaction: PP251114.1558.C51086, Montant Transaction: 13199 FCFA, Frais: 69.99 FCFA, Commission: 0 FCFA, Montant Net: 13268.99 FCFA, Nouveau Solde: 17895.73 FCFA."
USER_5,2025-11-14,19:31:53,OrangeMoney,transfert,OUT,5000.0,FCFA,11881.73,"Transfert de [USER_5_phone] [USER_5] vers [PHONE_8187] [CONTACT_9C94] reussi. ID transaction: PP251114.1931.D86594, Montant Transaction: 5000 FCFA, Frais: 14 FCFA, Commission: 0 FCFA, Montant Net: 5014 FCFA, Nouveau Solde: 11881.73 FCFA."
USER_5,2025-11-15,07:47:19,OrangeMoney,transfert,OUT,854.0,FCFA,10973.73,"Transfert de [USER_5_phone] [USER_5] vers [PHONE_3715] [CONTACT_95D7] reussi. ID transaction: PP251115.0747.C19025, Montant Transaction: 854 FCFA, Frais: 54 FCFA, Commission: 0 FCFA, Montant Net: 908 FCFA, Nouveau Solde: 10973.73 FCFA."
USER_5,2025-11-15,14:49:15,OrangeMoney,transfert,OUT,1154.0,FCFA,9765.73,"Transfert de [USER_5_phone] [USER_5] vers [PHONE_1504] [CONTACT_84A6] reussi. ID transaction: PP251115.1449.D55230, Montant Transaction: 1154 FCFA, Frais: 54 FCFA, Commission: 0 FCFA, Montant Net: 1208 FCFA, Nouveau Solde: 9765.73 FCFA."
USER_5,2025-11-15,17:45:53,OrangeMoney,transfert,OUT,954.0,FCFA,8757.73,"Transfert de [USER_5_phone] [USER_5] vers [PHONE_6129] [CONTACT_8DAD] reussi. ID transaction: PP251115.1745.D65791, Montant Transaction: 954 FCFA, Frais: 54 FCFA, Commission: 0 FCFA, Montant Net: 1008 FCFA, Nouveau Solde: 8757.73 FCFA."
USER_5,2025-11-15,19:12:28,OrangeMoney,transfert,OUT,1304.0,FCFA,2599.73,"Transfert de [USER_5_phone] [USER_5] vers [PHONE_4453] [CONTACT_685D] reussi. ID transaction: PP251115.1912.D20606, Montant Transaction: 1304 FCFA, Frais: 54 FCFA, Commission: 0 FCFA, Montant Net: 1358 FCFA, Nouveau Solde: 2599.73 FCFA."
USER_5,2025-11-15,22:45:44,OrangeMoney,transfert,OUT,804.0,FCFA,1741.73,"Transfert de [USER_5_phone] [USER_5] vers [PHONE_3241] [CONTACT_10CD] reussi. ID transaction: PP251115.2245.B06511, Montant Transaction: 804 FCFA, Frais: 54 FCFA, Commission: 0 FCFA, Montant Net: 858 FCFA, Nouveau Solde: 1741.73 FCFA."
USER_5,2025-11-16,06:14:52,OrangeMoney,transfert,IN,1000.0,FCFA,2741.73,"Vous avez recu avec succes 1000 FCFA de [PHONE_9501]. Votre nouveau solde est de 2741.73 FCFA, Reference de transaction: CI251116.0614.A97917 Orange Money vous remercie."
USER_5,2025-11-19,08:24:32,OrangeMoney,transfert,OUT,10154.0,FCFA,11495.73,"Transfert de [PHONE_9214] [CONTACT_3A15] vers [USER_5_phone] [USER_5] reussi. Details: ID transaction: PP251119.0824.C20469, Montant Transaction: 10154FCFA, Frais: 0 FCFA, Commission: 0 FCFA, Montant Net: 10154 FCFA, Nouveau Solde: 11495.73 FCFA."
USER_5,2025-11-19,19:00:36,OrangeMoney,transfert,OUT,12184.0,FCFA,23679.73,"Transfert de [PHONE_0180] [CONTACT_256D] vers [USER_5_phone] [USER_5] reussi. Details: ID transaction: PP251119.1900.A64977, Montant Transaction: 12184FCFA, Frais: 0 FCFA, Commission: 0 FCFA, Montant Net: 12184 FCFA, Nouveau Solde: 23679.73 FCFA."
USER_5,2025-11-19,20:52:18,OrangeMoney,retrait,OUT,2100.0,FCFA,21525.73,"Retrait d'argent reussi par le [PHONE_8677] avec le Code : 373742. Informations detaillees : Montant: 2100 FCFA, Frais: 54 FCFA, No de transaction CO251119.2052.B54231, montant net debite 2154 FCFA, Nouveau solde: 21525.73 FCFA."
USER_5,2025-11-19,21:33:50,OrangeMoney,transfert,OUT,12100.0,FCFA,33625.73,"Transfert de [PHONE_1382] [CONTACT_5F60] vers [USER_5_phone] [USER_5] reussi. Details: ID transaction: PP251119.2133.B38810, Montant Transaction: 12100FCFA, Frais: 0 FCFA, Commission: 0 FCFA, Montant Net: 12100 FCFA, Nouveau Solde: 33625.73 FCFA."
USER_5,2025-11-20,08:12:41,OrangeMoney,transfert,OUT,12184.0,FCFA,45809.73,"Transfert de [PHONE_4565] [CONTACT_9362] vers [USER_5_phone] [USER_5] reussi. Details: ID transaction: PP251120.0812.B12131, Montant Transaction: 12184FCFA, Frais: 0 FCFA, Commission: 0 FCFA, Montant Net: 12184 FCFA, Nouveau Solde: 45809.73 FCFA."
USER_5,2025-11-20,08:21:36,OrangeMoney,transfert,OUT,12000.0,FCFA,57809.73,"Transfert de [PHONE_5931] [CONTACT_1739] vers [USER_5_phone] [USER_5] reussi. Details: ID transaction: PP251120.0821.C15763, Montant Transaction: 12000FCFA, Frais: 0 FCFA, Commission: 0 FCFA, Montant Net: 12000 FCFA, Nouveau Solde: 57809.73 FCFA."
USER_5,2025-11-20,08:23:58,OrangeMoney,transfert,OUT,2054.0,FCFA,59863.73,"Transfert de [PHONE_2742] [CONTACT_AA06] vers [USER_5_phone] [USER_5] reussi. Details: ID transaction: PP251120.0823.A15395, Montant Transaction: 2054FCFA, Frais: 0 FCFA, Commission: 0 FCFA, Montant Net: 2054 FCFA, Nouveau Solde: 59863.73 FCFA."
USER_5,2025-11-20,12:17:59,OrangeMoney,transfert,OUT,12184.0,FCFA,71547.73,"Transfert de [PHONE_8055] [CONTACT_6036] vers [USER_5_phone] [USER_5] reussi. Details: ID transaction: PP251120.1217.B33708, Montant Transaction: 12184FCFA, Frais: 0 FCFA, Commission: 0 FCFA, Montant Net: 12184 FCFA, Nouveau Solde: 71547.73 FCFA."
USER_5,2025-11-20,16:36:25,OrangeMoney,transfert,OUT,1054.0,FCFA,72601.73,"Transfert de [PHONE_8856] [CONTACT_880A] vers [USER_5_phone] [USER_5] reussi. Details: ID transaction: PP251120.1636.C80929, Montant Transaction: 1054FCFA, Frais: 0 FCFA, Commission: 0 FCFA, Montant Net: 1054 FCFA, Nouveau Solde: 72601.73 FCFA."
USER_5,2025-11-20,18:51:33,OrangeMoney,transfert,OUT,3000.0,FCFA,69591.73,"Transfert de [USER_5_phone] [USER_5] vers [PHONE_6708] [CONTACT_F0D8] reussi. ID transaction: PP251120.1851.C63937, Montant Transaction: 3000 FCFA, Frais: 10 FCFA, Commission: 0 FCFA, Montant Net: 3010 FCFA, Nouveau Solde: 69591.73 FCFA."
USER_5,2025-11-21,07:20:00,OrangeMoney,transfert,OUT,12050.0,FCFA,81641.73,"Transfert de [PHONE_2633] [CONTACT_F214] vers [USER_5_phone] [USER_5] reussi. Details: ID transaction: PP251121.0719.B04848, Montant Transaction: 12050FCFA, Frais: 0 FCFA, Commission: 0 FCFA, Montant Net: 12050 FCFA, Nouveau Solde: 81641.73 FCFA."
USER_5,2025-11-21,18:30:35,OrangeMoney,retrait,OUT,80000.0,FCFA,437.73,"Retrait d'argent reussi par le [PHONE_6680] avec le Code : 897061. Informations detaillees : Montant: 80000 FCFA, Frais: 1204 FCFA, No de transaction CO251121.1830.C92061, montant net debite 81204 FCFA, Nouveau solde: 437.73 FCFA."
USER_5,2025-11-23,11:14:33,OrangeMoney,depot,IN,5000.0,FCFA,5237.73,"Depot effectue par [PHONE_5137] [CONTACT_7271] to [USER_5_phone] [USER_5]. Informations detaillees: Montant de transaction : 5000 FCFA, ID transaction : CI251123.1114.A53612, Frais : 0 FCFA, Commission : 0 FCFA, Montant Net du Credit : 5000 FCFA, Nouveau Solde : 5237.73 FCFA."
USER_5,2025-11-24,22:22:08,OrangeMoney,paiement,OUT,1600.0,FCFA,1137.73,"Felicitations, vous venez d'effectuer un payement de 1600 FCFA pour 1600 U = 3,91Go / 30 jrs + 571Mo  / 7 jours. N° de transaction : MP251124.2222.D50625. Nouveau solde : 1137.73 FCFA. Plus de service au #150#"
USER_5,2025-11-29,11:57:29,OrangeMoney,transfert,OUT,5079.0,FCFA,5116.73,"Transfert de [PHONE_6558] [CONTACT_7B4F] vers [USER_5_phone] [USER_5] reussi. Details: ID transaction: PP251129.1157.C48773, Montant Transaction: 5079FCFA, Frais: 0 FCFA, Commission: 0 FCFA, Montant Net: 5079 FCFA, Nouveau Solde: 5116.73 FCFA."
USER_5,2025-11-29,11:59:37,OrangeMoney,transfert,OUT,5079.0,FCFA,23.58,"Transfert de [USER_5_phone] [USER_5] vers [PHONE_2116] [CONTACT_E701] reussi. ID transaction: PP251129.1159.C50192, Montant Transaction: 5079 FCFA, Frais: 14.15 FCFA, Commission: 0 FCFA, Montant Net: 5093.15 FCFA, Nouveau Solde: 23.58 FCFA."
USER_5,2025-12-01,15:36:58,OrangeMoney,depot,IN,10000.0,FCFA,10023.58,"Depot effectue par [PHONE_4337] [CONTACT_1223] to [USER_5_phone] [USER_5]. Informations detaillees: Montant de transaction : 10000 FCFA, ID transaction : CI251201.1536.B60351, Frais : 0 FCFA, Commission : 0 FCFA, Montant Net du Credit : 10000 FCFA, Nouveau Solde : 10023.58 FCFA."
USER_5,2025-12-02,11:18:16,OrangeMoney,transfert,OUT,5079.0,FCFA,5102.58,"Transfert de [PHONE_3802] [CONTACT_9F2E] vers [USER_5_phone] [USER_5] reussi. Details: ID transaction: PP251202.1118.D30061, Montant Transaction: 5079FCFA, Frais: 0 FCFA, Commission: 0 FCFA, Montant Net: 5079 FCFA, Nouveau Solde: 5102.58 FCFA."
USER_5,2025-12-02,17:03:33,OrangeMoney,transfert,OUT,5100.0,FCFA,10202.58,"Transfert de [PHONE_9766] [CONTACT_7B1D] vers [USER_5_phone] [USER_5] reussi. Details: ID transaction: PP251202.1703.D43151, Montant Transaction: 5100FCFA, Frais: 0 FCFA, Commission: 0 FCFA, Montant Net: 5100 FCFA, Nouveau Solde: 10202.58 FCFA."
USER_5,2025-12-02,17:29:00,OrangeMoney,transfert,OUT,35529.0,FCFA,45731.58,"Transfert de [PHONE_1956] [CONTACT_2A97] vers [USER_5_phone] [USER_5] reussi. Details: ID transaction: PP251202.1728.B52179, Montant Transaction: 35529FCFA, Frais: 0 FCFA, Commission: 0 FCFA, Montant Net: 35529 FCFA, Nouveau Solde: 45731.58 FCFA."
USER_5,2025-12-02,18:08:08,OrangeMoney,depot,IN,15000.0,FCFA,60731.58,"Depot effectue par [PHONE_6239] [CONTACT_FC80] to [USER_5_phone] [USER_5]. Informations detaillees: Montant de transaction : 15000 FCFA, ID transaction : CI251202.1808.C99105, Frais : 0 FCFA, Commission : 0 FCFA, Montant Net du Credit : 15000 FCFA, Nouveau Solde : 60731.58 FCFA."
USER_5,2025-12-02,23:31:09,OrangeMoney,transfert,OUT,500.0,FCFA,60226.58,"Transfert de [USER_5_phone] [USER_5] vers [PHONE_1227] [CONTACT_5DD5] reussi. ID transaction: PP251202.2331.B23486, Montant Transaction: 500 FCFA, Frais: 5 FCFA, Commission: 0 FCFA, Montant Net: 505 FCFA, Nouveau Solde: 60226.58 FCFA."
USER_5,2025-12-03,07:18:09,OrangeMoney,paiement,OUT,504.0,FCFA,59722.58,"Vous venez d'effectuer un paiement chez [CONTACT_66A2] d'un montant de 504 FCFA.  Reference de la transaction: SM251203.0718.A14436, Frais: 0 FCFA, Montant net debite: 504 FCFA. Nouveau Solde: 59722.58 FCFA. Orange Money vous remercie."
USER_5,2025-12-05,11:50:46,OrangeMoney,retrait,OUT,53000.0,FCFA,423.58,"Retrait d'argent reussi par le [PHONE_1030] avec le Code : 291908. Informations detaillees : Montant: 53000 FCFA, Frais: 799 FCFA, No de transaction CO251205.1150.A64711, montant net debite 53799 FCFA, Nouveau solde: 423.58 FCFA."
USER_5,2025-12-07,16:40:43,OrangeMoney,transfert,OUT,3000.0,FCFA,3023.58,"Transfert de [PHONE_1815] [CONTACT_AA7C] vers [USER_5_phone] [USER_5] reussi. Details: ID transaction: PP251207.1640.C87547, Montant Transaction: 3000FCFA, Frais: 0 FCFA, Commission: 0 FCFA, Montant Net: 3000 FCFA, Nouveau Solde: 3023.58 FCFA."
USER_5,2025-12-07,18:57:16,OrangeMoney,paiement,OUT,700.0,FCFA,2323.58,"Felicitations, vous venez d'effectuer un payement de 700 FCFA pour 700U = 1,71Go/30J + 250Mo/7J. N° de transaction : MP251207.1857.C81962. Nouveau solde : 2323.58 FCFA. Plus de service au #150#"
USER_5,2025-12-08,06:33:33,OrangeMoney,retrait,OUT,2100.0,FCFA,169.58,"Retrait d'argent reussi par le [PHONE_4706] avec le Code : 264785. Informations detaillees : Montant: 2100 FCFA, Frais: 54 FCFA, No de transaction CO251208.0633.C68079, montant net debite 2154 FCFA, Nouveau solde: 169.58 FCFA."
USER_5,2025-12-08,10:49:23,OrangeMoney,depot,IN,1550.0,FCFA,1719.58,"Depot effectue par [PHONE_6840] [CONTACT_BE30] to [USER_5_phone] [USER_5]. Informations detaillees: Montant de transaction : 1550 FCFA, ID transaction : CI251208.1049.D29445, Frais : 0 FCFA, Commission : 0 FCFA, Montant Net du Credit : 1550 FCFA, Nouveau Solde : 1719.58 FCFA."
USER_5,2025-12-08,18:30:10,OrangeMoney,retrait,OUT,2000.0,FCFA,315.58,"Retrait d'argent reussi par le [PHONE_4710] avec le Code : 352598. Informations detaillees : Montant: 2000 FCFA, Frais: 54 FCFA, No de transaction CO251208.1830.D97865, montant net debite 2054 FCFA, Nouveau solde: 315.58 FCFA."
USER_5,2025-12-09,13:33:47,OrangeMoney,transfert,OUT,1500.0,FCFA,1515.58,"Transfert de [PHONE_1201] [CONTACT_B737] vers [USER_5_phone] [USER_5] reussi. Details: ID transaction: PP251209.1333.B95096, Montant Transaction: 1500FCFA, Frais: 0 FCFA, Commission: 0 FCFA, Montant Net: 1500 FCFA, Nouveau Solde: 1515.58 FCFA."
USER_5,2025-12-09,13:34:47,OrangeMoney,paiement,OUT,700.0,FCFA,815.58,"Felicitations, vous venez d'effectuer un payement de 700 FCFA pour 700U = 1,71Go/30J + 250Mo/7J. N° de transaction : MP251209.1334.D75242. Nouveau solde : 815.58 FCFA. Plus de service au #150#"
USER_5,2025-12-10,20:42:19,OrangeMoney,paiement,OUT,700.0,FCFA,115.58,"Felicitations, vous venez d'effectuer un payement de 700 FCFA pour 700U = 1,71Go/30J + 250Mo/7J. N° de transaction : MP251210.2042.D70489. Nouveau solde : 115.58 FCFA. Plus de service au #150#"
USER_5,2025-12-12,23:43:00,OrangeMoney,transfert,OUT,700.0,FCFA,815.58,"Transfert de [PHONE_2079] [CONTACT_0A4F] vers [USER_5_phone] [USER_5] reussi. Details: ID transaction: PP251212.2342.C80314, Montant Transaction: 700FCFA, Frais: 0 FCFA, Commission: 0 FCFA, Montant Net: 700 FCFA, Nouveau Solde: 815.58 FCFA."
USER_5,2025-12-12,23:44:01,OrangeMoney,paiement,OUT,700.0,FCFA,115.58,"Felicitations, vous venez d'effectuer un payement de 700 FCFA pour 700U = 1,71Go/30J + 250Mo/7J. N° de transaction : MP251212.2343.C58016. Nouveau solde : 115.58 FCFA. Plus de service au #150#"
USER_5,2025-12-13,20:02:17,OrangeMoney,transfert,OUT,10200.0,FCFA,10315.58,"Transfert de [PHONE_7712] [CONTACT_BAF2] vers [USER_5_phone] [USER_5] reussi. Details: ID transaction: PP251213.2002.A74245, Montant Transaction: 10200FCFA, Frais: 0 FCFA, Commission: 0 FCFA, Montant Net: 10200 FCFA, Nouveau Solde: 10315.58 FCFA."
USER_5,2025-12-13,21:01:01,OrangeMoney,retrait,OUT,850.0,FCFA,5811.58,"Retrait d'argent reussi par le [PHONE_0647] avec le Code : 792842. Informations detaillees : Montant: 850 FCFA, Frais: 54 FCFA, No de transaction CO251213.2100.D58423, montant net debite 904 FCFA, Nouveau solde: 5811.58 FCFA."
USER_5,2025-12-15,07:43:47,OrangeMoney,depot,IN,4000.0,FCFA,6811.58,"Depot effectue par [PHONE_0647] [CONTACT_FECA] to [USER_5_phone] [USER_5]. Informations detaillees: Montant de transaction : 4000 FCFA, ID transaction : CI251215.0743.B63759, Frais : 0 FCFA, Commission : 0 FCFA, Montant Net du Credit : 4000 FCFA, Nouveau Solde : 6811.58 FCFA."
USER_5,2025-12-15,13:32:54,OrangeMoney,retrait,OUT,1500.0,FCFA,5257.58,"Retrait d'argent reussi par le [PHONE_0647] avec le Code : 792842. Informations detaillees : Montant: 1500 FCFA, Frais: 54 FCFA, No de transaction CO251215.1332.B22107, montant net debite 1554 FCFA, Nouveau solde: 5257.58 FCFA."
USER_5,2025-12-16,08:37:16,OrangeMoney,paiement,OUT,500.0,FCFA,4757.58,"Vous venez d'effectuer un paiement chez [CONTACT_66A2] d'un montant de 500 FCFA.  Reference de la transaction: SM251216.0837.C53394, Frais: 0 FCFA, Montant net debite: 500 FCFA. Nouveau Solde: 4757.58 FCFA. Orange Money vous remercie."
USER_5,2025-12-16,09:00:20,OrangeMoney,retrait,OUT,2000.0,FCFA,2703.58,"Retrait d'argent reussi par le [PHONE_5125] avec le Code : 720046. Informations detaillees : Montant: 2000 FCFA, Frais: 54 FCFA, No de transaction CO251216.0900.C16046, montant net debite 2054 FCFA, Nouveau solde: 2703.58 FCFA."
USER_5,2025-12-16,12:38:11,OrangeMoney,depot,IN,20500.0,FCFA,23203.58,"Depot effectue par [PHONE_4493] [CONTACT_7AD7] D to [USER_5_phone] [USER_5]. Informations detaillees: Montant de transaction : 20500 FCFA, ID transaction : CI251216.1238.B33475, Frais : 0 FCFA, Commission : 0 FCFA, Montant Net du Credit : 20500 FCFA, Nouveau Solde : 23203.58 FCFA."
USER_5,2025-12-16,13:19:05,OrangeMoney,paiement,OUT,700.0,FCFA,22503.58,"Felicitations, vous venez d'effectuer un payement de 700 FCFA pour 700U = 1,71Go/30J + 250Mo/7J. N° de transaction : MP251216.1319.D09875. Nouveau solde : 22503.58 FCFA. Plus de service au #150#"
USER_5,2025-12-16,13:51:02,OrangeMoney,paiement,OUT,700.0,FCFA,21803.58,"Felicitations, vous venez d'effectuer un payement de 700 FCFA pour 700U = 1,71Go/30J + 250Mo/7J. N° de transaction : MP251216.1350.D34897. Nouveau solde : 21803.58 FCFA. Plus de service au #150#"
USER_5,2025-12-16,16:06:27,OrangeMoney,transfert,OUT,5064.0,FCFA,16725.46,"Transfert de [USER_5_phone] [USER_5] vers [PHONE_1956] [CONTACT_2A97] reussi. ID transaction: PP251216.1606.B71039, Montant Transaction: 5064 FCFA, Frais: 14.12 FCFA, Commission: 0 FCFA, Montant Net: 5078.12 FCFA, Nouveau Solde: 16725.46 FCFA."
USER_5,2025-12-16,19:11:38,OrangeMoney,retrait,OUT,2000.0,FCFA,14697.46,"Retrait d'argent reussi par le [PHONE_4279] avec le Code : 505934. Informations detaillees : Montant: 2000 FCFA, Frais: 28 FCFA, No de transaction CO251216.1911.C36810, montant net debite 2028 FCFA, Nouveau solde: 14697.46 FCFA."
USER_5,2025-12-17,09:55:57,OrangeMoney,retrait,OUT,2000.0,FCFA,12643.46,"Retrait d'argent reussi par le [PHONE_3268] avec le Code : 264701. Informations detaillees : Montant: 2000 FCFA, Frais: 54 FCFA, No de transaction CO251217.0955.A05230, montant net debite 2054 FCFA, Nouveau solde: 12643.46 FCFA."
USER_5,2025-12-17,20:18:33,OrangeMoney,transfert,OUT,6400.0,FCFA,3226.66,"Transfert de [USER_5_phone] [USER_5] vers [PHONE_2376] [CONTACT_5D0F] reussi. ID transaction: PP251217.2018.D27378, Montant Transaction: 6400 FCFA, Frais: 16.8 FCFA, Commission: 0 FCFA, Montant Net: 6416.8 FCFA, Nouveau Solde: 3226.66 FCFA."
USER_5,2025-12-17,22:45:28,OrangeMoney,paiement,OUT,700.0,FCFA,2526.66,"Felicitations, vous venez d'effectuer un payement de 700 FCFA pour 700U = 1,71Go/30J + 250Mo/7J. N° de transaction : MP251217.2245.A37853. Nouveau solde : 2526.66 FCFA. Plus de service au #150#"
USER_5,2025-12-18,11:50:01,OrangeMoney,transfert,OUT,500.0,FCFA,1021.66,"Transfert de [USER_5_phone] [USER_5] vers [PHONE_2079] [CONTACT_0A4F] reussi. ID transaction: PP251218.1149.D75538, Montant Transaction: 500 FCFA, Frais: 5 FCFA, Commission: 0 FCFA, Montant Net: 505 FCFA, Nouveau Solde: 1021.66 FCFA."
USER_5,2025-12-19,09:17:47,OrangeMoney,transfert,OUT,10154.0,FCFA,10675.66,"Transfert de [PHONE_4549] [CONTACT_3EA1] vers [USER_5_phone] [USER_5] reussi. Details: ID transaction: PP251219.0917.D73860, Montant Transaction: 10154FCFA, Frais: 0 FCFA, Commission: 0 FCFA, Montant Net: 10154 FCFA, Nouveau Solde: 10675.66 FCFA."
USER_5,2025-12-19,11:09:11,OrangeMoney,transfert,OUT,15000.0,FCFA,25675.66,"Transfert de [PHONE_1956] [CONTACT_2A97] vers [USER_5_phone] [USER_5] reussi. Details: ID transaction: PP251219.1109.C43371, Montant Transaction: 15000FCFA, Frais: 0 FCFA, Commission: 0 FCFA, Montant Net: 15000 FCFA, Nouveau Solde: 25675.66 FCFA."
USER_5,2025-12-19,12:34:54,OrangeMoney,transfert,OUT,5079.0,FCFA,5682.51,"Transfert de [USER_5_phone] [USER_5] vers [PHONE_7462] [CONTACT_D4F8] reussi. ID transaction: PP251219.1234.B96727, Montant Transaction: 5079 FCFA, Frais: 14.15 FCFA, Commission: 0 FCFA, Montant Net: 5093.15 FCFA, Nouveau Solde: 5682.51 FCFA."
USER_5,2025-12-19,20:49:20,OrangeMoney,transfert,OUT,5000.0,FCFA,668.51,"Transfert de [USER_5_phone] [USER_5] vers [PHONE_1956] [CONTACT_2A97] reussi. ID transaction: PP251219.2049.B36752, Montant Transaction: 5000 FCFA, Frais: 14 FCFA, Commission: 0 FCFA, Montant Net: 5014 FCFA, Nouveau Solde: 668.51 FCFA."
USER_5,2025-12-22,11:11:04,OrangeMoney,transfert,OUT,20000.0,FCFA,20068.51,"Transfert de [PHONE_1956] [CONTACT_2A97] vers [USER_5_phone] [USER_5] reussi. Details: ID transaction: PP251222.1111.B95365, Montant Transaction: 20000FCFA, Frais: 0 FCFA, Commission: 0 FCFA, Montant Net: 20000 FCFA, Nouveau Solde: 20068.51 FCFA."
USER_5,2025-12-22,11:42:46,OrangeMoney,paiement,OUT,700.0,FCFA,19368.51,"Felicitations, vous venez d'effectuer un payement de 700 FCFA pour 700U = 1,71Go/30J + 250Mo/7J. N° de transaction : MP251222.1142.D43727. Nouveau solde : 19368.51 FCFA. Plus de service au #150#"
USER_5,2025-12-22,13:56:57,OrangeMoney,retrait,OUT,10000.0,FCFA,9214.51,"Retrait d'argent reussi par le [PHONE_4719] avec le Code : 374186. Informations detaillees : Montant: 10000 FCFA, Frais: 154 FCFA, No de transaction CO251222.1355.A03932, montant net debite 10154 FCFA, Nouveau solde: 9214.51 FCFA."
USER_5,2025-12-22,16:06:38,OrangeMoney,transfert,OUT,10154.0,FCFA,19368.51,"Transfert de [PHONE_6558] [CONTACT_7B4F] vers [USER_5_phone] [USER_5] reussi. Details: ID transaction: PP251222.1606.B12203, Montant Transaction: 10154FCFA, Frais: 0 FCFA, Commission: 0 FCFA, Montant Net: 10154 FCFA, Nouveau Solde: 19368.51 FCFA."
USER_5,2025-12-22,16:31:30,OrangeMoney,retrait,OUT,5000.0,FCFA,14314.51,"Retrait d'argent reussi par le [PHONE_2063] avec le Code : 523292. Informations detaillees : Montant: 5000 FCFA, Frais: 54 FCFA, No de transaction CO251222.1631.A21293, montant net debite 5054 FCFA, Nouveau solde: 14314.51 FCFA."
USER_5,2025-12-23,19:01:41,OrangeMoney,retrait,OUT,3550.0,FCFA,10707.26,"Retrait d'argent reussi par le [PHONE_1454] avec le Code : 292694. Informations detaillees : Montant: 3550 FCFA, Frais: 57.25 FCFA, No de transaction CO251223.1901.A86942, montant net debite 3607.25 FCFA, Nouveau solde: 10707.26 FCFA."
USER_5,2025-12-24,10:33:42,OrangeMoney,paiement,OUT,700.0,FCFA,10007.26,"Felicitations, vous venez d'effectuer un payement de 700 FCFA pour 700U = 1,71Go/30J + 250Mo/7J. N° de transaction : MP251224.1033.C22924. Nouveau solde : 10007.26 FCFA. Plus de service au #150#"
USER_5,2025-12-24,11:02:58,OrangeMoney,paiement,OUT,1250.0,FCFA,8757.26,"Felicitations, vous venez d'effectuer un payement de 1250 FCFA pour 1250U = 17000U Orange/30J + 16250U ts reseaux/7J. N° de transaction : MP251224.1102.D68198. Nouveau solde : 8757.26 FCFA. Plus de service au #150#"
USER_5,2025-12-24,13:02:51,OrangeMoney,transfert,OUT,2054.0,FCFA,6649.26,"Transfert de [USER_5_phone] [USER_5] vers [PHONE_2822] [CONTACT_20CC] reussi. ID transaction: PP251224.1302.B20397, Montant Transaction: 2054 FCFA, Frais: 54 FCFA, Commission: 0 FCFA, Montant Net: 2108 FCFA, Nouveau Solde: 6649.26 FCFA."
USER_5,2025-12-26,12:07:47,OrangeMoney,paiement,OUT,700.0,FCFA,4399.26,"Felicitations, vous venez d'effectuer un payement de 700 FCFA pour 700U = 1,71Go/30J + 250Mo/7J. N° de transaction : MP251226.1207.B51742. Nouveau solde : 4399.26 FCFA. Plus de service au #150#"
USER_5,2025-12-26,17:56:56,OrangeMoney,transfert,OUT,15000.0,FCFA,19399.26,"Transfert de [PHONE_1956] [CONTACT_2A97] vers [USER_5_phone] [USER_5] reussi. Details: ID transaction: PP251226.1756.C97303, Montant Transaction: 15000FCFA, Frais: 0 FCFA, Commission: 0 FCFA, Montant Net: 15000 FCFA, Nouveau Solde: 19399.26 FCFA."
USER_5,2025-12-26,19:01:54,OrangeMoney,transfert,OUT,1554.0,FCFA,17838.16,"Transfert de [USER_5_phone] [USER_5] vers [PHONE_9121] [CONTACT_E06F] reussi. ID transaction: PP251226.1901.A29671, Montant Transaction: 1554 FCFA, Frais: 7.1 FCFA, Commission: 0 FCFA, Montant Net: 1561.1 FCFA, Nouveau Solde: 17838.16 FCFA."
USER_5,2025-12-26,21:26:43,OrangeMoney,retrait,OUT,2100.0,FCFA,15684.16,"Retrait d'argent reussi par le [PHONE_1171] avec le Code : 292596. Informations detaillees : Montant: 2100 FCFA, Frais: 54 FCFA, No de transaction CO251226.2126.D35425, montant net debite 2154 FCFA, Nouveau solde: 15684.16 FCFA."
USER_5,2025-12-26,21:47:55,OrangeMoney,transfert,OUT,10154.0,FCFA,5505.86,"Transfert de [USER_5_phone] [USER_5] vers [PHONE_4892] [CONTACT_AEAD] reussi. ID transaction: PP251226.2147.B24837, Montant Transaction: 10154 FCFA, Frais: 24.3 FCFA, Commission: 0 FCFA, Montant Net: 10178.3 FCFA, Nouveau Solde: 5505.86 FCFA."
USER_5,2025-12-27,10:40:40,OrangeMoney,rechargement,OUT,1000.0,FCFA,3305.86,"Rechargement reussi. Montant de la transaction: 1000 FCFA, ID transaction: RC251227.1040.C59538, Frais: 0 FCFA, Commission: 0 FCFA, Nouveau solde: 3305.86 FCFA"
USER_5,2025-12-28,19:00:03,OrangeMoney,transfert,OUT,2500.0,FCFA,796.86,"Transfert de [USER_5_phone] [USER_5] vers [PHONE_1956] [CONTACT_2A97] reussi. ID transaction: PP251228.1900.D84253, Montant Transaction: 2500 FCFA, Frais: 9 FCFA, Commission: 0 FCFA, Montant Net: 2509 FCFA, Nouveau Solde: 796.86 FCFA."
USER_5,2025-12-29,10:08:04,OrangeMoney,transfert,OUT,1054.0,FCFA,1850.86,"Transfert de [PHONE_1956] [CONTACT_2A97] vers [USER_5_phone] [USER_5] reussi. Details: ID transaction: PP251229.1008.C03629, Montant Transaction: 1054FCFA, Frais: 0 FCFA, Commission: 0 FCFA, Montant Net: 1054 FCFA, Nouveau Solde: 1850.86 FCFA."
USER_5,2025-12-29,11:55:17,OrangeMoney,paiement,OUT,700.0,FCFA,150.86,"Felicitations, vous venez d'effectuer un payement de 700 FCFA pour 700U = 1,71Go/30J + 250Mo/7J. N° de transaction : MP251229.1155.B62709. Nouveau solde : 150.86 FCFA. Plus de service au #150#"
USER_5,2025-12-29,15:43:59,OrangeMoney,transfert,OUT,5079.0,FCFA,5229.86,"Transfert de [PHONE_2971] [CONTACT_962A] vers [USER_5_phone] [USER_5] reussi. Details: ID transaction: PP251229.1543.C24075, Montant Transaction: 5079FCFA, Frais: 0 FCFA, Commission: 0 FCFA, Montant Net: 5079 FCFA, Nouveau Solde: 5229.86 FCFA."
USER_5,2025-12-29,16:29:19,OrangeMoney,transfert,OUT,2054.0,FCFA,3167.76,"Transfert de [USER_5_phone] [USER_5] vers [PHONE_8896] [CONTACT_559A] reussi. ID transaction: PP251229.1629.B51350, Montant Transaction: 2054 FCFA, Frais: 8.1 FCFA, Commission: 0 FCFA, Montant Net: 2062.1 FCFA, Nouveau Solde: 3167.76 FCFA."
USER_5,2025-12-30,13:24:55,OrangeMoney,retrait,OUT,3000.0,FCFA,113.76,"Retrait d'argent reussi par le [PHONE_3268] avec le Code : 264701. Informations detaillees : Montant: 3000 FCFA, Frais: 54 FCFA, No de transaction CO251230.1324.D67735, montant net debite 3054 FCFA, Nouveau solde: 113.76 FCFA."
USER_5,2025-12-30,20:27:21,OrangeMoney,transfert,OUT,1054.0,FCFA,1167.76,"Transfert de [PHONE_9229] [CONTACT_97A5] vers [USER_5_phone] [USER_5] reussi. Details: ID transaction: PP251230.2027.C30937, Montant Transaction: 1054FCFA, Frais: 0 FCFA, Commission: 0 FCFA, Montant Net: 1054 FCFA, Nouveau Solde: 1167.76 FCFA."
USER_5,2026-01-03,17:16:56,OrangeMoney,transfert,OUT,2000.0,FCFA,2067.76,"Transfert de [PHONE_1956] [CONTACT_2A97] vers [USER_5_phone] [USER_5] reussi. Details: ID transaction: PP260103.1716.C27284, Montant Transaction: 2000FCFA, Frais: 0 FCFA, Commission: 0 FCFA, Montant Net: 2000 FCFA, Nouveau Solde: 2067.76 FCFA."
USER_5,2026-01-04,15:50:50,OrangeMoney,transfert,OUT,1000.0,FCFA,61.76,"Transfert de [USER_5_phone] [USER_5] vers [PHONE_7734] [CONTACT_D5F3] reussi. ID transaction: PP260104.1550.B15807, Montant Transaction: 1000 FCFA, Frais: 6 FCFA, Commission: 0 FCFA, Montant Net: 1006 FCFA, Nouveau Solde: 61.76 FCFA."
USER_5,2026-01-09,19:44:48,OrangeMoney,transfert,OUT,1000.0,FCFA,1061.76,"Transfert de [PHONE_6265] [CONTACT_465E] vers [USER_5_phone] [USER_5] reussi. Details: ID transaction: PP260109.1944.D69759, Montant Transaction: 1000FCFA, Frais: 0 FCFA, Commission: 0 FCFA, Montant Net: 1000 FCFA, Nouveau Solde: 1061.76 FCFA."
USER_5,2026-01-10,18:05:05,OrangeMoney,transfert,OUT,2554.0,FCFA,3615.76,"Transfert de [PHONE_7751] [CONTACT_B03E] vers [USER_5_phone] [USER_5] reussi. Details: ID transaction: PP260110.1805.C68868, Montant Transaction: 2554FCFA, Frais: 0 FCFA, Commission: 0 FCFA, Montant Net: 2554 FCFA, Nouveau Solde: 3615.76 FCFA."
USER_5,2026-01-11,11:07:11,OrangeMoney,transfert,OUT,2054.0,FCFA,1553.66,"Transfert de [USER_5_phone] [USER_5] vers [PHONE_9229] [CONTACT_97A5] reussi. ID transaction: PP260111.1107.B58568, Montant Transaction: 2054 FCFA, Frais: 8.1 FCFA, Commission: 0 FCFA, Montant Net: 2062.1 FCFA, Nouveau Solde: 1553.66 FCFA."
USER_5,2026-01-11,11:54:39,OrangeMoney,transfert,OUT,1000.0,FCFA,2553.66,"Transfert de [PHONE_9229] [CONTACT_97A5] vers [USER_5_phone] [USER_5] reussi. Details: ID transaction: PP260111.1154.B86706, Montant Transaction: 1000FCFA, Frais: 0 FCFA, Commission: 0 FCFA, Montant Net: 1000 FCFA, Nouveau Solde: 2553.66 FCFA."
USER_5,2026-01-11,18:28:45,OrangeMoney,transfert,OUT,2554.0,FCFA,5107.66,"Transfert de [PHONE_7752] [CONTACT_9FEA] vers [USER_5_phone] [USER_5] reussi. Details: ID transaction: PP260111.1828.A26840, Montant Transaction: 2554FCFA, Frais: 0 FCFA, Commission: 0 FCFA, Montant Net: 2554 FCFA, Nouveau Solde: 5107.66 FCFA."
USER_5,2026-01-14,10:48:52,OrangeMoney,transfert,OUT,100.0,FCFA,1653.46,"Transfert de [USER_5_phone] [USER_5] vers [PHONE_9782] [CONTACT_272E] reussi. ID transaction: PP260114.1048.A10366, Montant Transaction: 100 FCFA, Frais: 4.2 FCFA, Commission: 0 FCFA, Montant Net: 104.2 FCFA, Nouveau Solde: 1653.46 FCFA."
USER_5,2026-01-14,19:01:55,OrangeMoney,transfert,OUT,1500.0,FCFA,2153.46,"Transfert de [PHONE_0489] [CONTACT_52F6] vers [USER_5_phone] [USER_5] reussi. Details: ID transaction: PP260114.1901.D38712, Montant Transaction: 1500FCFA, Frais: 0 FCFA, Commission: 0 FCFA, Montant Net: 1500 FCFA, Nouveau Solde: 2153.46 FCFA."
USER_5,2026-01-15,11:32:32,OrangeMoney,transfert,OUT,15500.0,FCFA,17653.46,"Transfert de [PHONE_7712] [CONTACT_BAF2] vers [USER_5_phone] [USER_5] reussi. Details: ID transaction: PP260115.1132.A95076, Montant Transaction: 15500FCFA, Frais: 0 FCFA, Commission: 0 FCFA, Montant Net: 15500 FCFA, Nouveau Solde: 17653.46 FCFA."
USER_5,2026-01-15,11:36:21,OrangeMoney,autre,unknown,2500.0,XAF,253.46,Votre Carte Virtuo N° XXXXXXXXXXXX3735 a été créée avec succès. Vous pouvez l'utiliser immédiatement pour vos achats en ligne. Orange Money vous remercie. Félicitations ! Votre carte virtuelle prépayée a été activée avec succès. Montant : 2500 XAF. Frais : 0.00 XAF. Réf : MP260115.1136.D04629. Nouveau solde : 253.46 XAF.
USER_5,2026-01-18,15:13:55,OrangeMoney,transfert,OUT,20300.0,FCFA,20353.46,"Transfert de [PHONE_7712] [CONTACT_BAF2] vers [USER_5_phone] [USER_5] reussi. Details: ID transaction: PP260118.1513.D06813, Montant Transaction: 20300FCFA, Frais: 0 FCFA, Commission: 0 FCFA, Montant Net: 20300 FCFA, Nouveau Solde: 20353.46 FCFA."
USER_5,2026-01-19,10:50:27,OrangeMoney,transfert,OUT,65300.0,FCFA,85653.46,"Transfert de [PHONE_8161] [CONTACT_277C] vers [USER_5_phone] [USER_5] reussi. Details: ID transaction: PP260119.1050.B82754, Montant Transaction: 65300FCFA, Frais: 0 FCFA, Commission: 0 FCFA, Montant Net: 65300 FCFA, Nouveau Solde: 85653.46 FCFA."
USER_5,2026-01-19,12:43:44,OrangeMoney,transfert,OUT,2500.0,FCFA,83099.46,"Transfert de [USER_5_phone] [USER_5] vers [PHONE_4358] [CONTACT_DDE8] reussi. ID transaction: PP260119.1243.B48367, Montant Transaction: 2500 FCFA, Frais: 54 FCFA, Commission: 0 FCFA, Montant Net: 2554 FCFA, Nouveau Solde: 83099.46 FCFA."
USER_5,2026-01-19,15:12:56,OrangeMoney,retrait,OUT,5000.0,FCFA,78020.46,"Retrait d'argent reussi par le [PHONE_2453] avec le Code : 129395. Informations detaillees : Montant: 5000 FCFA, Frais: 79 FCFA, No de transaction CO260119.1512.A81165, montant net debite 5079 FCFA, Nouveau solde: 78020.46 FCFA."
USER_5,2026-01-19,20:45:28,OrangeMoney,transfert,OUT,200.0,FCFA,77816.06,"Transfert de [USER_5_phone] [USER_5] vers [PHONE_7734] [CONTACT_D5F3] reussi. ID transaction: PP260119.2045.C44702, Montant Transaction: 200 FCFA, Frais: 4.4 FCFA, Commission: 0 FCFA, Montant Net: 204.4 FCFA, Nouveau Solde: 77816.06 FCFA."
USER_5,2026-01-19,23:57:35,OrangeMoney,transfert,OUT,1000.0,FCFA,75810.06,"Transfert de [USER_5_phone] [USER_5] vers [PHONE_9235] [CONTACT_6932] reussi. ID transaction: PP260119.2357.B93990, Montant Transaction: 1000 FCFA, Frais: 6 FCFA, Commission: 0 FCFA, Montant Net: 1006 FCFA, Nouveau Solde: 75810.06 FCFA."
USER_5,2026-01-20,12:09:35,OrangeMoney,retrait,OUT,72000.0,FCFA,2126.06,"Retrait d'argent reussi par le [PHONE_0782] avec le Code : 859028. Informations detaillees : Montant: 72000 FCFA, Frais: 1084 FCFA, No de transaction CO260120.1209.A94905, montant net debite 73084 FCFA, Nouveau solde: 2126.06 FCFA."
USER_5,2026-01-20,12:46:46,OrangeMoney,transfert,OUT,1054.0,FCFA,1018.06,"Transfert de [USER_5_phone] [USER_5] vers [PHONE_4551] [CONTACT_7E1D] reussi. ID transaction: PP260120.1246.C90136, Montant Transaction: 1054 FCFA, Frais: 54 FCFA, Commission: 0 FCFA, Montant Net: 1108 FCFA, Nouveau Solde: 1018.06 FCFA."
USER_5,2026-01-23,13:11:03,OrangeMoney,depot,IN,8500.0,FCFA,8518.06,"Depot effectue par [PHONE_7683] [CONTACT_0218] to [USER_5_phone] [USER_5]. Informations detaillees: Montant de transaction : 8500 FCFA, ID transaction : CI260123.1311.C79056, Frais : 0 FCFA, Commission : 0 FCFA, Montant Net du Credit : 8500 FCFA, Nouveau Solde : 8518.06 FCFA."
USER_5,2026-01-23,13:12:48,OrangeMoney,autre,unknown,8000.0,XAF,478.06,Votre carte prépayée virtuelle a été rechargée de 8000 XAF. Nouveau solde : 478.06 XAF. Merci d'utiliser Orange Money.
USER_5,2026-01-23,13:18:30,OrangeMoney,paiement,OUT,,,,"Cher client, votre paiement de 3.29 USD chez [CONTACT_0BF6] a été effectué avec succès. Nouveau solde XAF 6,051.00.ID: 497733. Orange Money vous remercie."
USER_5,2026-01-23,16:54:30,OrangeMoney,transfert,OUT,5800.0,XAF,,Votre transfert de 5800 XAF depuis la carte virtuelle prépayée Orange Money a été effectué avec succès. Frais : 0.00 XAF. Nouveau solde Orange Money : 6278.06 XAF. Nouveau solde carte : 251.00 XAF. Réf : CI260123.1654.D32903. Date : 23 janvier 26 16:54. Merci d'utiliser Orange Money.
USER_5,2026-01-27,11:32:31,OrangeMoney,transfert,OUT,10154.0,FCFA,10332.06,"Transfert de [PHONE_7181] [CONTACT_5088] vers [USER_5_phone] [USER_5] reussi. Details: ID transaction: PP260127.1132.A37702, Montant Transaction: 10154FCFA, Frais: 0 FCFA, Commission: 0 FCFA, Montant Net: 10154 FCFA, Nouveau Solde: 10332.06 FCFA."
USER_5,2026-01-28,09:00:20,OrangeMoney,transfert,OUT,10000.0,FCFA,208.06,"Transfert de [USER_5_phone] [USER_5] vers [PHONE_1956] [CONTACT_2A97] reussi. ID transaction: PP260128.0900.D47408, Montant Transaction: 10000 FCFA, Frais: 24 FCFA, Commission: 0 FCFA, Montant Net: 10024 FCFA, Nouveau Solde: 208.06 FCFA."
USER_5,2026-01-30,20:36:31,OrangeMoney,depot,IN,5000.0,FCFA,5008.06,"Depot effectue par [PHONE_7710] [CONTACT_F551] to [USER_5_phone] [USER_5]. Informations detaillees: Montant de transaction : 5000 FCFA, ID transaction : CI260130.2036.B59672, Frais : 0 FCFA, Commission : 0 FCFA, Montant Net du Credit : 5000 FCFA, Nouveau Solde : 5008.06 FCFA."
USER_5,2026-01-30,20:54:03,OrangeMoney,transfert,OUT,25000.0,FCFA,30008.06,"Transfert de [PHONE_1956] [CONTACT_2A97] vers [USER_5_phone] [USER_5] reussi. Details: ID transaction: PP260130.2054.B37264, Montant Transaction: 25000FCFA, Frais: 0 FCFA, Commission: 0 FCFA, Montant Net: 25000 FCFA, Nouveau Solde: 30008.06 FCFA."
USER_5,2026-01-31,07:50:30,OrangeMoney,transfert,OUT,1554.0,FCFA,26546.96,"Transfert de [USER_5_phone] [USER_5] vers [PHONE_6320] [CONTACT_6932] reussi. ID transaction: PP260131.0750.B41501, Montant Transaction: 1554 FCFA, Frais: 7.1 FCFA, Commission: 0 FCFA, Montant Net: 1561.1 FCFA, Nouveau Solde: 26546.96 FCFA."
USER_5,2026-01-31,11:03:17,OrangeMoney,autre,unknown,11070.0,FCFA,,"Transfert d argent de 11070 FCFA recu du +[PHONE_4396] (France) le 2026-01-31 11:03:14. Nouveau solde OM : 37616.96 FCFA, Frais : 0 FCFA"
USER_5,2026-01-31,21:44:02,OrangeMoney,transfert,OUT,10154.0,FCFA,26438.66,"Transfert de [USER_5_phone] [USER_5] vers [PHONE_2366] [CONTACT_F16C] reussi. ID transaction: PP260131.2144.B92983, Montant Transaction: 10154 FCFA, Frais: 24.3 FCFA, Commission: 0 FCFA, Montant Net: 10178.3 FCFA, Nouveau Solde: 26438.66 FCFA."
USER_5,2026-02-01,08:17:23,OrangeMoney,rechargement,OUT,100.0,FCFA,26338.66,"Rechargement reussi. Montant de la transaction: 100 FCFA, ID transaction: RC260201.0817.D32505, Frais: 0 FCFA, Commission: 0 FCFA, Nouveau solde: 26338.66 FCFA"
USER_5,2026-02-02,09:28:12,OrangeMoney,transfert,OUT,25000.0,FCFA,1284.66,"Transfert de [USER_5_phone] [USER_5] vers [PHONE_7626] [CONTACT_7AA8] reussi. ID transaction: PP260202.0928.D26541, Montant Transaction: 25000 FCFA, Frais: 54 FCFA, Commission: 0 FCFA, Montant Net: 25054 FCFA, Nouveau Solde: 1284.66 FCFA."
USER_5,2026-02-04,10:53:03,OrangeMoney,transfert,OUT,5000.0,FCFA,5184.66,"Transfert de [PHONE_2046] [CONTACT_4962] vers [USER_5_phone] [USER_5] reussi. Details: ID transaction: PP260204.1051.B59755, Montant Transaction: 5000FCFA, Frais: 0 FCFA, Commission: 0 FCFA, Montant Net: 5000 FCFA, Nouveau Solde: 5184.66 FCFA."
USER_5,2026-02-05,22:37:26,OrangeMoney,transfert,OUT,3054.0,FCFA,20.56,"Transfert de [USER_5_phone] [USER_5] vers [PHONE_2366] [CONTACT_F16C] reussi. ID transaction: PP260205.2237.B39253, Montant Transaction: 3054 FCFA, Frais: 10.1 FCFA, Commission: 0 FCFA, Montant Net: 3064.1 FCFA, Nouveau Solde: 20.56 FCFA."
USER_5,2026-02-08,14:35:09,OrangeMoney,depot,IN,1000.0,FCFA,1020.56,"Depot effectue par [PHONE_6239] [CONTACT_FC80] to [USER_5_phone] [USER_5]. Informations detaillees: Montant de transaction : 1000 FCFA, ID transaction : CI260208.1435.D56336, Frais : 0 FCFA, Commission : 0 FCFA, Montant Net du Credit : 1000 FCFA, Nouveau Solde : 1020.56 FCFA."
USER_5,2026-02-10,13:43:44,OrangeMoney,transfert,OUT,1500.0,FCFA,1520.56,"Transfert de [PHONE_5721] [CONTACT_84F3] vers [USER_5_phone] [USER_5] reussi. Details: ID transaction: PP260210.1343.C99709, Montant Transaction: 1500FCFA, Frais: 0 FCFA, Commission: 0 FCFA, Montant Net: 1500 FCFA, Nouveau Solde: 1520.56 FCFA."
USER_5,2026-02-12,12:15:22,OrangeMoney,transfert,OUT,1000.0,FCFA,1245.56,"Transfert de [PHONE_1956] [CONTACT_2A97] vers [USER_5_phone] [USER_5] reussi. Details: ID transaction: PP260212.1215.A22700, Montant Transaction: 1000FCFA, Frais: 0 FCFA, Commission: 0 FCFA, Montant Net: 1000 FCFA, Nouveau Solde: 1245.56 FCFA."
USER_5,2026-02-12,14:29:30,OrangeMoney,transfert,OUT,1000.0,FCFA,1045.56,"Transfert de [PHONE_7810] [CONTACT_48B1] vers [USER_5_phone] [USER_5] reussi. Details: ID transaction: PP260212.1429.C20422, Montant Transaction: 1000FCFA, Frais: 0 FCFA, Commission: 0 FCFA, Montant Net: 1000 FCFA, Nouveau Solde: 1045.56 FCFA."
USER_5,2026-02-13,18:15:49,OrangeMoney,transfert,OUT,1500.0,FCFA,2045.56,"Transfert de [PHONE_7810] [CONTACT_48B1] vers [USER_5_phone] [USER_5] reussi. Details: ID transaction: PP260213.1815.B00395, Montant Transaction: 1500FCFA, Frais: 0 FCFA, Commission: 0 FCFA, Montant Net: 1500 FCFA, Nouveau Solde: 2045.56 FCFA."
USER_5,2026-02-13,18:16:47,OrangeMoney,transfert,OUT,1500.0,FCFA,538.56,"Transfert de [USER_5_phone] [USER_5] vers [PHONE_5721] [CONTACT_84F3] reussi. ID transaction: PP260213.1816.D14764, Montant Transaction: 1500 FCFA, Frais: 7 FCFA, Commission: 0 FCFA, Montant Net: 1507 FCFA, Nouveau Solde: 538.56 FCFA."
USER_5,2026-02-16,10:06:28,OrangeMoney,transfert,OUT,15500.0,FCFA,15538.56,"Transfert de [PHONE_1956] [CONTACT_2A97] vers [USER_5_phone] [USER_5] reussi. Details: ID transaction: PP260216.1006.B03805, Montant Transaction: 15500FCFA, Frais: 0 FCFA, Commission: 0 FCFA, Montant Net: 15500 FCFA, Nouveau Solde: 15538.56 FCFA."
USER_5,2026-02-18,10:57:07,OrangeMoney,depot,IN,24000.0,FCFA,24138.56,"Depot effectue par [PHONE_2796] [CONTACT_4399] to [USER_5_phone] [USER_5]. Informations detaillees: Montant de transaction : 24000 FCFA, ID transaction : CI260218.1057.C82729, Frais : 0 FCFA, Commission : 0 FCFA, Montant Net du Credit : 24000 FCFA, Nouveau Solde : 24138.56 FCFA."
USER_5,2026-02-18,10:58:58,OrangeMoney,transfert,OUT,10154.0,FCFA,13929.79,"Transfert de [USER_5_phone] [USER_5] vers [PHONE_4061] [CONTACT_0AC1] reussi. ID transaction: PP260218.1058.B69595, Montant Transaction: 10154 FCFA, Frais: 54.77 FCFA, Commission: 0 FCFA, Montant Net: 10208.77 FCFA, Nouveau Solde: 13929.79 FCFA."
USER_5,2026-02-18,18:35:20,OrangeMoney,transfert,OUT,11169.0,FCFA,2700.95,"Transfert de [USER_5_phone] [USER_5] vers [PHONE_8746] [CONTACT_C6A2] reussi. ID transaction: PP260218.1835.A81361, Montant Transaction: 11169 FCFA, Frais: 59.84 FCFA, Commission: 0 FCFA, Montant Net: 11228.84 FCFA, Nouveau Solde: 2700.95 FCFA."
USER_5,2026-02-18,22:04:04,OrangeMoney,transfert,OUT,1054.0,FCFA,1592.95,"Transfert de [USER_5_phone] [USER_5] vers [PHONE_4872] Bedibiki bougong reussi. ID transaction: PP260218.2203.C99693, Montant Transaction: 1054 FCFA, Frais: 54 FCFA, Commission: 0 FCFA, Montant Net: 1108 FCFA, Nouveau Solde: 1592.95 FCFA."
USER_5,2026-02-19,08:17:05,OrangeMoney,transfert,OUT,1000.0,FCFA,1092.95,"Transfert de [PHONE_1956] [CONTACT_2A97] vers [USER_5_phone] [USER_5] reussi. Details: ID transaction: PP260219.0817.C40360, Montant Transaction: 1000FCFA, Frais: 0 FCFA, Commission: 0 FCFA, Montant Net: 1000 FCFA, Nouveau Solde: 1092.95 FCFA."
USER_5,2026-02-21,10:10:47,OrangeMoney,transfert,OUT,1000.0,FCFA,1092.95,"Transfert de [PHONE_1956] [CONTACT_2A97] vers [USER_5_phone] [USER_5] reussi. Details: ID transaction: PP260221.1010.A80935, Montant Transaction: 1000FCFA, Frais: 0 FCFA, Commission: 0 FCFA, Montant Net: 1000 FCFA, Nouveau Solde: 1092.95 FCFA."
USER_5,2026-02-21,15:28:57,OrangeMoney,transfert,OUT,5079.0,FCFA,5171.95,"Transfert de [PHONE_5514] [CONTACT_D881] vers [USER_5_phone] [USER_5] reussi. Details: ID transaction: PP260221.1528.B92060, Montant Transaction: 5079FCFA, Frais: 0 FCFA, Commission: 0 FCFA, Montant Net: 5079 FCFA, Nouveau Solde: 5171.95 FCFA."
USER_5,2026-02-21,18:48:13,OrangeMoney,transfert,OUT,5000.0,FCFA,10171.95,"Transfert de [PHONE_0111] [CONTACT_8867] vers [USER_5_phone] [USER_5] reussi. Details: ID transaction: PP260221.1848.D27606, Montant Transaction: 5000FCFA, Frais: 0 FCFA, Commission: 0 FCFA, Montant Net: 5000 FCFA, Nouveau Solde: 10171.95 FCFA."
USER_5,2026-02-23,12:02:07,OrangeMoney,retrait,OUT,7000.0,FCFA,3062.95,"Retrait d'argent reussi par le [PHONE_4710] avec le Code : 352598. Informations detaillees : Montant: 7000 FCFA, Frais: 109 FCFA, No de transaction CO260223.1201.A30725, montant net debite 7109 FCFA, Nouveau solde: 3062.95 FCFA."
USER_5,2026-02-23,17:47:41,OrangeMoney,depot,IN,3000.0,FCFA,6062.95,"Depot effectue par [PHONE_3107] [CONTACT_10D2] to [USER_5_phone] [USER_5]. Informations detaillees: Montant de transaction : 3000 FCFA, ID transaction : CI260223.1747.A50410, Frais : 0 FCFA, Commission : 0 FCFA, Montant Net du Credit : 3000 FCFA, Nouveau Solde : 6062.95 FCFA."
USER_5,2026-02-23,17:49:34,OrangeMoney,autre,unknown,3000.0,XAF,3047.95,Votre carte prépayée virtuelle a été rechargée de 3000 XAF. Nouveau solde : 3047.95 XAF. Merci d'utiliser Orange Money.
USER_5,2026-02-24,22:14:01,OrangeMoney,paiement,OUT,,,,"Cher client, votre paiement de 3.29 USD chez Spotify a été effectué avec succès. Nouveau solde XAF 1,318.00.ID: 497736. Orange Money vous remercie."
USER_5,2026-02-25,08:49:24,OrangeMoney,transfert,OUT,1000.0,FCFA,4047.95,"Transfert de [PHONE_1956] [CONTACT_2A97] vers [USER_5_phone] [USER_5] reussi. Details: ID transaction: PP260225.0849.D52532, Montant Transaction: 1000FCFA, Frais: 0 FCFA, Commission: 0 FCFA, Montant Net: 1000 FCFA, Nouveau Solde: 4047.95 FCFA."
USER_5,2026-02-25,14:26:30,OrangeMoney,depot,IN,2000.0,FCFA,3047.95,"Depot effectue par [PHONE_2983] [CONTACT_EBCC] to [USER_5_phone] [USER_5]. Informations detaillees: Montant de transaction : 2000 FCFA, ID transaction : CI260225.1426.C41751, Frais : 0 FCFA, Commission : 0 FCFA, Montant Net du Credit : 2000 FCFA, Nouveau Solde : 3047.95 FCFA."
USER_5,2026-02-25,17:27:24,OrangeMoney,depot,IN,3000.0,FCFA,6047.95,"Depot effectue par [PHONE_8644] [CONTACT_10B6] to [USER_5_phone] [USER_5]. Informations detaillees: Montant de transaction : 3000 FCFA, ID transaction : CI260225.1727.A09203, Frais : 0 FCFA, Commission : 0 FCFA, Montant Net du Credit : 3000 FCFA, Nouveau Solde : 6047.95 FCFA."
USER_5,2026-02-25,19:55:50,OrangeMoney,transfert,OUT,3000.0,FCFA,9047.95,"Transfert de [PHONE_2479] [CONTACT_C0B9] vers [USER_5_phone] [USER_5] reussi. Details: ID transaction: PP260225.1955.A90921, Montant Transaction: 3000FCFA, Frais: 0 FCFA, Commission: 0 FCFA, Montant Net: 3000 FCFA, Nouveau Solde: 9047.95 FCFA."
USER_5,2026-02-25,21:00:52,OrangeMoney,transfert,OUT,2554.0,FCFA,11601.95,"Transfert de [PHONE_0175] [CONTACT_706E] vers [USER_5_phone] [USER_5] reussi. Details: ID transaction: PP260225.2100.C19799, Montant Transaction: 2554FCFA, Frais: 0 FCFA, Commission: 0 FCFA, Montant Net: 2554 FCFA, Nouveau Solde: 11601.95 FCFA."
USER_5,2026-02-26,02:50:54,OrangeMoney,transfert,OUT,2554.0,FCFA,13655.95,"Transfert de [PHONE_6973] [CONTACT_74C4] vers [USER_5_phone] [USER_5] reussi. Details: ID transaction: PP260226.0250.C84078, Montant Transaction: 2554FCFA, Frais: 0 FCFA, Commission: 0 FCFA, Montant Net: 2554 FCFA, Nouveau Solde: 13655.95 FCFA."
USER_5,2026-02-26,08:26:00,OrangeMoney,depot,IN,27000.0,FCFA,40655.95,"Depot effectue par [PHONE_0647] [CONTACT_FECA] to [USER_5_phone] [USER_5]. Informations detaillees: Montant de transaction : 27000 FCFA, ID transaction : CI260226.0825.D28390, Frais : 0 FCFA, Commission : 0 FCFA, Montant Net du Credit : 27000 FCFA, Nouveau Solde : 40655.95 FCFA."
USER_5,2026-02-26,12:33:21,OrangeMoney,transfert,OUT,40000.0,FCFA,451.95,"Transfert de [USER_5_phone] [USER_5] vers [PHONE_8896] [CONTACT_559A] reussi. ID transaction: PP260226.1233.C88415, Montant Transaction: 40000 FCFA, Frais: 204 FCFA, Commission: 0 FCFA, Montant Net: 40204 FCFA, Nouveau Solde: 451.95 FCFA."
USER_5,2026-02-26,16:18:44,OrangeMoney,transfert,OUT,5000.0,FCFA,5451.95,"Transfert de [PHONE_4386] [CONTACT_A550] vers [USER_5_phone] [USER_5] reussi. Details: ID transaction: PP260226.1618.B32628, Montant Transaction: 5000FCFA, Frais: 0 FCFA, Commission: 0 FCFA, Montant Net: 5000 FCFA, Nouveau Solde: 5451.95 FCFA."
USER_5,2026-02-26,17:21:49,OrangeMoney,transfert,OUT,4064.0,FCFA,1333.95,"Transfert de [USER_5_phone] [USER_5] vers [PHONE_5747] [CONTACT_3F20] reussi. ID transaction: PP260226.1721.C79025, Montant Transaction: 4064 FCFA, Frais: 54 FCFA, Commission: 0 FCFA, Montant Net: 4118 FCFA, Nouveau Solde: 1333.95 FCFA."
USER_5,2026-02-26,19:11:44,OrangeMoney,depot,IN,5000.0,FCFA,5833.95,"Depot effectue par [PHONE_6458] [CONTACT_10B6] to [USER_5_phone] [USER_5]. Informations detaillees: Montant de transaction : 5000 FCFA, ID transaction : CI260226.1911.D32672, Frais : 0 FCFA, Commission : 0 FCFA, Montant Net du Credit : 5000 FCFA, Nouveau Solde : 5833.95 FCFA."
USER_5,2026-02-26,19:24:25,OrangeMoney,transfert,OUT,2600.0,FCFA,3224.75,"Transfert de [USER_5_phone] [USER_5] vers [PHONE_7855] [CONTACT_FF42] reussi. ID transaction: PP260226.1924.A49441, Montant Transaction: 2600 FCFA, Frais: 9.2 FCFA, Commission: 0 FCFA, Montant Net: 2609.2 FCFA, Nouveau Solde: 3224.75 FCFA."
USER_5,2026-02-27,19:48:48,OrangeMoney,transfert,OUT,1554.0,FCFA,3078.75,"Transfert de [PHONE_6558] [CONTACT_7B4F] vers [USER_5_phone] [USER_5] reussi. Details: ID transaction: PP260227.1948.B40446, Montant Transaction: 1554FCFA, Frais: 0 FCFA, Commission: 0 FCFA, Montant Net: 1554 FCFA, Nouveau Solde: 3078.75 FCFA."
USER_5,2026-02-28,06:31:09,OrangeMoney,retrait,OUT,1050.0,FCFA,1974.75,"Retrait d'argent reussi par le [PHONE_4398] avec le Code : 871568. Informations detaillees : Montant: 1050 FCFA, Frais: 54 FCFA, No de transaction CO260228.0631.B79262, montant net debite 1104 FCFA, Nouveau solde: 1974.75 FCFA."
USER_5,2026-02-28,14:48:48,OrangeMoney,paiement,OUT,500.0,FCFA,1474.75,"Vous venez d'effectuer un paiement chez NGUEFOH d'un montant de 500 FCFA.  Reference de la transaction: SM260228.1448.D75629, Frais: 0 FCFA, Montant net debite: 500 FCFA. Nouveau Solde: 1474.75 FCFA. Orange Money vous remercie."
USER_5,2026-02-28,14:57:24,OrangeMoney,paiement,OUT,1400.0,FCFA,74.75,"Vous venez d'effectuer un paiement chez SIMEU d'un montant de 1400 FCFA.  Reference de la transaction: SM260228.1457.B34095, Frais: 0 FCFA, Montant net debite: 1400 FCFA. Nouveau Solde: 74.75 FCFA. Orange Money vous remercie."
USER_5,2026-02-28,17:30:59,OrangeMoney,transfert,OUT,1100.0,FCFA,1174.75,"Transfert de [PHONE_7751] [CONTACT_B03E] vers [USER_5_phone] [USER_5] reussi. Details: ID transaction: PP260228.1730.B25250, Montant Transaction: 1100FCFA, Frais: 0 FCFA, Commission: 0 FCFA, Montant Net: 1100 FCFA, Nouveau Solde: 1174.75 FCFA."
USER_5,2026-02-28,19:01:12,OrangeMoney,retrait,OUT,1050.0,FCFA,70.75,"Retrait d'argent reussi par le [PHONE_4442] avec le Code : 165689. Informations detaillees : Montant: 1050 FCFA, Frais: 54 FCFA, No de transaction CO260228.1901.D66330, montant net debite 1104 FCFA, Nouveau solde: 70.75 FCFA."
USER_5,2026-03-02,09:11:25,OrangeMoney,depot,IN,2000.0,FCFA,2070.75,"Depot effectue par [PHONE_6212] [CONTACT_C2DD] to [USER_5_phone] [USER_5]. Informations detaillees: Montant de transaction : 2000 FCFA, ID transaction : CI260302.0911.B43360, Frais : 0 FCFA, Commission : 0 FCFA, Montant Net du Credit : 2000 FCFA, Nouveau Solde : 2070.75 FCFA."
USER_5,2026-03-02,09:26:30,OrangeMoney,transfert,OUT,500.0,FCFA,2570.75,"Transfert de [PHONE_9229] [CONTACT_97A5] vers [USER_5_phone] [USER_5] reussi. Details: ID transaction: PP260302.0926.D87228, Montant Transaction: 500FCFA, Frais: 0 FCFA, Commission: 0 FCFA, Montant Net: 500 FCFA, Nouveau Solde: 2570.75 FCFA."
USER_5,2026-03-02,13:20:55,OrangeMoney,transfert,OUT,100000.0,FCFA,102070.75,"Transfert de [PHONE_1291] [CONTACT_67C2] vers [USER_5_phone] [USER_5] reussi. Details: ID transaction: PP260302.1320.B48131, Montant Transaction: 100000FCFA, Frais: 0 FCFA, Commission: 0 FCFA, Montant Net: 100000 FCFA, Nouveau Solde: 102070.75 FCFA."
USER_5,2026-03-02,15:42:04,OrangeMoney,transfert,OUT,2500.0,FCFA,99561.75,"Transfert de [USER_5_phone] [USER_5] vers [PHONE_7751] [CONTACT_B03E] reussi. ID transaction: PP260302.1542.B48496, Montant Transaction: 2500 FCFA, Frais: 9 FCFA, Commission: 0 FCFA, Montant Net: 2509 FCFA, Nouveau Solde: 99561.75 FCFA."
USER_5,2026-03-02,15:43:12,OrangeMoney,transfert,OUT,10500.0,FCFA,89036.75,"Transfert de [USER_5_phone] [USER_5] vers [PHONE_9229] [CONTACT_97A5] reussi. ID transaction: PP260302.1543.D53446, Montant Transaction: 10500 FCFA, Frais: 25 FCFA, Commission: 0 FCFA, Montant Net: 10525 FCFA, Nouveau Solde: 89036.75 FCFA."
USER_5,2026-03-02,15:47:59,OrangeMoney,transfert,OUT,20000.0,FCFA,68992.75,"Transfert de [USER_5_phone] [USER_5] vers [PHONE_1956] [CONTACT_2A97] reussi. ID transaction: PP260302.1547.B52414, Montant Transaction: 20000 FCFA, Frais: 44 FCFA, Commission: 0 FCFA, Montant Net: 20044 FCFA, Nouveau Solde: 68992.75 FCFA."
USER_5,2026-03-02,15:51:18,OrangeMoney,transfert,OUT,10154.0,FCFA,58814.45,"Transfert de [USER_5_phone] [USER_5] vers [PHONE_6320] [CONTACT_6932] reussi. ID transaction: PP260302.1551.B54865, Montant Transaction: 10154 FCFA, Frais: 24.3 FCFA, Commission: 0 FCFA, Montant Net: 10178.3 FCFA, Nouveau Solde: 58814.45 FCFA."
USER_5,2026-03-02,15:52:06,OrangeMoney,transfert,OUT,4064.0,FCFA,54738.33,"Transfert de [USER_5_phone] [USER_5] vers [PHONE_9235] [CONTACT_6932] reussi. ID transaction: PP260302.1552.D59642, Montant Transaction: 4064 FCFA, Frais: 12.12 FCFA, Commission: 0 FCFA, Montant Net: 4076.12 FCFA, Nouveau Solde: 54738.33 FCFA."
USER_5,2026-03-02,16:05:17,OrangeMoney,transfert,OUT,5000.0,FCFA,49724.33,"Transfert de [USER_5_phone] [USER_5] vers [PHONE_2046] [CONTACT_4962] reussi. ID transaction: PP260302.1605.A64960, Montant Transaction: 5000 FCFA, Frais: 14 FCFA, Commission: 0 FCFA, Montant Net: 5014 FCFA, Nouveau Solde: 49724.33 FCFA."
USER_5,2026-03-03,07:10:40,OrangeMoney,transfert,OUT,10000.0,FCFA,38150.33,"Transfert de [USER_5_phone] [USER_5] vers [PHONE_4872] Bedibiki bougong reussi. ID transaction: PP260303.0710.B51087, Montant Transaction: 10000 FCFA, Frais: 24 FCFA, Commission: 0 FCFA, Montant Net: 10024 FCFA, Nouveau Solde: 38150.33 FCFA."
USER_5,2026-03-03,09:15:02,OrangeMoney,retrait,OUT,3000.0,FCFA,34596.33,"Retrait d'argent reussi par le [PHONE_0876] avec le Code : 972558. Informations detaillees : Montant: 3000 FCFA, Frais: 54 FCFA, No de transaction CO260303.0914.B79085, montant net debite 3054 FCFA, Nouveau solde: 34596.33 FCFA."
USER_5,2026-03-03,15:20:33,OrangeMoney,retrait,OUT,5000.0,FCFA,29517.33,"Retrait d'argent reussi par le [PHONE_5610] avec le Code : 118291. Informations detaillees : Montant: 5000 FCFA, Frais: 79 FCFA, No de transaction CO260303.1520.B22392, montant net debite 5079 FCFA, Nouveau solde: 29517.33 FCFA."
USER_5,2026-03-03,18:48:18,OrangeMoney,retrait,OUT,2000.0,FCFA,27489.33,"Retrait d'argent reussi par le [PHONE_5217] avec le Code : 287879. Informations detaillees : Montant: 2000 FCFA, Frais: 28 FCFA, No de transaction CO260303.1848.D62363, montant net debite 2028 FCFA, Nouveau solde: 27489.33 FCFA."
USER_5,2026-03-03,19:36:37,OrangeMoney,transfert,OUT,754.0,FCFA,26681.33,"Transfert de [USER_5_phone] [USER_5] vers [PHONE_0385] [CONTACT_199C] reussi. ID transaction: PP260303.1936.B31766, Montant Transaction: 754 FCFA, Frais: 54 FCFA, Commission: 0 FCFA, Montant Net: 808 FCFA, Nouveau Solde: 26681.33 FCFA."
USER_5,2026-03-03,19:38:12,OrangeMoney,transfert,OUT,2000.0,FCFA,24673.33,"Transfert de [USER_5_phone] [USER_5] vers [PHONE_0385] [CONTACT_199C] reussi. ID transaction: PP260303.1938.C26626, Montant Transaction: 2000 FCFA, Frais: 8 FCFA, Commission: 0 FCFA, Montant Net: 2008 FCFA, Nouveau Solde: 24673.33 FCFA."
USER_5,2026-03-04,07:10:56,OrangeMoney,autre,unknown,7000.0,XAF,16938.33,Votre carte prépayée virtuelle a été rechargée de 7000 XAF. Nouveau solde : 16938.33 XAF. Merci d'utiliser Orange Money.
USER_5,2026-03-04,07:14:58,OrangeMoney,paiement,OUT,,,,"Cher client, votre paiement de 7.99 EUR chez Google One a été effectué avec succès. Nouveau solde XAF 2,983.00.ID: 497738. Orange Money vous remercie."
USER_5,2026-03-05,14:21:05,OrangeMoney,transfert,OUT,500.0,FCFA,1233.33,"Transfert de [USER_5_phone] [USER_5] vers [PHONE_5086] Ngo nolla reussi. ID transaction: PP260305.1421.B52982, Montant Transaction: 500 FCFA, Frais: 5 FCFA, Commission: 0 FCFA, Montant Net: 505 FCFA, Nouveau Solde: 1233.33 FCFA."
USER_5,2026-03-06,20:01:52,OrangeMoney,transfert,OUT,450000.0,FCFA,450233.33,"Transfert de [PHONE_6101] [CONTACT_95DC] vers [USER_5_phone] [USER_5] reussi. Details: ID transaction: PP260306.2001.A73875, Montant Transaction: 450000FCFA, Frais: 0 FCFA, Commission: 0 FCFA, Montant Net: 450000 FCFA, Nouveau Solde: 450233.33 FCFA."
USER_5,2026-03-06,20:31:53,OrangeMoney,transfert,OUT,250000.0,FCFA,699733.33,"Transfert de [PHONE_6101] [CONTACT_95DC] vers [USER_5_phone] [USER_5] reussi. Details: ID transaction: PP260306.2031.A94128, Montant Transaction: 250000FCFA, Frais: 0 FCFA, Commission: 0 FCFA, Montant Net: 250000 FCFA, Nouveau Solde: 699733.33 FCFA."
USER_5,2026-03-06,21:02:11,OrangeMoney,retrait,OUT,50000.0,FCFA,641479.33,"Retrait d'argent reussi par le [PHONE_3382] avec le Code : 266211. Informations detaillees : Montant: 50000 FCFA, Frais: 754 FCFA, No de transaction CO260306.2102.A67084, montant net debite 50754 FCFA, Nouveau solde: 641479.33 FCFA."
USER_5,2026-03-06,21:25:06,OrangeMoney,transfert,OUT,10000.0,FCFA,631455.33,"Transfert de [USER_5_phone] [USER_5] vers [PHONE_8384] [CONTACT_54AE] reussi. ID transaction: PP260306.2125.C15493, Montant Transaction: 10000 FCFA, Frais: 24 FCFA, Commission: 0 FCFA, Montant Net: 10024 FCFA, Nouveau Solde: 631455.33 FCFA."
USER_5,2026-03-06,21:36:20,OrangeMoney,transfert,OUT,404004.0,FCFA,226639.33,"Transfert de [USER_5_phone] [USER_5] vers [PHONE_1956] [CONTACT_2A97] reussi. ID transaction: PP260306.2136.B29010, Montant Transaction: 404004 FCFA, Frais: 812 FCFA, Commission: 0 FCFA, Montant Net: 404816 FCFA, Nouveau Solde: 226639.33 FCFA."
USER_5,2026-03-08,22:44:12,OrangeMoney,transfert,OUT,45000.0,FCFA,181196.33,"Transfert de [USER_5_phone] [USER_5] vers [PHONE_4872] Bedibiki bougong reussi. ID transaction: PP260308.2244.C09033, Montant Transaction: 45000 FCFA, Frais: 94 FCFA, Commission: 0 FCFA, Montant Net: 45094 FCFA, Nouveau Solde: 181196.33 FCFA."
USER_5,2026-03-11,13:56:20,OrangeMoney,transfert,OUT,5000.0,FCFA,171682.33,"Transfert de [USER_5_phone] [USER_5] vers [PHONE_2742] [CONTACT_AA06] reussi. ID transaction: PP260311.1356.D36855, Montant Transaction: 5000 FCFA, Frais: 14 FCFA, Commission: 0 FCFA, Montant Net: 5014 FCFA, Nouveau Solde: 171682.33 FCFA."
USER_5,2026-03-11,17:40:29,OrangeMoney,transfert,OUT,40000.0,FCFA,131598.33,"Transfert de [USER_5_phone] [USER_5] vers [PHONE_7810] [CONTACT_48B1] reussi. ID transaction: PP260311.1740.B89683, Montant Transaction: 40000 FCFA, Frais: 84 FCFA, Commission: 0 FCFA, Montant Net: 40084 FCFA, Nouveau Solde: 131598.33 FCFA."
USER_5,2026-03-13,13:33:30,OrangeMoney,transfert,OUT,10154.0,FCFA,121420.03,"Transfert de [USER_5_phone] [USER_5] vers [PHONE_2645] [CONTACT_FAEA] reussi. ID transaction: PP260313.1333.D23873, Montant Transaction: 10154 FCFA, Frais: 24.3 FCFA, Commission: 0 FCFA, Montant Net: 10178.3 FCFA, Nouveau Solde: 121420.03 FCFA."
USER_5,2026-03-13,14:40:03,OrangeMoney,transfert,OUT,5079.0,FCFA,116326.88,"Transfert de [USER_5_phone] [USER_5] vers [PHONE_9229] [CONTACT_97A5] reussi. ID transaction: PP260313.1439.B71666, Montant Transaction: 5079 FCFA, Frais: 14.15 FCFA, Commission: 0 FCFA, Montant Net: 5093.15 FCFA, Nouveau Solde: 116326.88 FCFA."
USER_5,2026-03-13,16:39:12,OrangeMoney,transfert,OUT,4000.0,FCFA,112314.88,"Transfert de [USER_5_phone] [USER_5] vers [PHONE_0474] [CONTACT_4529] reussi. ID transaction: PP260313.1639.C56767, Montant Transaction: 4000 FCFA, Frais: 12 FCFA, Commission: 0 FCFA, Montant Net: 4012 FCFA, Nouveau Solde: 112314.88 FCFA."
USER_5,2026-03-13,22:37:48,OrangeMoney,transfert,OUT,6076.0,FCFA,106222.73,"Transfert de [USER_5_phone] [USER_5] vers [PHONE_7734] [CONTACT_D5F3] reussi. ID transaction: PP260313.2223.A67643, Montant Transaction: 6076 FCFA, Frais: 16.15 FCFA, Commission: 0 FCFA, Montant Net: 6092.15 FCFA, Nouveau Solde: 106222.73 FCFA."
USER_5,2026-03-14,00:50:32,OrangeMoney,transfert,OUT,6076.0,FCFA,100130.58,"Transfert de [USER_5_phone] [USER_5] vers [PHONE_7667] [CONTACT_11D1] reussi. ID transaction: PP260314.0050.D89692, Montant Transaction: 6076 FCFA, Frais: 16.15 FCFA, Commission: 0 FCFA, Montant Net: 6092.15 FCFA, Nouveau Solde: 100130.58 FCFA."
USER_5,2026-03-14,12:07:21,OrangeMoney,transfert,OUT,22672.8,FCFA,77208.44,"Transfert de [USER_5_phone] [USER_5] vers [PHONE_4395] [CONTACT_A7B3] reussi. ID transaction: PP260314.1207.B81014, Montant Transaction: 22672.8 FCFA, Frais: 49.34 FCFA, Commission: 0 FCFA, Montant Net: 22722.14 FCFA, Nouveau Solde: 77208.44 FCFA."
USER_5,2026-03-14,15:32:49,OrangeMoney,transfert,OUT,12148.0,FCFA,64532.15,"Transfert de [USER_5_phone] [USER_5] vers [PHONE_2971] [CONTACT_7C83] reussi. ID transaction: PP260314.1532.D18481, Montant Transaction: 12148 FCFA, Frais: 28.29 FCFA, Commission: 0 FCFA, Montant Net: 12176.29 FCFA, Nouveau Solde: 64532.15 FCFA."
USER_5,2026-03-14,18:12:13,OrangeMoney,paiement,OUT,,,,"Cher client, votre paiement de 3.29 USD chez Spotify a été effectué avec succès. Nouveau solde XAF 994.00.ID: 497739. Orange Money vous remercie."
USER_5,2026-03-15,00:20:50,OrangeMoney,transfert,OUT,5064.0,FCFA,67596.15,"Transfert de [PHONE_6973] [CONTACT_74C4] vers [USER_5_phone] [USER_5] reussi. Details: ID transaction: PP260314.2348.C83959, Montant Transaction: 5064FCFA, Frais: 0 FCFA, Commission: 0 FCFA, Montant Net: 5064 FCFA, Nouveau Solde: 67596.15 FCFA."
USER_5,2026-03-15,08:32:47,OrangeMoney,transfert,OUT,1500.0,FCFA,40589.15,"Transfert de [USER_5_phone] [USER_5] vers [PHONE_5018] [CONTACT_0F67] reussi. ID transaction: PP260315.0832.B46456, Montant Transaction: 1500 FCFA, Frais: 7 FCFA, Commission: 0 FCFA, Montant Net: 1507 FCFA, Nouveau Solde: 40589.15 FCFA."
USER_5,2026-03-15,21:46:19,OrangeMoney,transfert,OUT,2000.0,FCFA,37081.15,"Transfert de [USER_5_phone] [USER_5] vers [PHONE_3349] [CONTACT_22D2] reussi. ID transaction: PP260315.2146.D46775, Montant Transaction: 2000 FCFA, Frais: 8 FCFA, Commission: 0 FCFA, Montant Net: 2008 FCFA, Nouveau Solde: 37081.15 FCFA."
USER_5,2026-03-16,13:27:17,OrangeMoney,transfert,OUT,10124.0,FCFA,46205.15,"Transfert de [PHONE_4943] [CONTACT_21FB] vers [USER_5_phone] [USER_5] reussi. Details: ID transaction: PP260316.1327.C31090, Montant Transaction: 10124FCFA, Frais: 0 FCFA, Commission: 0 FCFA, Montant Net: 10124 FCFA, Nouveau Solde: 46205.15 FCFA."
USER_5,2026-03-17,09:52:14,OrangeMoney,autre,unknown,12000.0,XAF,33645.15,Votre carte prépayée virtuelle a été rechargée de 12000 XAF. Nouveau solde : 33645.15 XAF. Merci d'utiliser Orange Money.
USER_5,2026-03-17,09:53:35,OrangeMoney,paiement,OUT,,,,"Cher client, votre paiement de 20.00 USD chez CLAUDE.[CONTACT_CBC9] a été effectué avec succès. Nouveau solde XAF 879.00.ID: 497741. Orange Money vous remercie."
USER_5,2026-03-17,23:39:50,OrangeMoney,transfert,OUT,1500.0,FCFA,32645.15,"Transfert de [PHONE_5018] [CONTACT_0F67] vers [USER_5_phone] [USER_5] reussi. Details: ID transaction: PP260317.2339.D28915, Montant Transaction: 1500FCFA, Frais: 0 FCFA, Commission: 0 FCFA, Montant Net: 1500 FCFA, Nouveau Solde: 32645.15 FCFA."
USER_5,2026-03-18,18:54:36,OrangeMoney,transfert,OUT,16196.0,FCFA,48841.15,"Transfert de [PHONE_6558] [CONTACT_7B4F] vers [USER_5_phone] [USER_5] reussi. Details: ID transaction: PP260318.1854.D09716, Montant Transaction: 16196FCFA, Frais: 0 FCFA, Commission: 0 FCFA, Montant Net: 16196 FCFA, Nouveau Solde: 48841.15 FCFA."
USER_5,2026-03-18,22:45:37,OrangeMoney,autre,unknown,16000.0,XAF,31261.15,Votre carte prépayée virtuelle a été rechargée de 16000 XAF. Nouveau solde : 31261.15 XAF. Merci d'utiliser Orange Money.
USER_5,2026-03-19,14:05:17,OrangeMoney,paiement,OUT,,,,"Cher client, votre paiement de 9.00 USD chez SQSP* DOMAIN#[PHONE_3936] a été effectué avec succès. Nouveau solde XAF 11,466.00.ID: 497743. Orange Money vous remercie."
USER_5,2026-03-19,21:29:30,OrangeMoney,transfert,OUT,3054.0,FCFA,25697.05,"Transfert de [USER_5_phone] [USER_5] vers [PHONE_7734] [CONTACT_D5F3] reussi. ID transaction: PP260319.2129.A54939, Montant Transaction: 3054 FCFA, Frais: 10.1 FCFA, Commission: 0 FCFA, Montant Net: 3064.1 FCFA, Nouveau Solde: 25697.05 FCFA."
USER_5,2026-03-20,07:58:12,OrangeMoney,transfert,OUT,4054.0,FCFA,21630.95,"Transfert de [USER_5_phone] [USER_5] vers [PHONE_9229] [CONTACT_97A5] reussi. ID transaction: PP260320.0758.D56464, Montant Transaction: 4054 FCFA, Frais: 12.1 FCFA, Commission: 0 FCFA, Montant Net: 4066.1 FCFA, Nouveau Solde: 21630.95 FCFA."
USER_5,2026-03-21,08:29:46,OrangeMoney,transfert,OUT,15184.0,FCFA,33814.95,"Transfert de [PHONE_1956] [CONTACT_2A97] vers [USER_5_phone] [USER_5] reussi. Details: ID transaction: PP260321.0829.C11480, Montant Transaction: 15184FCFA, Frais: 0 FCFA, Commission: 0 FCFA, Montant Net: 15184 FCFA, Nouveau Solde: 33814.95 FCFA."
