UserId,Date,Time,Operator,Transaction_type,Direction,Amount,Currency,New_balance,Anonymized_Content
USER_10,2024-08-09,02:26:23,MobileMoney,paiement,OUT,200.0,XAF,344.0,"Your payment of 200 XAF to MTNC BUNDLES_FORFAITS with token  has been completed at 2024-08-09 02:25:56. Your new balance: 344 XAF. Fee was 0 XAF, loyalty fee was - and loyalty reward was -. The amount was subject to a discount of - and coupons worth -. Message: -. Financial Transaction Id: [PHONE_2174]. External Transaction Id: 7174523382496541923. Provider message: SUCCESS. Enjoy Payments with MoMo at ZERO Fees (Purchases, Bills, MINESEC Tuition Fees) and that's not all.. Stand a chance to win a MoMoSoukoul : A School Bag every 5 minutes, 50,000F every hour or 100,000F every week when making a minimum payment of 2,500F. Info at 8787 or WhatsApp [PHONE_8788]."
USER_10,2024-08-09,12:42:16,MobileMoney,transfert,IN,2000.0,XAF,2144.0,"You have received 2000 XAF from [CONTACT_E80E] Ers Shalomes Services ([PHONE_2963] ) on your mobile money account at 2024-08-09 12:42:13. Message from sender: . Your new balance: 2144 XAF. Loyalty fee was 0 and loyalty reward was 0. Promotion was 0. Financial Transaction Id: [PHONE_7396]. Enjoy Payments with MoMo at ZERO Fees (Purchases, Bills, MINESEC Tuition Fees) and that's not all.. Stand a chance to win a MoMoSoukoul : A School Bag every 5 minutes, 50,000F every hour or 100,000F every week when making a minimum payment of 2,500F. Info at 8787 or WhatsApp [PHONE_8788]."
USER_10,2024-08-09,12:55:26,MobileMoney,transaction,OUT,500.0,XAF,1644.0,"Hello, A transaction of 500 XAF by MTNC BUNDLES_FORFAITS   (MTN_Bundles) on your mobile money account successfully completed at 2024-08-09 12:55:05. The amount was subject to a discount of 0 and coupons worth 0. Message from debit receiver: . Your new balance:1644 XAF. Fee was 0 XAF, loyalty fee was 0 and loyalty reward was 0. Financial Transaction Id: [PHONE_4655]. External Transaction Id: 5525550147726270245. Enjoy Payments with MoMo at ZERO Fees (Purchases, Bills, MINESEC Tuition Fees) and that's not all.. Stand a chance to win a MoMoSoukoul : A School Bag every 5 minutes, 50,000F every hour or 100,000F every week when making a minimum payment of 2,500F. Info at 8787 or WhatsApp [PHONE_8788]."
USER_10,2024-08-09,19:35:06,MobileMoney,transaction,OUT,500.0,XAF,1144.0,"Hello, A transaction of 500 XAF by MTNC BUNDLES_FORFAITS   (MTN_Bundles) on your mobile money account successfully completed at 2024-08-09 19:34:43. The amount was subject to a discount of 0 and coupons worth 0. Message from debit receiver: . Your new balance:1144 XAF. Fee was 0 XAF, loyalty fee was 0 and loyalty reward was 0. Financial Transaction Id: [PHONE_7328]. External Transaction Id: 1778008690525169513. Enjoy Payments with MoMo at ZERO Fees (Purchases, Bills, MINESEC Tuition Fees) and that's not all.. Stand a chance to win a MoMoSoukoul : A School Bag every 5 minutes, 50,000F every hour or 100,000F every week when making a minimum payment of 2,500F. Info at 8787 or WhatsApp [PHONE_8788]."
USER_10,2024-08-10,06:27:53,MobileMoney,transaction,OUT,500.0,XAF,644.0,"Hello, A transaction of 500 XAF by MTNC BUNDLES_FORFAITS   (MTN_Bundles) on your mobile money account successfully completed at 2024-08-10 06:27:30. The amount was subject to a discount of 0 and coupons worth 0. Message from debit receiver: . Your new balance:644 XAF. Fee was 0 XAF, loyalty fee was 0 and loyalty reward was 0. Financial Transaction Id: [PHONE_2463]. External Transaction Id: 4148343684356103711. Enjoy Payments with MoMo at ZERO Fees (Purchases, Bills, MINESEC Tuition Fees) and that's not all.. Stand a chance to win a MoMoSoukoul : A School Bag every 5 minutes, 50,000F every hour or 100,000F every week when making a minimum payment of 2,500F. Info at 8787 or WhatsApp [PHONE_8788]."
USER_10,2024-08-11,19:24:39,MobileMoney,transfert,IN,1000.0,XAF,1144.0,"You have received 1000 XAF from [CONTACT_E80E] Ers Shalomes Services ([PHONE_2963] ) on your mobile money account at 2024-08-11 19:24:29. Message from sender: . Your new balance: 1144 XAF. Loyalty fee was 0 and loyalty reward was 0. Promotion was 0. Financial Transaction Id: [PHONE_2685]. Enjoy Payments with MoMo at ZERO Fees (Purchases, Bills, MINESEC Tuition Fees) and that's not all.. Stand a chance to win a MoMoSoukoul : A School Bag every 5 minutes, 50,000F every hour or 100,000F every week when making a minimum payment of 2,500F. Info at 8787 or WhatsApp [PHONE_8788]."
USER_10,2024-08-12,17:33:28,MobileMoney,transaction,OUT,500.0,XAF,644.0,"Hello, A transaction of 500 XAF by MTNC BUNDLES_FORFAITS   (MTN_Bundles) on your mobile money account successfully completed at 2024-08-12 17:33:06. The amount was subject to a discount of 0 and coupons worth 0. Message from debit receiver: . Your new balance:644 XAF. Fee was 0 XAF, loyalty fee was 0 and loyalty reward was 0. Financial Transaction Id: [PHONE_3593]. External Transaction Id: 5965487169062313995. Enjoy Payments with MoMo at ZERO Fees (Purchases, Bills, MINESEC Tuition Fees) and that's not all.. Stand a chance to win a MoMoSoukoul : A School Bag every 5 minutes, 50,000F every hour or 100,000F every week when making a minimum payment of 2,500F. Info at 8787 or WhatsApp [PHONE_8788]."
USER_10,2024-08-13,06:28:32,MobileMoney,transaction,OUT,500.0,XAF,144.0,"Hello, A transaction of 500 XAF by MTNC BUNDLES_FORFAITS   (MTN_Bundles) on your mobile money account successfully completed at 2024-08-13 06:28:09. The amount was subject to a discount of 0 and coupons worth 0. Message from debit receiver: . Your new balance:144 XAF. Fee was 0 XAF, loyalty fee was 0 and loyalty reward was 0. Financial Transaction Id: [PHONE_1011]. External Transaction Id: 5389354179518270361. Enjoy Payments with MoMo at ZERO Fees (Purchases, Bills, MINESEC Tuition Fees) and that's not all.. Stand a chance to win a MoMoSoukoul : A School Bag every 5 minutes, 50,000F every hour or 100,000F every week when making a minimum payment of 2,500F. Info at 8787 or WhatsApp [PHONE_8788]."
USER_10,2024-08-15,12:29:07,MobileMoney,transfert,IN,1500.0,XAF,1644.0,"You have received 1500 XAF from [CONTACT_BC18] Ers Shalomes Services ([PHONE_2601] [CONTACT_A453]) on your mobile money account at 2024-08-15 12:29:03. Message from sender: . Your new balance: 1644 XAF. Loyalty fee was 0 and loyalty reward was 0. Promotion was 0. Financial Transaction Id: [PHONE_2065]. Enjoy Payments with MoMo at ZERO Fees (Purchases, Bills, MINESEC Tuition Fees) and that's not all.. Stand a chance to win a MoMoSoukoul : A School Bag every 5 minutes, 50,000F every hour or 100,000F every week when making a minimum payment of 2,500F. Info at 8787 or WhatsApp [PHONE_8788]."
USER_10,2024-08-15,14:00:55,MobileMoney,transaction,OUT,500.0,XAF,1144.0,"Hello, A transaction of 500 XAF by MTNC BUNDLES_FORFAITS   (MTN_Bundles) on your mobile money account successfully completed at 2024-08-15 14:00:33. The amount was subject to a discount of 0 and coupons worth 0. Message from debit receiver: . Your new balance:1144 XAF. Fee was 0 XAF, loyalty fee was 0 and loyalty reward was 0. Financial Transaction Id: [PHONE_9113]. External Transaction Id: 3916538746739517980. Enjoy Payments with MoMo at ZERO Fees (Purchases, Bills, MINESEC Tuition Fees) and that's not all.. Stand a chance to win a MoMoSoukoul : A School Bag every 5 minutes, 50,000F every hour or 100,000F every week when making a minimum payment of 2,500F. Info at 8787 or WhatsApp [PHONE_8788]."
USER_10,2024-08-15,18:13:12,MobileMoney,transaction,OUT,500.0,XAF,644.0,"Hello, A transaction of 500 XAF by MTNC BUNDLES_FORFAITS   (MTN_Bundles) on your mobile money account successfully completed at 2024-08-15 18:12:49. The amount was subject to a discount of 0 and coupons worth 0. Message from debit receiver: . Your new balance:644 XAF. Fee was 0 XAF, loyalty fee was 0 and loyalty reward was 0. Financial Transaction Id: [PHONE_8883]. External Transaction Id: 6091700702846598456. Enjoy Payments with MoMo at ZERO Fees (Purchases, Bills, MINESEC Tuition Fees) and that's not all.. Stand a chance to win a MoMoSoukoul : A School Bag every 5 minutes, 50,000F every hour or 100,000F every week when making a minimum payment of 2,500F. Info at 8787 or WhatsApp [PHONE_8788]."
USER_10,2024-08-15,22:28:25,MobileMoney,transaction,OUT,500.0,XAF,144.0,"Hello, A transaction of 500 XAF by MTNC BUNDLES_FORFAITS   (MTN_Bundles) on your mobile money account successfully completed at 2024-08-15 22:28:03. The amount was subject to a discount of 0 and coupons worth 0. Message from debit receiver: . Your new balance:144 XAF. Fee was 0 XAF, loyalty fee was 0 and loyalty reward was 0. Financial Transaction Id: [PHONE_1136]. External Transaction Id: 95241804989308263. Enjoy Payments with MoMo at ZERO Fees (Purchases, Bills, MINESEC Tuition Fees) and that's not all.. Stand a chance to win a MoMoSoukoul : A School Bag every 5 minutes, 50,000F every hour or 100,000F every week when making a minimum payment of 2,500F. Info at 8787 or WhatsApp [PHONE_8788]."
USER_10,2024-08-17,14:49:55,MobileMoney,transfert,IN,1000.0,XAF,1144.0,"You have received 1000 XAF from [CONTACT_30F3] ([PHONE_9864] [CONTACT_66CB]) on your mobile money account at 2024-08-17 14:49:53. Message from sender: . Your new balance: 1144 XAF. Loyalty fee was 0 and loyalty reward was 0. Promotion was 0. Financial Transaction Id: [PHONE_6455]. Enjoy Payments with MoMo at ZERO Fees (Purchases, Bills, MINESEC Tuition Fees) and that's not all.. Stand a chance to win a MoMoSoukoul : A School Bag every 5 minutes, 50,000F every hour or 100,000F every week when making a minimum payment of 2,500F. Info at 8787 or WhatsApp [PHONE_8788]."
USER_10,2024-08-18,14:32:34,MobileMoney,transaction,OUT,500.0,XAF,644.0,"Hello, A transaction of 500 XAF by MTNC BUNDLES_FORFAITS   (MTN_Bundles) on your mobile money account successfully completed at 2024-08-18 14:32:11. The amount was subject to a discount of 0 and coupons worth 0. Message from debit receiver: . Your new balance:644 XAF. Fee was 0 XAF, loyalty fee was 0 and loyalty reward was 0. Financial Transaction Id: [PHONE_8754]. External Transaction Id: 2013942623473818202. Enjoy Payments with MoMo at ZERO Fees (Purchases, Bills, MINESEC Tuition Fees) and that's not all.. Stand a chance to win a MoMoSoukoul : A School Bag every 5 minutes, 50,000F every hour or 100,000F every week when making a minimum payment of 2,500F. Info at 8787 or WhatsApp [PHONE_8788]."
USER_10,2024-08-19,15:05:49,MobileMoney,transaction,OUT,500.0,XAF,144.0,"Hello, A transaction of 500 XAF by MTNC BUNDLES_FORFAITS   (MTN_Bundles) on your mobile money account successfully completed at 2024-08-19 15:05:26. The amount was subject to a discount of 0 and coupons worth 0. Message from debit receiver: . Your new balance:144 XAF. Fee was 0 XAF, loyalty fee was 0 and loyalty reward was 0. Financial Transaction Id: [PHONE_0414]. External Transaction Id: 1788957889207258497. Enjoy Payments with MoMo at ZERO Fees (Purchases, Bills, MINESEC Tuition Fees) and that's not all.. Stand a chance to win a MoMoSoukoul : A School Bag every 5 minutes, 50,000F every hour or 100,000F every week when making a minimum payment of 2,500F. Info at 8787 or WhatsApp [PHONE_8788]."
USER_10,2024-08-20,16:00:35,MobileMoney,transfert,IN,1000.0,XAF,1144.0,"You have received 1000 XAF from [CONTACT_E80E] Ers Shalomes Services ([PHONE_2963] ) on your mobile money account at 2024-08-20 16:00:33. Message from sender: . Your new balance: 1144 XAF. Loyalty fee was 0 and loyalty reward was 0. Promotion was 0. Financial Transaction Id: [PHONE_1785]. Enjoy Payments with MoMo at ZERO Fees (Purchases, Bills, MINESEC Tuition Fees) and that's not all.. Stand a chance to win a MoMoSoukoul : A School Bag every 5 minutes, 50,000F every hour or 100,000F every week when making a minimum payment of 2,500F. Info at 8787 or WhatsApp [PHONE_8788]."
USER_10,2024-08-21,00:36:15,MobileMoney,paiement,OUT,200.0,XAF,944.0,"Your payment of 200 XAF to MTNC BUNDLES_FORFAITS with token  has been completed at 2024-08-21 00:35:58. Your new balance: 944 XAF. Fee was 0 XAF, loyalty fee was - and loyalty reward was -. The amount was subject to a discount of - and coupons worth -. Message: -. Financial Transaction Id: [PHONE_7738]. External Transaction Id: 7964306531525699906. Provider message: SUCCESS. Enjoy Payments with MoMo at ZERO Fees (Purchases, Bills, MINESEC Tuition Fees) and that's not all.. Stand a chance to win a MoMoSoukoul : A School Bag every 5 minutes, 50,000F every hour or 100,000F every week when making a minimum payment of 2,500F. Info at 8787 or WhatsApp [PHONE_8788]."
USER_10,2024-08-22,07:00:35,MobileMoney,transaction,OUT,500.0,XAF,444.0,"Hello, A transaction of 500 XAF by MTNC BUNDLES_FORFAITS   (MTN_Bundles) on your mobile money account successfully completed at 2024-08-22 07:00:14. The amount was subject to a discount of 0 and coupons worth 0. Message from debit receiver: . Your new balance:444 XAF. Fee was 0 XAF, loyalty fee was 0 and loyalty reward was 0. Financial Transaction Id: [PHONE_9333]. External Transaction Id: 2954500741057758651. Enjoy Payments with MoMo at ZERO Fees (Purchases, Bills, MINESEC Tuition Fees) and that's not all.. Stand a chance to win a MoMoSoukoul : A School Bag every 5 minutes, 50,000F every hour or 100,000F every week when making a minimum payment of 2,500F. Info at 8787 or WhatsApp [PHONE_8788]."
USER_10,2024-08-23,12:24:08,MobileMoney,transfert,IN,600.0,XAF,1044.0,"You have received 600 XAF from [CONTACT_E80E] Ers Shalomes Services ([PHONE_2963] ) on your mobile money account at 2024-08-23 12:14:59. Message from sender: . Your new balance: 1044 XAF. Loyalty fee was 0 and loyalty reward was 0. Promotion was 0. Financial Transaction Id: [PHONE_2379]. Enjoy Payments with MoMo at ZERO Fees (Purchases, Bills, MINESEC Tuition Fees) and that's not all.. Stand a chance to win a MoMoSoukoul : A School Bag every 5 minutes, 50,000F every hour or 100,000F every week when making a minimum payment of 2,500F. Info at 8787 or WhatsApp [PHONE_8788]."
USER_10,2024-08-23,12:30:18,MobileMoney,transaction,OUT,500.0,XAF,544.0,"Hello, A transaction of 500 XAF by MTNC BUNDLES_FORFAITS   (MTN_Bundles) on your mobile money account successfully completed at 2024-08-23 12:30:08. The amount was subject to a discount of 0 and coupons worth 0. Message from debit receiver: . Your new balance:544 XAF. Fee was 0 XAF, loyalty fee was 0 and loyalty reward was 0. Financial Transaction Id: [PHONE_7279]. External Transaction Id: 8528463155595991138. Enjoy Payments with MoMo at ZERO Fees (Purchases, Bills, MINESEC Tuition Fees) and that's not all.. Stand a chance to win a MoMoSoukoul : A School Bag every 5 minutes, 50,000F every hour or 100,000F every week when making a minimum payment of 2,500F. Info at 8787 or WhatsApp [PHONE_8788]."
USER_10,2024-08-25,09:51:56,MobileMoney,transaction,OUT,500.0,XAF,44.0,"Hello, A transaction of 500 XAF by MTNC BUNDLES_FORFAITS   (MTN_Bundles) on your mobile money account successfully completed at 2024-08-25 09:50:41. The amount was subject to a discount of 0 and coupons worth 0. Message from debit receiver: . Your new balance:44 XAF. Fee was 0 XAF, loyalty fee was 0 and loyalty reward was 0. Financial Transaction Id: [PHONE_3964]. External Transaction Id: 4744132090305763452. Enjoy Payments with MoMo at ZERO Fees (Purchases, Bills, MINESEC Tuition Fees) and that's not all.. Stand a chance to win a MoMoSoukoul : A School Bag every 5 minutes, 50,000F every hour or 100,000F every week when making a minimum payment of 2,500F. Info at 8787 or WhatsApp [PHONE_8788]."
USER_10,2024-08-29,11:35:46,MobileMoney,transfert,IN,5000.0,XAF,5044.0,"You have received 5000 XAF from [CONTACT_3185] R1 [CONTACT_4B3F] ([PHONE_3507] [CONTACT_7458]) on your mobile money account at 2024-08-29 11:35:43. Message from sender: . Your new balance: 5044 XAF. Loyalty fee was 0 and loyalty reward was 0. Promotion was 0. Financial Transaction Id: [PHONE_4501]. Enjoy Payments with MoMo at ZERO Fees (Purchases, Bills, MINESEC Tuition Fees) and that's not all.. Stand a chance to win a MoMoSoukoul : A School Bag every 5 minutes, 50,000F every hour or 100,000F every week when making a minimum payment of 2,500F. Info at 8787 or WhatsApp [PHONE_8788]."
USER_10,2024-08-29,14:15:23,MobileMoney,transaction,OUT,500.0,XAF,4544.0,"Hello, A transaction of 500 XAF by MTNC BUNDLES_FORFAITS   (MTN_Bundles) on your mobile money account successfully completed at 2024-08-29 14:15:00. The amount was subject to a discount of 0 and coupons worth 0. Message from debit receiver: . Your new balance:4544 XAF. Fee was 0 XAF, loyalty fee was 0 and loyalty reward was 0. Financial Transaction Id: [PHONE_2238]. External Transaction Id: 446801453720203831. Enjoy Payments with MoMo at ZERO Fees (Purchases, Bills, MINESEC Tuition Fees) and that's not all.. Stand a chance to win a MoMoSoukoul : A School Bag every 5 minutes, 50,000F every hour or 100,000F every week when making a minimum payment of 2,500F. Info at 8787 or WhatsApp [PHONE_8788]."
USER_10,2024-08-29,23:31:17,MobileMoney,transaction,OUT,500.0,XAF,4044.0,"Hello, A transaction of 500 XAF by MTNC BUNDLES_FORFAITS   (MTN_Bundles) on your mobile money account successfully completed at 2024-08-29 23:30:55. The amount was subject to a discount of 0 and coupons worth 0. Message from debit receiver: . Your new balance:4044 XAF. Fee was 0 XAF, loyalty fee was 0 and loyalty reward was 0. Financial Transaction Id: [PHONE_7601]. External Transaction Id: 8240360973452321135. Enjoy Payments with MoMo at ZERO Fees (Purchases, Bills, MINESEC Tuition Fees) and that's not all.. Stand a chance to win a MoMoSoukoul : A School Bag every 5 minutes, 50,000F every hour or 100,000F every week when making a minimum payment of 2,500F. Info at 8787 or WhatsApp [PHONE_8788]."
USER_10,2024-08-30,14:49:53,MobileMoney,transaction,OUT,500.0,XAF,3544.0,"Hello, A transaction of 500 XAF by MTNC BUNDLES_FORFAITS   (MTN_Bundles) on your mobile money account successfully completed at 2024-08-30 14:49:30. The amount was subject to a discount of 0 and coupons worth 0. Message from debit receiver: . Your new balance:3544 XAF. Fee was 0 XAF, loyalty fee was 0 and loyalty reward was 0. Financial Transaction Id: [PHONE_5778]. External Transaction Id: 3163918631263859713. Enjoy Payments with MoMo at ZERO Fees (Purchases, Bills, MINESEC Tuition Fees) and that's not all.. Stand a chance to win a MoMoSoukoul : A School Bag every 5 minutes, 50,000F every hour or 100,000F every week when making a minimum payment of 2,500F. Info at 8787 or WhatsApp [PHONE_8788]."
USER_10,2024-08-31,00:13:32,MobileMoney,paiement,OUT,200.0,XAF,3344.0,"Your payment of 200 XAF to MTNC BUNDLES_FORFAITS with token  has been completed at 2024-08-31 00:13:15. Your new balance: 3344 XAF. Fee was 0 XAF, loyalty fee was - and loyalty reward was -. The amount was subject to a discount of - and coupons worth -. Message: -. Financial Transaction Id: [PHONE_3124]. External Transaction Id: 7361056755161054227. Provider message: SUCCESS. Enjoy Payments with MoMo at ZERO Fees (Purchases, Bills, MINESEC Tuition Fees) and that's not all.. Stand a chance to win a MoMoSoukoul : A School Bag every 5 minutes, 50,000F every hour or 100,000F every week when making a minimum payment of 2,500F. Info at 8787 or WhatsApp [PHONE_8788]."
USER_10,2024-08-31,20:53:30,MobileMoney,transaction,OUT,500.0,XAF,2844.0,"Hello, A transaction of 500 XAF by MTNC BUNDLES_FORFAITS   (MTN_Bundles) on your mobile money account successfully completed at 2024-08-31 20:53:07. The amount was subject to a discount of 0 and coupons worth 0. Message from debit receiver: . Your new balance:2844 XAF. Fee was 0 XAF, loyalty fee was 0 and loyalty reward was 0. Financial Transaction Id: [PHONE_0896]. External Transaction Id: 6405074639519349786. Enjoy Payments with MoMo at ZERO Fees (Purchases, Bills, MINESEC Tuition Fees) and that's not all.. Stand a chance to win a MoMoSoukoul : A School Bag every 5 minutes, 50,000F every hour or 100,000F every week when making a minimum payment of 2,500F. Info at 8787 or WhatsApp [PHONE_8788]."
USER_10,2024-09-01,10:33:08,MobileMoney,transaction,OUT,500.0,XAF,2144.0,"Hello, A transaction of 500 XAF by MTNC BUNDLES_FORFAITS   (MTN_Bundles) on your mobile money account successfully completed at 2024-09-01 10:32:46. The amount was subject to a discount of 0 and coupons worth 0. Message from debit receiver: . Your new balance:2144 XAF. Fee was 0 XAF, loyalty fee was 0 and loyalty reward was 0. Financial Transaction Id: [PHONE_0725]. External Transaction Id: 6523978779295435643. Enjoy Payments with MoMo at ZERO Fees (Purchases, Bills, MINESEC Tuition Fees) and that's not all.. Stand a chance to win a MoMoSoukoul : A School Bag every 5 minutes, 50,000F every hour or 100,000F every week when making a minimum payment of 2,500F. Info at 8787 or WhatsApp [PHONE_8788]."
USER_10,2024-09-03,10:32:49,MobileMoney,transaction,OUT,500.0,XAF,1644.0,"Hello, A transaction of 500 XAF by MTNC BUNDLES_FORFAITS   (MTN_Bundles) on your mobile money account successfully completed at 2024-09-03 10:32:26. The amount was subject to a discount of 0 and coupons worth 0. Message from debit receiver: . Your new balance:1644 XAF. Fee was 0 XAF, loyalty fee was 0 and loyalty reward was 0. Financial Transaction Id: [PHONE_5433]. External Transaction Id: 844215989450761658. Enjoy Payments with MoMo at ZERO Fees (Purchases, Bills, MINESEC Tuition Fees) and that's not all.. Stand a chance to win a MoMoSoukoul : A School Bag every 5 minutes, 50,000F every hour or 100,000F every week when making a minimum payment of 2,500F. Info at 8787 or WhatsApp [PHONE_8788]."
USER_10,2024-09-04,07:24:11,MobileMoney,transaction,OUT,500.0,XAF,1144.0,"Hello, A transaction of 500 XAF by MTNC BUNDLES_FORFAITS   (MTN_Bundles) on your mobile money account successfully completed at 2024-09-04 07:23:46. The amount was subject to a discount of 0 and coupons worth 0. Message from debit receiver: . Your new balance:1144 XAF. Fee was 0 XAF, loyalty fee was 0 and loyalty reward was 0. Financial Transaction Id: [PHONE_0572]. External Transaction Id: 215817737878363615. Enjoy Payments with MoMo at ZERO Fees (Purchases, Bills, MINESEC Tuition Fees) and that's not all.. Stand a chance to win a MoMoSoukoul : A School Bag every 5 minutes, 50,000F every hour or 100,000F every week when making a minimum payment of 2,500F. Info at 8787 or WhatsApp [PHONE_8788]."
USER_10,2024-09-04,15:41:32,MobileMoney,transaction,OUT,500.0,XAF,644.0,"Hello, A transaction of 500 XAF by MTNC BUNDLES_FORFAITS   (MTN_Bundles) on your mobile money account successfully completed at 2024-09-04 15:41:09. The amount was subject to a discount of 0 and coupons worth 0. Message from debit receiver: . Your new balance:644 XAF. Fee was 0 XAF, loyalty fee was 0 and loyalty reward was 0. Financial Transaction Id: [PHONE_5631]. External Transaction Id: 2314361466536325792. Enjoy Payments with MoMo at ZERO Fees (Purchases, Bills, MINESEC Tuition Fees) and that's not all.. Stand a chance to win a MoMoSoukoul : A School Bag every 5 minutes, 50,000F every hour or 100,000F every week when making a minimum payment of 2,500F. Info at 8787 or WhatsApp [PHONE_8788]."
USER_10,2024-09-05,14:07:38,MobileMoney,transaction,OUT,500.0,XAF,144.0,"Hello, A transaction of 500 XAF by MTNC BUNDLES_FORFAITS   (MTN_Bundles) on your mobile money account successfully completed at 2024-09-05 14:06:22. The amount was subject to a discount of 0 and coupons worth 0. Message from debit receiver: . Your new balance:144 XAF. Fee was 0 XAF, loyalty fee was 0 and loyalty reward was 0. Financial Transaction Id: [PHONE_2650]. External Transaction Id: 9171308721196480769. Enjoy Payments with MoMo at ZERO Fees (Purchases, Bills, MINESEC Tuition Fees) and that's not all.. Stand a chance to win a MoMoSoukoul : A School Bag every 5 minutes, 50,000F every hour or 100,000F every week when making a minimum payment of 2,500F. Info at 8787 or WhatsApp [PHONE_8788]."
USER_10,2024-09-09,08:42:23,MobileMoney,paiement,OUT,50.0,XAF,94.0,"Your payment of 50 XAF to MTNC Bundles with token  has been completed at 2024-09-09 08:41:59. Your new balance: 94 XAF. Fee was 0 XAF, loyalty fee was - and loyalty reward was -. The amount was subject to a discount of - and coupons worth -. Message: SMS. Financial Transaction Id: [PHONE_8369]. External Transaction Id: -. Provider message: -. Enjoy Payments with MoMo at ZERO Fees (Purchases, Bills, MINESEC Tuition Fees) and that's not all.. Stand a chance to win a MoMoSoukoul : A School Bag every 5 minutes, 50,000F every hour or 100,000F every week when making a minimum payment of 2,500F. Info at 8787 or WhatsApp [PHONE_8788]."
USER_10,2024-09-10,08:23:31,MobileMoney,paiement,OUT,50.0,XAF,44.0,"Your payment of 50 XAF to MTNC BUNDLES_FORFAITS with token  has been completed at 2024-09-10 08:23:09. Your new balance: 44 XAF. Fee was 0 XAF, loyalty fee was - and loyalty reward was -. The amount was subject to a discount of - and coupons worth -. Message: -. Financial Transaction Id: [PHONE_1220]. External Transaction Id: 8221856820758860430. Provider message: SUCCESS. Enjoy Payments with MoMo at ZERO Fees (Purchases, Bills, MINESEC Tuition Fees) and that's not all.. Stand a chance to win a MoMoSoukoul : A School Bag every 5 minutes, 50,000F every hour or 100,000F every week when making a minimum payment of 2,500F. Info at 8787 or WhatsApp [PHONE_8788]."
USER_10,2024-09-11,16:20:35,MobileMoney,transfert,IN,60500.0,XAF,60544.0,"You have received 60500 XAF from [CONTACT_2949] [CONTACT_7C0A] ([PHONE_3287] [CONTACT_D0D3] NGATSING) on your mobile money account at 2024-09-11 16:20:32. Message from sender: . Your new balance: 60544 XAF. Loyalty fee was 0 and loyalty reward was 0. Promotion was 0. Financial Transaction Id: [PHONE_7210]. Enjoy Payments with MoMo at ZERO Fees (Purchases, Bills, MINESEC Tuition Fees) and that's not all.. Stand a chance to win a MoMoSoukoul : A School Bag every 5 minutes, 50,000F every hour or 100,000F every week when making a minimum payment of 2,500F. Info at 8787 or WhatsApp [PHONE_8788]."
USER_10,2024-09-11,17:31:26,MobileMoney,retrait,OUT,50000.0,XAF,9544.0,"You [USER_10] (237[USER_10_phone]) have via agent: [CONTACT_950A] Ers Shalomes Services ([PHONE_5858] -), withdrawn 50000 XAF from your mobile money account: 69020858 at 2024-09-11 17:31:22 and you can now collect your money in cash. Your new balance: 9544 XAF. Fee paid: 1000 XAF. Message from agent: -. Financial Transaction Id: [PHONE_4074]. Enjoy Payments with MoMo at [CONTACT_DBEF] (Purchases, Bills, MINESEC Tuition Fees) and that's not all.. Stand a chance to win a MoMoSoukoul : A School Bag every 5 minutes, 50,000F every hour or 100,000F every week when making a minimum payment of 2,500F. Info at 8787 or WhatsApp [PHONE_8788]."
USER_10,2024-09-11,17:50:30,MobileMoney,transaction,OUT,500.0,XAF,9044.0,"Hello, A transaction of 500 XAF by MTNC BUNDLES_FORFAITS   (MTN_Bundles) on your mobile money account successfully completed at 2024-09-11 17:50:07. The amount was subject to a discount of 0 and coupons worth 0. Message from debit receiver: . Your new balance:9044 XAF. Fee was 0 XAF, loyalty fee was 0 and loyalty reward was 0. Financial Transaction Id: [PHONE_4280]. External Transaction Id: 5718063436322121432. Enjoy Payments with MoMo at ZERO Fees (Purchases, Bills, MINESEC Tuition Fees) and that's not all.. Stand a chance to win a MoMoSoukoul : A School Bag every 5 minutes, 50,000F every hour or 100,000F every week when making a minimum payment of 2,500F. Info at 8787 or WhatsApp [PHONE_8788]."
USER_10,2024-09-12,00:02:11,MobileMoney,paiement,OUT,200.0,XAF,8844.0,"Your payment of 200 XAF to MTNC BUNDLES_FORFAITS with token  has been completed at 2024-09-12 00:01:54. Your new balance: 8844 XAF. Fee was 0 XAF, loyalty fee was - and loyalty reward was -. The amount was subject to a discount of - and coupons worth -. Message: -. Financial Transaction Id: [PHONE_2340]. External Transaction Id: 8851844445686872382. Provider message: SUCCESS. Enjoy Payments with MoMo at ZERO Fees (Purchases, Bills, MINESEC Tuition Fees) and that's not all.. Stand a chance to win a MoMoSoukoul : A School Bag every 5 minutes, 50,000F every hour or 100,000F every week when making a minimum payment of 2,500F. Info at 8787 or WhatsApp [PHONE_8788]."
USER_10,2024-09-12,02:15:03,MobileMoney,paiement,OUT,200.0,XAF,8644.0,"Your payment of 200 XAF to MTNC BUNDLES_FORFAITS with token  has been completed at 2024-09-12 02:14:45. Your new balance: 8644 XAF. Fee was 0 XAF, loyalty fee was - and loyalty reward was -. The amount was subject to a discount of - and coupons worth -. Message: -. Financial Transaction Id: [PHONE_5193]. External Transaction Id: 953503010836007625. Provider message: SUCCESS. Enjoy Payments with MoMo at ZERO Fees (Purchases, Bills, MINESEC Tuition Fees) and that's not all.. Stand a chance to win a MoMoSoukoul : A School Bag every 5 minutes, 50,000F every hour or 100,000F every week when making a minimum payment of 2,500F. Info at 8787 or WhatsApp [PHONE_8788]."
USER_10,2024-09-12,10:15:12,MobileMoney,transaction,OUT,500.0,XAF,8144.0,"Hello, A transaction of 500 XAF by MTNC BUNDLES_FORFAITS   (MTN_Bundles) on your mobile money account successfully completed at 2024-09-12 10:14:49. The amount was subject to a discount of 0 and coupons worth 0. Message from debit receiver: . Your new balance:8144 XAF. Fee was 0 XAF, loyalty fee was 0 and loyalty reward was 0. Financial Transaction Id: [PHONE_8924]. External Transaction Id: 1027432447911194911. Enjoy Payments with MoMo at ZERO Fees (Purchases, Bills, MINESEC Tuition Fees) and that's not all.. Stand a chance to win a MoMoSoukoul : A School Bag every 5 minutes, 50,000F every hour or 100,000F every week when making a minimum payment of 2,500F. Info at 8787 or WhatsApp [PHONE_8788]."
USER_10,2024-09-12,18:23:00,MobileMoney,transaction,OUT,500.0,XAF,7644.0,"Hello, A transaction of 500 XAF by MTNC BUNDLES_FORFAITS   (MTN_Bundles) on your mobile money account successfully completed at 2024-09-12 18:22:38. The amount was subject to a discount of 0 and coupons worth 0. Message from debit receiver: . Your new balance:7644 XAF. Fee was 0 XAF, loyalty fee was 0 and loyalty reward was 0. Financial Transaction Id: [PHONE_0405]. External Transaction Id: 63700211536482238. Enjoy Payments with MoMo at ZERO Fees (Purchases, Bills, MINESEC Tuition Fees) and that's not all.. Stand a chance to win a MoMoSoukoul : A School Bag every 5 minutes, 50,000F every hour or 100,000F every week when making a minimum payment of 2,500F. Info at 8787 or WhatsApp [PHONE_8788]."
USER_10,2024-09-13,07:47:15,MobileMoney,transaction,OUT,500.0,XAF,7144.0,"Hello, A transaction of 500 XAF by MTNC BUNDLES_FORFAITS   (MTN_Bundles) on your mobile money account successfully completed at 2024-09-13 07:46:52. The amount was subject to a discount of 0 and coupons worth 0. Message from debit receiver: . Your new balance:7144 XAF. Fee was 0 XAF, loyalty fee was 0 and loyalty reward was 0. Financial Transaction Id: [PHONE_9589]. External Transaction Id: 3085255922757923556. Enjoy Payments with MoMo at ZERO Fees (Purchases, Bills, MINESEC Tuition Fees) and that's not all.. Stand a chance to win a MoMoSoukoul : A School Bag every 5 minutes, 50,000F every hour or 100,000F every week when making a minimum payment of 2,500F. Info at 8787 or WhatsApp [PHONE_8788]."
USER_10,2024-09-13,19:53:09,MobileMoney,transaction,OUT,500.0,XAF,6644.0,"Hello, A transaction of 500 XAF by MTNC BUNDLES_FORFAITS   (MTN_Bundles) on your mobile money account successfully completed at 2024-09-13 19:52:46. The amount was subject to a discount of 0 and coupons worth 0. Message from debit receiver: . Your new balance:6644 XAF. Fee was 0 XAF, loyalty fee was 0 and loyalty reward was 0. Financial Transaction Id: [PHONE_3951]. External Transaction Id: 6576279199784393582. Enjoy Payments with MoMo at ZERO Fees (Purchases, Bills, MINESEC Tuition Fees) and that's not all.. Stand a chance to win a MoMoSoukoul : A School Bag every 5 minutes, 50,000F every hour or 100,000F every week when making a minimum payment of 2,500F. Info at 8787 or WhatsApp [PHONE_8788]."
USER_10,2024-09-15,00:10:32,MobileMoney,paiement,OUT,200.0,XAF,5944.0,"Your payment of 200 XAF to MTNC BUNDLES_FORFAITS with token  has been completed at 2024-09-15 00:10:15. Your new balance: 5944 XAF. Fee was 0 XAF, loyalty fee was - and loyalty reward was -. The amount was subject to a discount of - and coupons worth -. Message: -. Financial Transaction Id: [PHONE_5092]. External Transaction Id: 2869112868803655052. Provider message: SUCCESS. Enjoy Payments with MoMo at ZERO Fees (Purchases, Bills, MINESEC Tuition Fees) and that's not all.. Stand a chance to win a MoMoSoukoul : A School Bag every 5 minutes, 50,000F every hour or 100,000F every week when making a minimum payment of 2,500F. Info at 8787 or WhatsApp [PHONE_8788]."
USER_10,2024-09-15,04:34:02,MobileMoney,paiement,OUT,200.0,XAF,5744.0,"Your payment of 200 XAF to MTNC BUNDLES_FORFAITS with token  has been completed at 2024-09-15 04:32:46. Your new balance: 5744 XAF. Fee was 0 XAF, loyalty fee was - and loyalty reward was -. The amount was subject to a discount of - and coupons worth -. Message: -. Financial Transaction Id: [PHONE_5256]. External Transaction Id: 8967634805650936373. Provider message: SUCCESS. Enjoy Payments with MoMo at ZERO Fees (Purchases, Bills, MINESEC Tuition Fees) and that's not all.. Stand a chance to win a MoMoSoukoul : A School Bag every 5 minutes, 50,000F every hour or 100,000F every week when making a minimum payment of 2,500F. Info at 8787 or WhatsApp [PHONE_8788]."
USER_10,2024-09-15,17:15:10,MobileMoney,paiement,OUT,1000.0,XAF,4744.0,"Your payment of 1000 XAF to MTNC AIRTIME with token  has been completed at 2024-09-15 17:15:05. Your new balance: 4744 XAF. Fee was 0 XAF, loyalty fee was - and loyalty reward was -. The amount was subject to a discount of - and coupons worth -. Message: -. Financial Transaction Id: [PHONE_2210]. External Transaction Id: [PHONE_2210]. Provider message: -. Enjoy Payments with MoMo at ZERO Fees (Purchases, Bills, MINESEC Tuition Fees) and that's not all.. Stand a chance to win a MoMoSoukoul : A School Bag every 5 minutes, 50,000F every hour or 100,000F every week when making a minimum payment of 2,500F. Info at 8787 or WhatsApp [PHONE_8788]."
USER_10,2024-09-15,23:20:58,MobileMoney,transaction,OUT,500.0,XAF,4244.0,"Hello, A transaction of 500 XAF by MTNC BUNDLES_FORFAITS   (MTN_Bundles) on your mobile money account successfully completed at 2024-09-15 23:20:36. The amount was subject to a discount of 0 and coupons worth 0. Message from debit receiver: . Your new balance:4244 XAF. Fee was 0 XAF, loyalty fee was 0 and loyalty reward was 0. Financial Transaction Id: [PHONE_6123]. External Transaction Id: 2059654510408035127. Enjoy Payments with MoMo at ZERO Fees (Purchases, Bills, MINESEC Tuition Fees) and that's not all.. Stand a chance to win a MoMoSoukoul : A School Bag every 5 minutes, 50,000F every hour or 100,000F every week when making a minimum payment of 2,500F. Info at 8787 or WhatsApp [PHONE_8788]."
USER_10,2024-09-16,15:31:54,MobileMoney,transaction,OUT,500.0,XAF,3744.0,"Hello, A transaction of 500 XAF by MTNC BUNDLES_FORFAITS   (MTN_Bundles) on your mobile money account successfully completed at 2024-09-16 15:31:31. The amount was subject to a discount of 0 and coupons worth 0. Message from debit receiver: . Your new balance:3744 XAF. Fee was 0 XAF, loyalty fee was 0 and loyalty reward was 0. Financial Transaction Id: [PHONE_0672]. External Transaction Id: 6423876211116998776. Enjoy Payments with MoMo at ZERO Fees (Purchases, Bills, MINESEC Tuition Fees) and that's not all.. Stand a chance to win a MoMoSoukoul : A School Bag every 5 minutes, 50,000F every hour or 100,000F every week when making a minimum payment of 2,500F. Info at 8787 or WhatsApp [PHONE_8788]."
USER_10,2024-09-17,16:10:36,MobileMoney,transaction,OUT,500.0,XAF,3244.0,"Hello, A transaction of 500 XAF by MTNC BUNDLES_FORFAITS   (MTN_Bundles) on your mobile money account successfully completed at 2024-09-17 15:49:31. The amount was subject to a discount of 0 and coupons worth 0. Message from debit receiver: . Your new balance:3244 XAF. Fee was 0 XAF, loyalty fee was 0 and loyalty reward was 0. Financial Transaction Id: [PHONE_3021]. External Transaction Id: 9212013061833730801. Enjoy Payments with MoMo at ZERO Fees (Purchases, Bills, MINESEC Tuition Fees) and that's not all.. Stand a chance to win a MoMoSoukoul : A School Bag every 5 minutes, 50,000F every hour or 100,000F every week when making a minimum payment of 2,500F. Info at 8787 or WhatsApp [PHONE_8788]."
USER_10,2024-09-17,20:04:35,MobileMoney,transaction,OUT,500.0,XAF,2744.0,"Hello, A transaction of 500 XAF by MTNC BUNDLES_FORFAITS   (MTN_Bundles) on your mobile money account successfully completed at 2024-09-17 20:04:14. The amount was subject to a discount of 0 and coupons worth 0. Message from debit receiver: . Your new balance:2744 XAF. Fee was 0 XAF, loyalty fee was 0 and loyalty reward was 0. Financial Transaction Id: [PHONE_7919]. External Transaction Id: 4589520531541540457. Enjoy Payments with MoMo at ZERO Fees (Purchases, Bills, MINESEC Tuition Fees) and that's not all.. Stand a chance to win a MoMoSoukoul : A School Bag every 5 minutes, 50,000F every hour or 100,000F every week when making a minimum payment of 2,500F. Info at 8787 or WhatsApp [PHONE_8788]."
USER_10,2024-09-18,17:32:50,MobileMoney,transaction,OUT,500.0,XAF,2244.0,"Hello, A transaction of 500 XAF by MTNC BUNDLES_FORFAITS   (MTN_Bundles) on your mobile money account successfully completed at 2024-09-18 17:32:45. The amount was subject to a discount of 0 and coupons worth 0. Message from debit receiver: . Your new balance:2244 XAF. Fee was 0 XAF, loyalty fee was 0 and loyalty reward was 0. Financial Transaction Id: [PHONE_3178]. External Transaction Id: 7942349929259216663. Enjoy Payments with MoMo at ZERO Fees (Purchases, Bills, MINESEC Tuition Fees) and that's not all.. Stand a chance to win a MoMoSoukoul : A School Bag every 5 minutes, 50,000F every hour or 100,000F every week when making a minimum payment of 2,500F. Info at 8787 or WhatsApp [PHONE_8788]."
USER_10,2024-09-19,11:51:55,MobileMoney,transaction,OUT,500.0,XAF,1744.0,"Hello, A transaction of 500 XAF by MTNC BUNDLES_FORFAITS   (MTN_Bundles) on your mobile money account successfully completed at 2024-09-19 11:51:32. The amount was subject to a discount of 0 and coupons worth 0. Message from debit receiver: . Your new balance:1744 XAF. Fee was 0 XAF, loyalty fee was 0 and loyalty reward was 0. Financial Transaction Id: [PHONE_8890]. External Transaction Id: 610685916483788. Enjoy Payments with MoMo at ZERO Fees (Purchases, Bills, MINESEC Tuition Fees) and that's not all.. Stand a chance to win a MoMoSoukoul : A School Bag every 5 minutes, 50,000F every hour or 100,000F every week when making a minimum payment of 2,500F. Info at 8787 or WhatsApp [PHONE_8788]."
USER_10,2024-09-19,22:10:39,MobileMoney,transaction,OUT,500.0,XAF,1244.0,"Hello, A transaction of 500 XAF by MTNC BUNDLES_FORFAITS   (MTN_Bundles) on your mobile money account successfully completed at 2024-09-19 22:10:18. The amount was subject to a discount of 0 and coupons worth 0. Message from debit receiver: . Your new balance:1244 XAF. Fee was 0 XAF, loyalty fee was 0 and loyalty reward was 0. Financial Transaction Id: [PHONE_9136]. External Transaction Id: 7537080768026775273. Enjoy Payments with MoMo at ZERO Fees (Purchases, Bills, MINESEC Tuition Fees) and that's not all.. Stand a chance to win a MoMoSoukoul : A School Bag every 5 minutes, 50,000F every hour or 100,000F every week when making a minimum payment of 2,500F. Info at 8787 or WhatsApp [PHONE_8788]."
USER_10,2024-09-20,00:11:43,MobileMoney,paiement,OUT,200.0,XAF,1044.0,"Your payment of 200 XAF to MTNC BUNDLES_FORFAITS with token  has been completed at 2024-09-20 00:11:26. Your new balance: 1044 XAF. Fee was 0 XAF, loyalty fee was - and loyalty reward was -. The amount was subject to a discount of - and coupons worth -. Message: -. Financial Transaction Id: [PHONE_9891]. External Transaction Id: 4968520961836374150. Provider message: SUCCESS. Enjoy Payments with MoMo at ZERO Fees (Purchases, Bills, MINESEC Tuition Fees) and that's not all.. Stand a chance to win a MoMoSoukoul : A School Bag every 5 minutes, 50,000F every hour or 100,000F every week when making a minimum payment of 2,500F. Info at 8787 or WhatsApp [PHONE_8788]."
USER_10,2024-09-21,12:52:18,MobileMoney,transaction,OUT,500.0,XAF,544.0,"Hello, A transaction of 500 XAF by MTNC BUNDLES_FORFAITS   (MTN_Bundles) on your mobile money account successfully completed at 2024-09-21 12:51:56. The amount was subject to a discount of 0 and coupons worth 0. Message from debit receiver: . Your new balance:544 XAF. Fee was 0 XAF, loyalty fee was 0 and loyalty reward was 0. Financial Transaction Id: [PHONE_3734]. External Transaction Id: 1689618417676220698. Enjoy Payments with MoMo at ZERO Fees (Purchases, Bills, MINESEC Tuition Fees) and that's not all.. Stand a chance to win a MoMoSoukoul : A School Bag every 5 minutes, 50,000F every hour or 100,000F every week when making a minimum payment of 2,500F. Info at 8787 or WhatsApp [PHONE_8788]."
USER_10,2024-09-21,17:27:51,MobileMoney,transfert,IN,10000.0,XAF,10544.0,"You have received 10000 XAF from [CONTACT_3185] R1 [CONTACT_4B3F] ([PHONE_3507] [CONTACT_7458]) on your mobile money account at 2024-09-21 17:27:48. Message from sender: . Your new balance: 10544 XAF. Loyalty fee was 0 and loyalty reward was 0. Promotion was 0. Financial Transaction Id: [PHONE_1394]. Enjoy Payments with MoMo at ZERO Fees (Purchases, Bills, MINESEC Tuition Fees) and that's not all.. Stand a chance to win a MoMoSoukoul : A School Bag every 5 minutes, 50,000F every hour or 100,000F every week when making a minimum payment of 2,500F. Info at 8787 or WhatsApp [PHONE_8788]."
USER_10,2024-09-22,00:16:02,MobileMoney,paiement,OUT,200.0,XAF,10344.0,"Your payment of 200 XAF to MTNC BUNDLES_FORFAITS with token  has been completed at 2024-09-22 00:15:44. Your new balance: 10344 XAF. Fee was 0 XAF, loyalty fee was - and loyalty reward was -. The amount was subject to a discount of - and coupons worth -. Message: -. Financial Transaction Id: [PHONE_8539]. External Transaction Id: 4575741482431070445. Provider message: SUCCESS. Enjoy Payments with MoMo at ZERO Fees (Purchases, Bills, MINESEC Tuition Fees) and that's not all.. Stand a chance to win a MoMoSoukoul : A School Bag every 5 minutes, 50,000F every hour or 100,000F every week when making a minimum payment of 2,500F. Info at 8787 or WhatsApp [PHONE_8788]."
USER_10,2024-09-22,10:49:12,MobileMoney,transaction,OUT,500.0,XAF,9844.0,"Hello, A transaction of 500 XAF by MTNC BUNDLES_FORFAITS   (MTN_Bundles) on your mobile money account successfully completed at 2024-09-22 10:48:50. The amount was subject to a discount of 0 and coupons worth 0. Message from debit receiver: . Your new balance:9844 XAF. Fee was 0 XAF, loyalty fee was 0 and loyalty reward was 0. Financial Transaction Id: [PHONE_6319]. External Transaction Id: 6111470581125682018. Enjoy Payments with MoMo at ZERO Fees (Purchases, Bills, MINESEC Tuition Fees) and that's not all.. Stand a chance to win a MoMoSoukoul : A School Bag every 5 minutes, 50,000F every hour or 100,000F every week when making a minimum payment of 2,500F. Info at 8787 or WhatsApp [PHONE_8788]."
USER_10,2024-09-22,15:36:53,MobileMoney,transaction,OUT,500.0,XAF,9344.0,"Hello, A transaction of 500 XAF by MTNC BUNDLES_FORFAITS   (MTN_Bundles) on your mobile money account successfully completed at 2024-09-22 15:36:31. The amount was subject to a discount of 0 and coupons worth 0. Message from debit receiver: . Your new balance:9344 XAF. Fee was 0 XAF, loyalty fee was 0 and loyalty reward was 0. Financial Transaction Id: [PHONE_7432]. External Transaction Id: 987117072914672295. Enjoy Payments with MoMo at ZERO Fees (Purchases, Bills, MINESEC Tuition Fees) and that's not all.. Stand a chance to win a MoMoSoukoul : A School Bag every 5 minutes, 50,000F every hour or 100,000F every week when making a minimum payment of 2,500F. Info at 8787 or WhatsApp [PHONE_8788]."
USER_10,2024-09-23,12:41:01,MobileMoney,retrait,OUT,5100.0,XAF,4142.0,"You [USER_10] (237[USER_10_phone]) have via agent: [CONTACT_A0C9] ([PHONE_7911] [CONTACT_A0C9]), withdrawn 5100 XAF from your mobile money account: 69020858 at 2024-09-23 12:40:56 and you can now collect your money in cash. Your new balance: 4142 XAF. Fee paid: 102 XAF. Message from agent: -. Financial Transaction Id: [PHONE_5001]. Enjoy Payments with MoMo at [CONTACT_DBEF] (Purchases, Bills, MINESEC Tuition Fees) and that's not all.. Stand a chance to win a MoMoSoukoul : A School Bag every 5 minutes, 50,000F every hour or 100,000F every week when making a minimum payment of 2,500F. Info at 8787 or WhatsApp [PHONE_8788]."
USER_10,2024-09-24,12:24:46,MobileMoney,transaction,OUT,500.0,XAF,3642.0,"Hello, A transaction of 500 XAF by MTNC BUNDLES_FORFAITS   (MTN_Bundles) on your mobile money account successfully completed at 2024-09-24 12:24:24. The amount was subject to a discount of 0 and coupons worth 0. Message from debit receiver: . Your new balance:3642 XAF. Fee was 0 XAF, loyalty fee was 0 and loyalty reward was 0. Financial Transaction Id: [PHONE_6594]. External Transaction Id: 4642542088283670811. Enjoy Payments with MoMo at ZERO Fees (Purchases, Bills, MINESEC Tuition Fees) and that's not all.. Stand a chance to win a MoMoSoukoul : A School Bag every 5 minutes, 50,000F every hour or 100,000F every week when making a minimum payment of 2,500F. Info at 8787 or WhatsApp [PHONE_8788]."
USER_10,2024-09-25,00:03:31,MobileMoney,paiement,OUT,200.0,XAF,3442.0,"Your payment of 200 XAF to MTNC BUNDLES_FORFAITS with token  has been completed at 2024-09-25 00:03:14. Your new balance: 3442 XAF. Fee was 0 XAF, loyalty fee was - and loyalty reward was -. The amount was subject to a discount of - and coupons worth -. Message: -. Financial Transaction Id: [PHONE_3062]. External Transaction Id: 5511684843986800580. Provider message: SUCCESS. Enjoy Payments with MoMo at ZERO Fees (Purchases, Bills, MINESEC Tuition Fees) and that's not all.. Stand a chance to win a MoMoSoukoul : A School Bag every 5 minutes, 50,000F every hour or 100,000F every week when making a minimum payment of 2,500F. Info at 8787 or WhatsApp [PHONE_8788]."
USER_10,2024-09-25,11:42:03,MobileMoney,transaction,OUT,500.0,XAF,2942.0,"Hello, A transaction of 500 XAF by MTNC BUNDLES_FORFAITS   (MTN_Bundles) on your mobile money account successfully completed at 2024-09-25 11:41:41. The amount was subject to a discount of 0 and coupons worth 0. Message from debit receiver: . Your new balance:2942 XAF. Fee was 0 XAF, loyalty fee was 0 and loyalty reward was 0. Financial Transaction Id: [PHONE_6034]. External Transaction Id: 9061561181499669274. Enjoy Payments with MoMo at ZERO Fees (Purchases, Bills, MINESEC Tuition Fees) and that's not all.. Stand a chance to win a MoMoSoukoul : A School Bag every 5 minutes, 50,000F every hour or 100,000F every week when making a minimum payment of 2,500F. Info at 8787 or WhatsApp [PHONE_8788]."
USER_10,2024-09-25,15:44:13,MobileMoney,transaction,OUT,500.0,XAF,2442.0,"Hello, A transaction of 500 XAF by MTNC BUNDLES_FORFAITS   (MTN_Bundles) on your mobile money account successfully completed at 2024-09-25 15:43:51. The amount was subject to a discount of 0 and coupons worth 0. Message from debit receiver: . Your new balance:2442 XAF. Fee was 0 XAF, loyalty fee was 0 and loyalty reward was 0. Financial Transaction Id: [PHONE_7465]. External Transaction Id: 132121814089050423. Enjoy Payments with MoMo at ZERO Fees (Purchases, Bills, MINESEC Tuition Fees) and that's not all.. Stand a chance to win a MoMoSoukoul : A School Bag every 5 minutes, 50,000F every hour or 100,000F every week when making a minimum payment of 2,500F. Info at 8787 or WhatsApp [PHONE_8788]."
USER_10,2024-09-26,13:21:25,MobileMoney,transaction,OUT,500.0,XAF,1942.0,"Hello, A transaction of 500 XAF by MTNC BUNDLES_FORFAITS   (MTN_Bundles) on your mobile money account successfully completed at 2024-09-26 13:21:03. The amount was subject to a discount of 0 and coupons worth 0. Message from debit receiver: . Your new balance:1942 XAF. Fee was 0 XAF, loyalty fee was 0 and loyalty reward was 0. Financial Transaction Id: [PHONE_5688]. External Transaction Id: 5620047231116003987. Enjoy Payments with MoMo at ZERO Fees (Purchases, Bills, MINESEC Tuition Fees) and that's not all.. Stand a chance to win a MoMoSoukoul : A School Bag every 5 minutes, 50,000F every hour or 100,000F every week when making a minimum payment of 2,500F. Info at 8787 or WhatsApp [PHONE_8788]."
USER_10,2024-09-27,12:09:06,MobileMoney,transaction,OUT,500.0,XAF,1442.0,"Hello, A transaction of 500 XAF by MTNC BUNDLES_FORFAITS   (MTN_Bundles) on your mobile money account successfully completed at 2024-09-27 12:08:44. The amount was subject to a discount of 0 and coupons worth 0. Message from debit receiver: . Your new balance:1442 XAF. Fee was 0 XAF, loyalty fee was 0 and loyalty reward was 0. Financial Transaction Id: [PHONE_9129]. External Transaction Id: 7091801970698938032. Enjoy Payments with MoMo at ZERO Fees (Purchases, Bills, MINESEC Tuition Fees) and that's not all.. Stand a chance to win a MoMoSoukoul : A School Bag every 5 minutes, 50,000F every hour or 100,000F every week when making a minimum payment of 2,500F. Info at 8787 or WhatsApp [PHONE_8788]."
USER_10,2024-09-27,21:55:02,MobileMoney,transaction,OUT,500.0,XAF,942.0,"Hello, A transaction of 500 XAF by MTNC BUNDLES_FORFAITS   (MTN_Bundles) on your mobile money account successfully completed at 2024-09-27 21:54:40. The amount was subject to a discount of 0 and coupons worth 0. Message from debit receiver: . Your new balance:942 XAF. Fee was 0 XAF, loyalty fee was 0 and loyalty reward was 0. Financial Transaction Id: [PHONE_8501]. External Transaction Id: 5706129933399109918. Enjoy Payments with MoMo at ZERO Fees (Purchases, Bills, MINESEC Tuition Fees) and that's not all.. Stand a chance to win a MoMoSoukoul : A School Bag every 5 minutes, 50,000F every hour or 100,000F every week when making a minimum payment of 2,500F. Info at 8787 or WhatsApp [PHONE_8788]."
USER_10,2024-09-29,09:44:56,MobileMoney,transaction,OUT,500.0,XAF,442.0,"Hello, A transaction of 500 XAF by MTNC BUNDLES_FORFAITS   (MTN_Bundles) on your mobile money account successfully completed at 2024-09-29 09:44:35. The amount was subject to a discount of 0 and coupons worth 0. Message from debit receiver: . Your new balance:442 XAF. Fee was 0 XAF, loyalty fee was 0 and loyalty reward was 0. Financial Transaction Id: [PHONE_6925]. External Transaction Id: 7943212700858608241. Enjoy Payments with MoMo at ZERO Fees (Purchases, Bills, MINESEC Tuition Fees) and that's not all.. Stand a chance to win a MoMoSoukoul : A School Bag every 5 minutes, 50,000F every hour or 100,000F every week when making a minimum payment of 2,500F. Info at 8787 or WhatsApp [PHONE_8788]."
USER_10,2024-09-30,20:19:20,MobileMoney,transfert,IN,1100.0,XAF,1542.0,"You have received 1100 XAF from [CONTACT_E80E] Ers Shalomes Services ([PHONE_2963] ) on your mobile money account at 2024-09-30 20:19:18. Message from sender: . Your new balance: 1542 XAF. Loyalty fee was 0 and loyalty reward was 0. Promotion was 0. Financial Transaction Id: [PHONE_7513]. Enjoy Payments with MoMo at ZERO Fees (Purchases, Bills, MINESEC Tuition Fees) and that's not all.. Stand a chance to win a MoMoSoukoul : A School Bag every 5 minutes, 50,000F every hour or 100,000F every week when making a minimum payment of 2,500F. Info at 8787 or WhatsApp [PHONE_8788]."
USER_10,2024-09-30,20:24:11,MobileMoney,transaction,OUT,500.0,XAF,1042.0,"Hello, A transaction of 500 XAF by MTNC BUNDLES_FORFAITS   (MTN_Bundles) on your mobile money account successfully completed at 2024-09-30 20:23:49. The amount was subject to a discount of 0 and coupons worth 0. Message from debit receiver: . Your new balance:1042 XAF. Fee was 0 XAF, loyalty fee was 0 and loyalty reward was 0. Financial Transaction Id: [PHONE_9779]. External Transaction Id: 7695624294464227428. Enjoy Payments with MoMo at ZERO Fees (Purchases, Bills, MINESEC Tuition Fees) and that's not all.. Stand a chance to win a MoMoSoukoul : A School Bag every 5 minutes, 50,000F every hour or 100,000F every week when making a minimum payment of 2,500F. Info at 8787 or WhatsApp [PHONE_8788]."
USER_10,2024-10-01,10:55:25,MobileMoney,transaction,OUT,500.0,XAF,542.0,"Hello, A transaction of 500 XAF by MTNC BUNDLES_FORFAITS   (MTN_Bundles) on your mobile money account successfully completed at 2024-10-01 10:55:02. The amount was subject to a discount of 0 and coupons worth 0. Message from debit receiver: . Your new balance:542 XAF. Fee was 0 XAF, loyalty fee was 0 and loyalty reward was 0. Financial Transaction Id: [PHONE_8999]. External Transaction Id: 2260616404417232646. Enjoy Payments with MoMo at ZERO Fees (Purchases, Bills, MINESEC Tuition Fees) and that's not all.. Stand a chance to win a MoMoSoukoul : A School Bag every 5 minutes, 50,000F every hour or 100,000F every week when making a minimum payment of 2,500F. Info at 8787 or WhatsApp [PHONE_8788]."
USER_10,2024-10-02,18:53:33,MobileMoney,transaction,OUT,500.0,XAF,42.0,"Hello, A transaction of 500 XAF by MTNC BUNDLES_FORFAITS   (MTN_Bundles) on your mobile money account successfully completed at 2024-10-02 18:50:09. The amount was subject to a discount of 0 and coupons worth 0. Message from debit receiver: . Your new balance:42 XAF. Fee was 0 XAF, loyalty fee was 0 and loyalty reward was 0. Financial Transaction Id: [PHONE_1922]. External Transaction Id: 7723173641184263552. Enjoy Payments with MoMo at ZERO Fees (Purchases, Bills, MINESEC Tuition Fees) and that's not all.. Stand a chance to win a MoMoSoukoul : A School Bag every 5 minutes, 50,000F every hour or 100,000F every week when making a minimum payment of 2,500F. Info at 8787 or WhatsApp [PHONE_8788]."
USER_10,2024-10-05,18:59:35,MobileMoney,transfert,IN,1000.0,XAF,1042.0,"You have received 1000 XAF from [CONTACT_E80E] Ers Shalomes Services ([PHONE_2963] ) on your mobile money account at 2024-10-05 18:59:31. Message from sender: . Your new balance: 1042 XAF. Loyalty fee was 0 and loyalty reward was 0. Promotion was 0. Financial Transaction Id: [PHONE_0219]. Enjoy Payments with MoMo at ZERO Fees (Purchases, Bills, MINESEC Tuition Fees) and that's not all.. Stand a chance to win a MoMoSoukoul : A School Bag every 5 minutes, 50,000F every hour or 100,000F every week when making a minimum payment of 2,500F. Info at 8787 or WhatsApp [PHONE_8788]."
USER_10,2024-10-11,11:19:00,MobileMoney,transaction,OUT,500.0,XAF,542.0,"Hello, A transaction of 500 XAF by MTNC BUNDLES_FORFAITS   (MTN_Bundles) on your mobile money account successfully completed at 2024-10-11 11:18:38. The amount was subject to a discount of 0 and coupons worth 0. Message from debit receiver: . Your new balance:542 XAF. Fee was 0 XAF, loyalty fee was 0 and loyalty reward was 0. Financial Transaction Id: [PHONE_3992]. External Transaction Id: 4068935052318366812. Enjoy Payments with MoMo at ZERO Fees (Purchases, Bills, MINESEC Tuition Fees) and that's not all.. Stand a chance to win a MoMoSoukoul : A School Bag every 5 minutes, 50,000F every hour or 100,000F every week when making a minimum payment of 2,500F. Info at 8787 or WhatsApp [PHONE_8788]."
USER_10,2024-10-11,18:12:51,MobileMoney,transaction,OUT,500.0,XAF,42.0,"Hello, A transaction of 500 XAF by MTNC BUNDLES_FORFAITS   (MTN_Bundles) on your mobile money account successfully completed at 2024-10-11 18:12:27. The amount was subject to a discount of 0 and coupons worth 0. Message from debit receiver: . Your new balance:42 XAF. Fee was 0 XAF, loyalty fee was 0 and loyalty reward was 0. Financial Transaction Id: [PHONE_5766]. External Transaction Id: 7231097501064612757. Enjoy Payments with MoMo at ZERO Fees (Purchases, Bills, MINESEC Tuition Fees) and that's not all.. Stand a chance to win a MoMoSoukoul : A School Bag every 5 minutes, 50,000F every hour or 100,000F every week when making a minimum payment of 2,500F. Info at 8787 or WhatsApp [PHONE_8788]."
USER_10,2024-10-23,13:59:42,MobileMoney,transfert,IN,1000.0,XAF,1042.0,"You have received 1000 XAF from [CONTACT_E80E] Ers Shalomes Services ([PHONE_2963] ) on your mobile money account at 2024-10-23 13:59:42. Message from sender: . Your new balance: 1042 XAF. Loyalty fee was 0 and loyalty reward was 0. Promotion was 0. Financial Transaction Id: [PHONE_2644]. Enjoy Payments with MoMo at ZERO Fees (Purchases, Bills, MINESEC Tuition Fees) and that's not all.. Stand a chance to win a MoMoSoukoul : A School Bag every 5 minutes, 50,000F every hour or 100,000F every week when making a minimum payment of 2,500F. Info at 8787 or WhatsApp [PHONE_8788]."
USER_10,2024-10-23,14:02:41,MobileMoney,transaction,OUT,500.0,XAF,542.0,"Hello, A transaction of 500 XAF by MTNC BUNDLES_FORFAITS   (MTN_Bundles) on your mobile money account successfully completed at 2024-10-23 14:02:20. The amount was subject to a discount of 0 and coupons worth 0. Message from debit receiver: . Your new balance:542 XAF. Fee was 0 XAF, loyalty fee was 0 and loyalty reward was 0. Financial Transaction Id: [PHONE_2864]. External Transaction Id: 2673760959847796113. Enjoy Payments with MoMo at ZERO Fees (Purchases, Bills, MINESEC Tuition Fees) and that's not all.. Stand a chance to win a MoMoSoukoul : A School Bag every 5 minutes, 50,000F every hour or 100,000F every week when making a minimum payment of 2,500F. Info at 8787 or WhatsApp [PHONE_8788]."
USER_10,2024-10-24,23:20:26,MobileMoney,transaction,OUT,500.0,XAF,42.0,"Hello, A transaction of 500 XAF by MTNC BUNDLES_FORFAITS   (MTN_Bundles) on your mobile money account successfully completed at 2024-10-24 23:20:03. The amount was subject to a discount of 0 and coupons worth 0. Message from debit receiver: . Your new balance:42 XAF. Fee was 0 XAF, loyalty fee was 0 and loyalty reward was 0. Financial Transaction Id: [PHONE_3104]. External Transaction Id: 9127090949777012563. Enjoy Payments with MoMo at ZERO Fees (Purchases, Bills, MINESEC Tuition Fees) and that's not all.. Stand a chance to win a MoMoSoukoul : A School Bag every 5 minutes, 50,000F every hour or 100,000F every week when making a minimum payment of 2,500F. Info at 8787 or WhatsApp [PHONE_8788]."
USER_10,2024-10-28,11:19:33,MobileMoney,transfert,IN,500.0,XAF,542.0,You have received 500 XAF from [CONTACT_F5BF] ([PHONE_7384]) on your mobile money account at 2024-10-28 11:19:31. Message from sender: 2. Your new balance:542 XAF. Financial Transaction Id: [PHONE_0765].
USER_10,2024-10-28,11:20:33,MobileMoney,transaction,OUT,500.0,XAF,42.0,"Hello, A transaction of 500 XAF by MTNC BUNDLES_FORFAITS   (MTN_Bundles) on your mobile money account successfully completed at 2024-10-28 11:20:12. The amount was subject to a discount of 0 and coupons worth 0. Message from debit receiver: . Your new balance:42 XAF. Fee was 0 XAF, loyalty fee was 0 and loyalty reward was 0. Financial Transaction Id: [PHONE_5616]. External Transaction Id: 119884821491819281. Enjoy Payments with MoMo at ZERO Fees (Purchases, Bills, MINESEC Tuition Fees) and that's not all.. Stand a chance to win a MoMoSoukoul : A School Bag every 5 minutes, 50,000F every hour or 100,000F every week when making a minimum payment of 2,500F. Info at 8787 or WhatsApp [PHONE_8788]."
USER_10,2024-10-28,19:01:05,MobileMoney,transfert,IN,1000.0,XAF,1042.0,"You have received 1000 XAF from [CONTACT_E80E] Ers Shalomes Services ([PHONE_2963] ) on your mobile money account at 2024-10-28 19:01:02. Message from sender: . Your new balance: 1042 XAF. Loyalty fee was 0 and loyalty reward was 0. Promotion was 0. Financial Transaction Id: [PHONE_8344]. Enjoy Payments with MoMo at ZERO Fees (Purchases, Bills, MINESEC Tuition Fees) and that's not all.. Stand a chance to win a MoMoSoukoul : A School Bag every 5 minutes, 50,000F every hour or 100,000F every week when making a minimum payment of 2,500F. Info at 8787 or WhatsApp [PHONE_8788]."
USER_10,2024-10-28,22:30:15,MobileMoney,transaction,OUT,500.0,XAF,542.0,"Hello, A transaction of 500 XAF by MTNC BUNDLES_FORFAITS   (MTN_Bundles) on your mobile money account successfully completed at 2024-10-28 22:29:52. The amount was subject to a discount of 0 and coupons worth 0. Message from debit receiver: . Your new balance:542 XAF. Fee was 0 XAF, loyalty fee was 0 and loyalty reward was 0. Financial Transaction Id: [PHONE_9825]. External Transaction Id: 2074291039064792886. Enjoy Payments with MoMo at ZERO Fees (Purchases, Bills, MINESEC Tuition Fees) and that's not all.. Stand a chance to win a MoMoSoukoul : A School Bag every 5 minutes, 50,000F every hour or 100,000F every week when making a minimum payment of 2,500F. Info at 8787 or WhatsApp [PHONE_8788]."
USER_10,2024-10-29,15:50:46,MobileMoney,transaction,OUT,500.0,XAF,42.0,"Hello, A transaction of 500 XAF by MTNC BUNDLES_FORFAITS   (MTN_Bundles) on your mobile money account successfully completed at 2024-10-29 15:50:22. The amount was subject to a discount of 0 and coupons worth 0. Message from debit receiver: . Your new balance:42 XAF. Fee was 0 XAF, loyalty fee was 0 and loyalty reward was 0. Financial Transaction Id: [PHONE_1009]. External Transaction Id: 3180625967139318373. Enjoy Payments with MoMo at ZERO Fees (Purchases, Bills, MINESEC Tuition Fees) and that's not all.. Stand a chance to win a MoMoSoukoul : A School Bag every 5 minutes, 50,000F every hour or 100,000F every week when making a minimum payment of 2,500F. Info at 8787 or WhatsApp [PHONE_8788]."
USER_10,2024-11-07,09:23:40,MobileMoney,transfert,IN,60500.0,XAF,60542.0,"You have received 60500 XAF of [CONTACT_5BF0] ([PHONE_6587]) on your Mobile Money 2024-11-07 09:23:38 account. Message from the sender: . Your new balance is 60542 XAF. Fee Paid: 0 XAF. Transaction ID: [PHONE_9945]. MoMo cuts prices for its customers! From now on, 25% off all your withdrawals. Go to your MoMo point of sale. More info on 8787 or WhatsApp [PHONE_8787]"
USER_10,2024-11-07,15:17:08,MobileMoney,transaction,OUT,500.0,XAF,4217.0,"Hello, A transaction of 500 XAF by MTNC BUNDLES_FORFAITS   (MTN_Bundles) on your mobile money account successfully completed at 2024-11-07 15:16:46. The amount was subject to a discount of 0 and coupons worth 0. Message from debit receiver: . Your new balance:4217 XAF. Fee was 0 XAF, loyalty fee was 0 and loyalty reward was 0. Financial Transaction Id: [PHONE_2164]. External Transaction Id: 6491406606834312325. MoMo cuts prices for its customers! From now on, 25% off all your withdrawals. Go to your MoMo point of sale. More info on 8787 or WhatsApp [PHONE_8787]"
USER_10,2024-11-07,22:06:03,MobileMoney,transaction,OUT,500.0,XAF,3717.0,"Hello, A transaction of 500 XAF by MTNC BUNDLES_FORFAITS   (MTN_Bundles) on your mobile money account successfully completed at 2024-11-07 22:05:40. The amount was subject to a discount of 0 and coupons worth 0. Message from debit receiver: . Your new balance:3717 XAF. Fee was 0 XAF, loyalty fee was 0 and loyalty reward was 0. Financial Transaction Id: [PHONE_4006]. External Transaction Id: 2911051654693777591. MoMo cuts prices for its customers! From now on, 25% off all your withdrawals. Go to your MoMo point of sale. More info on 8787 or WhatsApp [PHONE_8787]"
USER_10,2024-11-08,00:05:30,MobileMoney,paiement,OUT,200.0,XAF,3517.0,"Your payment of 200 XAF to MTNC BUNDLES_FORFAITS has been completed at 2024-11-08 00:05:13. Your new balance: 3517 XAF. Fee was 0 XAF. Message: -. Transaction Id: [PHONE_0568]. MoMo cuts prices for its customers! From now on, 25% off all your withdrawals. Go to your MoMo point of sale. More info on 8787 or WhatsApp [PHONE_8787]"
USER_10,2024-11-08,03:27:07,MobileMoney,paiement,OUT,200.0,XAF,3317.0,"Your payment of 200 XAF to MTNC BUNDLES_FORFAITS has been completed at 2024-11-08 03:26:50. Your new balance: 3317 XAF. Fee was 0 XAF. Message: -. Transaction Id: [PHONE_3500]. MoMo cuts prices for its customers! From now on, 25% off all your withdrawals. Go to your MoMo point of sale. More info on 8787 or WhatsApp [PHONE_8787]"
USER_10,2024-11-08,11:18:48,MobileMoney,transaction,OUT,500.0,XAF,2817.0,"Hello, A transaction of 500 XAF by MTNC BUNDLES_FORFAITS   (MTN_Bundles) on your mobile money account successfully completed at 2024-11-08 11:18:26. The amount was subject to a discount of 0 and coupons worth 0. Message from debit receiver: . Your new balance:2817 XAF. Fee was 0 XAF, loyalty fee was 0 and loyalty reward was 0. Financial Transaction Id: [PHONE_2411]. External Transaction Id: 1998112077004549754. MoMo cuts prices for its customers! From now on, 25% off all your withdrawals. Go to your MoMo point of sale. More info on 8787 or WhatsApp [PHONE_8787]"
USER_10,2024-11-08,18:07:09,MobileMoney,transaction,OUT,500.0,XAF,2317.0,"Hello, A transaction of 500 XAF by MTNC BUNDLES_FORFAITS   (MTN_Bundles) on your mobile money account successfully completed at 2024-11-08 18:06:47. The amount was subject to a discount of 0 and coupons worth 0. Message from debit receiver: . Your new balance:2317 XAF. Fee was 0 XAF, loyalty fee was 0 and loyalty reward was 0. Financial Transaction Id: [PHONE_6706]. External Transaction Id: 2416332621327527209. MoMo cuts prices for its customers! From now on, 25% off all your withdrawals. Go to your MoMo point of sale. More info on 8787 or WhatsApp [PHONE_8787]"
USER_10,2024-11-08,20:02:04,MobileMoney,transaction,OUT,500.0,XAF,1817.0,"Hello, A transaction of 500 XAF by MTNC BUNDLES_FORFAITS   (MTN_Bundles) on your mobile money account successfully completed at 2024-11-08 20:01:40. The amount was subject to a discount of 0 and coupons worth 0. Message from debit receiver: . Your new balance:1817 XAF. Fee was 0 XAF, loyalty fee was 0 and loyalty reward was 0. Financial Transaction Id: [PHONE_0401]. External Transaction Id: 870874458273894699. MoMo cuts prices for its customers! From now on, 25% off all your withdrawals. Go to your MoMo point of sale. More info on 8787 or WhatsApp [PHONE_8787]"
USER_10,2024-11-09,00:45:36,MobileMoney,paiement,OUT,200.0,XAF,1617.0,"Your payment of 200 XAF to MTNC BUNDLES_FORFAITS has been completed at 2024-11-09 00:45:19. Your new balance: 1617 XAF. Fee was 0 XAF. Message: -. Transaction Id: [PHONE_6264]. MoMo cuts prices for its customers! From now on, 25% off all your withdrawals. Go to your MoMo point of sale. More info on 8787 or WhatsApp [PHONE_8787]"
USER_10,2024-11-09,02:44:41,MobileMoney,paiement,OUT,200.0,XAF,1417.0,"Your payment of 200 XAF to MTNC BUNDLES_FORFAITS has been completed at 2024-11-09 02:44:25. Your new balance: 1417 XAF. Fee was 0 XAF. Message: -. Transaction Id: [PHONE_3383]. MoMo cuts prices for its customers! From now on, 25% off all your withdrawals. Go to your MoMo point of sale. More info on 8787 or WhatsApp [PHONE_8787]"
USER_10,2024-11-09,21:32:42,MobileMoney,transaction,OUT,500.0,XAF,917.0,"Hello, A transaction of 500 XAF by MTNC BUNDLES_FORFAITS   (MTN_Bundles) on your mobile money account successfully completed at 2024-11-09 21:32:20. The amount was subject to a discount of 0 and coupons worth 0. Message from debit receiver: . Your new balance:917 XAF. Fee was 0 XAF, loyalty fee was 0 and loyalty reward was 0. Financial Transaction Id: [PHONE_2761]. External Transaction Id: 1187645098465754175. MoMo cuts prices for its customers! From now on, 25% off all your withdrawals. Go to your MoMo point of sale. More info on 8787 or WhatsApp [PHONE_8787]"
USER_10,2024-11-10,12:40:00,MobileMoney,transaction,OUT,500.0,XAF,417.0,"Hello, A transaction of 500 XAF by MTNC BUNDLES_FORFAITS   (MTN_Bundles) on your mobile money account successfully completed at 2024-11-10 12:39:38. The amount was subject to a discount of 0 and coupons worth 0. Message from debit receiver: . Your new balance:417 XAF. Fee was 0 XAF, loyalty fee was 0 and loyalty reward was 0. Financial Transaction Id: [PHONE_4610]. External Transaction Id: 902664479871900357. MoMo cuts prices for its customers! From now on, 25% off all your withdrawals. Go to your MoMo point of sale. More info on 8787 or WhatsApp [PHONE_8787]"
USER_10,2024-11-11,16:38:07,MobileMoney,transfert,IN,1100.0,XAF,1517.0,"You have received 1100 XAF of [CONTACT_E80E] Ers Shalomes Services ([PHONE_2963] ) on your Mobile Money 2024-11-11 16:38:05 account. Message from the sender: . Your new balance is 1517 XAF. Fee Paid: 0 XAF. Transaction ID: [PHONE_2062]. MoMo cuts prices for its customers! From now on, 25% off all your withdrawals. Go to your MoMo point of sale. More info on 8787 or WhatsApp [PHONE_8787]"
USER_10,2024-11-11,17:21:36,MobileMoney,transaction,OUT,500.0,XAF,1017.0,"Hello, A transaction of 500 XAF by MTNC BUNDLES_FORFAITS   (MTN_Bundles) on your mobile money account successfully completed at 2024-11-11 17:21:13. The amount was subject to a discount of 0 and coupons worth 0. Message from debit receiver: . Your new balance:1017 XAF. Fee was 0 XAF, loyalty fee was 0 and loyalty reward was 0. Financial Transaction Id: [PHONE_6818]. External Transaction Id: 1662727060376639367. MoMo cuts prices for its customers! From now on, 25% off all your withdrawals. Go to your MoMo point of sale. More info on 8787 or WhatsApp [PHONE_8787]"
USER_10,2024-11-12,00:11:43,MobileMoney,paiement,OUT,200.0,XAF,817.0,"Your payment of 200 XAF to MTNC BUNDLES_FORFAITS has been completed at 2024-11-12 00:11:27. Your new balance: 817 XAF. Fee was 0 XAF. Message: -. Transaction Id: [PHONE_2741]. MoMo cuts prices for its customers! From now on, 25% off all your withdrawals. Go to your MoMo point of sale. More info on 8787 or WhatsApp [PHONE_8787]"
USER_10,2024-11-12,17:11:25,MobileMoney,transaction,OUT,500.0,XAF,317.0,"Hello, A transaction of 500 XAF by MTNC BUNDLES_FORFAITS   (MTN_Bundles) on your mobile money account successfully completed at 2024-11-12 17:11:02. The amount was subject to a discount of 0 and coupons worth 0. Message from debit receiver: . Your new balance:317 XAF. Fee was 0 XAF, loyalty fee was 0 and loyalty reward was 0. Financial Transaction Id: [PHONE_8941]. External Transaction Id: 512804564107781385. MoMo cuts prices for its customers! From now on, 25% off all your withdrawals. Go to your MoMo point of sale. More info on 8787 or WhatsApp [PHONE_8787]"
USER_10,2024-11-13,08:32:17,MobileMoney,transfert,IN,10000.0,XAF,10317.0,"You have received 10000 XAF of [CONTACT_3185] R1 [CONTACT_4B3F] ([PHONE_3507] [CONTACT_7458]) on your Mobile Money 2024-11-13 08:32:17 account. Message from the sender: . Your new balance is 10317 XAF. Fee Paid: 0 XAF. Transaction ID: [PHONE_4327]. MoMo cuts prices for its customers! From now on, 25% off all your withdrawals. Go to your MoMo point of sale. More info on 8787 or WhatsApp [PHONE_8787]"
USER_10,2024-11-13,09:35:30,MobileMoney,transaction,OUT,500.0,XAF,9817.0,"Hello, A transaction of 500 XAF by MTNC BUNDLES_FORFAITS   (MTN_Bundles) on your mobile money account successfully completed at 2024-11-13 09:35:10. The amount was subject to a discount of 0 and coupons worth 0. Message from debit receiver: . Your new balance:9817 XAF. Fee was 0 XAF, loyalty fee was 0 and loyalty reward was 0. Financial Transaction Id: [PHONE_2261]. External Transaction Id: 545014584597335457. MoMo cuts prices for its customers! From now on, 25% off all your withdrawals. Go to your MoMo point of sale. More info on 8787 or WhatsApp [PHONE_8787]"
USER_10,2024-11-13,19:56:53,MobileMoney,transaction,OUT,500.0,XAF,9317.0,"Hello, A transaction of 500 XAF by MTNC BUNDLES_FORFAITS   (MTN_Bundles) on your mobile money account successfully completed at 2024-11-13 19:56:30. The amount was subject to a discount of 0 and coupons worth 0. Message from debit receiver: . Your new balance:9317 XAF. Fee was 0 XAF, loyalty fee was 0 and loyalty reward was 0. Financial Transaction Id: [PHONE_9168]. External Transaction Id: 5879613451194657789. MoMo cuts prices for its customers! From now on, 25% off all your withdrawals. Go to your MoMo point of sale. More info on 8787 or WhatsApp [PHONE_8787]"
USER_10,2024-11-14,12:27:47,MobileMoney,transaction,OUT,500.0,XAF,8817.0,"Hello, A transaction of 500 XAF by MTNC BUNDLES_FORFAITS   (MTN_Bundles) on your mobile money account successfully completed at 2024-11-14 12:27:25. The amount was subject to a discount of 0 and coupons worth 0. Message from debit receiver: . Your new balance:8817 XAF. Fee was 0 XAF, loyalty fee was 0 and loyalty reward was 0. Financial Transaction Id: [PHONE_4780]. External Transaction Id: 1509991806466351839. MoMo cuts prices for its customers! From now on, 25% off all your withdrawals. Go to your MoMo point of sale. More info on 8787 or WhatsApp [PHONE_8787]"
USER_10,2024-11-14,22:07:32,MobileMoney,transaction,OUT,500.0,XAF,8317.0,"Hello, A transaction of 500 XAF by MTNC BUNDLES_FORFAITS   (MTN_Bundles) on your mobile money account successfully completed at 2024-11-14 22:07:10. The amount was subject to a discount of 0 and coupons worth 0. Message from debit receiver: . Your new balance:8317 XAF. Fee was 0 XAF, loyalty fee was 0 and loyalty reward was 0. Financial Transaction Id: [PHONE_4182]. External Transaction Id: 8823330031578482562. MoMo cuts prices for its customers! From now on, 25% off all your withdrawals. Go to your MoMo point of sale. More info on 8787 or WhatsApp [PHONE_8787]"
USER_10,2024-11-15,13:05:51,MobileMoney,transaction,OUT,500.0,XAF,7817.0,"Hello, A transaction of 500 XAF by MTNC BUNDLES_FORFAITS   (MTN_Bundles) on your mobile money account successfully completed at 2024-11-15 13:05:29. The amount was subject to a discount of 0 and coupons worth 0. Message from debit receiver: . Your new balance:7817 XAF. Fee was 0 XAF, loyalty fee was 0 and loyalty reward was 0. Financial Transaction Id: [PHONE_7567]. External Transaction Id: 9083399960760232475. MoMo cuts prices for its customers! From now on, 25% off all your withdrawals. Go to your MoMo point of sale. More info on 8787 or WhatsApp [PHONE_8787]"
USER_10,2024-11-15,17:51:57,MobileMoney,transaction,OUT,500.0,XAF,7317.0,"Hello, A transaction of 500 XAF by MTNC BUNDLES_FORFAITS   (MTN_Bundles) on your mobile money account successfully completed at 2024-11-15 17:51:34. The amount was subject to a discount of 0 and coupons worth 0. Message from debit receiver: . Your new balance:7317 XAF. Fee was 0 XAF, loyalty fee was 0 and loyalty reward was 0. Financial Transaction Id: [PHONE_7868]. External Transaction Id: 6364587121914430713. MoMo cuts prices for its customers! From now on, 25% off all your withdrawals. Go to your MoMo point of sale. More info on 8787 or WhatsApp [PHONE_8787]"
USER_10,2024-11-16,00:08:51,MobileMoney,paiement,OUT,200.0,XAF,7117.0,"Your payment of 200 XAF to MTNC BUNDLES_FORFAITS has been completed at 2024-11-16 00:08:23. Your new balance: 7117 XAF. Fee was 0 XAF. Message: -. Transaction Id: [PHONE_2494]. MoMo cuts prices for its customers! From now on, 25% off all your withdrawals. Go to your MoMo point of sale. More info on 8787 or WhatsApp [PHONE_8787]"
USER_10,2024-11-16,04:37:38,MobileMoney,paiement,OUT,200.0,XAF,6917.0,"Your payment of 200 XAF to MTNC BUNDLES_FORFAITS has been completed at 2024-11-16 04:37:22. Your new balance: 6917 XAF. Fee was 0 XAF. Message: -. Transaction Id: [PHONE_9628]. MoMo cuts prices for its customers! From now on, 25% off all your withdrawals. Go to your MoMo point of sale. More info on 8787 or WhatsApp [PHONE_8787]"
USER_10,2024-11-16,07:26:18,MobileMoney,transaction,OUT,500.0,XAF,6417.0,"Hello, A transaction of 500 XAF by MTNC BUNDLES_FORFAITS   (MTN_Bundles) on your mobile money account successfully completed at 2024-11-16 07:25:56. The amount was subject to a discount of 0 and coupons worth 0. Message from debit receiver: . Your new balance:6417 XAF. Fee was 0 XAF, loyalty fee was 0 and loyalty reward was 0. Financial Transaction Id: [PHONE_1803]. External Transaction Id: 2788391969109196240. MoMo cuts prices for its customers! From now on, 25% off all your withdrawals. Go to your MoMo point of sale. More info on 8787 or WhatsApp [PHONE_8787]"
USER_10,2024-11-16,21:49:31,MobileMoney,transaction,OUT,500.0,XAF,5917.0,"Hello, A transaction of 500 XAF by MTNC BUNDLES_FORFAITS   (MTN_Bundles) on your mobile money account successfully completed at 2024-11-16 21:49:08. The amount was subject to a discount of 0 and coupons worth 0. Message from debit receiver: . Your new balance:5917 XAF. Fee was 0 XAF, loyalty fee was 0 and loyalty reward was 0. Financial Transaction Id: [PHONE_8239]. External Transaction Id: 579204175241710218. MoMo cuts prices for its customers! From now on, 25% off all your withdrawals. Go to your MoMo point of sale. More info on 8787 or WhatsApp [PHONE_8787]"
USER_10,2024-11-17,21:59:07,MobileMoney,transaction,OUT,500.0,XAF,5417.0,"Hello, A transaction of 500 XAF by MTNC BUNDLES_FORFAITS   (MTN_Bundles) on your mobile money account successfully completed at 2024-11-17 21:59:00. The amount was subject to a discount of 0 and coupons worth 0. Message from debit receiver: . Your new balance:5417 XAF. Fee was 0 XAF, loyalty fee was 0 and loyalty reward was 0. Financial Transaction Id: [PHONE_9678]. External Transaction Id: 2461789179133005268. MoMo cuts prices for its customers! From now on, 25% off all your withdrawals. Go to your MoMo point of sale. More info on 8787 or WhatsApp [PHONE_8787]"
USER_10,2024-11-18,12:54:29,MobileMoney,transaction,OUT,500.0,XAF,4917.0,"Hello, A transaction of 500 XAF by MTNC BUNDLES_FORFAITS   (MTN_Bundles) on your mobile money account successfully completed at 2024-11-18 12:54:08. The amount was subject to a discount of 0 and coupons worth 0. Message from debit receiver: . Your new balance:4917 XAF. Fee was 0 XAF, loyalty fee was 0 and loyalty reward was 0. Financial Transaction Id: [PHONE_2612]. External Transaction Id: 6100004320665893852. MoMo cuts prices for its customers! From now on, 25% off all your withdrawals. Go to your MoMo point of sale. More info on 8787 or WhatsApp [PHONE_8787]"
USER_10,2024-11-18,13:07:05,MobileMoney,transaction,OUT,500.0,XAF,4417.0,"Hello, A transaction of 500 XAF by MTNC BUNDLES_FORFAITS   (MTN_Bundles) on your mobile money account successfully completed at 2024-11-18 13:06:42. The amount was subject to a discount of 0 and coupons worth 0. Message from debit receiver: . Your new balance:4417 XAF. Fee was 0 XAF, loyalty fee was 0 and loyalty reward was 0. Financial Transaction Id: [PHONE_1797]. External Transaction Id: 3682119338334818938. MoMo cuts prices for its customers! From now on, 25% off all your withdrawals. Go to your MoMo point of sale. More info on 8787 or WhatsApp [PHONE_8787]"
USER_10,2024-11-19,12:49:02,MobileMoney,transaction,OUT,500.0,XAF,3917.0,"Hello, A transaction of 500 XAF by MTNC BUNDLES_FORFAITS   (MTN_Bundles) on your mobile money account successfully completed at 2024-11-19 12:48:41. The amount was subject to a discount of 0 and coupons worth 0. Message from debit receiver: . Your new balance:3917 XAF. Fee was 0 XAF, loyalty fee was 0 and loyalty reward was 0. Financial Transaction Id: [PHONE_9830]. External Transaction Id: 2261610058646337369. MoMo cuts prices for its customers! From now on, 25% off all your withdrawals. Go to your MoMo point of sale. More info on 8787 or WhatsApp [PHONE_8787]"
USER_10,2024-11-19,16:43:43,MobileMoney,transaction,OUT,500.0,XAF,3417.0,"Hello, A transaction of 500 XAF by MTNC BUNDLES_FORFAITS   (MTN_Bundles) on your mobile money account successfully completed at 2024-11-19 16:43:21. The amount was subject to a discount of 0 and coupons worth 0. Message from debit receiver: . Your new balance:3417 XAF. Fee was 0 XAF, loyalty fee was 0 and loyalty reward was 0. Financial Transaction Id: [PHONE_9154]. External Transaction Id: 322654495308730707. MoMo cuts prices for its customers! From now on, 25% off all your withdrawals. Go to your MoMo point of sale. More info on 8787 or WhatsApp [PHONE_8787]"
USER_10,2024-11-20,06:24:09,MobileMoney,transaction,OUT,500.0,XAF,2917.0,"Hello, A transaction of 500 XAF by MTNC BUNDLES_FORFAITS   (MTN_Bundles) on your mobile money account successfully completed at 2024-11-20 06:23:48. The amount was subject to a discount of 0 and coupons worth 0. Message from debit receiver: . Your new balance:2917 XAF. Fee was 0 XAF, loyalty fee was 0 and loyalty reward was 0. Financial Transaction Id: [PHONE_0109]. External Transaction Id: 5380605927972300490. MoMo cuts prices for its customers! From now on, 25% off all your withdrawals. Go to your MoMo point of sale. More info on 8787 or WhatsApp [PHONE_8787]"
USER_10,2024-11-20,21:06:25,MobileMoney,transaction,OUT,500.0,XAF,2417.0,"Hello, A transaction of 500 XAF by MTNC BUNDLES_FORFAITS   (MTN_Bundles) on your mobile money account successfully completed at 2024-11-20 21:06:02. The amount was subject to a discount of 0 and coupons worth 0. Message from debit receiver: . Your new balance:2417 XAF. Fee was 0 XAF, loyalty fee was 0 and loyalty reward was 0. Financial Transaction Id: [PHONE_5311]. External Transaction Id: 3087195652494855867. MoMo cuts prices for its customers! From now on, 25% off all your withdrawals. Go to your MoMo point of sale. More info on 8787 or WhatsApp [PHONE_8787]"
USER_10,2024-11-21,09:00:41,MobileMoney,transaction,OUT,500.0,XAF,1917.0,"Hello, A transaction of 500 XAF by MTNC BUNDLES_FORFAITS   (MTN_Bundles) on your mobile money account successfully completed at 2024-11-21 09:00:35. The amount was subject to a discount of 0 and coupons worth 0. Message from debit receiver: . Your new balance:1917 XAF. Fee was 0 XAF, loyalty fee was 0 and loyalty reward was 0. Financial Transaction Id: [PHONE_8962]. External Transaction Id: 5314730129685842043. MoMo cuts prices for its customers! From now on, 25% off all your withdrawals. Go to your MoMo point of sale. More info on 8787 or WhatsApp [PHONE_8787]"
USER_10,2024-11-21,12:36:50,MobileMoney,transaction,OUT,500.0,XAF,1417.0,"Hello, A transaction of 500 XAF by MTNC BUNDLES_FORFAITS   (MTN_Bundles) on your mobile money account successfully completed at 2024-11-21 12:36:49. The amount was subject to a discount of 0 and coupons worth 0. Message from debit receiver: . Your new balance:1417 XAF. Fee was 0 XAF, loyalty fee was 0 and loyalty reward was 0. Financial Transaction Id: [PHONE_9687]. External Transaction Id: 728167906854212686. MoMo cuts prices for its customers! From now on, 25% off all your withdrawals. Go to your MoMo point of sale. More info on 8787 or WhatsApp [PHONE_8787]"
USER_10,2024-11-22,00:35:30,MobileMoney,paiement,OUT,200.0,XAF,1217.0,"Your payment of 200 XAF to MTNC BUNDLES_FORFAITS has been completed at 2024-11-22 00:35:13. Your new balance: 1217 XAF. Fee was 0 XAF. Message: -. Transaction Id: [PHONE_0165]. MoMo cuts prices for its customers! From now on, 25% off all your withdrawals. Go to your MoMo point of sale. More info on 8787 or WhatsApp [PHONE_8787]"
USER_10,2024-11-22,01:54:28,MobileMoney,paiement,OUT,200.0,XAF,1017.0,"Your payment of 200 XAF to MTNC BUNDLES_FORFAITS has been completed at 2024-11-22 01:53:14. Your new balance: 1017 XAF. Fee was 0 XAF. Message: -. Transaction Id: [PHONE_1233]. MoMo cuts prices for its customers! From now on, 25% off all your withdrawals. Go to your MoMo point of sale. More info on 8787 or WhatsApp [PHONE_8787]"
USER_10,2024-11-22,15:26:09,MobileMoney,transaction,OUT,500.0,XAF,517.0,"Hello, A transaction of 500 XAF by MTNC BUNDLES_FORFAITS   (MTN_Bundles) on your mobile money account successfully completed at 2024-11-22 15:25:47. The amount was subject to a discount of 0 and coupons worth 0. Message from debit receiver: . Your new balance:517 XAF. Fee was 0 XAF, loyalty fee was 0 and loyalty reward was 0. Financial Transaction Id: [PHONE_3914]. External Transaction Id: 7189434176010442877. MoMo cuts prices for its customers! From now on, 25% off all your withdrawals. Go to your MoMo point of sale. More info on 8787 or WhatsApp [PHONE_8787]"
USER_10,2024-11-23,17:53:21,MobileMoney,transaction,OUT,500.0,XAF,17.0,"Hello, A transaction of 500 XAF by MTNC BUNDLES_FORFAITS   (MTN_Bundles) on your mobile money account successfully completed at 2024-11-23 17:52:59. The amount was subject to a discount of 0 and coupons worth 0. Message from debit receiver: . Your new balance:17 XAF. Fee was 0 XAF, loyalty fee was 0 and loyalty reward was 0. Financial Transaction Id: [PHONE_2763]. External Transaction Id: 4506788400505643586. MoMo cuts prices for its customers! From now on, 25% off all your withdrawals. Go to your MoMo point of sale. More info on 8787 or WhatsApp [PHONE_8787]"
USER_10,2024-11-23,20:17:31,MobileMoney,transfert,IN,1100.0,XAF,1117.0,"You have received 1100 XAF of [CONTACT_E80E] Ers Shalomes Services ([PHONE_2963] ) on your Mobile Money 2024-11-23 20:17:29 account. Message from the sender: . Your new balance is 1117 XAF. Fee Paid: 0 XAF. Transaction ID: [PHONE_8680]. MoMo cuts prices for its customers! From now on, 25% off all your withdrawals. Go to your MoMo point of sale. More info on 8787 or WhatsApp [PHONE_8787]"
USER_10,2024-11-23,20:18:34,MobileMoney,transfert,IN,1000.0,XAF,2117.0,"You have received 1000 XAF of [CONTACT_E80E] Ers Shalomes Services ([PHONE_2963] ) on your Mobile Money 2024-11-23 20:18:32 account. Message from the sender: . Your new balance is 2117 XAF. Fee Paid: 0 XAF. Transaction ID: [PHONE_1299]. MoMo cuts prices for its customers! From now on, 25% off all your withdrawals. Go to your MoMo point of sale. More info on 8787 or WhatsApp [PHONE_8787]"
USER_10,2024-11-24,12:17:52,MobileMoney,transaction,OUT,500.0,XAF,1617.0,"Hello, A transaction of 500 XAF by MTNC BUNDLES_FORFAITS   (MTN_Bundles) on your mobile money account successfully completed at 2024-11-24 12:17:29. The amount was subject to a discount of 0 and coupons worth 0. Message from debit receiver: . Your new balance:1617 XAF. Fee was 0 XAF, loyalty fee was 0 and loyalty reward was 0. Financial Transaction Id: [PHONE_8783]. External Transaction Id: 6154497777676023232. MoMo cuts prices for its customers! From now on, 25% off all your withdrawals. Go to your MoMo point of sale. More info on 8787 or WhatsApp [PHONE_8787]"
USER_10,2024-11-24,23:45:01,MobileMoney,transaction,OUT,500.0,XAF,1117.0,"Hello, A transaction of 500 XAF by MTNC BUNDLES_FORFAITS   (MTN_Bundles) on your mobile money account successfully completed at 2024-11-24 23:44:39. The amount was subject to a discount of 0 and coupons worth 0. Message from debit receiver: . Your new balance:1117 XAF. Fee was 0 XAF, loyalty fee was 0 and loyalty reward was 0. Financial Transaction Id: [PHONE_7746]. External Transaction Id: 2728671556247355753. MoMo cuts prices for its customers! From now on, 25% off all your withdrawals. Go to your MoMo point of sale. More info on 8787 or WhatsApp [PHONE_8787]"
USER_10,2024-11-25,00:12:56,MobileMoney,paiement,OUT,200.0,XAF,917.0,"Your payment of 200 XAF to MTNC BUNDLES_FORFAITS has been completed at 2024-11-25 00:11:40. Your new balance: 917 XAF. Fee was 0 XAF. Message: -. Transaction Id: [PHONE_3086]. MoMo cuts prices for its customers! From now on, 25% off all your withdrawals. Go to your MoMo point of sale. More info on 8787 or WhatsApp [PHONE_8787]"
USER_10,2024-11-25,20:43:29,MobileMoney,transaction,OUT,500.0,XAF,417.0,"Hello, A transaction of 500 XAF by MTNC BUNDLES_FORFAITS   (MTN_Bundles) on your mobile money account successfully completed at 2024-11-25 20:43:08. The amount was subject to a discount of 0 and coupons worth 0. Message from debit receiver: . Your new balance:417 XAF. Fee was 0 XAF, loyalty fee was 0 and loyalty reward was 0. Financial Transaction Id: [PHONE_8012]. External Transaction Id: 5415337515758434695. MoMo cuts prices for its customers! From now on, 25% off all your withdrawals. Go to your MoMo point of sale. More info on 8787 or WhatsApp [PHONE_8787]"
USER_10,2024-11-26,02:42:22,MobileMoney,paiement,OUT,200.0,XAF,217.0,"Your payment of 200 XAF to MTNC BUNDLES_FORFAITS has been completed at 2024-11-26 02:42:06. Your new balance: 217 XAF. Fee was 0 XAF. Message: -. Transaction Id: [PHONE_8715]. MoMo cuts prices for its customers! From now on, 25% off all your withdrawals. Go to your MoMo point of sale. More info on 8787 or WhatsApp [PHONE_8787]"
USER_10,2024-11-27,16:57:46,MobileMoney,transaction,OUT,500.0,XAF,717.0,"Hello, A transaction of 500 XAF by MTNC BUNDLES_FORFAITS   (MTN_Bundles) on your mobile money account successfully completed at 2024-11-27 16:57:23. The amount was subject to a discount of 0 and coupons worth 0. Message from debit receiver: . Your new balance:717 XAF. Fee was 0 XAF, loyalty fee was 0 and loyalty reward was 0. Financial Transaction Id: [PHONE_8804]. External Transaction Id: 4360584304033937887. MoMo cuts prices for its customers! From now on, 25% off all your withdrawals. Go to your MoMo point of sale. More info on 8787 or WhatsApp [PHONE_8787]"
USER_10,2024-11-27,16:58:05,MobileMoney,transfert,IN,1000.0,XAF,1217.0,"You have received 1000 XAF of [CONTACT_5A23] [CONTACT_F231] ALU ([PHONE_6275] [CONTACT_AA6F]) on your Mobile Money 2024-11-27 16:51:59 account. Message from the sender: . Your new balance is 1217 XAF. Fee Paid: 0 XAF. Transaction ID: [PHONE_8978]. MoMo cuts prices for its customers! From now on, 25% off all your withdrawals. Go to your MoMo point of sale. More info on 8787 or WhatsApp [PHONE_8787]"
USER_10,2024-11-28,17:06:20,MobileMoney,retrait,OUT,500.0,XAF,217.0,"Hello, A transaction of 500 XAF by MTNC BUNDLES_FORFAITS   (MTN_Bundles) on your mobile money account successfully completed at 2024-11-28 17:05:57. The amount was subject to a discount of 0 and coupons worth 0. Message from debit receiver: . Your new balance:217 XAF. Fee was 0 XAF, loyalty fee was 0 and loyalty reward was 0. Financial Transaction Id: [PHONE_9584]. External Transaction Id: 8767138721849570246. Congratulations you are eligible to win one of our 237 VEHICLES. Multiply your chances with any other MoMo Transactions of Min 5,237F. Dial *126#. Remember Cash Out fees are less 25%. Info at 8787 or WhatsApp [PHONE_8787]"
USER_10,2024-11-29,00:19:44,MobileMoney,retrait,OUT,200.0,XAF,17.0,"Your payment of 200 XAF to MTNC BUNDLES_FORFAITS has been completed at 2024-11-29 00:19:28. Your new balance: 17 XAF. Fee was 0 XAF. Message: -. Transaction Id: [PHONE_9303]. Congratulations you are eligible to win one of our 237 VEHICLES. Multiply your chances with any other MoMo Transactions of Min 5,237F. Dial *126#. Remember Cash Out fees are less 25%. Info at 8787 or WhatsApp [PHONE_8787]"
USER_10,2024-11-29,20:32:46,MobileMoney,retrait,OUT,700.0,XAF,717.0,"You have received 700 XAF of [CONTACT_E80E] Ers Shalomes Services ([PHONE_2963] ) on your Mobile Money 2024-11-29 20:32:45 account. Message from the sender: . Your new balance is 717 XAF. Fee Paid: 0 XAF. Transaction ID: [PHONE_1875]. Try to win one of our 237 VEHICLES! Do a MoMo payment from 237F. Dial *126#. Multiply your chances with any other MoMo Transactions of Min 5,237F. Remember Cash Out fees are less 25%. Info at 8787 or WhatsApp [PHONE_8787]"
USER_10,2024-11-29,20:35:39,MobileMoney,retrait,OUT,500.0,XAF,217.0,"Hello, A transaction of 500 XAF by MTNC BUNDLES_FORFAITS   (MTN_Bundles) on your mobile money account successfully completed at 2024-11-29 20:35:17. The amount was subject to a discount of 0 and coupons worth 0. Message from debit receiver: . Your new balance:217 XAF. Fee was 0 XAF, loyalty fee was 0 and loyalty reward was 0. Financial Transaction Id: [PHONE_7213]. External Transaction Id: 4719114578750251324. Congratulations you are eligible to win one of our 237 VEHICLES. Multiply your chances with any other MoMo Transactions of Min 5,237F. Dial *126#. Remember Cash Out fees are less 25%. Info at 8787 or WhatsApp [PHONE_8787]"
USER_10,2024-11-30,00:30:58,MobileMoney,retrait,OUT,200.0,XAF,17.0,"Your payment of 200 XAF to MTNC BUNDLES_FORFAITS has been completed at 2024-11-30 00:29:46. Your new balance: 17 XAF. Fee was 0 XAF. Message: -. Transaction Id: [PHONE_4293]. Congratulations you are eligible to win one of our 237 VEHICLES. Multiply your chances with any other MoMo Transactions of Min 5,237F. Dial *126#. Remember Cash Out fees are less 25%. Info at 8787 or WhatsApp [PHONE_8787]"
USER_10,2024-12-01,13:53:25,MobileMoney,retrait,OUT,2500.0,XAF,2517.0,"You have received 2500 XAF of [CONTACT_5A23] [CONTACT_F231] ALU ([PHONE_6275] [CONTACT_AA6F]) on your Mobile Money 2024-12-01 13:53:24 account. Message from the sender: . Your new balance is 2517 XAF. Fee Paid: 0 XAF. Transaction ID: [PHONE_3188]. Try to win one of our 237 VEHICLES! Do a MoMo payment from 237F. Dial *126#. Multiply your chances with any other MoMo Transactions of Min 5,237F. Remember Cash Out fees are less 25%. Info at 8787 or WhatsApp [PHONE_8787]"
USER_10,2024-12-01,13:59:19,MobileMoney,retrait,OUT,500.0,XAF,2017.0,"Hello, A transaction of 500 XAF by MTNC BUNDLES_FORFAITS   (MTN_Bundles) on your mobile money account successfully completed at 2024-12-01 13:58:56. The amount was subject to a discount of 0 and coupons worth 0. Message from debit receiver: . Your new balance:2017 XAF. Fee was 0 XAF, loyalty fee was 0 and loyalty reward was 0. Financial Transaction Id: [PHONE_3181]. External Transaction Id: 5740668000986424615. Congratulations you are eligible to win one of our 237 VEHICLES. Multiply your chances with any other MoMo Transactions of Min 5,237F. Dial *126#. Remember Cash Out fees are less 25%. Info at 8787 or WhatsApp [PHONE_8787]"
USER_10,2024-12-01,18:09:56,MobileMoney,retrait,OUT,500.0,XAF,1517.0,"Hello, A transaction of 500 XAF by MTNC BUNDLES_FORFAITS   (MTN_Bundles) on your mobile money account successfully completed at 2024-12-01 18:09:34. The amount was subject to a discount of 0 and coupons worth 0. Message from debit receiver: . Your new balance:1517 XAF. Fee was 0 XAF, loyalty fee was 0 and loyalty reward was 0. Financial Transaction Id: [PHONE_9510]. External Transaction Id: 2612647407414742510. Congratulations you are eligible to win one of our 237 VEHICLES. Multiply your chances with any other MoMo Transactions of Min 5,237F. Dial *126#. Remember Cash Out fees are less 25%. Info at 8787 or WhatsApp [PHONE_8787]"
USER_10,2024-12-01,21:59:19,MobileMoney,retrait,OUT,500.0,XAF,1017.0,"Hello, A transaction of 500 XAF by MTNC BUNDLES_FORFAITS   (MTN_Bundles) on your mobile money account successfully completed at 2024-12-01 21:58:57. The amount was subject to a discount of 0 and coupons worth 0. Message from debit receiver: . Your new balance:1017 XAF. Fee was 0 XAF, loyalty fee was 0 and loyalty reward was 0. Financial Transaction Id: [PHONE_7665]. External Transaction Id: 8236613475768707686. Congratulations you are eligible to win one of our 237 VEHICLES. Multiply your chances with any other MoMo Transactions of Min 5,237F. Dial *126#. Remember Cash Out fees are less 25%. Info at 8787 or WhatsApp [PHONE_8787]"
USER_10,2024-12-02,21:11:53,MobileMoney,retrait,OUT,500.0,XAF,517.0,"Hello, A transaction of 500 XAF by MTNC BUNDLES_FORFAITS   (MTN_Bundles) on your mobile money account successfully completed at 2024-12-02 21:11:30. The amount was subject to a discount of 0 and coupons worth 0. Message from debit receiver: . Your new balance:517 XAF. Fee was 0 XAF, loyalty fee was 0 and loyalty reward was 0. Financial Transaction Id: [PHONE_3141]. External Transaction Id: 7377600090766722309. Congratulations you are eligible to win one of our 237 VEHICLES. Multiply your chances with any other MoMo Transactions of Min 5,237F. Dial *126#. Remember Cash Out fees are less 25%. Info at 8787 or WhatsApp [PHONE_8787]"
USER_10,2024-12-03,07:47:29,MobileMoney,retrait,OUT,500.0,XAF,17.0,"Hello, A transaction of 500 XAF by MTNC BUNDLES_FORFAITS   (MTN_Bundles) on your mobile money account successfully completed at 2024-12-03 07:47:02. The amount was subject to a discount of 0 and coupons worth 0. Message from debit receiver: . Your new balance:17 XAF. Fee was 0 XAF, loyalty fee was 0 and loyalty reward was 0. Financial Transaction Id: [PHONE_0907]. External Transaction Id: 4485491666237477252. Congratulations you are eligible to win one of our 237 VEHICLES. Multiply your chances with any other MoMo Transactions of Min 5,237F. Dial *126#. Remember Cash Out fees are less 25%. Info at 8787 or WhatsApp [PHONE_8787]"
USER_10,2024-12-04,21:06:51,MobileMoney,retrait,OUT,2000.0,XAF,2017.0,"You have received 2000 XAF of [CONTACT_5A23] [CONTACT_F231] ALU ([PHONE_6275] [CONTACT_AA6F]) on your Mobile Money 2024-12-04 21:06:50 account. Message from the sender: . Your new balance is 2017 XAF. Fee Paid: 0 XAF. Transaction ID: [PHONE_8552]. Try to win one of our 237 VEHICLES! Do a MoMo payment from 237F. Dial *126#. Multiply your chances with any other MoMo Transactions of Min 5,237F. Remember Cash Out fees are less 25%. Info at 8787 or WhatsApp [PHONE_8787]"
USER_10,2024-12-04,21:41:27,MobileMoney,retrait,OUT,500.0,XAF,1517.0,"Hello, A transaction of 500 XAF by MTNC BUNDLES_FORFAITS   (MTN_Bundles) on your mobile money account successfully completed at 2024-12-04 21:41:05. The amount was subject to a discount of 0 and coupons worth 0. Message from debit receiver: . Your new balance:1517 XAF. Fee was 0 XAF, loyalty fee was 0 and loyalty reward was 0. Financial Transaction Id: [PHONE_9607]. External Transaction Id: 4846194235877248848. Congratulations you are eligible to win one of our 237 VEHICLES. Multiply your chances with any other MoMo Transactions of Min 5,237F. Dial *126#. Remember Cash Out fees are less 25%. Info at 8787 or WhatsApp [PHONE_8787]"
USER_10,2024-12-05,13:41:07,MobileMoney,retrait,OUT,500.0,XAF,1017.0,"Hello, A transaction of 500 XAF by MTNC BUNDLES_FORFAITS   (MTN_Bundles) on your mobile money account successfully completed at 2024-12-05 13:40:46. The amount was subject to a discount of 0 and coupons worth 0. Message from debit receiver: . Your new balance:1017 XAF. Fee was 0 XAF, loyalty fee was 0 and loyalty reward was 0. Financial Transaction Id: [PHONE_6162]. External Transaction Id: 5235582839683558748. Congratulations you are eligible to win one of our 237 VEHICLES. Multiply your chances with any other MoMo Transactions of Min 5,237F. Dial *126#. Remember Cash Out fees are less 25%. Info at 8787 or WhatsApp [PHONE_8787]"
USER_10,2024-12-05,21:23:24,MobileMoney,retrait,OUT,550.0,XAF,417.0,"You have transferred 550 XAF to N A [CONTACT_3B71] ([PHONE_0520]) from your mobile money account 69020858 at 2024-12-05 21:23:20 FEES 50 FCFA. Your new balance: 417 XAF. Message from sender: 0. Message to receiver: 0. Financial Transaction Id: [PHONE_4799]. Try to win one of our 237 VEHICLES! Do a MoMo payment from 237F. Dial *126#. Multiply your chances with any other MoMo Transactions of Min 5,237F. Remember Cash Out fees are less 25%. Info at 8787 or WhatsApp [PHONE_8787]"
USER_10,2024-12-06,14:34:12,MobileMoney,retrait,OUT,1000.0,XAF,1417.0,"You have received 1000 XAF of [CONTACT_E80E] Ers Shalomes Services ([PHONE_2963] ) on your Mobile Money 2024-12-06 14:34:12 account. Message from the sender: . Your new balance is 1417 XAF. Fee Paid: 0 XAF. Transaction ID: [PHONE_2514]. Try to win one of our 237 VEHICLES! Do a MoMo payment from 237F. Dial *126#. Multiply your chances with any other MoMo Transactions of Min 5,237F. Remember Cash Out fees are less 25%. Info at 8787 or WhatsApp [PHONE_8787]"
USER_10,2024-12-06,14:37:04,MobileMoney,retrait,OUT,500.0,XAF,917.0,"Hello, A transaction of 500 XAF by MTNC BUNDLES_FORFAITS   (MTN_Bundles) on your mobile money account successfully completed at 2024-12-06 14:36:43. The amount was subject to a discount of 0 and coupons worth 0. Message from debit receiver: . Your new balance:917 XAF. Fee was 0 XAF, loyalty fee was 0 and loyalty reward was 0. Financial Transaction Id: [PHONE_5237]. External Transaction Id: 6121964100014629511. Congratulations you are eligible to win one of our 237 VEHICLES. Multiply your chances with any other MoMo Transactions of Min 5,237F. Dial *126#. Remember Cash Out fees are less 25%. Info at 8787 or WhatsApp [PHONE_8787]"
USER_10,2024-12-06,15:57:08,MobileMoney,transfert,IN,30500.0,XAF,31417.0,You have received 30500 XAF from [CONTACT_0739] ([PHONE_9409]) on your mobile money account at 2024-12-06 15:57:08. Message from sender: 19640. Your new balance:31417 XAF. Financial Transaction Id: [PHONE_1099].
USER_10,2024-12-07,07:22:40,MobileMoney,retrait,OUT,500.0,XAF,30917.0,"Hello, A transaction of 500 XAF by MTNC BUNDLES_FORFAITS   (MTN_Bundles) on your mobile money account successfully completed at 2024-12-07 07:22:19. The amount was subject to a discount of 0 and coupons worth 0. Message from debit receiver: . Your new balance:30917 XAF. Fee was 0 XAF, loyalty fee was 0 and loyalty reward was 0. Financial Transaction Id: [PHONE_0813]. External Transaction Id: 6179388269665480380. Congratulations you are eligible to win one of our 237 VEHICLES. Multiply your chances with any other MoMo Transactions of Min 5,237F. Dial *126#. Remember Cash Out fees are less 25%. Info at 8787 or WhatsApp [PHONE_8787]"
USER_10,2024-12-07,13:29:15,MobileMoney,retrait,OUT,500.0,XAF,30417.0,"Hello, A transaction of 500 XAF by MTNC BUNDLES_FORFAITS   (MTN_Bundles) on your mobile money account successfully completed at 2024-12-07 13:28:54. The amount was subject to a discount of 0 and coupons worth 0. Message from debit receiver: . Your new balance:30417 XAF. Fee was 0 XAF, loyalty fee was 0 and loyalty reward was 0. Financial Transaction Id: [PHONE_0209]. External Transaction Id: 6697722677603226708. Congratulations you are eligible to win one of our 237 VEHICLES. Multiply your chances with any other MoMo Transactions of Min 5,237F. Dial *126#. Remember Cash Out fees are less 25%. Info at 8787 or WhatsApp [PHONE_8787]"
USER_10,2024-12-08,00:07:07,MobileMoney,retrait,OUT,200.0,XAF,30217.0,"Your payment of 200 XAF to MTNC BUNDLES_FORFAITS has been completed at 2024-12-08 00:06:50. Your new balance: 30217 XAF. Fee was 0 XAF. Message: -. Transaction Id: [PHONE_6670]. Congratulations you are eligible to win one of our 237 VEHICLES. Multiply your chances with any other MoMo Transactions of Min 5,237F. Dial *126#. Remember Cash Out fees are less 25%. Info at 8787 or WhatsApp [PHONE_8787]"
USER_10,2024-12-08,01:12:30,MobileMoney,retrait,OUT,200.0,XAF,30017.0,"Your payment of 200 XAF to MTNC BUNDLES_FORFAITS has been completed at 2024-12-08 01:12:14. Your new balance: 30017 XAF. Fee was 0 XAF. Message: -. Transaction Id: [PHONE_6137]. Congratulations you are eligible to win one of our 237 VEHICLES. Multiply your chances with any other MoMo Transactions of Min 5,237F. Dial *126#. Remember Cash Out fees are less 25%. Info at 8787 or WhatsApp [PHONE_8787]"
USER_10,2024-12-08,17:31:19,MobileMoney,retrait,OUT,500.0,XAF,29517.0,"Hello, A transaction of 500 XAF by MTNC BUNDLES_FORFAITS   (MTN_Bundles) on your mobile money account successfully completed at 2024-12-08 17:31:09. The amount was subject to a discount of 0 and coupons worth 0. Message from debit receiver: . Your new balance:29517 XAF. Fee was 0 XAF, loyalty fee was 0 and loyalty reward was 0. Financial Transaction Id: [PHONE_5972]. External Transaction Id: 7318763011843063650. Congratulations you are eligible to win one of our 237 VEHICLES. Multiply your chances with any other MoMo Transactions of Min 5,237F. Dial *126#. Remember Cash Out fees are less 25%. Info at 8787 or WhatsApp [PHONE_8787]"
USER_10,2024-12-09,11:58:00,MobileMoney,retrait,OUT,25500.0,XAF,3635.0,"You have withdrawn 25500 XAF from your mobile m[CONTACT_ED2B]ey account at  [CONTACT_ED2B] 2024-12-09 11:57:44. Your new balance:3635 XAF. Financial Transaction Id: [PHONE_3726]. Hope enjoy 25% of reduction for your transaction. Now Try to win one of our 237 VEHICLES! Do a MoMo payment from 237F. Dial *126#. Multiply your chances with any other MoMo Transactions of Min 5,237F. Info at 8787 or WhatsApp [PHONE_8787]"
USER_10,2024-12-10,08:11:05,MobileMoney,retrait,OUT,500.0,XAF,3135.0,"Hello, A transaction of 500 XAF by MTNC BUNDLES_FORFAITS   (MTN_Bundles) on your mobile money account successfully completed at 2024-12-10 08:10:45. The amount was subject to a discount of 0 and coupons worth 0. Message from debit receiver: . Your new balance:3135 XAF. Fee was 0 XAF, loyalty fee was 0 and loyalty reward was 0. Financial Transaction Id: [PHONE_2895]. External Transaction Id: 4467039124062826928. Congratulations you are eligible to win one of our 237 VEHICLES. Multiply your chances with any other MoMo Transactions of Min 5,237F. Dial *126#. Remember Cash Out fees are less 25%. Info at 8787 or WhatsApp [PHONE_8787]"
USER_10,2024-12-10,08:35:37,MobileMoney,retrait,OUT,10000.0,XAF,13135.0,"You have received 10000 XAF of [CONTACT_8612] CBOX R1 [CONTACT_DC4F] ([PHONE_7926] [CONTACT_9E63]) on your Mobile Money 2024-12-10 08:14:43 account. Message from the sender: . Your new balance is 13135 XAF. Fee Paid: 0 XAF. Transaction ID: [PHONE_5781]. Try to win one of our 237 VEHICLES! Do a MoMo payment from 237F. Dial *126#. Multiply your chances with any other MoMo Transactions of Min 5,237F. Remember Cash Out fees are less 25%. Info at 8787 or WhatsApp [PHONE_8787]"
USER_10,2024-12-10,13:18:38,MobileMoney,retrait,OUT,500.0,XAF,12635.0,"Hello, A transaction of 500 XAF by MTNC BUNDLES_FORFAITS   (MTN_Bundles) on your mobile money account successfully completed at 2024-12-10 13:18:18. The amount was subject to a discount of 0 and coupons worth 0. Message from debit receiver: . Your new balance:12635 XAF. Fee was 0 XAF, loyalty fee was 0 and loyalty reward was 0. Financial Transaction Id: [PHONE_6024]. External Transaction Id: 3968463798126385953. Congratulations you are eligible to win one of our 237 VEHICLES. Multiply your chances with any other MoMo Transactions of Min 5,237F. Dial *126#. Remember Cash Out fees are less 25%. Info at 8787 or WhatsApp [PHONE_8787]"
USER_10,2024-12-11,07:36:14,MobileMoney,retrait,OUT,500.0,XAF,12135.0,"Hello, A transaction of 500 XAF by MTNC BUNDLES_FORFAITS   (MTN_Bundles) on your mobile money account successfully completed at 2024-12-11 07:35:54. The amount was subject to a discount of 0 and coupons worth 0. Message from debit receiver: . Your new balance:12135 XAF. Fee was 0 XAF, loyalty fee was 0 and loyalty reward was 0. Financial Transaction Id: [PHONE_4512]. External Transaction Id: 4086277481341496281. Congratulations you are eligible to win one of our 237 VEHICLES. Multiply your chances with any other MoMo Transactions of Min 5,237F. Dial *126#. Remember Cash Out fees are less 25%. Info at 8787 or WhatsApp [PHONE_8787]"
USER_10,2024-12-11,10:16:12,MobileMoney,retrait,OUT,6000.0,XAF,6045.0,"You have withdrawn 6000 XAF from your mobile money account at [CONTACT_51E0] 2024-12-11 10:15:54. Your new balance:6045 XAF. Financial Transaction Id: [PHONE_7782]. Hope enjoy 25% of reduction for your transaction. Now Try to win one of our 237 VEHICLES! Do a MoMo payment from 237F. Dial *126#. Multiply your chances with any other MoMo Transactions of Min 5,237F. Info at 8787 or WhatsApp [PHONE_8787]"
USER_10,2024-12-11,15:54:02,MobileMoney,retrait,OUT,500.0,XAF,5545.0,"Hello, A transaction of 500 XAF by MTNC BUNDLES_FORFAITS   (MTN_Bundles) on your mobile money account successfully completed at 2024-12-11 15:53:51. The amount was subject to a discount of 0 and coupons worth 0. Message from debit receiver: . Your new balance:5545 XAF. Fee was 0 XAF, loyalty fee was 0 and loyalty reward was 0. Financial Transaction Id: [PHONE_6935]. External Transaction Id: 3723687555807489088. Congratulations you are eligible to win one of our 237 VEHICLES. Multiply your chances with any other MoMo Transactions of Min 5,237F. Dial *126#. Remember Cash Out fees are less 25%. Info at 8787 or WhatsApp [PHONE_8787]"
USER_10,2024-12-12,14:29:30,MobileMoney,retrait,OUT,500.0,XAF,5045.0,"Hello, A transaction of 500 XAF by MTNC BUNDLES_FORFAITS   (MTN_Bundles) on your mobile money account successfully completed at 2024-12-12 14:29:18. The amount was subject to a discount of 0 and coupons worth 0. Message from debit receiver: . Your new balance:5045 XAF. Fee was 0 XAF, loyalty fee was 0 and loyalty reward was 0. Financial Transaction Id: [PHONE_6538]. External Transaction Id: 1905608457049843556. Congratulations you are eligible to win one of our 237 VEHICLES. Multiply your chances with any other MoMo Transactions of Min 5,237F. Dial *126#. Remember Cash Out fees are less 25%. Info at 8787 or WhatsApp [PHONE_8787]"
USER_10,2024-12-13,07:39:24,MobileMoney,retrait,OUT,500.0,XAF,4545.0,"Hello, A transaction of 500 XAF by MTNC BUNDLES_FORFAITS   (MTN_Bundles) on your mobile money account successfully completed at 2024-12-13 07:38:51. The amount was subject to a discount of 0 and coupons worth 0. Message from debit receiver: . Your new balance:4545 XAF. Fee was 0 XAF, loyalty fee was 0 and loyalty reward was 0. Financial Transaction Id: [PHONE_7754]. External Transaction Id: 4495499240754946519. Congratulations you are eligible to win one of our 237 VEHICLES. Multiply your chances with any other MoMo Transactions of Min 5,237F. Dial *126#. Remember Cash Out fees are less 25%. Info at 8787 or WhatsApp [PHONE_8787]"
USER_10,2024-12-13,16:02:40,MobileMoney,retrait,OUT,500.0,XAF,4045.0,"Hello, A transaction of 500 XAF by MTNC BUNDLES_FORFAITS   (MTN_Bundles) on your mobile money account successfully completed at 2024-12-13 16:02:29. The amount was subject to a discount of 0 and coupons worth 0. Message from debit receiver: . Your new balance:4045 XAF. Fee was 0 XAF, loyalty fee was 0 and loyalty reward was 0. Financial Transaction Id: [PHONE_2015]. External Transaction Id: 3804437904921306454. Congratulations you are eligible to win one of our 237 VEHICLES. Multiply your chances with any other MoMo Transactions of Min 5,237F. Dial *126#. Remember Cash Out fees are less 25%. Info at 8787 or WhatsApp [PHONE_8787]"
USER_10,2024-12-14,14:33:52,MobileMoney,retrait,OUT,500.0,XAF,3545.0,"Hello, A transaction of 500 XAF by MTNC BUNDLES_FORFAITS   (MTN_Bundles) on your mobile money account successfully completed at 2024-12-14 14:33:41. The amount was subject to a discount of 0 and coupons worth 0. Message from debit receiver: . Your new balance:3545 XAF. Fee was 0 XAF, loyalty fee was 0 and loyalty reward was 0. Financial Transaction Id: [PHONE_8216]. External Transaction Id: 6373629141769071798. Congratulations you are eligible to win one of our 237 VEHICLES. Multiply your chances with any other MoMo Transactions of Min 5,237F. Dial *126#. Remember Cash Out fees are less 25%. Info at 8787 or WhatsApp [PHONE_8787]"
USER_10,2024-12-15,00:14:22,MobileMoney,retrait,OUT,200.0,XAF,3345.0,"Your payment of 200 XAF to MTNC BUNDLES_FORFAITS has been completed at 2024-12-15 00:14:05. Your new balance: 3345 XAF. Fee was 0 XAF. Message: -. Transaction Id: [PHONE_4809]. Congratulations you are eligible to win one of our 237 VEHICLES. Multiply your chances with any other MoMo Transactions of Min 5,237F. Dial *126#. Remember Cash Out fees are less 25%. Info at 8787 or WhatsApp [PHONE_8787]"
USER_10,2024-12-15,01:33:34,MobileMoney,retrait,OUT,200.0,XAF,3145.0,"Your payment of 200 XAF to MTNC BUNDLES_FORFAITS has been completed at 2024-12-15 01:33:18. Your new balance: 3145 XAF. Fee was 0 XAF. Message: -. Transaction Id: [PHONE_1854]. Congratulations you are eligible to win one of our 237 VEHICLES. Multiply your chances with any other MoMo Transactions of Min 5,237F. Dial *126#. Remember Cash Out fees are less 25%. Info at 8787 or WhatsApp [PHONE_8787]"
USER_10,2024-12-15,09:18:55,MobileMoney,retrait,OUT,500.0,XAF,2645.0,"Hello, A transaction of 500 XAF by MTNC BUNDLES_FORFAITS   (MTN_Bundles) on your mobile money account successfully completed at 2024-12-15 09:18:44. The amount was subject to a discount of 0 and coupons worth 0. Message from debit receiver: . Your new balance:2645 XAF. Fee was 0 XAF, loyalty fee was 0 and loyalty reward was 0. Financial Transaction Id: [PHONE_3504]. External Transaction Id: 1583747710453625368. Congratulations you are eligible to win one of our 237 VEHICLES. Multiply your chances with any other MoMo Transactions of Min 5,237F. Dial *126#. Remember Cash Out fees are less 25%. Info at 8787 or WhatsApp [PHONE_8787]"
USER_10,2024-12-17,08:44:42,MobileMoney,retrait,OUT,500.0,XAF,2145.0,"Hello, A transaction of 500 XAF by MTNC BUNDLES_FORFAITS   (MTN_Bundles) on your mobile money account successfully completed at 2024-12-17 08:44:32. The amount was subject to a discount of 0 and coupons worth 0. Message from debit receiver: . Your new balance:2145 XAF. Fee was 0 XAF, loyalty fee was 0 and loyalty reward was 0. Financial Transaction Id: [PHONE_0508]. External Transaction Id: 8787416200914611375. Congratulations you are eligible to win one of our 237 VEHICLES. Multiply your chances with any other MoMo Transactions of Min 5,237F. Dial *126#. Remember Cash Out fees are less 25%. Info at 8787 or WhatsApp [PHONE_8787]"
USER_10,2024-12-18,09:54:16,MobileMoney,retrait,OUT,500.0,XAF,1645.0,"Hello, A transaction of 500 XAF by MTNC BUNDLES_FORFAITS   (MTN_Bundles) on your mobile money account successfully completed at 2024-12-18 09:54:06. The amount was subject to a discount of 0 and coupons worth 0. Message from debit receiver: . Your new balance:1645 XAF. Fee was 0 XAF, loyalty fee was 0 and loyalty reward was 0. Financial Transaction Id: [PHONE_0289]. External Transaction Id: 1213951833078278266. Congratulations you are eligible to win one of our 237 VEHICLES. Multiply your chances with any other MoMo Transactions of Min 5,237F. Dial *126#. Remember Cash Out fees are less 25%. Info at 8787 or WhatsApp [PHONE_8787]"
USER_10,2024-12-21,11:41:02,MobileMoney,retrait,OUT,500.0,XAF,1145.0,"Hello, A transaction of 500 XAF by MTNC BUNDLES_FORFAITS   (MTN_Bundles) on your mobile money account successfully completed at 2024-12-21 11:30:01. The amount was subject to a discount of 0 and coupons worth 0. Message from debit receiver: . Your new balance:1145 XAF. Fee was 0 XAF, loyalty fee was 0 and loyalty reward was 0. Financial Transaction Id: [PHONE_8344]. External Transaction Id: 5362476300435824124. Congratulations you are eligible to win one of our 237 VEHICLES. Multiply your chances with any other MoMo Transactions of Min 5,237F. Dial *126#. Remember Cash Out fees are less 25%. Info at 8787 or WhatsApp [PHONE_8787]"
USER_10,2024-12-21,22:57:02,MobileMoney,transfert,IN,1050.0,XAF,2195.0,You have received 1050 XAF from [CONTACT_BFA3] ([PHONE_8087]) on your mobile money account at 2024-12-21 22:57:00. Message from sender: send. Your new balance:2195 XAF. Financial Transaction Id: [PHONE_7490].
USER_10,2024-12-22,10:44:54,MobileMoney,retrait,OUT,500.0,XAF,1695.0,"Hello, A transaction of 500 XAF by MTNC BUNDLES_FORFAITS   (MTN_Bundles) on your mobile money account successfully completed at 2024-12-22 10:44:45. The amount was subject to a discount of 0 and coupons worth 0. Message from debit receiver: . Your new balance:1695 XAF. Fee was 0 XAF, loyalty fee was 0 and loyalty reward was 0. Financial Transaction Id: [PHONE_7502]. External Transaction Id: 7865186663603680244. Congratulations you are eligible to win one of our 237 VEHICLES. Multiply your chances with any other MoMo Transactions of Min 5,237F. Dial *126#. Remember Cash Out fees are less 25%. Info at 8787 or WhatsApp [PHONE_8787]"
USER_10,2024-12-23,05:58:45,MobileMoney,retrait,OUT,500.0,XAF,1195.0,"Hello, A transaction of 500 XAF by MTNC BUNDLES_FORFAITS   (MTN_Bundles) on your mobile money account successfully completed at 2024-12-23 05:58:18. The amount was subject to a discount of 0 and coupons worth 0. Message from debit receiver: . Your new balance:1195 XAF. Fee was 0 XAF, loyalty fee was 0 and loyalty reward was 0. Financial Transaction Id: [PHONE_4763]. External Transaction Id: 2539905368889562223. Congratulations you are eligible to win one of our 237 VEHICLES. Multiply your chances with any other MoMo Transactions of Min 5,237F. Dial *126#. Remember Cash Out fees are less 25%. Info at 8787 or WhatsApp [PHONE_8787]"
USER_10,2024-12-23,22:53:03,MobileMoney,retrait,OUT,500.0,XAF,695.0,"Hello, A transaction of 500 XAF by MTNC BUNDLES_FORFAITS   (MTN_Bundles) on your mobile money account successfully completed at 2024-12-23 22:52:53. The amount was subject to a discount of 0 and coupons worth 0. Message from debit receiver: . Your new balance:695 XAF. Fee was 0 XAF, loyalty fee was 0 and loyalty reward was 0. Financial Transaction Id: [PHONE_9840]. External Transaction Id: 2381559279032802163. Congratulations you are eligible to win one of our 237 VEHICLES. Multiply your chances with any other MoMo Transactions of Min 5,237F. Dial *126#. Remember Cash Out fees are less 25%. Info at 8787 or WhatsApp [PHONE_8787]"
USER_10,2024-12-24,12:01:57,MobileMoney,retrait,OUT,15000.0,XAF,15695.0,"You have received 15000 XAF of [CONTACT_3185] R1 [CONTACT_4B3F] ([PHONE_3507] [CONTACT_7458]) on your Mobile Money 2024-12-24 12:01:57 account. Message from the sender: . Your new balance is 15695 XAF. Fee Paid: 0 XAF. Transaction ID: [PHONE_2682]. Try to win one of our 237 VEHICLES! Do a MoMo payment from 237F. Dial *126#. Multiply your chances with any other MoMo Transactions of Min 5,237F. Remember Cash Out fees are less 25%. Info at 8787 or WhatsApp [PHONE_8787]"
USER_10,2024-12-25,12:53:03,MobileMoney,retrait,OUT,250.0,XAF,15445.0,"Hello, A transaction of 250 XAF by MTNC BUNDLES_FORFAITS   (MTN_Bundles) on your mobile money account successfully completed at 2024-12-25 12:52:52. The amount was subject to a discount of 0 and coupons worth 0. Message from debit receiver: . Your new balance:15445 XAF. Fee was 0 XAF, loyalty fee was 0 and loyalty reward was 0. Financial Transaction Id: [PHONE_4573]. External Transaction Id: 8321303596828715907. Congratulations you are eligible to win one of our 237 VEHICLES. Multiply your chances with any other MoMo Transactions of Min 5,237F. Dial *126#. Remember Cash Out fees are less 25%. Info at 8787 or WhatsApp [PHONE_8787]"
USER_10,2024-12-28,07:05:55,MobileMoney,retrait,OUT,500.0,XAF,14945.0,"Hello, A transaction of 500 XAF by MTNC BUNDLES_FORFAITS   (MTN_Bundles) on your mobile money account successfully completed at 2024-12-28 07:05:39. The amount was subject to a discount of 0 and coupons worth 0. Message from debit receiver: . Your new balance:14945 XAF. Fee was 0 XAF, loyalty fee was 0 and loyalty reward was 0. Financial Transaction Id: [PHONE_3750]. External Transaction Id: 1407299988344261872. Congratulations you are eligible to win one of our 237 VEHICLES. Multiply your chances with any other MoMo Transactions of Min 5,237F. Dial *126#. Remember Cash Out fees are less 25%. Info at 8787 or WhatsApp [PHONE_8787]"
USER_10,2024-12-29,18:59:14,MobileMoney,retrait,OUT,500.0,XAF,14445.0,"Hello, A transaction of 500 XAF by MTNC BUNDLES_FORFAITS   (MTN_Bundles) on your mobile money account successfully completed at 2024-12-29 18:59:01. The amount was subject to a discount of 0 and coupons worth 0. Message from debit receiver: . Your new balance:14445 XAF. Fee was 0 XAF, loyalty fee was 0 and loyalty reward was 0. Financial Transaction Id: [PHONE_9211]. External Transaction Id: 2366397493645778613. Congratulations you are eligible to win one of our 237 VEHICLES. Multiply your chances with any other MoMo Transactions of Min 5,237F. Dial *126#. Remember Cash Out fees are less 25%. Info at 8787 or WhatsApp [PHONE_8787]"
USER_10,2024-12-31,16:21:10,MobileMoney,retrait,OUT,500.0,XAF,13945.0,"Hello, A transaction of 500 XAF by MTNC BUNDLES_FORFAITS   (MTN_Bundles) on your mobile money account successfully completed at 2024-12-31 16:21:02. The amount was subject to a discount of 0 and coupons worth 0. Message from debit receiver: . Your new balance:13945 XAF. Fee was 0 XAF, loyalty fee was 0 and loyalty reward was 0. Financial Transaction Id: [PHONE_6292]. External Transaction Id: 8056429658190312583. Congratulations you are eligible to win one of our 237 VEHICLES. Multiply your chances with any other MoMo Transactions of Min 5,237F. Dial *126#. Remember Cash Out fees are less 25%. Info at 8787 or WhatsApp [PHONE_8787]"
USER_10,2025-01-01,15:02:51,MobileMoney,transaction,OUT,500.0,XAF,13445.0,"A transaction of 500 XAF by MTNC BUNDLES_FORFAITS   (MTN_Bundles) on your mobile money account successfully completed at 2025-01-01 15:02:40. The amount was subject to a discount of 0 and coupons worth 0. Message from debit receiver: . Your new balance:13445 XAF. Fee was 0 XAF, loyalty fee was 0 and loyalty reward was 0. Financial Transaction Id: [PHONE_4746]. External Transaction Id: 7573033844094855759. Law of Finance for 2025: Transfer and withdrawal fees include a 0.2% tax on the transaction amount, plus now a fixed fee of 4 FCFA per transaction. More information at 8787."
USER_10,2025-01-03,09:39:00,MobileMoney,transaction,OUT,500.0,XAF,12945.0,"A transaction of 500 XAF by MTNC BUNDLES_FORFAITS   (MTN_Bundles) on your mobile money account successfully completed at 2025-01-03 09:38:50. The amount was subject to a discount of 0 and coupons worth 0. Message from debit receiver: . Your new balance:12945 XAF. Fee was 0 XAF, loyalty fee was 0 and loyalty reward was 0. Financial Transaction Id: [PHONE_9396]. External Transaction Id: 704761528124105273. Law of Finance for 2025: Transfer and withdrawal fees include a 0.2% tax on the transaction amount, plus now a fixed fee of 4 FCFA per transaction. More information at 8787."
USER_10,2025-01-04,20:02:19,MobileMoney,transaction,OUT,500.0,XAF,12445.0,"A transaction of 500 XAF by MTNC BUNDLES_FORFAITS   (MTN_Bundles) on your mobile money account successfully completed at 2025-01-04 20:02:08. The amount was subject to a discount of 0 and coupons worth 0. Message from debit receiver: . Your new balance:12445 XAF. Fee was 0 XAF, loyalty fee was 0 and loyalty reward was 0. Financial Transaction Id: [PHONE_6308]. External Transaction Id: 4400603733925291295. Law of Finance for 2025: Transfer and withdrawal fees include a 0.2% tax on the transaction amount, plus now a fixed fee of 4 FCFA per transaction. More information at 8787."
USER_10,2025-01-05,17:33:32,MobileMoney,transaction,OUT,500.0,XAF,11945.0,"A transaction of 500 XAF by MTNC BUNDLES_FORFAITS   (MTN_Bundles) on your mobile money account successfully completed at 2025-01-05 17:33:22. The amount was subject to a discount of 0 and coupons worth 0. Message from debit receiver: . Your new balance:11945 XAF. Fee was 0 XAF, loyalty fee was 0 and loyalty reward was 0. Financial Transaction Id: [PHONE_6014]. External Transaction Id: 3022581349471103574. Law of Finance for 2025: Transfer and withdrawal fees include a 0.2% tax on the transaction amount, plus now a fixed fee of 4 FCFA per transaction. More information at 8787."
USER_10,2025-01-06,13:05:32,MobileMoney,transaction,OUT,500.0,XAF,11445.0,"A transaction of 500 XAF by MTNC BUNDLES_FORFAITS   (MTN_Bundles) on your mobile money account successfully completed at 2025-01-06 13:05:22. The amount was subject to a discount of 0 and coupons worth 0. Message from debit receiver: . Your new balance:11445 XAF. Fee was 0 XAF, loyalty fee was 0 and loyalty reward was 0. Financial Transaction Id: [PHONE_2052]. External Transaction Id: 4621076726223655615. Law of Finance for 2025: Transfer and withdrawal fees include a 0.2% tax on the transaction amount, plus now a fixed fee of 4 FCFA per transaction. More information at 8787."
USER_10,2025-01-07,20:23:44,MobileMoney,transaction,OUT,500.0,XAF,10945.0,"A transaction of 500 XAF by MTNC BUNDLES_FORFAITS   (MTN_Bundles) on your mobile money account successfully completed at 2025-01-07 20:23:36. The amount was subject to a discount of 0 and coupons worth 0. Message from debit receiver: . Your new balance:10945 XAF. Fee was 0 XAF, loyalty fee was 0 and loyalty reward was 0. Financial Transaction Id: [PHONE_9992]. External Transaction Id: 4670220353382939967. Law of Finance for 2025: Transfer and withdrawal fees include a 0.2% tax on the transaction amount, plus now a fixed fee of 4 FCFA per transaction. More information at 8787."
USER_10,2025-01-08,20:47:20,MobileMoney,transaction,OUT,500.0,XAF,10445.0,"A transaction of 500 XAF by MTNC BUNDLES_FORFAITS   (MTN_Bundles) on your mobile money account successfully completed at 2025-01-08 20:47:09. The amount was subject to a discount of 0 and coupons worth 0. Message from debit receiver: . Your new balance:10445 XAF. Fee was 0 XAF, loyalty fee was 0 and loyalty reward was 0. Financial Transaction Id: [PHONE_6768]. External Transaction Id: 8053602307156061026. Law of Finance for 2025: Transfer and withdrawal fees include a 0.2% tax on the transaction amount, plus now a fixed fee of 4 FCFA per transaction. More information at 8787."
USER_10,2025-01-09,21:09:54,MobileMoney,transaction,OUT,500.0,XAF,9945.0,"A transaction of 500 XAF by MTNC BUNDLES_FORFAITS   (MTN_Bundles) on your mobile money account successfully completed at 2025-01-09 21:09:44. The amount was subject to a discount of 0 and coupons worth 0. Message from debit receiver: . Your new balance:9945 XAF. Fee was 0 XAF, loyalty fee was 0 and loyalty reward was 0. Financial Transaction Id: [PHONE_7655]. External Transaction Id: 3368549777123453075. Law of Finance for 2025: Transfer and withdrawal fees include a 0.2% tax on the transaction amount, plus now a fixed fee of 4 FCFA per transaction. More information at 8787."
USER_10,2025-01-10,20:34:30,MobileMoney,transaction,OUT,500.0,XAF,9445.0,"A transaction of 500 XAF by MTNC BUNDLES_FORFAITS   (MTN_Bundles) on your mobile money account successfully completed at 2025-01-10 20:34:19. The amount was subject to a discount of 0 and coupons worth 0. Message from debit receiver: . Your new balance:9445 XAF. Fee was 0 XAF, loyalty fee was 0 and loyalty reward was 0. Financial Transaction Id: [PHONE_2029]. External Transaction Id: 2649258855062675615. Law of Finance for 2025: Transfer and withdrawal fees include a 0.2% tax on the transaction amount, plus now a fixed fee of 4 FCFA per transaction. More information at 8787."
USER_10,2025-01-11,19:06:14,MobileMoney,transaction,OUT,500.0,XAF,8945.0,"A transaction of 500 XAF by MTNC BUNDLES_FORFAITS   (MTN_Bundles) on your mobile money account successfully completed at 2025-01-11 19:06:03. The amount was subject to a discount of 0 and coupons worth 0. Message from debit receiver: . Your new balance:8945 XAF. Fee was 0 XAF, loyalty fee was 0 and loyalty reward was 0. Financial Transaction Id: [PHONE_9526]. External Transaction Id: 2089060928002932328. Law of Finance for 2025: Transfer and withdrawal fees include a 0.2% tax on the transaction amount, plus now a fixed fee of 4 FCFA per transaction. More information at 8787."
USER_10,2025-01-12,02:06:35,MobileMoney,retrait,OUT,200.0,XAF,8745.0,"Your payment of 200 XAF to MTNC BUNDLES_FORFAITS has been completed at 2025-01-12 02:06:06. Your new balance: 8745 XAF. Fee was 0 XAF. Message: -. Transaction Id: [PHONE_3205]. Congratulations you are eligible to win one of our 237 VEHICLES. Multiply your chances with any other MoMo Transactions of Min 5,237F. Dial *126#. Remember Cash Out fees are less 25%. Info at 8787 or WhatsApp [PHONE_8787]"
USER_10,2025-01-14,12:28:51,MobileMoney,transaction,OUT,500.0,XAF,8245.0,"A transaction of 500 XAF by MTNC BUNDLES_FORFAITS   (MTN_Bundles) on your mobile money account successfully completed at 2025-01-14 12:28:41. The amount was subject to a discount of 0 and coupons worth 0. Message from debit receiver: . Your new balance:8245 XAF. Fee was 0 XAF, loyalty fee was 0 and loyalty reward was 0. Financial Transaction Id: [PHONE_9769]. External Transaction Id: 6015919617080843923. Law of Finance for 2025: Transfer and withdrawal fees include a 0.2% tax on the transaction amount, plus now a fixed fee of 4 FCFA per transaction. More information at 8787."
USER_10,2025-01-15,08:17:44,MobileMoney,transaction,OUT,500.0,XAF,7745.0,"A transaction of 500 XAF by MTNC BUNDLES_FORFAITS   (MTN_Bundles) on your mobile money account successfully completed at 2025-01-15 08:17:35. The amount was subject to a discount of 0 and coupons worth 0. Message from debit receiver: . Your new balance:7745 XAF. Fee was 0 XAF, loyalty fee was 0 and loyalty reward was 0. Financial Transaction Id: [PHONE_2696]. External Transaction Id: 5905945906555198296. Law of Finance for 2025: Transfer and withdrawal fees include a 0.2% tax on the transaction amount, plus now a fixed fee of 4 FCFA per transaction. More information at 8787."
USER_10,2025-01-15,19:57:11,MobileMoney,transaction,OUT,500.0,XAF,7245.0,"A transaction of 500 XAF by MTNC BUNDLES_FORFAITS   (MTN_Bundles) on your mobile money account successfully completed at 2025-01-15 19:57:00. The amount was subject to a discount of 0 and coupons worth 0. Message from debit receiver: . Your new balance:7245 XAF. Fee was 0 XAF, loyalty fee was 0 and loyalty reward was 0. Financial Transaction Id: [PHONE_3182]. External Transaction Id: 1130860435627684230. Law of Finance for 2025: Transfer and withdrawal fees include a 0.2% tax on the transaction amount, plus now a fixed fee of 4 FCFA per transaction. More information at 8787."
USER_10,2025-01-16,09:20:10,MobileMoney,transaction,OUT,500.0,XAF,6745.0,"A transaction of 500 XAF by MTNC BUNDLES_FORFAITS   (MTN_Bundles) on your mobile money account successfully completed at 2025-01-16 09:19:57. The amount was subject to a discount of 0 and coupons worth 0. Message from debit receiver: . Your new balance:6745 XAF. Fee was 0 XAF, loyalty fee was 0 and loyalty reward was 0. Financial Transaction Id: [PHONE_5956]. External Transaction Id: 725631353623476830. Law of Finance for 2025: Transfer and withdrawal fees include a 0.2% tax on the transaction amount, plus now a fixed fee of 4 FCFA per transaction. More information at 8787."
USER_10,2025-01-16,20:24:40,MobileMoney,transfert,OUT,4.0,FCFA,3691.0,"You have transferred 3000 XAF to Michael Wandji Nya ([PHONE_9319]) from your mobile money account 69020858 at 2025-01-16 20:24:38 FEES 54 FCFA. Your new balance: 3691 XAF. Message from sender: 0. Message to receiver: 0. Financial Transaction Id: [PHONE_3998]. Law of Finance for 2025: Transfer and withdrawal fees include a 0.2% tax on the transaction amount, plus now a fixed fee of 4 FCFA per transaction. More information at 8787."
USER_10,2025-01-17,07:26:47,MobileMoney,transaction,OUT,500.0,XAF,3191.0,"A transaction of 500 XAF by MTNC BUNDLES_FORFAITS   (MTN_Bundles) on your mobile money account successfully completed at 2025-01-17 07:26:37. The amount was subject to a discount of 0 and coupons worth 0. Message from debit receiver: . Your new balance:3191 XAF. Fee was 0 XAF, loyalty fee was 0 and loyalty reward was 0. Financial Transaction Id: [PHONE_0675]. External Transaction Id: 8198801125909791996. Law of Finance for 2025: Transfer and withdrawal fees include a 0.2% tax on the transaction amount, plus now a fixed fee of 4 FCFA per transaction. More information at 8787."
USER_10,2025-01-18,17:36:07,MobileMoney,transaction,OUT,500.0,XAF,2691.0,"A transaction of 500 XAF by MTNC BUNDLES_FORFAITS   (MTN_Bundles) on your mobile money account successfully completed at 2025-01-18 17:35:57. The amount was subject to a discount of 0 and coupons worth 0. Message from debit receiver: . Your new balance:2691 XAF. Fee was 0 XAF, loyalty fee was 0 and loyalty reward was 0. Financial Transaction Id: [PHONE_9126]. External Transaction Id: 6736297647701866019. Law of Finance for 2025: Transfer and withdrawal fees include a 0.2% tax on the transaction amount, plus now a fixed fee of 4 FCFA per transaction. More information at 8787."
USER_10,2025-01-19,18:21:56,MobileMoney,transaction,OUT,500.0,XAF,2191.0,"A transaction of 500 XAF by MTNC BUNDLES_FORFAITS   (MTN_Bundles) on your mobile money account successfully completed at 2025-01-19 18:21:27. The amount was subject to a discount of 0 and coupons worth 0. Message from debit receiver: . Your new balance:2191 XAF. Fee was 0 XAF, loyalty fee was 0 and loyalty reward was 0. Financial Transaction Id: [PHONE_8800]. External Transaction Id: 2353522537685178081. Law of Finance for 2025: Transfer and withdrawal fees include a 0.2% tax on the transaction amount, plus now a fixed fee of 4 FCFA per transaction. More information at 8787."
USER_10,2025-01-20,10:27:57,MobileMoney,transaction,OUT,500.0,XAF,1691.0,"A transaction of 500 XAF by MTNC BUNDLES_FORFAITS   (MTN_Bundles) on your mobile money account successfully completed at 2025-01-20 10:27:47. The amount was subject to a discount of 0 and coupons worth 0. Message from debit receiver: . Your new balance:1691 XAF. Fee was 0 XAF, loyalty fee was 0 and loyalty reward was 0. Financial Transaction Id: [PHONE_2531]. External Transaction Id: 6294502651537978810. Law of Finance for 2025: Transfer and withdrawal fees include a 0.2% tax on the transaction amount, plus now a fixed fee of 4 FCFA per transaction. More information at 8787."
USER_10,2025-01-21,22:23:44,MobileMoney,transaction,OUT,500.0,XAF,691.0,"A transaction of 500 XAF by MTNC BUNDLES_FORFAITS   (MTN_Bundles) on your mobile money account successfully completed at 2025-01-21 22:23:34. The amount was subject to a discount of 0 and coupons worth 0. Message from debit receiver: . Your new balance:691 XAF. Fee was 0 XAF, loyalty fee was 0 and loyalty reward was 0. Financial Transaction Id: [PHONE_7583]. External Transaction Id: 8496115375488518734. Law of Finance for 2025: Transfer and withdrawal fees include a 0.2% tax on the transaction amount, plus now a fixed fee of 4 FCFA per transaction. More information at 8787."
USER_10,2025-01-25,18:44:39,MobileMoney,transaction,OUT,500.0,XAF,191.0,"A transaction of 500 XAF by MTNC BUNDLES_FORFAITS   (MTN_Bundles) on your mobile money account successfully completed at 2025-01-25 18:44:29. The amount was subject to a discount of 0 and coupons worth 0. Message from debit receiver: . Your new balance:191 XAF. Fee was 0 XAF, loyalty fee was 0 and loyalty reward was 0. Financial Transaction Id: [PHONE_0571]. External Transaction Id: 3620647661687308234. Law of Finance for 2025: Transfer and withdrawal fees include a 0.2% tax on the transaction amount, plus now a fixed fee of 4 FCFA per transaction. More information at 8787."
USER_10,2025-01-26,08:38:32,MobileMoney,retrait,OUT,10000.0,XAF,10191.0,"You have received 10000 XAF of [CONTACT_3185] R1 [CONTACT_4B3F] ([PHONE_3507] [CONTACT_7458]) on your Mobile Money 2025-01-26 08:38:30 account. Message from the sender: . Your new balance is 10191 XAF. Fee Paid: 0 XAF. Transaction ID: [PHONE_2490]. Try to win one of our 237 VEHICLES! Do a MoMo payment from 237F. Dial *126#. Multiply your chances with any other MoMo Transactions of Min 5,237F. Remember Cash Out fees are less 25%. Info at 8787 or WhatsApp [PHONE_8787]"
USER_10,2025-01-26,19:07:31,MobileMoney,transaction,OUT,500.0,XAF,9691.0,"A transaction of 500 XAF by MTNC BUNDLES_FORFAITS   (MTN_Bundles) on your mobile money account successfully completed at 2025-01-26 19:07:20. The amount was subject to a discount of 0 and coupons worth 0. Message from debit receiver: . Your new balance:9691 XAF. Fee was 0 XAF, loyalty fee was 0 and loyalty reward was 0. Financial Transaction Id: [PHONE_2007]. External Transaction Id: 6699149515129758244. Law of Finance for 2025: Transfer and withdrawal fees include a 0.2% tax on the transaction amount, plus now a fixed fee of 4 FCFA per transaction. More information at 8787."
USER_10,2025-01-26,20:57:14,MobileMoney,transfert,OUT,4.0,FCFA,8087.0,"You have transferred 1550 XAF to [CONTACT_F5BF] ([PHONE_7384]) from your mobile money account 69020858 at 2025-01-26 20:57:08 FEES 54 FCFA. Your new balance: 8087 XAF. Message from sender: 0. Message to receiver: 0. Financial Transaction Id: [PHONE_3842]. Law of Finance for 2025: Transfer and withdrawal fees include a 0.2% tax on the transaction amount, plus now a fixed fee of 4 FCFA per transaction. More information at 8787."
USER_10,2025-01-27,10:28:46,MobileMoney,transaction,OUT,500.0,XAF,7587.0,"A transaction of 500 XAF by MTNC BUNDLES_FORFAITS   (MTN_Bundles) on your mobile money account successfully completed at 2025-01-27 10:28:36. The amount was subject to a discount of 0 and coupons worth 0. Message from debit receiver: . Your new balance:7587 XAF. Fee was 0 XAF, loyalty fee was 0 and loyalty reward was 0. Financial Transaction Id: [PHONE_8230]. External Transaction Id: 4387699096072463933. Law of Finance for 2025: Transfer and withdrawal fees include a 0.2% tax on the transaction amount, plus now a fixed fee of 4 FCFA per transaction. More information at 8787."
USER_10,2025-01-28,09:56:15,MobileMoney,transaction,OUT,500.0,XAF,7087.0,"A transaction of 500 XAF by MTNC BUNDLES_FORFAITS   (MTN_Bundles) on your mobile money account successfully completed at 2025-01-28 09:56:02. The amount was subject to a discount of 0 and coupons worth 0. Message from debit receiver: . Your new balance:7087 XAF. Fee was 0 XAF, loyalty fee was 0 and loyalty reward was 0. Financial Transaction Id: [PHONE_8242]. External Transaction Id: 6960254725756255567. Law of Finance for 2025: Transfer and withdrawal fees include a 0.2% tax on the transaction amount, plus now a fixed fee of 4 FCFA per transaction. More information at 8787."
USER_10,2025-01-29,01:09:31,MobileMoney,retrait,OUT,200.0,XAF,6887.0,"Your payment of 200 XAF to MTNC BUNDLES_FORFAITS has been completed at 2025-01-29 01:09:13. Your new balance: 6887 XAF. Fee was 0 XAF. Message: -. Transaction Id: [PHONE_7886]. Congratulations you are eligible to win one of our 237 VEHICLES. Multiply your chances with any other MoMo Transactions of Min 5,237F. Dial *126#. Remember Cash Out fees are less 25%. Info at 8787 or WhatsApp [PHONE_8787]"
USER_10,2025-01-29,01:34:49,MobileMoney,retrait,OUT,200.0,XAF,6687.0,"Your payment of 200 XAF to MTNC BUNDLES_FORFAITS has been completed at 2025-01-29 01:32:33. Your new balance: 6687 XAF. Fee was 0 XAF. Message: -. Transaction Id: [PHONE_3676]. Congratulations you are eligible to win one of our 237 VEHICLES. Multiply your chances with any other MoMo Transactions of Min 5,237F. Dial *126#. Remember Cash Out fees are less 25%. Info at 8787 or WhatsApp [PHONE_8787]"
USER_10,2025-01-29,17:29:08,MobileMoney,transfert,IN,10000.0,XAF,16687.0,You have received 10000 XAF from [CONTACT_8C42] ([PHONE_0730]) on your mobile money account at 2025-01-29 17:29:07. Message from sender: 10000. Your new balance:16687 XAF. Financial Transaction Id: [PHONE_6489].
USER_10,2025-01-31,17:39:05,MobileMoney,transaction,OUT,500.0,XAF,2988.0,"A transaction of 500 XAF by MTNC BUNDLES_FORFAITS   (MTN_Bundles) on your mobile money account successfully completed at 2025-01-31 17:38:54. The amount was subject to a discount of 0 and coupons worth 0. Message from debit receiver: . Your new balance:2988 XAF. Fee was 0 XAF, loyalty fee was 0 and loyalty reward was 0. Financial Transaction Id: [PHONE_2191]. External Transaction Id: 619473753075532565. Law of Finance for 2025: Transfer and withdrawal fees include a 0.2% tax on the transaction amount, plus now a fixed fee of 4 FCFA per transaction. More information at 8787."
USER_10,2025-02-01,08:32:11,MobileMoney,transaction,OUT,500.0,XAF,2488.0,"A transaction of 500 XAF by MTNC BUNDLES_FORFAITS   (MTN_Bundles) on your mobile money account successfully completed at 2025-02-01 08:32:01. The amount was subject to a discount of 0 and coupons worth 0. Message from debit receiver: . Your new balance:2488 XAF. Fee was 0 XAF, loyalty fee was 0 and loyalty reward was 0. Financial Transaction Id: [PHONE_4237]. External Transaction Id: 8286195970510184218. Law of Finance for 2025: Transfer and withdrawal fees include a 0.2% tax on the transaction amount, plus now a fixed fee of 4 FCFA per transaction. More information at 8787."
USER_10,2025-02-01,11:27:53,MobileMoney,transaction,OUT,500.0,XAF,1988.0,"A transaction of 500 XAF by MTNC BUNDLES_FORFAITS   (MTN_Bundles) on your mobile money account successfully completed at 2025-02-01 11:27:42. The amount was subject to a discount of 0 and coupons worth 0. Message from debit receiver: . Your new balance:1988 XAF. Fee was 0 XAF, loyalty fee was 0 and loyalty reward was 0. Financial Transaction Id: [PHONE_9977]. External Transaction Id: 1122402989441544564. Law of Finance for 2025: Transfer and withdrawal fees include a 0.2% tax on the transaction amount, plus now a fixed fee of 4 FCFA per transaction. More information at 8787."
USER_10,2025-02-02,00:07:45,MobileMoney,retrait,OUT,200.0,XAF,1788.0,"Your payment of 200 XAF to MTNC BUNDLES_FORFAITS has been completed at 2025-02-02 00:07:29. Your new balance: 1788 XAF. Fee was 0 XAF. Message: -. Transaction Id: [PHONE_3637]. Congratulations you are eligible to win one of our 237 VEHICLES. Multiply your chances with any other MoMo Transactions of Min 5,237F. Dial *126#. Remember Cash Out fees are less 25%. Info at 8787 or WhatsApp [PHONE_8787]"
USER_10,2025-02-02,11:10:36,MobileMoney,transaction,OUT,500.0,XAF,1288.0,"A transaction of 500 XAF by MTNC BUNDLES_FORFAITS   (MTN_Bundles) on your mobile money account successfully completed at 2025-02-02 11:10:26. The amount was subject to a discount of 0 and coupons worth 0. Message from debit receiver: . Your new balance:1288 XAF. Fee was 0 XAF, loyalty fee was 0 and loyalty reward was 0. Financial Transaction Id: [PHONE_1501]. External Transaction Id: 6917506677854367126. Law of Finance for 2025: Transfer and withdrawal fees include a 0.2% tax on the transaction amount, plus now a fixed fee of 4 FCFA per transaction. More information at 8787."
USER_10,2025-02-02,16:29:55,MobileMoney,transaction,OUT,200.0,XAF,1088.0,"A transaction of 200 XAF by MTNC BUNDLES_FORFAITS   (MTN_Bundles) on your mobile money account successfully completed at 2025-02-02 16:29:44. The amount was subject to a discount of 0 and coupons worth 0. Message from debit receiver: . Your new balance:1088 XAF. Fee was 0 XAF, loyalty fee was 0 and loyalty reward was 0. Financial Transaction Id: [PHONE_1050]. External Transaction Id: 7576740614863623474. Law of Finance for 2025: Transfer and withdrawal fees include a 0.2% tax on the transaction amount, plus now a fixed fee of 4 FCFA per transaction. More information at 8787."
USER_10,2025-02-03,08:09:33,MobileMoney,transaction,OUT,500.0,XAF,588.0,"A transaction of 500 XAF by MTNC BUNDLES_FORFAITS   (MTN_Bundles) on your mobile money account successfully completed at 2025-02-03 08:09:23. The amount was subject to a discount of 0 and coupons worth 0. Message from debit receiver: . Your new balance:588 XAF. Fee was 0 XAF, loyalty fee was 0 and loyalty reward was 0. Financial Transaction Id: [PHONE_7532]. External Transaction Id: 4980559376326475333. Law of Finance for 2025: Transfer and withdrawal fees include a 0.2% tax on the transaction amount, plus now a fixed fee of 4 FCFA per transaction. More information at 8787."
USER_10,2025-02-04,07:23:28,MobileMoney,transaction,OUT,500.0,XAF,88.0,"A transaction of 500 XAF by MTNC BUNDLES_FORFAITS   (MTN_Bundles) on your mobile money account successfully completed at 2025-02-04 07:23:19. The amount was subject to a discount of 0 and coupons worth 0. Message from debit receiver: . Your new balance:88 XAF. Fee was 0 XAF, loyalty fee was 0 and loyalty reward was 0. Financial Transaction Id: [PHONE_2181]. External Transaction Id: 7837193713258626454. Law of Finance for 2025: Transfer and withdrawal fees include a 0.2% tax on the transaction amount, plus now a fixed fee of 4 FCFA per transaction. More information at 8787."
USER_10,2025-02-05,20:15:00,MobileMoney,retrait,OUT,500.0,XAF,588.0,"You have received 500 XAF of [CONTACT_5A23] [CONTACT_F231] ALU ([PHONE_6275] [CONTACT_AA6F]) on your Mobile Money 2025-02-05 20:14:56 account. Message from the sender: . Your new balance is 588 XAF. Fee Paid: 0 XAF. Transaction ID: [PHONE_3423]. Try to win one of our 237 VEHICLES! Do a MoMo payment from 237F. Dial *126#. Multiply your chances with any other MoMo Transactions of Min 5,237F. Remember Cash Out fees are less 25%. Info at 8787 or WhatsApp [PHONE_8787]"
USER_10,2025-02-05,20:16:04,MobileMoney,retrait,OUT,500.0,XAF,1088.0,"You have received 500 XAF of [CONTACT_5A23] [CONTACT_F231] ALU ([PHONE_6275] [CONTACT_AA6F]) on your Mobile Money 2025-02-05 20:16:02 account. Message from the sender: . Your new balance is 1088 XAF. Fee Paid: 0 XAF. Transaction ID: [PHONE_7754]. Try to win one of our 237 VEHICLES! Do a MoMo payment from 237F. Dial *126#. Multiply your chances with any other MoMo Transactions of Min 5,237F. Remember Cash Out fees are less 25%. Info at 8787 or WhatsApp [PHONE_8787]"
USER_10,2025-02-05,20:18:09,MobileMoney,transaction,OUT,500.0,XAF,588.0,"A transaction of 500 XAF by MTNC BUNDLES_FORFAITS   (MTN_Bundles) on your mobile money account successfully completed at 2025-02-05 20:17:39. The amount was subject to a discount of 0 and coupons worth 0. Message from debit receiver: . Your new balance:588 XAF. Fee was 0 XAF, loyalty fee was 0 and loyalty reward was 0. Financial Transaction Id: [PHONE_2016]. External Transaction Id: 9152349205080848198. Law of Finance for 2025: Transfer and withdrawal fees include a 0.2% tax on the transaction amount, plus now a fixed fee of 4 FCFA per transaction. More information at 8787."
USER_10,2025-02-06,11:59:19,MobileMoney,transaction,OUT,500.0,XAF,88.0,"A transaction of 500 XAF by MTNC BUNDLES_FORFAITS   (MTN_Bundles) on your mobile money account successfully completed at 2025-02-06 11:59:06. The amount was subject to a discount of 0 and coupons worth 0. Message from debit receiver: . Your new balance:88 XAF. Fee was 0 XAF, loyalty fee was 0 and loyalty reward was 0. Financial Transaction Id: [PHONE_9641]. External Transaction Id: 8101725335810709209. Law of Finance for 2025: Transfer and withdrawal fees include a 0.2% tax on the transaction amount, plus now a fixed fee of 4 FCFA per transaction. More information at 8787."
USER_10,2025-02-08,17:37:55,MobileMoney,transfert,IN,500.0,XAF,588.0,You have received 500 XAF from [CONTACT_793E] ([PHONE_5569]) on your mobile money account at 2025-02-08 17:37:54. Message from sender: 1. Your new balance:588 XAF. Financial Transaction Id: [PHONE_7599].
USER_10,2025-02-08,17:40:29,MobileMoney,transaction,OUT,500.0,XAF,88.0,"A transaction of 500 XAF by MTNC BUNDLES_FORFAITS   (MTN_Bundles) on your mobile money account successfully completed at 2025-02-08 17:40:17. The amount was subject to a discount of 0 and coupons worth 0. Message from debit receiver: . Your new balance:88 XAF. Fee was 0 XAF, loyalty fee was 0 and loyalty reward was 0. Financial Transaction Id: [PHONE_3286]. External Transaction Id: 6538839201731468398. Law of Finance for 2025: Transfer and withdrawal fees include a 0.2% tax on the transaction amount, plus now a fixed fee of 4 FCFA per transaction. More information at 8787."
USER_10,2025-02-09,06:42:34,MobileMoney,retrait,OUT,65250.0,XAF,65338.0,"You have received 65250 XAF of [CONTACT_2949] [CONTACT_7C0A] ([PHONE_3287] [CONTACT_D0D3] NGATSING) on your Mobile Money 2025-02-09 06:42:33 account. Message from the sender: . Your new balance is 65338 XAF. Fee Paid: 0 XAF. Transaction ID: [PHONE_5838]. Try to win one of our 237 VEHICLES! Do a MoMo payment from 237F. Dial *126#. Multiply your chances with any other MoMo Transactions of Min 5,237F. Remember Cash Out fees are less 25%. Info at 8787 or WhatsApp [PHONE_8787]"
USER_10,2025-02-09,06:53:08,MobileMoney,transfert,IN,3100.0,XAF,68438.0,You have received 3100 XAF from [CONTACT_793E] ([PHONE_5569]) on your mobile money account at 2025-02-09 06:53:09. Message from sender: 1. Your new balance:68438 XAF. Financial Transaction Id: [PHONE_4506].
USER_10,2025-02-09,11:31:07,MobileMoney,transaction,OUT,500.0,XAF,67938.0,"A transaction of 500 XAF by MTNC BUNDLES_FORFAITS   (MTN_Bundles) on your mobile money account successfully completed at 2025-02-09 11:31:05. The amount was subject to a discount of 0 and coupons worth 0. Message from debit receiver: . Your new balance:67938 XAF. Fee was 0 XAF, loyalty fee was 0 and loyalty reward was 0. Financial Transaction Id: [PHONE_5959]. External Transaction Id: 7868364430772851929. Law of Finance for 2025: Transfer and withdrawal fees include a 0.2% tax on the transaction amount, plus now a fixed fee of 4 FCFA per transaction. More information at 8787."
USER_10,2025-02-09,15:38:49,MobileMoney,transaction,OUT,500.0,XAF,67438.0,"A transaction of 500 XAF by MTNC BUNDLES_FORFAITS   (MTN_Bundles) on your mobile money account successfully completed at 2025-02-09 15:38:39. The amount was subject to a discount of 0 and coupons worth 0. Message from debit receiver: . Your new balance:67438 XAF. Fee was 0 XAF, loyalty fee was 0 and loyalty reward was 0. Financial Transaction Id: [PHONE_1324]. External Transaction Id: 8379765812669400511. Law of Finance for 2025: Transfer and withdrawal fees include a 0.2% tax on the transaction amount, plus now a fixed fee of 4 FCFA per transaction. More information at 8787."
USER_10,2025-02-09,19:12:21,MobileMoney,retrait,OUT,4.0,FCFA,2474.0,"You have withdrawn 64000 XAF from your mobile m[CONTACT_ED2B]ey account at  [CONTACT_ED2B] 2025-02-09 19:12:04. Your new balance:2474 XAF. Financial Transaction Id: [PHONE_8440]. Law of Finance for 2025: Transfer and withdrawal fees include a 0.2% tax on the transaction amount, plus now a fixed fee of 4 FCFA per transaction. More information at 8787."
USER_10,2025-02-10,00:17:42,MobileMoney,retrait,OUT,200.0,XAF,2274.0,"Your payment of 200 XAF to MTNC BUNDLES_FORFAITS has been completed at 2025-02-10 00:17:25. Your new balance: 2274 XAF. Fee was 0 XAF. Message: -. Transaction Id: [PHONE_1475]. Congratulations you are eligible to win one of our 237 VEHICLES. Multiply your chances with any other MoMo Transactions of Min 5,237F. Dial *126#. Remember Cash Out fees are less 25%. Info at 8787 or WhatsApp [PHONE_8787]"
USER_10,2025-02-10,21:35:42,MobileMoney,transaction,OUT,500.0,XAF,1774.0,"A transaction of 500 XAF by MTNC BUNDLES_FORFAITS   (MTN_Bundles) on your mobile money account successfully completed at 2025-02-10 21:35:31. The amount was subject to a discount of 0 and coupons worth 0. Message from debit receiver: . Your new balance:1774 XAF. Fee was 0 XAF, loyalty fee was 0 and loyalty reward was 0. Financial Transaction Id: [PHONE_6229]. External Transaction Id: 6571075431317774813. Law of Finance for 2025: Transfer and withdrawal fees include a 0.2% tax on the transaction amount, plus now a fixed fee of 4 FCFA per transaction. More information at 8787."
USER_10,2025-02-11,00:06:51,MobileMoney,retrait,OUT,200.0,XAF,1574.0,"Your payment of 200 XAF to MTNC BUNDLES_FORFAITS has been completed at 2025-02-11 00:06:34. Your new balance: 1574 XAF. Fee was 0 XAF. Message: -. Transaction Id: [PHONE_2614]. Congratulations you are eligible to win one of our 237 VEHICLES. Multiply your chances with any other MoMo Transactions of Min 5,237F. Dial *126#. Remember Cash Out fees are less 25%. Info at 8787 or WhatsApp [PHONE_8787]"
USER_10,2025-02-11,20:17:42,MobileMoney,transaction,OUT,500.0,XAF,1074.0,"A transaction of 500 XAF by MTNC BUNDLES_FORFAITS   (MTN_Bundles) on your mobile money account successfully completed at 2025-02-11 20:17:32. The amount was subject to a discount of 0 and coupons worth 0. Message from debit receiver: . Your new balance:1074 XAF. Fee was 0 XAF, loyalty fee was 0 and loyalty reward was 0. Financial Transaction Id: [PHONE_4004]. External Transaction Id: 998618954378000921. Law of Finance for 2025: Transfer and withdrawal fees include a 0.2% tax on the transaction amount, plus now a fixed fee of 4 FCFA per transaction. More information at 8787."
USER_10,2025-02-12,17:00:54,MobileMoney,transaction,OUT,500.0,XAF,574.0,"A transaction of 500 XAF by MTNC BUNDLES_FORFAITS   (MTN_Bundles) on your mobile money account successfully completed at 2025-02-12 17:00:36. The amount was subject to a discount of 0 and coupons worth 0. Message from debit receiver: . Your new balance:574 XAF. Fee was 0 XAF, loyalty fee was 0 and loyalty reward was 0. Financial Transaction Id: [PHONE_8278]. External Transaction Id: 7302146293052580610. Law of Finance for 2025: Transfer and withdrawal fees include a 0.2% tax on the transaction amount, plus now a fixed fee of 4 FCFA per transaction. More information at 8787."
USER_10,2025-02-13,21:50:05,MobileMoney,transaction,OUT,500.0,XAF,74.0,"A transaction of 500 XAF by MTNC BUNDLES_FORFAITS   (MTN_Bundles) on your mobile money account successfully completed at 2025-02-13 21:50:01. The amount was subject to a discount of 0 and coupons worth 0. Message from debit receiver: . Your new balance:74 XAF. Fee was 0 XAF, loyalty fee was 0 and loyalty reward was 0. Financial Transaction Id: [PHONE_3784]. External Transaction Id: 1036159448459593854. Law of Finance for 2025: Transfer and withdrawal fees include a 0.2% tax on the transaction amount, plus now a fixed fee of 4 FCFA per transaction. More information at 8787."
USER_10,2025-02-14,21:15:41,MobileMoney,retrait,OUT,2000.0,XAF,2074.0,"You have received 2000 XAF of [CONTACT_5A23] [CONTACT_F231] ALU ([PHONE_6275] [CONTACT_AA6F]) on your Mobile Money 2025-02-14 21:15:35 account. Message from the sender: . Your new balance is 2074 XAF. Fee Paid: 0 XAF. Transaction ID: [PHONE_6539]. Try to win one of our 237 VEHICLES! Do a MoMo payment from 237F. Dial *126#. Multiply your chances with any other MoMo Transactions of Min 5,237F. Remember Cash Out fees are less 25%. Info at 8787 or WhatsApp [PHONE_8787]"
USER_10,2025-02-14,21:18:01,MobileMoney,transaction,OUT,500.0,XAF,1574.0,"A transaction of 500 XAF by MTNC BUNDLES_FORFAITS   (MTN_Bundles) on your mobile money account successfully completed at 2025-02-14 21:17:50. The amount was subject to a discount of 0 and coupons worth 0. Message from debit receiver: . Your new balance:1574 XAF. Fee was 0 XAF, loyalty fee was 0 and loyalty reward was 0. Financial Transaction Id: [PHONE_8492]. External Transaction Id: 5970556817278425754. Law of Finance for 2025: Transfer and withdrawal fees include a 0.2% tax on the transaction amount, plus now a fixed fee of 4 FCFA per transaction. More information at 8787."
USER_10,2025-02-15,18:24:28,MobileMoney,transaction,OUT,500.0,XAF,1074.0,"A transaction of 500 XAF by MTNC BUNDLES_FORFAITS   (MTN_Bundles) on your mobile money account successfully completed at 2025-02-15 18:24:05. The amount was subject to a discount of 0 and coupons worth 0. Message from debit receiver: . Your new balance:1074 XAF. Fee was 0 XAF, loyalty fee was 0 and loyalty reward was 0. Financial Transaction Id: [PHONE_3272]. External Transaction Id: 2751092921807199723. Law of Finance for 2025: Transfer and withdrawal fees include a 0.2% tax on the transaction amount, plus now a fixed fee of 4 FCFA per transaction. More information at 8787."
USER_10,2025-02-17,00:02:10,MobileMoney,retrait,OUT,200.0,XAF,874.0,"Your payment of 200 XAF to MTNC BUNDLES_FORFAITS has been completed at 2025-02-17 00:01:53. Your new balance: 874 XAF. Fee was 0 XAF. Message: -. Transaction Id: [PHONE_5463]. Congratulations you are eligible to win one of our 237 VEHICLES. Multiply your chances with any other MoMo Transactions of Min 5,237F. Dial *126#. Remember Cash Out fees are less 25%. Info at 8787 or WhatsApp [PHONE_8787]"
USER_10,2025-02-18,13:44:09,MobileMoney,transaction,OUT,500.0,XAF,374.0,"A transaction of 500 XAF by MTNC BUNDLES_FORFAITS   (MTN_Bundles) on your mobile money account successfully completed at 2025-02-18 13:43:58. The amount was subject to a discount of 0 and coupons worth 0. Message from debit receiver: . Your new balance:374 XAF. Fee was 0 XAF, loyalty fee was 0 and loyalty reward was 0. Financial Transaction Id: [PHONE_9427]. External Transaction Id: 3843242256035358494. Law of Finance for 2025: Transfer and withdrawal fees include a 0.2% tax on the transaction amount, plus now a fixed fee of 4 FCFA per transaction. More information at 8787."
USER_10,2025-02-19,00:03:31,MobileMoney,retrait,OUT,200.0,XAF,174.0,"Your payment of 200 XAF to MTNC BUNDLES_FORFAITS has been completed at 2025-02-19 00:03:15. Your new balance: 174 XAF. Fee was 0 XAF. Message: -. Transaction Id: [PHONE_9363]. Congratulations you are eligible to win one of our 237 VEHICLES. Multiply your chances with any other MoMo Transactions of Min 5,237F. Dial *126#. Remember Cash Out fees are less 25%. Info at 8787 or WhatsApp [PHONE_8787]"
USER_10,2025-02-19,14:22:48,MobileMoney,retrait,OUT,1500.0,XAF,1674.0,"You have received 1500 XAF of [CONTACT_E80E] Ers Shalomes Services ([PHONE_2963] ) on your Mobile Money 2025-02-19 14:22:47 account. Message from the sender: . Your new balance is 1674 XAF. Fee Paid: 0 XAF. Transaction ID: [PHONE_2596]. Try to win one of our 237 VEHICLES! Do a MoMo payment from 237F. Dial *126#. Multiply your chances with any other MoMo Transactions of Min 5,237F. Remember Cash Out fees are less 25%. Info at 8787 or WhatsApp [PHONE_8787]"
USER_10,2025-02-19,14:26:54,MobileMoney,transaction,OUT,500.0,XAF,1174.0,"A transaction of 500 XAF by MTNC BUNDLES_FORFAITS   (MTN_Bundles) on your mobile money account successfully completed at 2025-02-19 14:26:43. The amount was subject to a discount of 0 and coupons worth 0. Message from debit receiver: . Your new balance:1174 XAF. Fee was 0 XAF, loyalty fee was 0 and loyalty reward was 0. Financial Transaction Id: [PHONE_0558]. External Transaction Id: 6894382273345381387. Law of Finance for 2025: Transfer and withdrawal fees include a 0.2% tax on the transaction amount, plus now a fixed fee of 4 FCFA per transaction. More information at 8787."
USER_10,2025-02-19,22:37:49,MobileMoney,transaction,OUT,500.0,XAF,674.0,"A transaction of 500 XAF by MTNC BUNDLES_FORFAITS   (MTN_Bundles) on your mobile money account successfully completed at 2025-02-19 22:37:39. The amount was subject to a discount of 0 and coupons worth 0. Message from debit receiver: . Your new balance:674 XAF. Fee was 0 XAF, loyalty fee was 0 and loyalty reward was 0. Financial Transaction Id: [PHONE_8557]. External Transaction Id: 4302445669165555240. Law of Finance for 2025: Transfer and withdrawal fees include a 0.2% tax on the transaction amount, plus now a fixed fee of 4 FCFA per transaction. More information at 8787."
USER_10,2025-02-20,00:47:30,MobileMoney,retrait,OUT,200.0,XAF,474.0,"Your payment of 200 XAF to MTNC BUNDLES_FORFAITS has been completed at 2025-02-20 00:47:14. Your new balance: 474 XAF. Fee was 0 XAF. Message: -. Transaction Id: [PHONE_9234]. Congratulations you are eligible to win one of our 237 VEHICLES. Multiply your chances with any other MoMo Transactions of Min 5,237F. Dial *126#. Remember Cash Out fees are less 25%. Info at 8787 or WhatsApp [PHONE_8787]"
USER_10,2025-02-20,19:25:36,MobileMoney,retrait,OUT,125.0,XAF,349.0,"Your payment of 125 XAF to MTNC BUNDLES_FORFAITS has been completed at 2025-02-20 19:25:20. Your new balance: 349 XAF. Fee was 0 XAF. Message: -. Transaction Id: [PHONE_6474]. Congratulations you are eligible to win one of our 237 VEHICLES. Multiply your chances with any other MoMo Transactions of Min 5,237F. Dial *126#. Remember Cash Out fees are less 25%. Info at 8787 or WhatsApp [PHONE_8787]"
USER_10,2025-02-21,20:10:56,MobileMoney,retrait,OUT,3000.0,XAF,3349.0,"You have received 3000 XAF of [CONTACT_E80E] Ers Shalomes Services ([PHONE_2963] ) on your Mobile Money 2025-02-21 20:10:54 account. Message from the sender: . Your new balance is 3349 XAF. Fee Paid: 0 XAF. Transaction ID: [PHONE_1324]. Try to win one of our 237 VEHICLES! Do a MoMo payment from 237F. Dial *126#. Multiply your chances with any other MoMo Transactions of Min 5,237F. Remember Cash Out fees are less 25%. Info at 8787 or WhatsApp [PHONE_8787]"
USER_10,2025-02-21,22:37:02,MobileMoney,transaction,OUT,500.0,XAF,2849.0,"A transaction of 500 XAF by MTNC BUNDLES_FORFAITS   (MTN_Bundles) on your mobile money account successfully completed at 2025-02-21 22:36:52. The amount was subject to a discount of 0 and coupons worth 0. Message from debit receiver: . Your new balance:2849 XAF. Fee was 0 XAF, loyalty fee was 0 and loyalty reward was 0. Financial Transaction Id: [PHONE_7202]. External Transaction Id: 840054077187003532. Law of Finance for 2025: Transfer and withdrawal fees include a 0.2% tax on the transaction amount, plus now a fixed fee of 4 FCFA per transaction. More information at 8787."
USER_10,2025-02-23,01:06:58,MobileMoney,transaction,OUT,500.0,XAF,2349.0,"A transaction of 500 XAF by MTNC BUNDLES_FORFAITS   (MTN_Bundles) on your mobile money account successfully completed at 2025-02-23 00:47:18. The amount was subject to a discount of 0 and coupons worth 0. Message from debit receiver: . Your new balance:2349 XAF. Fee was 0 XAF, loyalty fee was 0 and loyalty reward was 0. Financial Transaction Id: [PHONE_0066]. External Transaction Id: 4092284805406496142. Law of Finance for 2025: Transfer and withdrawal fees include a 0.2% tax on the transaction amount, plus now a fixed fee of 4 FCFA per transaction. More information at 8787."
USER_10,2025-02-24,00:14:09,MobileMoney,retrait,OUT,200.0,XAF,2149.0,"Your payment of 200 XAF to MTNC BUNDLES_FORFAITS has been completed at 2025-02-24 00:13:51. Your new balance: 2149 XAF. Fee was 0 XAF. Message: -. Transaction Id: [PHONE_6062]. Congratulations you are eligible to win one of our 237 VEHICLES. Multiply your chances with any other MoMo Transactions of Min 5,237F. Dial *126#. Remember Cash Out fees are less 25%. Info at 8787 or WhatsApp [PHONE_8787]"
USER_10,2025-02-24,03:17:52,MobileMoney,retrait,OUT,200.0,XAF,1949.0,"Your payment of 200 XAF to MTNC BUNDLES_FORFAITS has been completed at 2025-02-24 03:17:35. Your new balance: 1949 XAF. Fee was 0 XAF. Message: -. Transaction Id: [PHONE_5313]. Congratulations you are eligible to win one of our 237 VEHICLES. Multiply your chances with any other MoMo Transactions of Min 5,237F. Dial *126#. Remember Cash Out fees are less 25%. Info at 8787 or WhatsApp [PHONE_8787]"
USER_10,2025-02-24,13:28:37,MobileMoney,transaction,OUT,500.0,XAF,1449.0,"A transaction of 500 XAF by MTNC BUNDLES_FORFAITS   (MTN_Bundles) on your mobile money account successfully completed at 2025-02-24 13:11:02. The amount was subject to a discount of 0 and coupons worth 0. Message from debit receiver: . Your new balance:1449 XAF. Fee was 0 XAF, loyalty fee was 0 and loyalty reward was 0. Financial Transaction Id: [PHONE_1489]. External Transaction Id: 1229145193159222979. Law of Finance for 2025: Transfer and withdrawal fees include a 0.2% tax on the transaction amount, plus now a fixed fee of 4 FCFA per transaction. More information at 8787."
USER_10,2025-02-25,09:46:40,MobileMoney,transfert,OUT,4.0,FCFA,45.0,"You have transferred 1350 XAF to [CONTACT_4F92] ([PHONE_7493]) from your mobile money account 69020858 at 2025-02-25 09:46:37 FEES 54 FCFA. Your new balance: 45 XAF. Message from sender: ttt. Message to receiver: ttt. Financial Transaction Id: [PHONE_8964]. Law of Finance for 2025: Transfer and withdrawal fees include a 0.2% tax on the transaction amount, plus now a fixed fee of 4 FCFA per transaction. More information at 8787."
USER_10,2025-02-25,15:03:46,MobileMoney,retrait,OUT,1000.0,XAF,1045.0,"You have received 1000 XAF of [CONTACT_E80E] Ers Shalomes Services ([PHONE_2963] ) on your Mobile Money 2025-02-25 15:03:28 account. Message from the sender: . Your new balance is 1045 XAF. Fee Paid: 0 XAF. Transaction ID: [PHONE_4970]. Try to win one of our 237 VEHICLES! Do a MoMo payment from 237F. Dial *126#. Multiply your chances with any other MoMo Transactions of Min 5,237F. Remember Cash Out fees are less 25%. Info at 8787 or WhatsApp [PHONE_8787]"
USER_10,2025-02-25,19:43:35,MobileMoney,transaction,OUT,500.0,XAF,545.0,"A transaction of 500 XAF by MTNC BUNDLES_FORFAITS   (MTN_Bundles) on your mobile money account successfully completed at 2025-02-25 19:43:31. The amount was subject to a discount of 0 and coupons worth 0. Message from debit receiver: . Your new balance:545 XAF. Fee was 0 XAF, loyalty fee was 0 and loyalty reward was 0. Financial Transaction Id: [PHONE_6404]. External Transaction Id: 2506427957271859122. Law of Finance for 2025: Transfer and withdrawal fees include a 0.2% tax on the transaction amount, plus now a fixed fee of 4 FCFA per transaction. More information at 8787."
USER_10,2025-02-26,00:06:10,MobileMoney,retrait,OUT,200.0,XAF,345.0,"Your payment of 200 XAF to MTNC BUNDLES_FORFAITS has been completed at 2025-02-26 00:05:49. Your new balance: 345 XAF. Fee was 0 XAF. Message: -. Transaction Id: [PHONE_4426]. Congratulations you are eligible to win one of our 237 VEHICLES. Multiply your chances with any other MoMo Transactions of Min 5,237F. Dial *126#. Remember Cash Out fees are less 25%. Info at 8787 or WhatsApp [PHONE_8787]"
USER_10,2025-03-03,00:17:54,MobileMoney,retrait,OUT,200.0,XAF,145.0,"Your payment of 200 XAF to MTNC BUNDLES_FORFAITS has been completed at 2025-03-03 00:15:29. Your new balance: 145 XAF. Fee was 0 XAF. Message: -. Transaction Id: [PHONE_9515]. Congratulations you are eligible to win one of our 237 VEHICLES. Multiply your chances with any other MoMo Transactions of Min 5,237F. Dial *126#. Remember Cash Out fees are less 25%. Info at 8787 or WhatsApp [PHONE_8787]"
USER_10,2025-03-03,17:36:08,MobileMoney,retrait,OUT,1000.0,XAF,1145.0,"You have received 1000 XAF of [CONTACT_E80E] Ers Shalomes Services ([PHONE_2963] ) on your Mobile Money 2025-03-03 17:36:07 account. Message from the sender: . Your new balance is 1145 XAF. Fee Paid: 0 XAF. Transaction ID: [PHONE_7850]. Try to win one of our 237 VEHICLES! Do a MoMo payment from 237F. Dial *126#. Multiply your chances with any other MoMo Transactions of Min 5,237F. Remember Cash Out fees are less 25%. Info at 8787 or WhatsApp [PHONE_8787]"
USER_10,2025-03-07,12:03:00,MobileMoney,retrait,OUT,15000.0,XAF,15645.0,"You have received 15000 XAF of [CONTACT_C377] NWBDA_CBOX_R1_IRINE [CONTACT_2B1F] ([PHONE_5232]) on your Mobile Money 2025-03-07 12:02:58 account. Message from the sender: . Your new balance is 15645 XAF. Fee Paid: 0 XAF. Transaction ID: [PHONE_0170]. Try to win one of our 237 VEHICLES! Do a MoMo payment from 237F. Dial *126#. Multiply your chances with any other MoMo Transactions of Min 5,237F. Remember Cash Out fees are less 25%. Info at 8787 or WhatsApp [PHONE_8787]"
USER_10,2025-03-07,16:54:31,MobileMoney,transaction,OUT,500.0,XAF,15145.0,"A transaction of 500 XAF by MTNC BUNDLES_FORFAITS   (MTN_Bundles) on your mobile money account successfully completed at 2025-03-07 16:54:13. The amount was subject to a discount of 0 and coupons worth 0. Message from debit receiver: . Your new balance:15145 XAF. Fee was 0 XAF, loyalty fee was 0 and loyalty reward was 0. Financial Transaction Id: [PHONE_5559]. External Transaction Id: 1201849753262907675. Law of Finance for 2025: Transfer and withdrawal fees include a 0.2% tax on the transaction amount, plus now a fixed fee of 4 FCFA per transaction. More information at 8787."
USER_10,2025-03-08,00:03:33,MobileMoney,retrait,OUT,200.0,XAF,14945.0,"Your payment of 200 XAF to MTNC BUNDLES_FORFAITS has been completed at 2025-03-08 00:03:16. Your new balance: 14945 XAF. Fee was 0 XAF. Message: -. Transaction Id: [PHONE_8240]. Congratulations you are eligible to win one of our 237 VEHICLES. Multiply your chances with any other MoMo Transactions of Min 5,237F. Dial *126#. Remember Cash Out fees are less 25%. Info at 8787 or WhatsApp [PHONE_8787]"
USER_10,2025-03-08,02:56:53,MobileMoney,retrait,OUT,200.0,XAF,14745.0,"Your payment of 200 XAF to MTNC BUNDLES_FORFAITS has been completed at 2025-03-08 02:56:35. Your new balance: 14745 XAF. Fee was 0 XAF. Message: -. Transaction Id: [PHONE_7519]. Congratulations you are eligible to win one of our 237 VEHICLES. Multiply your chances with any other MoMo Transactions of Min 5,237F. Dial *126#. Remember Cash Out fees are less 25%. Info at 8787 or WhatsApp [PHONE_8787]"
USER_10,2025-03-08,11:28:54,MobileMoney,transaction,OUT,500.0,XAF,14245.0,"A transaction of 500 XAF by MTNC BUNDLES_FORFAITS   (MTN_Bundles) on your mobile money account successfully completed at 2025-03-08 11:28:36. The amount was subject to a discount of 0 and coupons worth 0. Message from debit receiver: . Your new balance:14245 XAF. Fee was 0 XAF, loyalty fee was 0 and loyalty reward was 0. Financial Transaction Id: [PHONE_2274]. External Transaction Id: 1713645990555331851. Law of Finance for 2025: Transfer and withdrawal fees include a 0.2% tax on the transaction amount, plus now a fixed fee of 4 FCFA per transaction. More information at 8787."
USER_10,2025-03-08,16:41:26,MobileMoney,retrait,OUT,4.0,FCFA,2061.0,"You have withdrawn 12000 XAF from your mobile m[CONTACT_ED2B]ey account at  [CONTACT_ED2B] 2025-03-08 16:39:45. Your new balance:2061 XAF. Financial Transaction Id: [PHONE_2218]. Law of Finance for 2025: Transfer and withdrawal fees include a 0.2% tax on the transaction amount, plus now a fixed fee of 4 FCFA per transaction. More information at 8787."
USER_10,2025-03-08,18:10:19,MobileMoney,transaction,OUT,500.0,XAF,1561.0,"A transaction of 500 XAF by MTNC BUNDLES_FORFAITS   (MTN_Bundles) on your mobile money account successfully completed at 2025-03-08 18:10:08. The amount was subject to a discount of 0 and coupons worth 0. Message from debit receiver: . Your new balance:1561 XAF. Fee was 0 XAF, loyalty fee was 0 and loyalty reward was 0. Financial Transaction Id: [PHONE_4382]. External Transaction Id: 3538309609864645615. Law of Finance for 2025: Transfer and withdrawal fees include a 0.2% tax on the transaction amount, plus now a fixed fee of 4 FCFA per transaction. More information at 8787."
USER_10,2025-03-09,10:36:50,MobileMoney,transaction,OUT,500.0,XAF,1061.0,"A transaction of 500 XAF by MTNC BUNDLES_FORFAITS   (MTN_Bundles) on your mobile money account successfully completed at 2025-03-09 10:36:41. The amount was subject to a discount of 0 and coupons worth 0. Message from debit receiver: . Your new balance:1061 XAF. Fee was 0 XAF, loyalty fee was 0 and loyalty reward was 0. Financial Transaction Id: [PHONE_3897]. External Transaction Id: 6415127994479119815. Law of Finance for 2025: Transfer and withdrawal fees include a 0.2% tax on the transaction amount, plus now a fixed fee of 4 FCFA per transaction. More information at 8787."
USER_10,2025-03-10,00:39:30,MobileMoney,retrait,OUT,200.0,XAF,861.0,"Your payment of 200 XAF to MTNC BUNDLES_FORFAITS has been completed at 2025-03-10 00:39:13. Your new balance: 861 XAF. Fee was 0 XAF. Message: -. Transaction Id: [PHONE_0059]. Congratulations you are eligible to win one of our 237 VEHICLES. Multiply your chances with any other MoMo Transactions of Min 5,237F. Dial *126#. Remember Cash Out fees are less 25%. Info at 8787 or WhatsApp [PHONE_8787]"
USER_10,2025-03-10,00:49:35,MobileMoney,retrait,OUT,200.0,XAF,661.0,"Your payment of 200 XAF to MTNC BUNDLES_FORFAITS has been completed at 2025-03-10 00:49:18. Your new balance: 661 XAF. Fee was 0 XAF. Message: -. Transaction Id: [PHONE_5837]. Congratulations you are eligible to win one of our 237 VEHICLES. Multiply your chances with any other MoMo Transactions of Min 5,237F. Dial *126#. Remember Cash Out fees are less 25%. Info at 8787 or WhatsApp [PHONE_8787]"
USER_10,2025-03-10,08:22:30,MobileMoney,transaction,OUT,500.0,XAF,161.0,"A transaction of 500 XAF by MTNC BUNDLES_FORFAITS   (MTN_Bundles) on your mobile money account successfully completed at 2025-03-10 08:22:21. The amount was subject to a discount of 0 and coupons worth 0. Message from debit receiver: . Your new balance:161 XAF. Fee was 0 XAF, loyalty fee was 0 and loyalty reward was 0. Financial Transaction Id: [PHONE_8871]. External Transaction Id: 1764089695274266298. Law of Finance for 2025: Transfer and withdrawal fees include a 0.2% tax on the transaction amount, plus now a fixed fee of 4 FCFA per transaction. More information at 8787."
USER_10,2025-03-10,18:53:44,MobileMoney,retrait,OUT,2000.0,XAF,2161.0,"You have received 2000 XAF of [CONTACT_5A23] [CONTACT_F231] ALU ([PHONE_6275] [CONTACT_AA6F]) on your Mobile Money 2025-03-10 18:53:43 account. Message from the sender: . Your new balance is 2161 XAF. Fee Paid: 0 XAF. Transaction ID: [PHONE_5152]. Try to win one of our 237 VEHICLES! Do a MoMo payment from 237F. Dial *126#. Multiply your chances with any other MoMo Transactions of Min 5,237F. Remember Cash Out fees are less 25%. Info at 8787 or WhatsApp [PHONE_8787]"
USER_10,2025-03-10,18:54:56,MobileMoney,transaction,OUT,500.0,XAF,1661.0,"A transaction of 500 XAF by MTNC BUNDLES_FORFAITS   (MTN_Bundles) on your mobile money account successfully completed at 2025-03-10 18:54:45. The amount was subject to a discount of 0 and coupons worth 0. Message from debit receiver: . Your new balance:1661 XAF. Fee was 0 XAF, loyalty fee was 0 and loyalty reward was 0. Financial Transaction Id: [PHONE_4469]. External Transaction Id: 8964156786847464096. Law of Finance for 2025: Transfer and withdrawal fees include a 0.2% tax on the transaction amount, plus now a fixed fee of 4 FCFA per transaction. More information at 8787."
USER_10,2025-03-10,20:39:50,MobileMoney,transfert,IN,3000.0,XAF,4661.0,You have received 3000 XAF from [CONTACT_5005] ([PHONE_7836]) on your mobile money account at 2025-03-10 20:39:49. Message from sender: . Your new balance:4661 XAF. Financial Transaction Id: [PHONE_5178].
USER_10,2025-03-11,11:48:00,MobileMoney,transaction,OUT,500.0,XAF,4161.0,"A transaction of 500 XAF by MTNC BUNDLES_FORFAITS   (MTN_Bundles) on your mobile money account successfully completed at 2025-03-11 11:47:50. The amount was subject to a discount of 0 and coupons worth 0. Message from debit receiver: . Your new balance:4161 XAF. Fee was 0 XAF, loyalty fee was 0 and loyalty reward was 0. Financial Transaction Id: [PHONE_0601]. External Transaction Id: 2188017445772585601. Law of Finance for 2025: Transfer and withdrawal fees include a 0.2% tax on the transaction amount, plus now a fixed fee of 4 FCFA per transaction. More information at 8787."
USER_10,2025-03-11,19:20:49,MobileMoney,transaction,OUT,500.0,XAF,3661.0,"A transaction of 500 XAF by MTNC BUNDLES_FORFAITS   (MTN_Bundles) on your mobile money account successfully completed at 2025-03-11 19:20:38. The amount was subject to a discount of 0 and coupons worth 0. Message from debit receiver: . Your new balance:3661 XAF. Fee was 0 XAF, loyalty fee was 0 and loyalty reward was 0. Financial Transaction Id: [PHONE_9121]. External Transaction Id: 2412622527143119567. Law of Finance for 2025: Transfer and withdrawal fees include a 0.2% tax on the transaction amount, plus now a fixed fee of 4 FCFA per transaction. More information at 8787."
USER_10,2025-03-12,10:13:17,MobileMoney,transaction,OUT,500.0,XAF,3161.0,"A transaction of 500 XAF by MTNC BUNDLES_FORFAITS   (MTN_Bundles) on your mobile money account successfully completed at 2025-03-12 10:13:07. The amount was subject to a discount of 0 and coupons worth 0. Message from debit receiver: . Your new balance:3161 XAF. Fee was 0 XAF, loyalty fee was 0 and loyalty reward was 0. Financial Transaction Id: [PHONE_1225]. External Transaction Id: 3558906909106075188. Law of Finance for 2025: Transfer and withdrawal fees include a 0.2% tax on the transaction amount, plus now a fixed fee of 4 FCFA per transaction. More information at 8787."
USER_10,2025-03-12,14:34:43,MobileMoney,transaction,OUT,500.0,XAF,2661.0,"A transaction of 500 XAF by MTNC BUNDLES_FORFAITS   (MTN_Bundles) on your mobile money account successfully completed at 2025-03-12 14:34:33. The amount was subject to a discount of 0 and coupons worth 0. Message from debit receiver: . Your new balance:2661 XAF. Fee was 0 XAF, loyalty fee was 0 and loyalty reward was 0. Financial Transaction Id: [PHONE_4205]. External Transaction Id: 511725423073014399. Law of Finance for 2025: Transfer and withdrawal fees include a 0.2% tax on the transaction amount, plus now a fixed fee of 4 FCFA per transaction. More information at 8787."
USER_10,2025-03-13,08:47:58,MobileMoney,transaction,OUT,500.0,XAF,2161.0,"A transaction of 500 XAF by MTNC BUNDLES_FORFAITS   (MTN_Bundles) on your mobile money account successfully completed at 2025-03-13 08:47:48. The amount was subject to a discount of 0 and coupons worth 0. Message from debit receiver: . Your new balance:2161 XAF. Fee was 0 XAF, loyalty fee was 0 and loyalty reward was 0. Financial Transaction Id: [PHONE_3314]. External Transaction Id: 2326721865957087399. Law of Finance for 2025: Transfer and withdrawal fees include a 0.2% tax on the transaction amount, plus now a fixed fee of 4 FCFA per transaction. More information at 8787."
USER_10,2025-03-13,13:54:38,MobileMoney,transaction,OUT,200.0,XAF,1961.0,"A transaction of 200 XAF by MTNC BUNDLES_FORFAITS   (MTN_Bundles) on your mobile money account successfully completed at 2025-03-13 13:53:51. The amount was subject to a discount of 0 and coupons worth 0. Message from debit receiver: . Your new balance:1961 XAF. Fee was 0 XAF, loyalty fee was 0 and loyalty reward was 0. Financial Transaction Id: [PHONE_3267]. External Transaction Id: 119019803254859526. Law of Finance for 2025: Transfer and withdrawal fees include a 0.2% tax on the transaction amount, plus now a fixed fee of 4 FCFA per transaction. More information at 8787."
USER_10,2025-03-13,14:11:23,MobileMoney,transaction,OUT,50.0,XAF,1911.0,"A transaction of 50 XAF by [CONTACT_3DC4] (CIS_BUNDLES) on your mobile money account successfully completed at 2025-03-13 14:11:13. The amount was subject to a discount of 0 and coupons worth 0. Message from debit receiver: . Your new balance:1911 XAF. Fee was 0 XAF, loyalty fee was 0 and loyalty reward was 0. Financial Transaction Id: [PHONE_6165]. External Transaction Id: 14654297388338765. Law of Finance for 2025: Transfer and withdrawal fees include a 0.2% tax on the transaction amount, plus now a fixed fee of 4 FCFA per transaction. More information at 8787."
USER_10,2025-03-13,22:35:00,MobileMoney,transaction,OUT,500.0,XAF,1411.0,"A transaction of 500 XAF by MTNC BUNDLES_FORFAITS   (MTN_Bundles) on your mobile money account successfully completed at 2025-03-13 22:34:50. The amount was subject to a discount of 0 and coupons worth 0. Message from debit receiver: . Your new balance:1411 XAF. Fee was 0 XAF, loyalty fee was 0 and loyalty reward was 0. Financial Transaction Id: [PHONE_5071]. External Transaction Id: 6952286460954930447. Law of Finance for 2025: Transfer and withdrawal fees include a 0.2% tax on the transaction amount, plus now a fixed fee of 4 FCFA per transaction. More information at 8787."
USER_10,2025-03-14,12:49:14,MobileMoney,transaction,OUT,500.0,XAF,911.0,"A transaction of 500 XAF by MTNC BUNDLES_FORFAITS   (MTN_Bundles) on your mobile money account successfully completed at 2025-03-14 12:48:46. The amount was subject to a discount of 0 and coupons worth 0. Message from debit receiver: . Your new balance:911 XAF. Fee was 0 XAF, loyalty fee was 0 and loyalty reward was 0. Financial Transaction Id: [PHONE_3273]. External Transaction Id: 6400806342443190201. Law of Finance for 2025: Transfer and withdrawal fees include a 0.2% tax on the transaction amount, plus now a fixed fee of 4 FCFA per transaction. More information at 8787."
USER_10,2025-03-15,00:02:05,MobileMoney,retrait,OUT,200.0,XAF,711.0,"Your payment of 200 XAF to MTNC BUNDLES_FORFAITS has been completed at 2025-03-15 00:01:48. Your new balance: 711 XAF. Fee was 0 XAF. Message: -. Transaction Id: [PHONE_0233]. Congratulations you are eligible to win one of our 237 VEHICLES. Multiply your chances with any other MoMo Transactions of Min 5,237F. Dial *126#. Remember Cash Out fees are less 25%. Info at 8787 or WhatsApp [PHONE_8787]"
USER_10,2025-03-15,01:18:46,MobileMoney,retrait,OUT,200.0,XAF,511.0,"Your payment of 200 XAF to MTNC BUNDLES_FORFAITS has been completed at 2025-03-15 01:18:30. Your new balance: 511 XAF. Fee was 0 XAF. Message: -. Transaction Id: [PHONE_3954]. Congratulations you are eligible to win one of our 237 VEHICLES. Multiply your chances with any other MoMo Transactions of Min 5,237F. Dial *126#. Remember Cash Out fees are less 25%. Info at 8787 or WhatsApp [PHONE_8787]"
USER_10,2025-03-15,02:49:56,MobileMoney,transaction,OUT,500.0,XAF,11.0,"A transaction of 500 XAF by MTNC BUNDLES_FORFAITS   (MTN_Bundles) on your mobile money account successfully completed at 2025-03-15 02:49:46. The amount was subject to a discount of 0 and coupons worth 0. Message from debit receiver: . Your new balance:11 XAF. Fee was 0 XAF, loyalty fee was 0 and loyalty reward was 0. Financial Transaction Id: [PHONE_7866]. External Transaction Id: 4455056286675600681. Law of Finance for 2025: Transfer and withdrawal fees include a 0.2% tax on the transaction amount, plus now a fixed fee of 4 FCFA per transaction. More information at 8787."
USER_10,2025-03-16,15:50:21,MobileMoney,retrait,OUT,1000.0,XAF,1011.0,"You have received 1000 XAF of [CONTACT_E80E] Ers Shalomes Services ([PHONE_2963] ) on your Mobile Money 2025-03-16 15:50:19 account. Message from the sender: . Your new balance is 1011 XAF. Fee Paid: 0 XAF. Transaction ID: [PHONE_4873]. Try to win one of our 237 VEHICLES! Do a MoMo payment from 237F. Dial *126#. Multiply your chances with any other MoMo Transactions of Min 5,237F. Remember Cash Out fees are less 25%. Info at 8787 or WhatsApp [PHONE_8787]"
USER_10,2025-03-16,15:56:12,MobileMoney,transaction,OUT,500.0,XAF,511.0,"A transaction of 500 XAF by MTNC BUNDLES_FORFAITS   (MTN_Bundles) on your mobile money account successfully completed at 2025-03-16 15:56:01. The amount was subject to a discount of 0 and coupons worth 0. Message from debit receiver: . Your new balance:511 XAF. Fee was 0 XAF, loyalty fee was 0 and loyalty reward was 0. Financial Transaction Id: [PHONE_7101]. External Transaction Id: 6682694541698808694. Law of Finance for 2025: Transfer and withdrawal fees include a 0.2% tax on the transaction amount, plus now a fixed fee of 4 FCFA per transaction. More information at 8787."
USER_10,2025-03-17,17:37:14,MobileMoney,transaction,OUT,500.0,XAF,11.0,"A transaction of 500 XAF by MTNC BUNDLES_FORFAITS   (MTN_Bundles) on your mobile money account successfully completed at 2025-03-17 17:37:03. The amount was subject to a discount of 0 and coupons worth 0. Message from debit receiver: . Your new balance:11 XAF. Fee was 0 XAF, loyalty fee was 0 and loyalty reward was 0. Financial Transaction Id: [PHONE_5066]. External Transaction Id: 8412879441783778510. Law of Finance for 2025: Transfer and withdrawal fees include a 0.2% tax on the transaction amount, plus now a fixed fee of 4 FCFA per transaction. More information at 8787."
USER_10,2025-03-18,15:04:32,MobileMoney,retrait,OUT,1500.0,XAF,1511.0,"You have received 1500 XAF of [CONTACT_E80E] Ers Shalomes Services ([PHONE_2963] ) on your Mobile Money 2025-03-18 15:04:31 account. Message from the sender: . Your new balance is 1511 XAF. Fee Paid: 0 XAF. Transaction ID: [PHONE_1536]. Try to win one of our 237 VEHICLES! Do a MoMo payment from 237F. Dial *126#. Multiply your chances with any other MoMo Transactions of Min 5,237F. Remember Cash Out fees are less 25%. Info at 8787 or WhatsApp [PHONE_8787]"
USER_10,2025-03-18,15:13:06,MobileMoney,transaction,OUT,299.0,XAF,1212.0,"A transaction of 299 XAF by MTNC BUNDLES_FORFAITS   (MTN_Bundles) on your mobile money account successfully completed at 2025-03-18 15:12:56. The amount was subject to a discount of 0 and coupons worth 0. Message from debit receiver: . Your new balance:1212 XAF. Fee was 0 XAF, loyalty fee was 0 and loyalty reward was 0. Financial Transaction Id: [PHONE_1438]. External Transaction Id: 2709193835561790959. Law of Finance for 2025: Transfer and withdrawal fees include a 0.2% tax on the transaction amount, plus now a fixed fee of 4 FCFA per transaction. More information at 8787."
USER_10,2025-03-18,23:32:13,MobileMoney,transaction,OUT,500.0,XAF,712.0,"A transaction of 500 XAF by MTNC BUNDLES_FORFAITS   (MTN_Bundles) on your mobile money account successfully completed at 2025-03-18 23:32:04. The amount was subject to a discount of 0 and coupons worth 0. Message from debit receiver: . Your new balance:712 XAF. Fee was 0 XAF, loyalty fee was 0 and loyalty reward was 0. Financial Transaction Id: [PHONE_0325]. External Transaction Id: 5305303456003627344. Law of Finance for 2025: Transfer and withdrawal fees include a 0.2% tax on the transaction amount, plus now a fixed fee of 4 FCFA per transaction. More information at 8787."
USER_10,2025-03-19,21:24:57,MobileMoney,transaction,OUT,500.0,XAF,212.0,"A transaction of 500 XAF by MTNC BUNDLES_FORFAITS   (MTN_Bundles) on your mobile money account successfully completed at 2025-03-19 21:24:46. The amount was subject to a discount of 0 and coupons worth 0. Message from debit receiver: . Your new balance:212 XAF. Fee was 0 XAF, loyalty fee was 0 and loyalty reward was 0. Financial Transaction Id: [PHONE_1885]. External Transaction Id: 4143571705517496158. Law of Finance for 2025: Transfer and withdrawal fees include a 0.2% tax on the transaction amount, plus now a fixed fee of 4 FCFA per transaction. More information at 8787."
USER_10,2025-03-21,18:35:45,MobileMoney,retrait,OUT,500.0,XAF,712.0,"You have received 500 XAF of [CONTACT_E80E] Ers Shalomes Services ([PHONE_2963] ) on your Mobile Money 2025-03-21 18:35:44 account. Message from the sender: . Your new balance is 712 XAF. Fee Paid: 0 XAF. Transaction ID: [PHONE_7046]. Try to win one of our 237 VEHICLES! Do a MoMo payment from 237F. Dial *126#. Multiply your chances with any other MoMo Transactions of Min 5,237F. Remember Cash Out fees are less 25%. Info at 8787 or WhatsApp [PHONE_8787]"
USER_10,2025-03-21,18:36:50,MobileMoney,transaction,OUT,500.0,XAF,212.0,"A transaction of 500 XAF by MTNC BUNDLES_FORFAITS   (MTN_Bundles) on your mobile money account successfully completed at 2025-03-21 18:36:39. The amount was subject to a discount of 0 and coupons worth 0. Message from debit receiver: . Your new balance:212 XAF. Fee was 0 XAF, loyalty fee was 0 and loyalty reward was 0. Financial Transaction Id: [PHONE_4094]. External Transaction Id: 7326295569665528816. Subscribe to MoMo Helep with *126*61# and complete your transactions: even without money, initiate your payments and transfers, and MoMo will cover the remaining amount."
USER_10,2025-03-23,01:58:57,MobileMoney,paiement,OUT,200.0,XAF,12.0,"Your payment of 200 XAF to MTNC BUNDLES_FORFAITS has been completed at 2025-03-23 01:58:29. Your new balance: 12 XAF. Fee was 0 XAF. Message: -. Transaction Id: [PHONE_8418].Subscribe to MoMo Helep with *126*61# and complete your transactions: even without money, initiate your payments and transfers, and MoMo will cover the remaining amount."
USER_10,2025-03-23,17:18:30,MobileMoney,retrait,OUT,1000.0,XAF,1012.0,"You have received 1000 XAF of [CONTACT_5A23] [CONTACT_F231] ALU ([PHONE_6275] [CONTACT_AA6F]) on your Mobile Money 2025-03-23 17:18:27 account. Message from the sender: . Your new balance is 1012 XAF. Fee Paid: 0 XAF. Transaction ID: [PHONE_4463]. Try to win one of our 237 VEHICLES! Do a MoMo payment from 237F. Dial *126#. Multiply your chances with any other MoMo Transactions of Min 5,237F. Remember Cash Out fees are less 25%. Info at 8787 or WhatsApp [PHONE_8787]"
USER_10,2025-03-23,17:41:50,MobileMoney,transaction,OUT,500.0,XAF,512.0,"A transaction of 500 XAF by MTNC BUNDLES_FORFAITS   (MTN_Bundles) on your mobile money account successfully completed at 2025-03-23 17:41:38. The amount was subject to a discount of 0 and coupons worth 0. Message from debit receiver: . Your new balance:512 XAF. Fee was 0 XAF, loyalty fee was 0 and loyalty reward was 0. Financial Transaction Id: [PHONE_9928]. External Transaction Id: 3202318899765899588. Subscribe to MoMo Helep with *126*61# and complete your transactions: even without money, initiate your payments and transfers, and MoMo will cover the remaining amount."
USER_10,2025-03-24,00:08:55,MobileMoney,transaction,OUT,500.0,XAF,12.0,"A transaction of 500 XAF by MTNC BUNDLES_FORFAITS   (MTN_Bundles) on your mobile money account successfully completed at 2025-03-24 00:08:45. The amount was subject to a discount of 0 and coupons worth 0. Message from debit receiver: . Your new balance:12 XAF. Fee was 0 XAF, loyalty fee was 0 and loyalty reward was 0. Financial Transaction Id: [PHONE_4133]. External Transaction Id: 47878936673039331. Subscribe to MoMo Helep with *126*61# and complete your transactions: even without money, initiate your payments and transfers, and MoMo will cover the remaining amount."
USER_10,2025-03-24,16:11:21,MobileMoney,transfert,IN,2050.0,XAF,2062.0,You have received 2050 XAF from [CONTACT_F5BF] ([PHONE_7384]) on your mobile money account at 2025-03-24 16:11:21. Message from sender: . Your new balance:2062 XAF. Financial Transaction Id: [PHONE_8024].
USER_10,2025-03-24,17:38:34,MobileMoney,transfert,IN,2100.0,XAF,4162.0,You have received 2100 XAF from [CONTACT_6623] ([PHONE_1217]) on your mobile money account at 2025-03-24 17:38:34. Message from sender: . Your new balance:4162 XAF. Financial Transaction Id: [PHONE_1482].
USER_10,2025-03-24,18:26:10,MobileMoney,transfert,IN,10260.0,XAF,14422.0,You have received 10260 XAF from ONAFRIQ International ([PHONE_3133]) on your mobile money account at 2025-03-24 18:26:09. Message from sender: Country: USA. Your new balance:14422 XAF. Financial Transaction Id: [PHONE_2022].
USER_10,2025-03-24,18:30:28,MobileMoney,retrait,OUT,12000.0,XAF,2238.0,"You have withdrawn 12000 XAF from your mobile money account at [CONTACT_70FE] 2025-03-24 18:28:31. Your new balance:2238 XAF. Financial Transaction Id: [PHONE_9691]. Subscribe to MoMo Helep with *126*61# and complete your transactions: even without money, initiate your payments and transfers, and MoMo will cover the remaining amount."
USER_10,2025-03-24,23:09:31,MobileMoney,transaction,OUT,500.0,XAF,1738.0,"A transaction of 500 XAF by MTNC BUNDLES_FORFAITS   (MTN_Bundles) on your mobile money account successfully completed at 2025-03-24 23:09:21. The amount was subject to a discount of 0 and coupons worth 0. Message from debit receiver: . Your new balance:1738 XAF. Fee was 0 XAF, loyalty fee was 0 and loyalty reward was 0. Financial Transaction Id: [PHONE_2957]. External Transaction Id: 8458755855154406469. Subscribe to MoMo Helep with *126*61# and complete your transactions: even without money, initiate your payments and transfers, and MoMo will cover the remaining amount."
USER_10,2025-03-25,20:15:13,MobileMoney,transaction,OUT,500.0,XAF,1238.0,"A transaction of 500 XAF by MTNC BUNDLES_FORFAITS   (MTN_Bundles) on your mobile money account successfully completed at 2025-03-25 20:15:00. The amount was subject to a discount of 0 and coupons worth 0. Message from debit receiver: . Your new balance:1238 XAF. Fee was 0 XAF, loyalty fee was 0 and loyalty reward was 0. Financial Transaction Id: [PHONE_9130]. External Transaction Id: 603457264809105568. Subscribe to MoMo Helep with *126*61# and complete your transactions: even without money, initiate your payments and transfers, and MoMo will cover the remaining amount."
USER_10,2025-03-26,14:55:59,MobileMoney,transaction,OUT,500.0,XAF,738.0,"A transaction of 500 XAF by MTNC BUNDLES_FORFAITS   (MTN_Bundles) on your mobile money account successfully completed at 2025-03-26 14:55:49. The amount was subject to a discount of 0 and coupons worth 0. Message from debit receiver: . Your new balance:738 XAF. Fee was 0 XAF, loyalty fee was 0 and loyalty reward was 0. Financial Transaction Id: [PHONE_1823]. External Transaction Id: 8724441603845926179. Subscribe to MoMo Helep with *126*61# and complete your transactions: even without money, initiate your payments and transfers, and MoMo will cover the remaining amount."
USER_10,2025-03-28,00:02:35,MobileMoney,paiement,OUT,200.0,XAF,538.0,"Your payment of 200 XAF to MTNC BUNDLES_FORFAITS has been completed at 2025-03-28 00:02:19. Your new balance: 538 XAF. Fee was 0 XAF. Message: -. Transaction Id: [PHONE_6897].Subscribe to MoMo Helep with *126*61# and complete your transactions: even without money, initiate your payments and transfers, and MoMo will cover the remaining amount."
USER_10,2025-03-28,09:15:43,MobileMoney,transaction,OUT,500.0,XAF,38.0,"A transaction of 500 XAF by MTNC BUNDLES_FORFAITS   (MTN_Bundles) on your mobile money account successfully completed at 2025-03-28 09:15:24. The amount was subject to a discount of 0 and coupons worth 0. Message from debit receiver: . Your new balance:38 XAF. Fee was 0 XAF, loyalty fee was 0 and loyalty reward was 0. Financial Transaction Id: [PHONE_0662]. External Transaction Id: 7876241059685650950. Subscribe to MoMo Helep with *126*61# and complete your transactions: even without money, initiate your payments and transfers, and MoMo will cover the remaining amount."
USER_10,2025-03-29,19:41:47,MobileMoney,retrait,OUT,1000.0,XAF,1038.0,"You have received 1000 XAF of [CONTACT_E80E] Ers Shalomes Services ([PHONE_2963] ) on your Mobile Money 2025-03-29 19:41:46 account. Message from the sender: . Your new balance is 1038 XAF. Fee Paid: 0 XAF. Transaction ID: [PHONE_8444]. Try to win one of our 237 VEHICLES! Do a MoMo payment from 237F. Dial *126#. Multiply your chances with any other MoMo Transactions of Min 5,237F. Remember Cash Out fees are less 25%. Info at 8787 or WhatsApp [PHONE_8787]"
USER_10,2025-03-29,20:41:46,MobileMoney,transaction,OUT,500.0,XAF,538.0,"A transaction of 500 XAF by MTNC BUNDLES_FORFAITS   (MTN_Bundles) on your mobile money account successfully completed at 2025-03-29 20:41:33. The amount was subject to a discount of 0 and coupons worth 0. Message from debit receiver: . Your new balance:538 XAF. Fee was 0 XAF, loyalty fee was 0 and loyalty reward was 0. Financial Transaction Id: [PHONE_9273]. External Transaction Id: 4509681426713797599. Subscribe to MoMo Helep with *126*61# and complete your transactions: even without money, initiate your payments and transfers, and MoMo will cover the remaining amount."
USER_10,2025-03-30,12:27:58,MobileMoney,transaction,OUT,500.0,XAF,38.0,"A transaction of 500 XAF by MTNC BUNDLES_FORFAITS   (MTN_Bundles) on your mobile money account successfully completed at 2025-03-30 12:27:50. The amount was subject to a discount of 0 and coupons worth 0. Message from debit receiver: . Your new balance:38 XAF. Fee was 0 XAF, loyalty fee was 0 and loyalty reward was 0. Financial Transaction Id: [PHONE_5764]. External Transaction Id: 7663676174946547242. Subscribe to MoMo Helep with *126*61# and complete your transactions: even without money, initiate your payments and transfers, and MoMo will cover the remaining amount."
USER_10,2025-04-01,19:11:52,MobileMoney,retrait,OUT,500.0,XAF,538.0,"You have received 500 XAF of [CONTACT_5A23] [CONTACT_F231] ALU ([PHONE_6275] [CONTACT_AA6F]) on your Mobile Money 2025-04-01 19:11:48 account. Message from the sender: . Your new balance is 538 XAF. Fee Paid: 0 XAF. Transaction ID: [PHONE_8672]. Try to win one of our 237 VEHICLES! Do a MoMo payment from 237F. Dial *126#. Multiply your chances with any other MoMo Transactions of Min 5,237F. Remember Cash Out fees are less 25%. Info at 8787 or WhatsApp [PHONE_8787]"
USER_10,2025-04-01,19:12:33,MobileMoney,transaction,OUT,500.0,XAF,38.0,"A transaction of 500 XAF by MTNC BUNDLES_FORFAITS   (MTN_Bundles) on your mobile money account successfully completed at 2025-04-01 19:12:21. The amount was subject to a discount of 0 and coupons worth 0. Message from debit receiver: . Your new balance:38 XAF. Fee was 0 XAF, loyalty fee was 0 and loyalty reward was 0. Financial Transaction Id: [PHONE_3950]. External Transaction Id: 2637030426565595262. Subscribe to MoMo Helep with *126*61# and complete your transactions: even without money, initiate your payments and transfers, and MoMo will cover the remaining amount."
USER_10,2025-04-02,17:32:41,MobileMoney,retrait,OUT,12000.0,XAF,12038.0,"You have received 12000 XAF of [CONTACT_3185] R1 [CONTACT_4B3F] ([PHONE_3507] [CONTACT_7458]) on your Mobile Money 2025-04-02 17:32:39 account. Message from the sender: . Your new balance is 12038 XAF. Fee Paid: 0 XAF. Transaction ID: [PHONE_9472]. Try to win one of our 237 VEHICLES! Do a MoMo payment from 237F. Dial *126#. Multiply your chances with any other MoMo Transactions of Min 5,237F. Remember Cash Out fees are less 25%. Info at 8787 or WhatsApp [PHONE_8787]"
USER_10,2025-04-02,18:25:30,MobileMoney,transaction,OUT,500.0,XAF,11538.0,"A transaction of 500 XAF by MTNC BUNDLES_FORFAITS   (MTN_Bundles) on your mobile money account successfully completed at 2025-04-02 18:05:47. The amount was subject to a discount of 0 and coupons worth 0. Message from debit receiver: . Your new balance:11538 XAF. Fee was 0 XAF, loyalty fee was 0 and loyalty reward was 0. Financial Transaction Id: [PHONE_4648]. External Transaction Id: 3402181908307859116. Subscribe to MoMo Helep with *126*61# and complete your transactions: even without money, initiate your payments and transfers, and MoMo will cover the remaining amount."
USER_10,2025-04-02,20:27:38,MobileMoney,retrait,OUT,10000.0,XAF,1384.0,"You have withdrawn 10000 XAF from your mobile money account at [CONTACT_51E0] 2025-04-02 20:27:34. Your new balance:1384 XAF. Financial Transaction Id: [PHONE_0034]. Subscribe to MoMo Helep with *126*61# and complete your transactions: even without money, initiate your payments and transfers, and MoMo will cover the remaining amount."
USER_10,2025-04-03,10:11:57,MobileMoney,transaction,OUT,500.0,XAF,884.0,"A transaction of 500 XAF by MTNC BUNDLES_FORFAITS   (MTN_Bundles) on your mobile money account successfully completed at 2025-04-03 10:11:52. The amount was subject to a discount of 0 and coupons worth 0. Message from debit receiver: . Your new balance:884 XAF. Fee was 0 XAF, loyalty fee was 0 and loyalty reward was 0. Financial Transaction Id: [PHONE_4217]. External Transaction Id: 6808028694024616512. Subscribe to MoMo Helep with *126*61# and complete your transactions: even without money, initiate your payments and transfers, and MoMo will cover the remaining amount."
USER_10,2025-04-04,08:38:16,MobileMoney,transaction,OUT,199.0,XAF,185.0,"A transaction of 199 XAF by MTNC BUNDLES_FORFAITS   (MTN_Bundles) on your mobile money account successfully completed at 2025-04-04 08:38:07. The amount was subject to a discount of 0 and coupons worth 0. Message from debit receiver: . Your new balance:185 XAF. Fee was 0 XAF, loyalty fee was 0 and loyalty reward was 0. Financial Transaction Id: [PHONE_1773]. External Transaction Id: 4981042710319959081. Subscribe to MoMo Helep with *126*61# and complete your transactions: even without money, initiate your payments and transfers, and MoMo will cover the remaining amount."
USER_10,2025-04-04,10:31:11,MobileMoney,transaction,OUT,75.0,XAF,110.0,"A transaction of 75 XAF by MTNC BUNDLES_FORFAITS   (MTN_Bundles) on your mobile money account successfully completed at 2025-04-04 10:31:02. The amount was subject to a discount of 0 and coupons worth 0. Message from debit receiver: . Your new balance:110 XAF. Fee was 0 XAF, loyalty fee was 0 and loyalty reward was 0. Financial Transaction Id: [PHONE_6710]. External Transaction Id: 6907318672910509249. Subscribe to MoMo Helep with *126*61# and complete your transactions: even without money, initiate your payments and transfers, and MoMo will cover the remaining amount."
USER_10,2025-04-04,13:14:30,MobileMoney,transfert,IN,1000.0,XAF,1035.0,"You have received 1000 XAF of [CONTACT_E80E] Ers Shalomes Services ([PHONE_2963] ) on your Mobile Money 2025-04-04 13:14:29 account. Message from the sender: . Your new balance is 1035 XAF. Fee Paid: 0 XAF. Transaction ID: [PHONE_1712]. Subscribe to MoMo Helep with *126*61# and complete your transactions: even without money, initiate your payments and transfers, and MoMo will cover the remaining amount."
USER_10,2025-04-04,13:17:52,MobileMoney,transaction,OUT,500.0,XAF,535.0,"A transaction of 500 XAF by MTNC BUNDLES_FORFAITS   (MTN_Bundles) on your mobile money account successfully completed at 2025-04-04 13:17:47. The amount was subject to a discount of 0 and coupons worth 0. Message from debit receiver: . Your new balance:535 XAF. Fee was 0 XAF, loyalty fee was 0 and loyalty reward was 0. Financial Transaction Id: [PHONE_1362]. External Transaction Id: 5490709643713573455. Subscribe to MoMo Helep with *126*61# and complete your transactions: even without money, initiate your payments and transfers, and MoMo will cover the remaining amount."
USER_10,2025-04-05,12:51:31,MobileMoney,transaction,OUT,500.0,XAF,35.0,"A transaction of 500 XAF by MTNC BUNDLES_FORFAITS   (MTN_Bundles) on your mobile money account successfully completed at 2025-04-05 12:51:20. The amount was subject to a discount of 0 and coupons worth 0. Message from debit receiver: . Your new balance:35 XAF. Fee was 0 XAF, loyalty fee was 0 and loyalty reward was 0. Financial Transaction Id: [PHONE_6500]. External Transaction Id: 7866318354852309158. Subscribe to MoMo Helep with *126*61# and complete your transactions: even without money, initiate your payments and transfers, and MoMo will cover the remaining amount."
USER_10,2025-04-07,09:18:38,MobileMoney,transfert,IN,1000.0,XAF,1035.0,"You have received 1000 XAF of [CONTACT_E80E] Ers Shalomes Services ([PHONE_2963] ) on your Mobile Money 2025-04-07 09:18:39 account. Message from the sender: . Your new balance is 1035 XAF. Fee Paid: 0 XAF. Transaction ID: [PHONE_8802]. Subscribe to MoMo Helep with *126*61# and complete your transactions: even without money, initiate your payments and transfers, and MoMo will cover the remaining amount."
USER_10,2025-04-07,09:25:29,MobileMoney,transaction,OUT,500.0,XAF,535.0,"A transaction of 500 XAF by MTNC BUNDLES_FORFAITS   (MTN_Bundles) on your mobile money account successfully completed at 2025-04-07 09:25:18. The amount was subject to a discount of 0 and coupons worth 0. Message from debit receiver: . Your new balance:535 XAF. Fee was 0 XAF, loyalty fee was 0 and loyalty reward was 0. Financial Transaction Id: [PHONE_1068]. External Transaction Id: 7698277282686572694. Subscribe to MoMo Helep with *126*61# and complete your transactions: even without money, initiate your payments and transfers, and MoMo will cover the remaining amount."
USER_10,2025-04-08,12:23:36,MobileMoney,transaction,OUT,500.0,XAF,35.0,"A transaction of 500 XAF by MTNC BUNDLES_FORFAITS   (MTN_Bundles) on your mobile money account successfully completed at 2025-04-08 12:23:26. The amount was subject to a discount of 0 and coupons worth 0. Message from debit receiver: . Your new balance:35 XAF. Fee was 0 XAF, loyalty fee was 0 and loyalty reward was 0. Financial Transaction Id: [PHONE_8081]. External Transaction Id: 6518451430114743576. Subscribe to MoMo Helep with *126*61# and complete your transactions: even without money, initiate your payments and transfers, and MoMo will cover the remaining amount."
USER_10,2025-04-08,18:27:51,MobileMoney,transfert,IN,1000.0,XAF,1035.0,"You have received 1000 XAF of [CONTACT_E80E] Ers Shalomes Services ([PHONE_2963] ) on your Mobile Money 2025-04-08 18:27:49 account. Message from the sender: . Your new balance is 1035 XAF. Fee Paid: 0 XAF. Transaction ID: [PHONE_1579]. Subscribe to MoMo Helep with *126*61# and complete your transactions: even without money, initiate your payments and transfers, and MoMo will cover the remaining amount."
USER_10,2025-04-08,19:31:31,MobileMoney,transaction,OUT,500.0,XAF,535.0,"A transaction of 500 XAF by MTNC BUNDLES_FORFAITS   (MTN_Bundles) on your mobile money account successfully completed at 2025-04-08 19:31:20. The amount was subject to a discount of 0 and coupons worth 0. Message from debit receiver: . Your new balance:535 XAF. Fee was 0 XAF, loyalty fee was 0 and loyalty reward was 0. Financial Transaction Id: [PHONE_0814]. External Transaction Id: 9115115929705914079. Subscribe to MoMo Helep with *126*61# and complete your transactions: even without money, initiate your payments and transfers, and MoMo will cover the remaining amount."
USER_10,2025-04-09,12:44:15,MobileMoney,transaction,OUT,500.0,XAF,35.0,"A transaction of 500 XAF by MTNC BUNDLES_FORFAITS   (MTN_Bundles) on your mobile money account successfully completed at 2025-04-09 12:44:06. The amount was subject to a discount of 0 and coupons worth 0. Message from debit receiver: . Your new balance:35 XAF. Fee was 0 XAF, loyalty fee was 0 and loyalty reward was 0. Financial Transaction Id: [PHONE_9070]. External Transaction Id: 6737661851726474694. Subscribe to MoMo Helep with *126*61# and complete your transactions: even without money, initiate your payments and transfers, and MoMo will cover the remaining amount."
USER_10,2025-04-10,21:01:32,MobileMoney,transfert,IN,1000.0,XAF,1035.0,"You have received 1000 XAF of [CONTACT_E80E] Ers Shalomes Services ([PHONE_2963] ) on your Mobile Money 2025-04-10 21:01:29 account. Message from the sender: . Your new balance is 1035 XAF. Fee Paid: 0 XAF. Transaction ID: [PHONE_6960]. Subscribe to MoMo Helep with *126*61# and complete your transactions: even without money, initiate your payments and transfers, and MoMo will cover the remaining amount."
USER_10,2025-04-11,04:36:29,MobileMoney,transaction,OUT,500.0,XAF,535.0,"A transaction of 500 XAF by MTNC BUNDLES_FORFAITS   (MTN_Bundles) on your mobile money account successfully completed at 2025-04-11 04:36:17. The amount was subject to a discount of 0 and coupons worth 0. Message from debit receiver: . Your new balance:535 XAF. Fee was 0 XAF, loyalty fee was 0 and loyalty reward was 0. Financial Transaction Id: [PHONE_6247]. External Transaction Id: 7137179833271261603. Subscribe to MoMo Helep with *126*61# and complete your transactions: even without money, initiate your payments and transfers, and MoMo will cover the remaining amount."
USER_10,2025-04-12,21:54:23,MobileMoney,transaction,OUT,500.0,XAF,35.0,"A transaction of 500 XAF by MTNC BUNDLES_FORFAITS   (MTN_Bundles) on your mobile money account successfully completed at 2025-04-12 21:54:19. The amount was subject to a discount of 0 and coupons worth 0. Message from debit receiver: . Your new balance:35 XAF. Fee was 0 XAF, loyalty fee was 0 and loyalty reward was 0. Financial Transaction Id: [PHONE_9119]. External Transaction Id: 3350453408037745393. Subscribe to MoMo Helep with *126*61# and complete your transactions: even without money, initiate your payments and transfers, and MoMo will cover the remaining amount."
USER_10,2025-04-15,20:31:02,MobileMoney,transfert,IN,1100.0,XAF,1135.0,"You have received 1100 XAF of [CONTACT_5A23] [CONTACT_F231] ALU ([PHONE_6275] [CONTACT_AA6F]) on your Mobile Money 2025-04-15 20:31:00 account. Message from the sender: . Your new balance is 1135 XAF. Fee Paid: 0 XAF. Transaction ID: [PHONE_3915]. Subscribe to MoMo Helep with *126*61# and complete your transactions: even without money, initiate your payments and transfers, and MoMo will cover the remaining amount."
USER_10,2025-04-15,20:38:24,MobileMoney,paiement,OUT,1000.0,XAF,35.0,"Your payment of 1000 XAF to ENEO has been completed at 2025-04-15 20:38:08. Your new balance: 35 XAF. Fee was 100 XAF. Message: -. Transaction Id: [PHONE_9814].Subscribe to MoMo Helep with *126*61# and complete your transactions: even without money, initiate your payments and transfers, and MoMo will cover the remaining amount."
USER_10,2025-04-20,18:34:51,MobileMoney,transfert,IN,1100.0,XAF,1135.0,"You have received 1100 XAF of [CONTACT_5A23] [CONTACT_F231] ALU ([PHONE_6275] [CONTACT_AA6F]) on your Mobile Money 2025-04-20 18:34:51 account. Message from the sender: . Your new balance is 1135 XAF. Fee Paid: 0 XAF. Transaction ID: [PHONE_0030]. Subscribe to MoMo Helep with *126*61# and complete your transactions: even without money, initiate your payments and transfers, and MoMo will cover the remaining amount."
USER_10,2025-04-20,18:37:23,MobileMoney,paiement,OUT,1000.0,XAF,35.0,"Your payment of 1000 XAF to ENEO has been completed at 2025-04-20 18:37:08. Your new balance: 35 XAF. Fee was 100 XAF. Message: -. Transaction Id: [PHONE_8488].Subscribe to MoMo Helep with *126*61# and complete your transactions: even without money, initiate your payments and transfers, and MoMo will cover the remaining amount."
USER_10,2025-04-21,07:53:59,MobileMoney,transfert,IN,500.0,XAF,535.0,"You have received 500 XAF of [CONTACT_5A23] [CONTACT_F231] ALU ([PHONE_6275] [CONTACT_AA6F]) on your Mobile Money 2025-04-21 07:54:00 account. Message from the sender: . Your new balance is 535 XAF. Fee Paid: 0 XAF. Transaction ID: [PHONE_8417]. Subscribe to MoMo Helep with *126*61# and complete your transactions: even without money, initiate your payments and transfers, and MoMo will cover the remaining amount."
USER_10,2025-04-21,08:06:03,MobileMoney,transaction,OUT,500.0,XAF,35.0,"A transaction of 500 XAF by MTNC BUNDLES_FORFAITS   (MTN_Bundles) on your mobile money account successfully completed at 2025-04-21 08:05:50. The amount was subject to a discount of 0 and coupons worth 0. Message from debit receiver: . Your new balance:35 XAF. Fee was 0 XAF, loyalty fee was 0 and loyalty reward was 0. Financial Transaction Id: [PHONE_4576]. External Transaction Id: 8883924551072781072. Subscribe to MoMo Helep with *126*61# and complete your transactions: even without money, initiate your payments and transfers, and MoMo will cover the remaining amount."
USER_10,2025-04-22,16:45:15,MobileMoney,transfert,IN,500.0,XAF,535.0,"You have received 500 XAF of [CONTACT_E80E] Ers Shalomes Services ([PHONE_2963] ) on your Mobile Money 2025-04-22 16:45:13 account. Message from the sender: . Your new balance is 535 XAF. Fee Paid: 0 XAF. Transaction ID: [PHONE_1948]. Subscribe to MoMo Helep with *126*61# and complete your transactions: even without money, initiate your payments and transfers, and MoMo will cover the remaining amount."
USER_10,2025-04-22,16:48:46,MobileMoney,transaction,OUT,500.0,XAF,35.0,"A transaction of 500 XAF by MTNC BUNDLES_FORFAITS   (MTN_Bundles) on your mobile money account successfully completed at 2025-04-22 16:48:35. The amount was subject to a discount of 0 and coupons worth 0. Message from debit receiver: . Your new balance:35 XAF. Fee was 0 XAF, loyalty fee was 0 and loyalty reward was 0. Financial Transaction Id: [PHONE_7349]. External Transaction Id: 8575224568241835215. Subscribe to MoMo Helep with *126*61# and complete your transactions: even without money, initiate your payments and transfers, and MoMo will cover the remaining amount."
USER_10,2025-04-24,08:22:37,MobileMoney,paiement,OUT,25.0,XAF,10.0,"Your payment of 25 XAF to MTNC Bundles has been completed at 2025-04-24 08:22:11. Your new balance: 10 XAF. Fee was 0 XAF. Message: DATA. Transaction Id: [PHONE_3731].Subscribe to MoMo Helep with *126*61# and complete your transactions: even without money, initiate your payments and transfers, and MoMo will cover the remaining amount."
USER_10,2025-04-24,16:12:02,MobileMoney,transfert,IN,65000.0,XAF,65010.0,"You have received 65000 XAF of [CONTACT_52C8] ([PHONE_6453] [CONTACT_52C8]) on your Mobile Money 2025-04-24 16:11:59 account. Message from the sender: . Your new balance is 65010 XAF. Fee Paid: 0 XAF. Transaction ID: [PHONE_7372]. Subscribe to MoMo Helep with *126*61# and complete your transactions: even without money, initiate your payments and transfers, and MoMo will cover the remaining amount."
USER_10,2025-04-24,16:15:51,MobileMoney,transaction,OUT,500.0,XAF,64510.0,"A transaction of 500 XAF by MTNC BUNDLES_FORFAITS   (MTN_Bundles) on your mobile money account successfully completed at 2025-04-24 16:15:40. The amount was subject to a discount of 0 and coupons worth 0. Message from debit receiver: . Your new balance:64510 XAF. Fee was 0 XAF, loyalty fee was 0 and loyalty reward was 0. Financial Transaction Id: [PHONE_6577]. External Transaction Id: 6357177296194895644. Subscribe to MoMo Helep with *126*61# and complete your transactions: even without money, initiate your payments and transfers, and MoMo will cover the remaining amount."
USER_10,2025-04-24,17:11:21,MobileMoney,transfert,IN,2200.0,XAF,66710.0,"You have received 2200 XAF of [CONTACT_2949] [CONTACT_7C0A] ([PHONE_3287] [CONTACT_D0D3] NGATSING) on your Mobile Money 2025-04-24 17:11:20 account. Message from the sender: . Your new balance is 66710 XAF. Fee Paid: 0 XAF. Transaction ID: [PHONE_1504]. Subscribe to MoMo Helep with *126*61# and complete your transactions: even without money, initiate your payments and transfers, and MoMo will cover the remaining amount."
USER_10,2025-04-24,17:17:54,MobileMoney,retrait,OUT,60100.0,XAF,5704.0,"You have withdrawn 60100 XAF from your mobile m[CONTACT_ED2B]ey account at  [CONTACT_ED2B] 2025-04-24 17:17:25. Your new balance:5704 XAF. Financial Transaction Id: [PHONE_7563]. Subscribe to MoMo Helep with *126*61# and complete your transactions: even without money, initiate your payments and transfers, and MoMo will cover the remaining amount."
USER_10,2025-04-24,19:54:10,MobileMoney,retrait,OUT,600.0,XAF,5050.0,"You have withdrawn 600 XAF from your mobile money account at [CONTACT_51E0] 2025-04-24 19:53:41. Your new balance:5050 XAF. Financial Transaction Id: [PHONE_0968]. Subscribe to MoMo Helep with *126*61# and complete your transactions: even without money, initiate your payments and transfers, and MoMo will cover the remaining amount."
USER_10,2025-04-25,07:58:08,MobileMoney,transaction,OUT,500.0,XAF,4550.0,"A transaction of 500 XAF by MTNC BUNDLES_FORFAITS   (MTN_Bundles) on your mobile money account successfully completed at 2025-04-25 07:57:58. The amount was subject to a discount of 0 and coupons worth 0. Message from debit receiver: . Your new balance:4550 XAF. Fee was 0 XAF, loyalty fee was 0 and loyalty reward was 0. Financial Transaction Id: [PHONE_3581]. External Transaction Id: 4916210510979202196. Subscribe to MoMo Helep with *126*61# and complete your transactions: even without money, initiate your payments and transfers, and MoMo will cover the remaining amount."
USER_10,2025-04-25,11:14:20,MobileMoney,transaction,OUT,500.0,XAF,4050.0,"A transaction of 500 XAF by MTNC BUNDLES_FORFAITS   (MTN_Bundles) on your mobile money account successfully completed at 2025-04-25 11:14:09. The amount was subject to a discount of 0 and coupons worth 0. Message from debit receiver: . Your new balance:4050 XAF. Fee was 0 XAF, loyalty fee was 0 and loyalty reward was 0. Financial Transaction Id: [PHONE_9789]. External Transaction Id: 1172654066673279551. Subscribe to MoMo Helep with *126*61# and complete your transactions: even without money, initiate your payments and transfers, and MoMo will cover the remaining amount."
USER_10,2025-04-25,21:52:40,MobileMoney,paiement,OUT,2000.0,XAF,1950.0,"Your payment of 2000 XAF to ENEO has been completed at 2025-04-25 21:52:23. Your new balance: 1950 XAF. Fee was 100 XAF. Message: -. Transaction Id: [PHONE_7839].Subscribe to MoMo Helep with *126*61# and complete your transactions: even without money, initiate your payments and transfers, and MoMo will cover the remaining amount."
USER_10,2025-04-26,08:33:55,MobileMoney,transaction,OUT,500.0,XAF,1450.0,"A transaction of 500 XAF by MTNC BUNDLES_FORFAITS   (MTN_Bundles) on your mobile money account successfully completed at 2025-04-26 08:33:44. The amount was subject to a discount of 0 and coupons worth 0. Message from debit receiver: . Your new balance:1450 XAF. Fee was 0 XAF, loyalty fee was 0 and loyalty reward was 0. Financial Transaction Id: [PHONE_2195]. External Transaction Id: 6285010316813352009. Subscribe to MoMo Helep with *126*61# and complete your transactions: even without money, initiate your payments and transfers, and MoMo will cover the remaining amount."
USER_10,2025-04-26,17:59:28,MobileMoney,transaction,OUT,500.0,XAF,950.0,"A transaction of 500 XAF by MTNC BUNDLES_FORFAITS   (MTN_Bundles) on your mobile money account successfully completed at 2025-04-26 17:59:18. The amount was subject to a discount of 0 and coupons worth 0. Message from debit receiver: . Your new balance:950 XAF. Fee was 0 XAF, loyalty fee was 0 and loyalty reward was 0. Financial Transaction Id: [PHONE_0466]. External Transaction Id: 754859006661349417. Subscribe to MoMo Helep with *126*61# and complete your transactions: even without money, initiate your payments and transfers, and MoMo will cover the remaining amount."
USER_10,2025-04-27,10:20:31,MobileMoney,transaction,OUT,500.0,XAF,450.0,"A transaction of 500 XAF by MTNC BUNDLES_FORFAITS   (MTN_Bundles) on your mobile money account successfully completed at 2025-04-27 10:20:21. The amount was subject to a discount of 0 and coupons worth 0. Message from debit receiver: . Your new balance:450 XAF. Fee was 0 XAF, loyalty fee was 0 and loyalty reward was 0. Financial Transaction Id: [PHONE_4106]. External Transaction Id: 7403254764086968748. Subscribe to MoMo Helep with *126*61# and complete your transactions: even without money, initiate your payments and transfers, and MoMo will cover the remaining amount."
USER_10,2025-04-27,19:04:09,MobileMoney,transfert,IN,1000.0,XAF,1450.0,"You have received 1000 XAF of [CONTACT_5A23] [CONTACT_F231] ALU ([PHONE_6275] [CONTACT_AA6F]) on your Mobile Money 2025-04-27 19:04:07 account. Message from the sender: . Your new balance is 1450 XAF. Fee Paid: 0 XAF. Transaction ID: [PHONE_6786]. Subscribe to MoMo Helep with *126*61# and complete your transactions: even without money, initiate your payments and transfers, and MoMo will cover the remaining amount."
USER_10,2025-04-27,19:05:07,MobileMoney,transaction,OUT,500.0,XAF,950.0,"A transaction of 500 XAF by MTNC BUNDLES_FORFAITS   (MTN_Bundles) on your mobile money account successfully completed at 2025-04-27 19:04:57. The amount was subject to a discount of 0 and coupons worth 0. Message from debit receiver: . Your new balance:950 XAF. Fee was 0 XAF, loyalty fee was 0 and loyalty reward was 0. Financial Transaction Id: [PHONE_5449]. External Transaction Id: 8373906392211782961. Subscribe to MoMo Helep with *126*61# and complete your transactions: even without money, initiate your payments and transfers, and MoMo will cover the remaining amount."
USER_10,2025-04-28,11:42:01,MobileMoney,transaction,OUT,500.0,XAF,450.0,"A transaction of 500 XAF by MTNC BUNDLES_FORFAITS   (MTN_Bundles) on your mobile money account successfully completed at 2025-04-28 11:41:50. The amount was subject to a discount of 0 and coupons worth 0. Message from debit receiver: . Your new balance:450 XAF. Fee was 0 XAF, loyalty fee was 0 and loyalty reward was 0. Financial Transaction Id: [PHONE_5695]. External Transaction Id: 5214204839766299611. Subscribe to MoMo Helep with *126*61# and complete your transactions: even without money, initiate your payments and transfers, and MoMo will cover the remaining amount."
USER_10,2025-04-28,19:39:21,MobileMoney,transfert,IN,2000.0,XAF,2450.0,"You have received 2000 XAF of [CONTACT_E80E] Ers Shalomes Services ([PHONE_2963] ) on your Mobile Money 2025-04-28 19:37:56 account. Message from the sender: . Your new balance is 2450 XAF. Fee Paid: 0 XAF. Transaction ID: [PHONE_5793]. Subscribe to MoMo Helep with *126*61# and complete your transactions: even without money, initiate your payments and transfers, and MoMo will cover the remaining amount."
USER_10,2025-04-28,21:51:27,MobileMoney,transaction,OUT,500.0,XAF,1950.0,"A transaction of 500 XAF by MTNC BUNDLES_FORFAITS   (MTN_Bundles) on your mobile money account successfully completed at 2025-04-28 21:51:17. The amount was subject to a discount of 0 and coupons worth 0. Message from debit receiver: . Your new balance:1950 XAF. Fee was 0 XAF, loyalty fee was 0 and loyalty reward was 0. Financial Transaction Id: [PHONE_8500]. External Transaction Id: 4755762699267397971. Subscribe to MoMo Helep with *126*61# and complete your transactions: even without money, initiate your payments and transfers, and MoMo will cover the remaining amount."
USER_10,2025-04-29,14:48:35,MobileMoney,transaction,OUT,500.0,XAF,1450.0,"A transaction of 500 XAF by MTNC BUNDLES_FORFAITS   (MTN_Bundles) on your mobile money account successfully completed at 2025-04-29 14:48:30. The amount was subject to a discount of 0 and coupons worth 0. Message from debit receiver: . Your new balance:1450 XAF. Fee was 0 XAF, loyalty fee was 0 and loyalty reward was 0. Financial Transaction Id: [PHONE_6998]. External Transaction Id: 3335297607693335176. Subscribe to MoMo Helep with *126*61# and complete your transactions: even without money, initiate your payments and transfers, and MoMo will cover the remaining amount."
USER_10,2025-04-30,11:43:37,MobileMoney,transaction,OUT,500.0,XAF,950.0,"A transaction of 500 XAF by MTNC BUNDLES_FORFAITS   (MTN_Bundles) on your mobile money account successfully completed at 2025-04-30 11:43:32. The amount was subject to a discount of 0 and coupons worth 0. Message from debit receiver: . Your new balance:950 XAF. Fee was 0 XAF, loyalty fee was 0 and loyalty reward was 0. Financial Transaction Id: [PHONE_8363]. External Transaction Id: 5476716408491301886. Subscribe to MoMo Helep with *126*61# and complete your transactions: even without money, initiate your payments and transfers, and MoMo will cover the remaining amount."
USER_10,2025-05-01,04:18:04,MobileMoney,paiement,OUT,200.0,XAF,750.0,"Your payment of 200 XAF to MTNC BUNDLES_FORFAITS has been completed at 2025-05-01 04:17:47. Your new balance: 750 XAF. Fee was 0 XAF. Message: -. Transaction Id: [PHONE_6774].Subscribe to MoMo Helep with *126*61# and complete your transactions: even without money, initiate your payments and transfers, and MoMo will cover the remaining amount."
USER_10,2025-05-01,12:56:25,MobileMoney,transfert,IN,1000.0,XAF,1750.0,"You have received 1000 XAF of [CONTACT_5A23] [CONTACT_F231] ALU ([PHONE_6275] [CONTACT_AA6F]) on your Mobile Money 2025-05-01 12:56:24 account. Message from the sender: . Your new balance is 1750 XAF. Fee Paid: 0 XAF. Transaction ID: [PHONE_0173]. Subscribe to MoMo Helep with *126*61# and complete your transactions: even without money, initiate your payments and transfers, and MoMo will cover the remaining amount."
USER_10,2025-05-01,13:13:54,MobileMoney,transaction,OUT,500.0,XAF,1250.0,"A transaction of 500 XAF by MTNC BUNDLES_FORFAITS   (MTN_Bundles) on your mobile money account successfully completed at 2025-05-01 13:13:44. The amount was subject to a discount of 0 and coupons worth 0. Message from debit receiver: . Your new balance:1250 XAF. Fee was 0 XAF, loyalty fee was 0 and loyalty reward was 0. Financial Transaction Id: [PHONE_8616]. External Transaction Id: 2558117777462138719. Subscribe to MoMo Helep with *126*61# and complete your transactions: even without money, initiate your payments and transfers, and MoMo will cover the remaining amount."
USER_10,2025-05-01,19:56:36,MobileMoney,transaction,OUT,500.0,XAF,750.0,"A transaction of 500 XAF by MTNC BUNDLES_FORFAITS   (MTN_Bundles) on your mobile money account successfully completed at 2025-05-01 19:56:25. The amount was subject to a discount of 0 and coupons worth 0. Message from debit receiver: . Your new balance:750 XAF. Fee was 0 XAF, loyalty fee was 0 and loyalty reward was 0. Financial Transaction Id: [PHONE_1139]. External Transaction Id: 7606115004442943244. Subscribe to MoMo Helep with *126*61# and complete your transactions: even without money, initiate your payments and transfers, and MoMo will cover the remaining amount."
USER_10,2025-05-02,00:07:46,MobileMoney,paiement,OUT,200.0,XAF,550.0,"Your payment of 200 XAF to MTNC BUNDLES_FORFAITS has been completed at 2025-05-02 00:07:29. Your new balance: 550 XAF. Fee was 0 XAF. Message: -. Transaction Id: [PHONE_8517].Subscribe to MoMo Helep with *126*61# and complete your transactions: even without money, initiate your payments and transfers, and MoMo will cover the remaining amount."
USER_10,2025-05-02,06:02:10,MobileMoney,transaction,OUT,500.0,XAF,50.0,"A transaction of 500 XAF by MTNC BUNDLES_FORFAITS   (MTN_Bundles) on your mobile money account successfully completed at 2025-05-02 06:02:00. The amount was subject to a discount of 0 and coupons worth 0. Message from debit receiver: . Your new balance:50 XAF. Fee was 0 XAF, loyalty fee was 0 and loyalty reward was 0. Financial Transaction Id: [PHONE_4428]. External Transaction Id: 8957142109429934806. Subscribe to MoMo Helep with *126*61# and complete your transactions: even without money, initiate your payments and transfers, and MoMo will cover the remaining amount."
USER_10,2025-05-02,09:35:32,MobileMoney,paiement,OUT,25.0,XAF,25.0,"Your payment of 25 XAF to MTNC Bundles has been completed at 2025-05-02 09:35:05. Your new balance: 25 XAF. Fee was 0 XAF. Message: DATA. Transaction Id: [PHONE_7318].Subscribe to MoMo Helep with *126*61# and complete your transactions: even without money, initiate your payments and transfers, and MoMo will cover the remaining amount."
USER_10,2025-05-02,10:08:37,MobileMoney,transfert,IN,3000.0,XAF,3025.0,"You have received 3000 XAF of [CONTACT_E80E] Ers Shalomes Services ([PHONE_2963] ) on your Mobile Money 2025-05-02 10:08:36 account. Message from the sender: . Your new balance is 3025 XAF. Fee Paid: 0 XAF. Transaction ID: [PHONE_7508]. Subscribe to MoMo Helep with *126*61# and complete your transactions: even without money, initiate your payments and transfers, and MoMo will cover the remaining amount."
USER_10,2025-05-02,10:09:06,MobileMoney,transaction,OUT,500.0,XAF,2525.0,"A transaction of 500 XAF by MTNC BUNDLES_FORFAITS   (MTN_Bundles) on your mobile money account successfully completed at 2025-05-02 10:08:56. The amount was subject to a discount of 0 and coupons worth 0. Message from debit receiver: . Your new balance:2525 XAF. Fee was 0 XAF, loyalty fee was 0 and loyalty reward was 0. Financial Transaction Id: [PHONE_9556]. External Transaction Id: 5383012934398951745. Subscribe to MoMo Helep with *126*61# and complete your transactions: even without money, initiate your payments and transfers, and MoMo will cover the remaining amount."
USER_10,2025-05-02,15:49:33,MobileMoney,transaction,OUT,500.0,XAF,2025.0,"A transaction of 500 XAF by MTNC BUNDLES_FORFAITS   (MTN_Bundles) on your mobile money account successfully completed at 2025-05-02 15:49:22. The amount was subject to a discount of 0 and coupons worth 0. Message from debit receiver: . Your new balance:2025 XAF. Fee was 0 XAF, loyalty fee was 0 and loyalty reward was 0. Financial Transaction Id: [PHONE_1724]. External Transaction Id: 3976357936758066913. Subscribe to MoMo Helep with *126*61# and complete your transactions: even without money, initiate your payments and transfers, and MoMo will cover the remaining amount."
USER_10,2025-05-03,10:07:44,MobileMoney,transaction,OUT,500.0,XAF,1525.0,"A transaction of 500 XAF by MTNC BUNDLES_FORFAITS   (MTN_Bundles) on your mobile money account successfully completed at 2025-05-03 10:07:36. The amount was subject to a discount of 0 and coupons worth 0. Message from debit receiver: . Your new balance:1525 XAF. Fee was 0 XAF, loyalty fee was 0 and loyalty reward was 0. Financial Transaction Id: [PHONE_0117]. External Transaction Id: 5847372321371110087. Subscribe to MoMo Helep with *126*61# and complete your transactions: even without money, initiate your payments and transfers, and MoMo will cover the remaining amount."
USER_10,2025-05-03,19:05:55,MobileMoney,transaction,OUT,500.0,XAF,1025.0,"A transaction of 500 XAF by MTNC BUNDLES_FORFAITS   (MTN_Bundles) on your mobile money account successfully completed at 2025-05-03 19:05:44. The amount was subject to a discount of 0 and coupons worth 0. Message from debit receiver: . Your new balance:1025 XAF. Fee was 0 XAF, loyalty fee was 0 and loyalty reward was 0. Financial Transaction Id: [PHONE_5982]. External Transaction Id: 7076619496715046426. Subscribe to MoMo Helep with *126*61# and complete your transactions: even without money, initiate your payments and transfers, and MoMo will cover the remaining amount."
USER_10,2025-05-04,09:05:23,MobileMoney,transaction,OUT,500.0,XAF,525.0,"A transaction of 500 XAF by MTNC BUNDLES_FORFAITS   (MTN_Bundles) on your mobile money account successfully completed at 2025-05-04 09:05:12. The amount was subject to a discount of 0 and coupons worth 0. Message from debit receiver: . Your new balance:525 XAF. Fee was 0 XAF, loyalty fee was 0 and loyalty reward was 0. Financial Transaction Id: [PHONE_3068]. External Transaction Id: 2777885466500857096. Subscribe to MoMo Helep with *126*61# and complete your transactions: even without money, initiate your payments and transfers, and MoMo will cover the remaining amount."
USER_10,2025-05-04,14:36:38,MobileMoney,transaction,OUT,500.0,XAF,25.0,"A transaction of 500 XAF by MTNC BUNDLES_FORFAITS   (MTN_Bundles) on your mobile money account successfully completed at 2025-05-04 14:16:28. The amount was subject to a discount of 0 and coupons worth 0. Message from debit receiver: . Your new balance:25 XAF. Fee was 0 XAF, loyalty fee was 0 and loyalty reward was 0. Financial Transaction Id: [PHONE_7910]. External Transaction Id: 4108207246582484132. Subscribe to MoMo Helep with *126*61# and complete your transactions: even without money, initiate your payments and transfers, and MoMo will cover the remaining amount."
USER_10,2025-05-04,20:04:16,MobileMoney,transfert,IN,2000.0,XAF,2025.0,"You have received 2000 XAF of [CONTACT_5A23] [CONTACT_F231] ALU ([PHONE_6275] [CONTACT_AA6F]) on your Mobile Money 2025-05-04 20:04:15 account. Message from the sender: . Your new balance is 2025 XAF. Fee Paid: 0 XAF. Transaction ID: [PHONE_4354]. Subscribe to MoMo Helep with *126*61# and complete your transactions: even without money, initiate your payments and transfers, and MoMo will cover the remaining amount."
USER_10,2025-05-04,20:52:07,MobileMoney,transaction,OUT,500.0,XAF,1525.0,"A transaction of 500 XAF by MTNC BUNDLES_FORFAITS   (MTN_Bundles) on your mobile money account successfully completed at 2025-05-04 20:51:57. The amount was subject to a discount of 0 and coupons worth 0. Message from debit receiver: . Your new balance:1525 XAF. Fee was 0 XAF, loyalty fee was 0 and loyalty reward was 0. Financial Transaction Id: [PHONE_1532]. External Transaction Id: 3618861158595470420. Subscribe to MoMo Helep with *126*61# and complete your transactions: even without money, initiate your payments and transfers, and MoMo will cover the remaining amount."
USER_10,2025-05-05,09:27:27,MobileMoney,transaction,OUT,500.0,XAF,1025.0,"A transaction of 500 XAF by MTNC BUNDLES_FORFAITS   (MTN_Bundles) on your mobile money account successfully completed at 2025-05-05 09:27:16. The amount was subject to a discount of 0 and coupons worth 0. Message from debit receiver: . Your new balance:1025 XAF. Fee was 0 XAF, loyalty fee was 0 and loyalty reward was 0. Financial Transaction Id: [PHONE_6165]. External Transaction Id: 3561283742302290150. Subscribe to MoMo Helep with *126*61# and complete your transactions: even without money, initiate your payments and transfers, and MoMo will cover the remaining amount."
USER_10,2025-05-05,18:10:44,MobileMoney,transaction,OUT,500.0,XAF,525.0,"A transaction of 500 XAF by MTNC BUNDLES_FORFAITS   (MTN_Bundles) on your mobile money account successfully completed at 2025-05-05 18:10:13. The amount was subject to a discount of 0 and coupons worth 0. Message from debit receiver: . Your new balance:525 XAF. Fee was 0 XAF, loyalty fee was 0 and loyalty reward was 0. Financial Transaction Id: [PHONE_1907]. External Transaction Id: 4960691187924343229. Subscribe to MoMo Helep with *126*61# and complete your transactions: even without money, initiate your payments and transfers, and MoMo will cover the remaining amount."
USER_10,2025-05-05,22:13:14,MobileMoney,transaction,OUT,500.0,XAF,25.0,"A transaction of 500 XAF by MTNC BUNDLES_FORFAITS   (MTN_Bundles) on your mobile money account successfully completed at 2025-05-05 22:13:03. The amount was subject to a discount of 0 and coupons worth 0. Message from debit receiver: . Your new balance:25 XAF. Fee was 0 XAF, loyalty fee was 0 and loyalty reward was 0. Financial Transaction Id: [PHONE_9977]. External Transaction Id: 8715300233415318158. Subscribe to MoMo Helep with *126*61# and complete your transactions: even without money, initiate your payments and transfers, and MoMo will cover the remaining amount."
USER_10,2025-05-06,11:59:01,MobileMoney,transfert,IN,5000.0,XAF,5025.0,"You have received 5000 XAF of [CONTACT_E80E] Ers Shalomes Services ([PHONE_2963] ) on your Mobile Money 2025-05-06 11:59:00 account. Message from the sender: . Your new balance is 5025 XAF. Fee Paid: 0 XAF. Transaction ID: [PHONE_1793]. Subscribe to MoMo Helep with *126*61# and complete your transactions: even without money, initiate your payments and transfers, and MoMo will cover the remaining amount."
USER_10,2025-05-06,12:46:09,MobileMoney,transaction,OUT,500.0,XAF,4525.0,"A transaction of 500 XAF by MTNC BUNDLES_FORFAITS   (MTN_Bundles) on your mobile money account successfully completed at 2025-05-06 12:45:58. The amount was subject to a discount of 0 and coupons worth 0. Message from debit receiver: . Your new balance:4525 XAF. Fee was 0 XAF, loyalty fee was 0 and loyalty reward was 0. Financial Transaction Id: [PHONE_8845]. External Transaction Id: 8783967858052393057. Subscribe to MoMo Helep with *126*61# and complete your transactions: even without money, initiate your payments and transfers, and MoMo will cover the remaining amount."
USER_10,2025-05-06,16:43:09,MobileMoney,transaction,OUT,500.0,XAF,4025.0,"A transaction of 500 XAF by MTNC BUNDLES_FORFAITS   (MTN_Bundles) on your mobile money account successfully completed at 2025-05-06 16:42:59. The amount was subject to a discount of 0 and coupons worth 0. Message from debit receiver: . Your new balance:4025 XAF. Fee was 0 XAF, loyalty fee was 0 and loyalty reward was 0. Financial Transaction Id: [PHONE_1879]. External Transaction Id: 8728038905742738794. Subscribe to MoMo Helep with *126*61# and complete your transactions: even without money, initiate your payments and transfers, and MoMo will cover the remaining amount."
USER_10,2025-05-07,14:07:33,MobileMoney,transaction,OUT,500.0,XAF,3025.0,"A transaction of 500 XAF by MTNC BUNDLES_FORFAITS   (MTN_Bundles) on your mobile money account successfully completed at 2025-05-07 14:07:22. The amount was subject to a discount of 0 and coupons worth 0. Message from debit receiver: . Your new balance:3025 XAF. Fee was 0 XAF, loyalty fee was 0 and loyalty reward was 0. Financial Transaction Id: [PHONE_5185]. External Transaction Id: 6048007326418118370. Subscribe to MoMo Helep with *126*61# and complete your transactions: even without money, initiate your payments and transfers, and MoMo will cover the remaining amount."
USER_10,2025-05-07,21:10:29,MobileMoney,transaction,OUT,500.0,XAF,2525.0,"A transaction of 500 XAF by MTNC BUNDLES_FORFAITS   (MTN_Bundles) on your mobile money account successfully completed at 2025-05-07 21:10:20. The amount was subject to a discount of 0 and coupons worth 0. Message from debit receiver: . Your new balance:2525 XAF. Fee was 0 XAF, loyalty fee was 0 and loyalty reward was 0. Financial Transaction Id: [PHONE_6699]. External Transaction Id: 7304021066269678093. Subscribe to MoMo Helep with *126*61# and complete your transactions: even without money, initiate your payments and transfers, and MoMo will cover the remaining amount."
USER_10,2025-05-08,11:24:22,MobileMoney,transaction,OUT,500.0,XAF,2025.0,"A transaction of 500 XAF by MTNC BUNDLES_FORFAITS   (MTN_Bundles) on your mobile money account successfully completed at 2025-05-08 11:24:11. The amount was subject to a discount of 0 and coupons worth 0. Message from debit receiver: . Your new balance:2025 XAF. Fee was 0 XAF, loyalty fee was 0 and loyalty reward was 0. Financial Transaction Id: [PHONE_4923]. External Transaction Id: 7617107559265835602. Subscribe to MoMo Helep with *126*61# and complete your transactions: even without money, initiate your payments and transfers, and MoMo will cover the remaining amount."
USER_10,2025-05-08,19:18:07,MobileMoney,transaction,OUT,500.0,XAF,1525.0,"A transaction of 500 XAF by MTNC BUNDLES_FORFAITS   (MTN_Bundles) on your mobile money account successfully completed at 2025-05-08 19:17:58. The amount was subject to a discount of 0 and coupons worth 0. Message from debit receiver: . Your new balance:1525 XAF. Fee was 0 XAF, loyalty fee was 0 and loyalty reward was 0. Financial Transaction Id: [PHONE_1415]. External Transaction Id: 4448024859137759982. Subscribe to MoMo Helep with *126*61# and complete your transactions: even without money, initiate your payments and transfers, and MoMo will cover the remaining amount."
USER_10,2025-05-09,01:00:45,MobileMoney,paiement,OUT,200.0,XAF,1325.0,"Your payment of 200 XAF to MTNC BUNDLES_FORFAITS has been completed at 2025-05-09 01:00:28. Your new balance: 1325 XAF. Fee was 0 XAF. Message: -. Transaction Id: [PHONE_4908].Subscribe to MoMo Helep with *126*61# and complete your transactions: even without money, initiate your payments and transfers, and MoMo will cover the remaining amount."
USER_10,2025-05-09,02:15:13,MobileMoney,paiement,OUT,200.0,XAF,1125.0,"Your payment of 200 XAF to MTNC BUNDLES_FORFAITS has been completed at 2025-05-09 02:14:56. Your new balance: 1125 XAF. Fee was 0 XAF. Message: -. Transaction Id: [PHONE_0530].Subscribe to MoMo Helep with *126*61# and complete your transactions: even without money, initiate your payments and transfers, and MoMo will cover the remaining amount."
USER_10,2025-05-09,16:29:34,MobileMoney,transaction,OUT,500.0,XAF,625.0,"A transaction of 500 XAF by MTNC BUNDLES_FORFAITS   (MTN_Bundles) on your mobile money account successfully completed at 2025-05-09 16:29:22. The amount was subject to a discount of 0 and coupons worth 0. Message from debit receiver: . Your new balance:625 XAF. Fee was 0 XAF, loyalty fee was 0 and loyalty reward was 0. Financial Transaction Id: [PHONE_0824]. External Transaction Id: 4133749750181098175. Subscribe to MoMo Helep with *126*61# and complete your transactions: even without money, initiate your payments and transfers, and MoMo will cover the remaining amount."
USER_10,2025-05-10,06:00:12,MobileMoney,transaction,OUT,500.0,XAF,125.0,"A transaction of 500 XAF by MTNC BUNDLES_FORFAITS   (MTN_Bundles) on your mobile money account successfully completed at 2025-05-10 05:59:44. The amount was subject to a discount of 0 and coupons worth 0. Message from debit receiver: . Your new balance:125 XAF. Fee was 0 XAF, loyalty fee was 0 and loyalty reward was 0. Financial Transaction Id: [PHONE_4583]. External Transaction Id: 6571600258622785717. Subscribe to MoMo Helep with *126*61# and complete your transactions: even without money, initiate your payments and transfers, and MoMo will cover the remaining amount."
USER_10,2025-05-10,17:19:32,MobileMoney,transfert,IN,1000.0,XAF,1125.0,"You have received 1000 XAF of [CONTACT_E80E] Ers Shalomes Services ([PHONE_2963] ) on your Mobile Money 2025-05-10 17:19:29 account. Message from the sender: . Your new balance is 1125 XAF. Fee Paid: 0 XAF. Transaction ID: [PHONE_5175]. Subscribe to MoMo Helep with *126*61# and complete your transactions: even without money, initiate your payments and transfers, and MoMo will cover the remaining amount."
USER_10,2025-05-11,10:26:27,MobileMoney,transaction,OUT,500.0,XAF,625.0,"A transaction of 500 XAF by MTNC BUNDLES_FORFAITS   (MTN_Bundles) on your mobile money account successfully completed at 2025-05-11 10:26:16. The amount was subject to a discount of 0 and coupons worth 0. Message from debit receiver: . Your new balance:625 XAF. Fee was 0 XAF, loyalty fee was 0 and loyalty reward was 0. Financial Transaction Id: [PHONE_6558]. External Transaction Id: 1476226288253667827. Subscribe to MoMo Helep with *126*61# and complete your transactions: even without money, initiate your payments and transfers, and MoMo will cover the remaining amount."
USER_10,2025-05-11,18:35:39,MobileMoney,transfert,IN,1000.0,XAF,1625.0,"You have received 1000 XAF of [CONTACT_E80E] Ers Shalomes Services ([PHONE_2963] ) on your Mobile Money 2025-05-11 18:35:36 account. Message from the sender: . Your new balance is 1625 XAF. Fee Paid: 0 XAF. Transaction ID: [PHONE_2389]. Subscribe to MoMo Helep with *126*61# and complete your transactions: even without money, initiate your payments and transfers, and MoMo will cover the remaining amount."
USER_10,2025-05-11,19:35:14,MobileMoney,transaction,OUT,500.0,XAF,1125.0,"A transaction of 500 XAF by MTNC BUNDLES_FORFAITS   (MTN_Bundles) on your mobile money account successfully completed at 2025-05-11 19:35:10. The amount was subject to a discount of 0 and coupons worth 0. Message from debit receiver: . Your new balance:1125 XAF. Fee was 0 XAF, loyalty fee was 0 and loyalty reward was 0. Financial Transaction Id: [PHONE_1483]. External Transaction Id: 2315805750863097584. Subscribe to MoMo Helep with *126*61# and complete your transactions: even without money, initiate your payments and transfers, and MoMo will cover the remaining amount."
USER_10,2025-05-12,16:26:04,MobileMoney,transaction,OUT,500.0,XAF,625.0,"A transaction of 500 XAF by MTNC BUNDLES_FORFAITS   (MTN_Bundles) on your mobile money account successfully completed at 2025-05-12 16:25:54. The amount was subject to a discount of 0 and coupons worth 0. Message from debit receiver: . Your new balance:625 XAF. Fee was 0 XAF, loyalty fee was 0 and loyalty reward was 0. Financial Transaction Id: [PHONE_3275]. External Transaction Id: 546108330515691070. Subscribe to MoMo Helep with *126*61# and complete your transactions: even without money, initiate your payments and transfers, and MoMo will cover the remaining amount."
USER_10,2025-05-13,12:12:42,MobileMoney,transaction,OUT,500.0,XAF,125.0,"A transaction of 500 XAF by MTNC BUNDLES_FORFAITS   (MTN_Bundles) on your mobile money account successfully completed at 2025-05-13 12:12:27. The amount was subject to a discount of 0 and coupons worth 0. Message from debit receiver: . Your new balance:125 XAF. Fee was 0 XAF, loyalty fee was 0 and loyalty reward was 0. Financial Transaction Id: [PHONE_2284]. External Transaction Id: 1457551428682764216. Subscribe to MoMo Helep with *126*61# and complete your transactions: even without money, initiate your payments and transfers, and MoMo will cover the remaining amount."
USER_10,2025-05-13,16:14:27,MobileMoney,transfert,IN,1500.0,XAF,1625.0,"You have received 1500 XAF of [CONTACT_5A23] [CONTACT_F231] ALU ([PHONE_6275] [CONTACT_AA6F]) on your Mobile Money 2025-05-13 15:38:59 account. Message from the sender: . Your new balance is 1625 XAF. Fee Paid: 0 XAF. Transaction ID: [PHONE_2128]. Subscribe to MoMo Helep with *126*61# and complete your transactions: even without money, initiate your payments and transfers, and MoMo will cover the remaining amount."
USER_10,2025-05-14,06:01:37,MobileMoney,transaction,OUT,500.0,XAF,1125.0,"A transaction of 500 XAF by MTNC BUNDLES_FORFAITS   (MTN_Bundles) on your mobile money account successfully completed at 2025-05-14 06:01:27. The amount was subject to a discount of 0 and coupons worth 0. Message from debit receiver: . Your new balance:1125 XAF. Fee was 0 XAF, loyalty fee was 0 and loyalty reward was 0. Financial Transaction Id: [PHONE_7321]. External Transaction Id: 8468237358288489251. Subscribe to MoMo Helep with *126*61# and complete your transactions: even without money, initiate your payments and transfers, and MoMo will cover the remaining amount."
USER_10,2025-05-15,07:29:19,MobileMoney,transaction,OUT,500.0,XAF,625.0,"A transaction of 500 XAF by MTNC BUNDLES_FORFAITS   (MTN_Bundles) on your mobile money account successfully completed at 2025-05-15 07:28:49. The amount was subject to a discount of 0 and coupons worth 0. Message from debit receiver: . Your new balance:625 XAF. Fee was 0 XAF, loyalty fee was 0 and loyalty reward was 0. Financial Transaction Id: [PHONE_3656]. External Transaction Id: 4476085858686805479. Subscribe to MoMo Helep with *126*61# and complete your transactions: even without money, initiate your payments and transfers, and MoMo will cover the remaining amount."
USER_10,2025-05-15,09:22:41,MobileMoney,transaction,OUT,500.0,XAF,125.0,"A transaction of 500 XAF by MTNC BUNDLES_FORFAITS   (MTN_Bundles) on your mobile money account successfully completed at 2025-05-15 09:22:14. The amount was subject to a discount of 0 and coupons worth 0. Message from debit receiver: . Your new balance:125 XAF. Fee was 0 XAF, loyalty fee was 0 and loyalty reward was 0. Financial Transaction Id: [PHONE_0680]. External Transaction Id: 7597750429778768006. Subscribe to MoMo Helep with *126*61# and complete your transactions: even without money, initiate your payments and transfers, and MoMo will cover the remaining amount."
USER_10,2025-05-15,11:59:31,MobileMoney,transfert,IN,2000.0,XAF,2125.0,"You have received 2000 XAF of [CONTACT_E80E] Ers Shalomes Services ([PHONE_2963] ) on your Mobile Money 2025-05-15 11:59:30 account. Message from the sender: . Your new balance is 2125 XAF. Fee Paid: 0 XAF. Transaction ID: [PHONE_0555]. Subscribe to MoMo Helep with *126*61# and complete your transactions: even without money, initiate your payments and transfers, and MoMo will cover the remaining amount."
USER_10,2025-05-15,12:00:29,MobileMoney,transaction,OUT,500.0,XAF,1625.0,"A transaction of 500 XAF by MTNC BUNDLES_FORFAITS   (MTN_Bundles) on your mobile money account successfully completed at 2025-05-15 12:00:19. The amount was subject to a discount of 0 and coupons worth 0. Message from debit receiver: . Your new balance:1625 XAF. Fee was 0 XAF, loyalty fee was 0 and loyalty reward was 0. Financial Transaction Id: [PHONE_4455]. External Transaction Id: 7714103977087769725. Subscribe to MoMo Helep with *126*61# and complete your transactions: even without money, initiate your payments and transfers, and MoMo will cover the remaining amount."
USER_10,2025-05-15,20:36:44,MobileMoney,paiement,OUT,1000.0,XAF,525.0,"Your payment of 1000 XAF to ENEO has been completed at 2025-05-15 20:36:37. Your new balance: 525 XAF. Fee was 100 XAF. Message: -. Transaction Id: [PHONE_9644].Subscribe to MoMo Helep with *126*61# and complete your transactions: even without money, initiate your payments and transfers, and MoMo will cover the remaining amount."
USER_10,2025-05-17,07:59:32,MobileMoney,transaction,OUT,500.0,XAF,25.0,"A transaction of 500 XAF by MTNC BUNDLES_FORFAITS   (MTN_Bundles) on your mobile money account successfully completed at 2025-05-17 07:59:11. The amount was subject to a discount of 0 and coupons worth 0. Message from debit receiver: . Your new balance:25 XAF. Fee was 0 XAF, loyalty fee was 0 and loyalty reward was 0. Financial Transaction Id: [PHONE_3044]. External Transaction Id: 7987599093786493571. Subscribe to MoMo Helep with *126*61# and complete your transactions: even without money, initiate your payments and transfers, and MoMo will cover the remaining amount."
USER_10,2025-05-20,17:42:12,MobileMoney,transfert,IN,2500.0,XAF,2525.0,"You have received 2500 XAF of [CONTACT_5A23] [CONTACT_F231] ALU ([PHONE_6275] [CONTACT_AA6F]) on your Mobile Money 2025-05-20 17:42:12 account. Message from the sender: . Your new balance is 2525 XAF. Fee Paid: 0 XAF. Transaction ID: [PHONE_4448]. Subscribe to MoMo Helep with *126*61# and complete your transactions: even without money, initiate your payments and transfers, and MoMo will cover the remaining amount."
USER_10,2025-05-21,07:19:04,MobileMoney,transaction,OUT,500.0,XAF,2025.0,"A transaction of 500 XAF by MTNC BUNDLES_FORFAITS   (MTN_Bundles) on your mobile money account successfully completed at 2025-05-21 07:19:01. The amount was subject to a discount of 0 and coupons worth 0. Message from debit receiver: . Your new balance:2025 XAF. Fee was 0 XAF, loyalty fee was 0 and loyalty reward was 0. Financial Transaction Id: [PHONE_6456]. External Transaction Id: 2863325956445395684. Subscribe to MoMo Helep with *126*61# and complete your transactions: even without money, initiate your payments and transfers, and MoMo will cover the remaining amount."
USER_10,2025-05-21,08:09:28,MobileMoney,paiement,OUT,1000.0,XAF,925.0,"Your payment of 1000 XAF to ENEO has been completed at 2025-05-21 08:09:23. Your new balance: 925 XAF. Fee was 100 XAF. Message: -. Transaction Id: [PHONE_5732].Subscribe to MoMo Helep with *126*61# and complete your transactions: even without money, initiate your payments and transfers, and MoMo will cover the remaining amount."
USER_10,2025-05-23,09:07:26,MobileMoney,transaction,OUT,500.0,XAF,425.0,"A transaction of 500 XAF by MTNC BUNDLES_FORFAITS   (MTN_Bundles) on your mobile money account successfully completed at 2025-05-23 09:07:16. The amount was subject to a discount of 0 and coupons worth 0. Message from debit receiver: . Your new balance:425 XAF. Fee was 0 XAF, loyalty fee was 0 and loyalty reward was 0. Financial Transaction Id: [PHONE_6445]. External Transaction Id: 3028187263128682001. Subscribe to MoMo Helep with *126*61# and complete your transactions: even without money, initiate your payments and transfers, and MoMo will cover the remaining amount."
USER_10,2025-05-24,16:15:23,MobileMoney,transfert,IN,1000.0,XAF,1425.0,You have received 1000 XAF from [CONTACT_3F22] ([PHONE_1284]) on your mobile money account at 2025-05-24 16:15:22. Message from sender: 1. Your new balance:1425 XAF. Financial Transaction Id: [PHONE_6997].
USER_10,2025-05-24,19:22:56,MobileMoney,transaction,OUT,500.0,XAF,925.0,"A transaction of 500 XAF by MTNC BUNDLES_FORFAITS   (MTN_Bundles) on your mobile money account successfully completed at 2025-05-24 19:22:46. The amount was subject to a discount of 0 and coupons worth 0. Message from debit receiver: . Your new balance:925 XAF. Fee was 0 XAF, loyalty fee was 0 and loyalty reward was 0. Financial Transaction Id: [PHONE_7721]. External Transaction Id: 157720149983619068. Subscribe to MoMo Helep with *126*61# and complete your transactions: even without money, initiate your payments and transfers, and MoMo will cover the remaining amount."
USER_10,2025-05-25,09:34:51,MobileMoney,transaction,OUT,500.0,XAF,425.0,"A transaction of 500 XAF by MTNC BUNDLES_FORFAITS   (MTN_Bundles) on your mobile money account successfully completed at 2025-05-25 09:34:40. The amount was subject to a discount of 0 and coupons worth 0. Message from debit receiver: . Your new balance:425 XAF. Fee was 0 XAF, loyalty fee was 0 and loyalty reward was 0. Financial Transaction Id: [PHONE_1771]. External Transaction Id: 5034413104392332164. Subscribe to MoMo Helep with *126*61# and complete your transactions: even without money, initiate your payments and transfers, and MoMo will cover the remaining amount."
USER_10,2025-05-25,19:19:02,MobileMoney,transfert,IN,5000.0,XAF,5425.0,You have received 5000 XAF from [CONTACT_AF72] ([PHONE_8148]) on your mobile money account at 2025-05-25 19:18:59. Message from sender: ok. Your new balance:5425 XAF. Financial Transaction Id: [PHONE_8656].
USER_10,2025-05-25,20:17:53,MobileMoney,paiement,OUT,2000.0,XAF,3325.0,"Your payment of 2000 XAF to ENEO has been completed at 2025-05-25 20:17:49. Your new balance: 3325 XAF. Fee was 100 XAF. Message: -. Transaction Id: [PHONE_2757].Subscribe to MoMo Helep with *126*61# and complete your transactions: even without money, initiate your payments and transfers, and MoMo will cover the remaining amount."
USER_10,2025-05-26,00:12:52,MobileMoney,transaction,OUT,500.0,XAF,2825.0,"A transaction of 500 XAF by MTNC BUNDLES_FORFAITS   (MTN_Bundles) on your mobile money account successfully completed at 2025-05-26 00:12:42. The amount was subject to a discount of 0 and coupons worth 0. Message from debit receiver: . Your new balance:2825 XAF. Fee was 0 XAF, loyalty fee was 0 and loyalty reward was 0. Financial Transaction Id: [PHONE_4692]. External Transaction Id: 3390823616340530853. Subscribe to MoMo Helep with *126*61# and complete your transactions: even without money, initiate your payments and transfers, and MoMo will cover the remaining amount."
USER_10,2025-05-26,08:53:10,MobileMoney,transfert,IN,20000.0,XAF,22825.0,You have received 20000 XAF from [CONTACT_4602] ([PHONE_7802]) on your mobile money account at 2025-05-26 08:53:09. Message from sender: 260525. Your new balance:22825 XAF. Financial Transaction Id: [PHONE_4385].
USER_10,2025-05-26,11:53:20,MobileMoney,retrait,OUT,21000.0,XAF,1506.0,"You have withdrawn 21000 XAF from your mobile m[CONTACT_ED2B]ey account at  [CONTACT_ED2B] 2025-05-26 11:50:22. Your new balance:1506 XAF. Financial Transaction Id: [PHONE_2157]. Subscribe to MoMo Helep with *126*61# and complete your transactions: even without money, initiate your payments and transfers, and MoMo will cover the remaining amount."
USER_10,2025-05-26,13:18:59,MobileMoney,transaction,OUT,200.0,XAF,1306.0,"A transaction of 200 XAF by MTNC BUNDLES_FORFAITS   (MTN_Bundles) on your mobile money account successfully completed at 2025-05-26 13:18:50. The amount was subject to a discount of 0 and coupons worth 0. Message from debit receiver: . Your new balance:1306 XAF. Fee was 0 XAF, loyalty fee was 0 and loyalty reward was 0. Financial Transaction Id: [PHONE_6536]. External Transaction Id: 7076115575335804989. Subscribe to MoMo Helep with *126*61# and complete your transactions: even without money, initiate your payments and transfers, and MoMo will cover the remaining amount."
USER_10,2025-05-26,14:41:46,MobileMoney,transfert,IN,62000.0,XAF,63306.0,"You have received 62000 XAF of [CONTACT_2949] [CONTACT_7C0A] ([PHONE_3287] [CONTACT_D0D3] NGATSING) on your Mobile Money 2025-05-26 14:41:46 account. Message from the sender: . Your new balance is 63306 XAF. Fee Paid: 0 XAF. Transaction ID: [PHONE_7629]. Subscribe to MoMo Helep with *126*61# and complete your transactions: even without money, initiate your payments and transfers, and MoMo will cover the remaining amount."
USER_10,2025-05-26,14:53:49,MobileMoney,retrait,OUT,61000.0,XAF,1387.0,"You [USER_10] (237[USER_10_phone]) have via agent: MARIAMA I [CONTACT_4C56] ([PHONE_4142]), withdrawn 61000 XAF from your mobile money account: 69020858 at 2025-05-26 14:53:41 and you can now collect your money in cash. Your new balance: 1387 XAF. Fee paid: 919 XAF. Message from agent: BUNDLE_OUT:NULL. Financial Transaction Id: [PHONE_1327]. Subscribe to MoMo Helep with *126*61# and complete your transactions: even without money, initiate your payments and transfers, and MoMo will cover the remaining amount."
USER_10,2025-05-28,10:29:53,MobileMoney,transfert,IN,50000.0,XAF,50887.0,"You have received 50000 XAF of [CONTACT_69D5] ([PHONE_6021] [CONTACT_8783]) on your Mobile Money 2025-05-28 10:29:52 account. Message from the sender: . Your new balance is 50887 XAF. Fee Paid: 0 XAF. Transaction ID: [PHONE_5553]. Subscribe to MoMo Helep with *126*61# and complete your transactions: even without money, initiate your payments and transfers, and MoMo will cover the remaining amount."
USER_10,2025-05-28,12:36:10,MobileMoney,retrait,OUT,48100.0,XAF,2061.0,"You [USER_10] (237[USER_10_phone]) have via agent: MARIAMA I [CONTACT_4C56] ([PHONE_4142]), withdrawn 48100 XAF from your mobile money account: 69020858 at 2025-05-28 12:36:00 and you can now collect your money in cash. Your new balance: 2061 XAF. Fee paid: 726 XAF. Message from agent: BUNDLE_OUT:NULL. Financial Transaction Id: [PHONE_8640]. Subscribe to MoMo Helep with *126*61# and complete your transactions: even without money, initiate your payments and transfers, and MoMo will cover the remaining amount."
USER_10,2025-05-28,17:35:31,MobileMoney,transaction,OUT,500.0,XAF,1561.0,"A transaction of 500 XAF by MTNC BUNDLES_FORFAITS   (MTN_Bundles) on your mobile money account successfully completed at 2025-05-28 17:35:21. The amount was subject to a discount of 0 and coupons worth 0. Message from debit receiver: . Your new balance:1561 XAF. Fee was 0 XAF, loyalty fee was 0 and loyalty reward was 0. Financial Transaction Id: [PHONE_2579]. External Transaction Id: 1279541935372286674. Subscribe to MoMo Helep with *126*61# and complete your transactions: even without money, initiate your payments and transfers, and MoMo will cover the remaining amount."
USER_10,2025-05-29,15:23:48,MobileMoney,transfert,IN,50000.0,XAF,51561.0,You have received 50000 XAF from N A [CONTACT_BB28] ([PHONE_7040]) on your mobile money account at 2025-05-29 15:23:47. Message from sender: . Your new balance:51561 XAF. Financial Transaction Id: [PHONE_2425].
USER_10,2025-05-29,19:20:39,MobileMoney,retrait,OUT,49000.0,XAF,1822.0,"You [USER_10] (237[USER_10_phone]) have via agent: [CONTACT_D330] Ers Shalomes Services ([PHONE_9842]), withdrawn 49000 XAF from your mobile money account: 69020858 at 2025-05-29 19:20:29 and you can now collect your money in cash. Your new balance: 1822 XAF. Fee paid: 739 XAF. Message from agent: BUNDLE_OUT:NULL. Financial Transaction Id: [PHONE_6724]. Subscribe to MoMo Helep with *126*61# and complete your transactions: even without money, initiate your payments and transfers, and MoMo will cover the remaining amount."
USER_10,2025-05-30,06:11:26,MobileMoney,transaction,OUT,500.0,XAF,1322.0,"A transaction of 500 XAF by MTNC BUNDLES_FORFAITS   (MTN_Bundles) on your mobile money account successfully completed at 2025-05-30 06:11:15. The amount was subject to a discount of 0 and coupons worth 0. Message from debit receiver: . Your new balance:1322 XAF. Fee was 0 XAF, loyalty fee was 0 and loyalty reward was 0. Financial Transaction Id: [PHONE_6808]. External Transaction Id: 916253382079414561. Subscribe to MoMo Helep with *126*61# and complete your transactions: even without money, initiate your payments and transfers, and MoMo will cover the remaining amount."
USER_10,2025-05-30,12:46:48,MobileMoney,transaction,OUT,500.0,XAF,822.0,"A transaction of 500 XAF by MTNC BUNDLES_FORFAITS   (MTN_Bundles) on your mobile money account successfully completed at 2025-05-30 12:46:39. The amount was subject to a discount of 0 and coupons worth 0. Message from debit receiver: . Your new balance:822 XAF. Fee was 0 XAF, loyalty fee was 0 and loyalty reward was 0. Financial Transaction Id: [PHONE_8260]. External Transaction Id: 3554388366605856629. Subscribe to MoMo Helep with *126*61# and complete your transactions: even without money, initiate your payments and transfers, and MoMo will cover the remaining amount."
USER_10,2025-05-31,23:46:27,MobileMoney,transaction,OUT,500.0,XAF,322.0,"A transaction of 500 XAF by MTNC BUNDLES_FORFAITS   (MTN_Bundles) on your mobile money account successfully completed at 2025-05-31 23:46:17. The amount was subject to a discount of 0 and coupons worth 0. Message from debit receiver: . Your new balance:322 XAF. Fee was 0 XAF, loyalty fee was 0 and loyalty reward was 0. Financial Transaction Id: [PHONE_2259]. External Transaction Id: 6774565586807128781. Subscribe to MoMo Helep with *126*61# and complete your transactions: even without money, initiate your payments and transfers, and MoMo will cover the remaining amount."
USER_10,2025-06-05,11:48:14,MobileMoney,transaction,OUT,199.0,XAF,123.0,"A transaction of 199 XAF by MTNC BUNDLES_FORFAITS   (MTN_Bundles) on your mobile money account successfully completed at 2025-06-05 11:48:04. The amount was subject to a discount of 0 and coupons worth 0. Message from debit receiver: . Your new balance:123 XAF. Fee was 0 XAF, loyalty fee was 0 and loyalty reward was 0. Financial Transaction Id: [PHONE_0522]. External Transaction Id: 106396449307602768. Subscribe to MoMo Helep with *126*61# and complete your transactions: even without money, initiate your payments and transfers, and MoMo will cover the remaining amount."
USER_10,2025-06-07,00:42:51,MobileMoney,transaction,OUT,75.0,XAF,48.0,"A transaction of 75 XAF by MTNC BUNDLES_FORFAITS   (MTN_Bundles) on your mobile money account successfully completed at 2025-06-07 00:42:40. The amount was subject to a discount of 0 and coupons worth 0. Message from debit receiver: . Your new balance:48 XAF. Fee was 0 XAF, loyalty fee was 0 and loyalty reward was 0. Financial Transaction Id: [PHONE_6220]. External Transaction Id: 9026035810008618784. Subscribe to MoMo Helep with *126*61# and complete your transactions: even without money, initiate your payments and transfers, and MoMo will cover the remaining amount."
USER_10,2025-06-09,16:56:36,MobileMoney,transfert,IN,61000.0,XAF,61048.0,"You have received 61000 XAF of [CONTACT_2949] [CONTACT_7C0A] ([PHONE_3287] [CONTACT_D0D3] NGATSING) on your Mobile Money 2025-06-09 16:56:34 account. Message from the sender: . Your new balance is 61048 XAF. Fee Paid: 0 XAF. Transaction ID: [PHONE_5586]. Subscribe to MoMo Helep with *126*61# and complete your transactions: even without money, initiate your payments and transfers, and MoMo will cover the remaining amount."
USER_10,2025-06-09,17:10:48,MobileMoney,paiement,OUT,2000.0,XAF,58948.0,"Your payment of 2000 XAF to ENEO has been completed at 2025-06-09 17:10:32. Your new balance: 58948 XAF. Fee was 100 XAF. Message: -. Transaction Id: [PHONE_8278].Subscribe to MoMo Helep with *126*61# and complete your transactions: even without money, initiate your payments and transfers, and MoMo will cover the remaining amount."
USER_10,2025-06-09,17:13:06,MobileMoney,paiement,OUT,2000.0,XAF,56848.0,"Your payment of 2000 XAF to ENEO has been completed at 2025-06-09 17:12:50. Your new balance: 56848 XAF. Fee was 100 XAF. Message: -. Transaction Id: [PHONE_5375].Subscribe to MoMo Helep with *126*61# and complete your transactions: even without money, initiate your payments and transfers, and MoMo will cover the remaining amount."
USER_10,2025-06-09,18:13:23,MobileMoney,retrait,OUT,54000.0,XAF,2034.0,"You have withdrawn 54000 XAF from your mobile money account at [CONTACT_51E0] 2025-06-09 17:18:01. Your new balance:2034 XAF. Financial Transaction Id: [PHONE_6414]. Subscribe to MoMo Helep with *126*61# and complete your transactions: even without money, initiate your payments and transfers, and MoMo will cover the remaining amount."
USER_10,2025-06-09,18:38:44,MobileMoney,transaction,OUT,500.0,XAF,1534.0,"A transaction of 500 XAF by MTNC BUNDLES_FORFAITS   (MTN_Bundles) on your mobile money account successfully completed at 2025-06-09 18:38:32. The amount was subject to a discount of 0 and coupons worth 0. Message from debit receiver: . Your new balance:1534 XAF. Fee was 0 XAF, loyalty fee was 0 and loyalty reward was 0. Financial Transaction Id: [PHONE_1704]. External Transaction Id: 7853558985102444162. Subscribe to MoMo Helep with *126*61# and complete your transactions: even without money, initiate your payments and transfers, and MoMo will cover the remaining amount."
USER_10,2025-06-09,23:12:04,MobileMoney,transaction,OUT,500.0,XAF,1034.0,"A transaction of 500 XAF by MTNC BUNDLES_FORFAITS   (MTN_Bundles) on your mobile money account successfully completed at 2025-06-09 23:11:54. The amount was subject to a discount of 0 and coupons worth 0. Message from debit receiver: . Your new balance:1034 XAF. Fee was 0 XAF, loyalty fee was 0 and loyalty reward was 0. Financial Transaction Id: [PHONE_8520]. External Transaction Id: 9068925498344604160. Subscribe to MoMo Helep with *126*61# and complete your transactions: even without money, initiate your payments and transfers, and MoMo will cover the remaining amount."
USER_10,2025-06-10,20:43:21,MobileMoney,transaction,OUT,500.0,XAF,534.0,"A transaction of 500 XAF by MTNC BUNDLES_FORFAITS   (MTN_Bundles) on your mobile money account successfully completed at 2025-06-10 20:43:11. The amount was subject to a discount of 0 and coupons worth 0. Message from debit receiver: . Your new balance:534 XAF. Fee was 0 XAF, loyalty fee was 0 and loyalty reward was 0. Financial Transaction Id: [PHONE_7396]. External Transaction Id: 5763614252218647461. Subscribe to MoMo Helep with *126*61# and complete your transactions: even without money, initiate your payments and transfers, and MoMo will cover the remaining amount."
USER_10,2025-06-11,12:03:38,MobileMoney,transaction,OUT,500.0,XAF,34.0,"A transaction of 500 XAF by MTNC BUNDLES_FORFAITS   (MTN_Bundles) on your mobile money account successfully completed at 2025-06-11 12:03:28. The amount was subject to a discount of 0 and coupons worth 0. Message from debit receiver: . Your new balance:34 XAF. Fee was 0 XAF, loyalty fee was 0 and loyalty reward was 0. Financial Transaction Id: [PHONE_5940]. External Transaction Id: 1429834113893814097. Subscribe to MoMo Helep with *126*61# and complete your transactions: even without money, initiate your payments and transfers, and MoMo will cover the remaining amount."
USER_10,2025-06-11,21:02:59,MobileMoney,transfert,IN,2000.0,XAF,2034.0,"You have received 2000 XAF of [CONTACT_5A23] [CONTACT_F231] ALU ([PHONE_6275] [CONTACT_AA6F]) on your Mobile Money 2025-06-11 21:02:56 account. Message from the sender: . Your new balance is 2034 XAF. Fee Paid: 0 XAF. Transaction ID: [PHONE_6971]. Subscribe to MoMo Helep with *126*61# and complete your transactions: even without money, initiate your payments and transfers, and MoMo will cover the remaining amount."
USER_10,2025-06-12,14:25:27,MobileMoney,transaction,OUT,500.0,XAF,1534.0,"A transaction of 500 XAF by MTNC BUNDLES_FORFAITS   (MTN_Bundles) on your mobile money account successfully completed at 2025-06-12 14:25:01. The amount was subject to a discount of 0 and coupons worth 0. Message from debit receiver: . Your new balance:1534 XAF. Fee was 0 XAF, loyalty fee was 0 and loyalty reward was 0. Financial Transaction Id: [PHONE_0452]. External Transaction Id: 3710727621129413425. Subscribe to MoMo Helep with *126*61# and complete your transactions: even without money, initiate your payments and transfers, and MoMo will cover the remaining amount."
USER_10,2025-06-12,21:51:46,MobileMoney,transaction,OUT,500.0,XAF,1034.0,"A transaction of 500 XAF by MTNC BUNDLES_FORFAITS   (MTN_Bundles) on your mobile money account successfully completed at 2025-06-12 21:51:35. The amount was subject to a discount of 0 and coupons worth 0. Message from debit receiver: . Your new balance:1034 XAF. Fee was 0 XAF, loyalty fee was 0 and loyalty reward was 0. Financial Transaction Id: [PHONE_8231]. External Transaction Id: 2486269381957613628. Subscribe to MoMo Helep with *126*61# and complete your transactions: even without money, initiate your payments and transfers, and MoMo will cover the remaining amount."
USER_10,2025-06-13,06:53:43,MobileMoney,transaction,OUT,500.0,XAF,534.0,"A transaction of 500 XAF by MTNC BUNDLES_FORFAITS   (MTN_Bundles) on your mobile money account successfully completed at 2025-06-13 06:53:32. The amount was subject to a discount of 0 and coupons worth 0. Message from debit receiver: . Your new balance:534 XAF. Fee was 0 XAF, loyalty fee was 0 and loyalty reward was 0. Financial Transaction Id: [PHONE_1642]. External Transaction Id: 824725455272843727. Subscribe to MoMo Helep with *126*61# and complete your transactions: even without money, initiate your payments and transfers, and MoMo will cover the remaining amount."
USER_10,2025-06-13,22:27:50,MobileMoney,transaction,OUT,500.0,XAF,34.0,"A transaction of 500 XAF by MTNC BUNDLES_FORFAITS   (MTN_Bundles) on your mobile money account successfully completed at 2025-06-13 22:27:39. The amount was subject to a discount of 0 and coupons worth 0. Message from debit receiver: . Your new balance:34 XAF. Fee was 0 XAF, loyalty fee was 0 and loyalty reward was 0. Financial Transaction Id: [PHONE_8613]. External Transaction Id: 5778151041497443981. Subscribe to MoMo Helep with *126*61# and complete your transactions: even without money, initiate your payments and transfers, and MoMo will cover the remaining amount."
USER_10,2025-06-14,21:52:36,MobileMoney,transfert,IN,2000.0,XAF,2034.0,"You have received 2000 XAF of [CONTACT_E80E] Ers Shalomes Services ([PHONE_2963] ) on your Mobile Money 2025-06-14 19:48:21 account. Message from the sender: . Your new balance is 2034 XAF. Fee Paid: 0 XAF. Transaction ID: [PHONE_6773]. Subscribe to MoMo Helep with *126*61# and complete your transactions: even without money, initiate your payments and transfers, and MoMo will cover the remaining amount."
USER_10,2025-06-14,21:54:15,MobileMoney,transaction,OUT,500.0,XAF,1534.0,"A transaction of 500 XAF by MTNC BUNDLES_FORFAITS   (MTN_Bundles) on your mobile money account successfully completed at 2025-06-14 21:54:00. The amount was subject to a discount of 0 and coupons worth 0. Message from debit receiver: . Your new balance:1534 XAF. Fee was 0 XAF, loyalty fee was 0 and loyalty reward was 0. Financial Transaction Id: [PHONE_7972]. External Transaction Id: 2179250625757001779. Subscribe to MoMo Helep with *126*61# and complete your transactions: even without money, initiate your payments and transfers, and MoMo will cover the remaining amount."
USER_10,2025-06-16,13:19:44,MobileMoney,transaction,OUT,500.0,XAF,534.0,"A transaction of 500 XAF by MTNC BUNDLES_FORFAITS   (MTN_Bundles) on your mobile money account successfully completed at 2025-06-16 13:19:33. The amount was subject to a discount of 0 and coupons worth 0. Message from debit receiver: . Your new balance:534 XAF. Fee was 0 XAF, loyalty fee was 0 and loyalty reward was 0. Financial Transaction Id: [PHONE_3094]. External Transaction Id: 2777826083310693029. Subscribe to MoMo Helep with *126*61# and complete your transactions: even without money, initiate your payments and transfers, and MoMo will cover the remaining amount."
USER_10,2025-06-16,21:02:20,MobileMoney,transaction,OUT,500.0,XAF,34.0,"A transaction of 500 XAF by MTNC BUNDLES_FORFAITS   (MTN_Bundles) on your mobile money account successfully completed at 2025-06-16 21:02:09. The amount was subject to a discount of 0 and coupons worth 0. Message from debit receiver: . Your new balance:34 XAF. Fee was 0 XAF, loyalty fee was 0 and loyalty reward was 0. Financial Transaction Id: [PHONE_6713]. External Transaction Id: 6589702487071715172. Subscribe to MoMo Helep with *126*61# and complete your transactions: even without money, initiate your payments and transfers, and MoMo will cover the remaining amount."
USER_10,2025-06-18,09:13:40,MobileMoney,transfert,IN,1200.0,XAF,1234.0,"You have received 1200 XAF of [CONTACT_E80E] Ers Shalomes Services ([PHONE_2963] ) on your Mobile Money 2025-06-18 09:13:39 account. Message from the sender: . Your new balance is 1234 XAF. Fee Paid: 0 XAF. Transaction ID: [PHONE_3148]. Subscribe to MoMo Helep with *126*61# and complete your transactions: even without money, initiate your payments and transfers, and MoMo will cover the remaining amount."
USER_10,2025-06-18,09:15:29,MobileMoney,transaction,OUT,500.0,XAF,734.0,"A transaction of 500 XAF by MTNC BUNDLES_FORFAITS   (MTN_Bundles) on your mobile money account successfully completed at 2025-06-18 09:15:19. The amount was subject to a discount of 0 and coupons worth 0. Message from debit receiver: . Your new balance:734 XAF. Fee was 0 XAF, loyalty fee was 0 and loyalty reward was 0. Financial Transaction Id: [PHONE_9926]. External Transaction Id: 7725659040058640830. Subscribe to MoMo Helep with *126*61# and complete your transactions: even without money, initiate your payments and transfers, and MoMo will cover the remaining amount."
USER_10,2025-06-19,08:04:17,MobileMoney,transaction,OUT,500.0,XAF,234.0,"A transaction of 500 XAF by MTNC BUNDLES_FORFAITS   (MTN_Bundles) on your mobile money account successfully completed at 2025-06-19 08:03:54. The amount was subject to a discount of 0 and coupons worth 0. Message from debit receiver: . Your new balance:234 XAF. Fee was 0 XAF, loyalty fee was 0 and loyalty reward was 0. Financial Transaction Id: [PHONE_7236]. External Transaction Id: 909787212689537613. Subscribe to MoMo Helep with *126*61# and complete your transactions: even without money, initiate your payments and transfers, and MoMo will cover the remaining amount."
USER_10,2025-06-20,19:05:13,MobileMoney,transfert,IN,1700.0,XAF,1934.0,"You have received 1700 XAF of [CONTACT_E80E] Ers Shalomes Services ([PHONE_2963] ) on your Mobile Money 2025-06-20 19:05:10 account. Message from the sender: . Your new balance is 1934 XAF. Fee Paid: 0 XAF. Transaction ID: [PHONE_6281]. Subscribe to MoMo Helep with *126*61# and complete your transactions: even without money, initiate your payments and transfers, and MoMo will cover the remaining amount."
USER_10,2025-06-21,05:15:02,MobileMoney,transaction,OUT,500.0,XAF,1434.0,"A transaction of 500 XAF by MTNC BUNDLES_FORFAITS   (MTN_Bundles) on your mobile money account successfully completed at 2025-06-21 05:14:49. The amount was subject to a discount of 0 and coupons worth 0. Message from debit receiver: . Your new balance:1434 XAF. Fee was 0 XAF, loyalty fee was 0 and loyalty reward was 0. Financial Transaction Id: [PHONE_2143]. External Transaction Id: 1390353680364009436. Subscribe to MoMo Helep with *126*61# and complete your transactions: even without money, initiate your payments and transfers, and MoMo will cover the remaining amount."
USER_10,2025-06-21,20:44:27,MobileMoney,transaction,OUT,500.0,XAF,934.0,"A transaction of 500 XAF by MTNC BUNDLES_FORFAITS   (MTN_Bundles) on your mobile money account successfully completed at 2025-06-21 20:44:16. The amount was subject to a discount of 0 and coupons worth 0. Message from debit receiver: . Your new balance:934 XAF. Fee was 0 XAF, loyalty fee was 0 and loyalty reward was 0. Financial Transaction Id: [PHONE_7037]. External Transaction Id: 5102533633003608233. Subscribe to MoMo Helep with *126*61# and complete your transactions: even without money, initiate your payments and transfers, and MoMo will cover the remaining amount."
USER_10,2025-06-22,01:20:30,MobileMoney,paiement,OUT,200.0,XAF,734.0,"Your payment of 200 XAF to MTNC BUNDLES_FORFAITS has been completed at 2025-06-22 01:20:11. Your new balance: 734 XAF. Fee was 0 XAF. Message: -. Transaction Id: [PHONE_6538].Subscribe to MoMo Helep with *126*61# and complete your transactions: even without money, initiate your payments and transfers, and MoMo will cover the remaining amount."
USER_10,2025-06-22,20:46:01,MobileMoney,transaction,OUT,500.0,XAF,234.0,"A transaction of 500 XAF by MTNC BUNDLES_FORFAITS   (MTN_Bundles) on your mobile money account successfully completed at 2025-06-22 20:45:51. The amount was subject to a discount of 0 and coupons worth 0. Message from debit receiver: . Your new balance:234 XAF. Fee was 0 XAF, loyalty fee was 0 and loyalty reward was 0. Financial Transaction Id: [PHONE_2829]. External Transaction Id: 1287749342121209664. Subscribe to MoMo Helep with *126*61# and complete your transactions: even without money, initiate your payments and transfers, and MoMo will cover the remaining amount."
USER_10,2025-06-24,17:54:50,MobileMoney,transfert,IN,1000.0,XAF,1234.0,"You have received 1000 XAF of [CONTACT_E80E] Ers Shalomes Services ([PHONE_2963] ) on your Mobile Money 2025-06-24 17:54:48 account. Message from the sender: . Your new balance is 1234 XAF. Fee Paid: 0 XAF. Transaction ID: [PHONE_0970]. Subscribe to MoMo Helep with *126*61# and complete your transactions: even without money, initiate your payments and transfers, and MoMo will cover the remaining amount."
USER_10,2025-06-24,18:02:46,MobileMoney,transaction,OUT,500.0,XAF,734.0,"A transaction of 500 XAF by MTNC BUNDLES_FORFAITS   (MTN_Bundles) on your mobile money account successfully completed at 2025-06-24 18:02:36. The amount was subject to a discount of 0 and coupons worth 0. Message from debit receiver: . Your new balance:734 XAF. Fee was 0 XAF, loyalty fee was 0 and loyalty reward was 0. Financial Transaction Id: [PHONE_1573]. External Transaction Id: 3448811326309680043. Subscribe to MoMo Helep with *126*61# and complete your transactions: even without money, initiate your payments and transfers, and MoMo will cover the remaining amount."
USER_10,2025-06-26,14:20:43,MobileMoney,transaction,OUT,500.0,XAF,234.0,"A transaction of 500 XAF by MTNC BUNDLES_FORFAITS   (MTN_Bundles) on your mobile money account successfully completed at 2025-06-26 14:20:33. The amount was subject to a discount of 0 and coupons worth 0. Message from debit receiver: . Your new balance:234 XAF. Fee was 0 XAF, loyalty fee was 0 and loyalty reward was 0. Financial Transaction Id: [PHONE_9693]. External Transaction Id: 9186176211575353903. Subscribe to MoMo Helep with *126*61# and complete your transactions: even without money, initiate your payments and transfers, and MoMo will cover the remaining amount."
USER_10,2025-06-27,19:45:42,MobileMoney,transfert,IN,500.0,XAF,734.0,"You have received 500 XAF of [CONTACT_E80E] Ers Shalomes Services ([PHONE_2963] ) on your Mobile Money 2025-06-27 19:45:40 account. Message from the sender: . Your new balance is 734 XAF. Fee Paid: 0 XAF. Transaction ID: [PHONE_1403]. Subscribe to MoMo Helep with *126*61# and complete your transactions: even without money, initiate your payments and transfers, and MoMo will cover the remaining amount."
USER_10,2025-06-27,20:53:26,MobileMoney,transaction,OUT,500.0,XAF,234.0,"A transaction of 500 XAF by MTNC BUNDLES_FORFAITS   (MTN_Bundles) on your mobile money account successfully completed at 2025-06-27 20:53:15. The amount was subject to a discount of 0 and coupons worth 0. Message from debit receiver: . Your new balance:234 XAF. Fee was 0 XAF, loyalty fee was 0 and loyalty reward was 0. Financial Transaction Id: [PHONE_4966]. External Transaction Id: 6778503818870198517. Subscribe to MoMo Helep with *126*61# and complete your transactions: even without money, initiate your payments and transfers, and MoMo will cover the remaining amount."
USER_10,2025-06-28,16:37:23,MobileMoney,paiement,OUT,100.0,XAF,134.0,"Your payment of 100 XAF to MTNC BUNDLES_FORFAITS has been completed at 2025-06-28 16:37:07. Your new balance: 134 XAF. Fee was 0 XAF. Message: -. Transaction Id: [PHONE_1193].Subscribe to MoMo Helep with *126*61# and complete your transactions: even without money, initiate your payments and transfers, and MoMo will cover the remaining amount."
USER_10,2025-06-28,18:52:26,MobileMoney,paiement,OUT,25.0,XAF,109.0,"Your payment of 25 XAF to MTNC Bundles has been completed at 2025-06-28 18:52:00. Your new balance: 109 XAF. Fee was 0 XAF. Message: DATA. Transaction Id: [PHONE_4879].Subscribe to MoMo Helep with *126*61# and complete your transactions: even without money, initiate your payments and transfers, and MoMo will cover the remaining amount."
USER_10,2025-06-28,19:26:55,MobileMoney,paiement,OUT,100.0,XAF,9.0,"Your payment of 100 XAF to MTNC BUNDLES_FORFAITS has been completed at 2025-06-28 19:26:40. Your new balance: 9 XAF. Fee was 0 XAF. Message: -. Transaction Id: [PHONE_1614].Subscribe to MoMo Helep with *126*61# and complete your transactions: even without money, initiate your payments and transfers, and MoMo will cover the remaining amount."
USER_10,2025-06-28,21:11:38,MobileMoney,transfert,IN,200.0,XAF,209.0,You have received 200 XAF from [CONTACT_3F22] ([PHONE_1284]) on your mobile money account at 2025-06-28 21:11:36. Message from sender: 1. Your new balance:209 XAF. Financial Transaction Id: [PHONE_6109].
USER_10,2025-06-29,20:11:23,MobileMoney,transaction,OUT,199.0,XAF,10.0,"A transaction of 199 XAF by MTNC BUNDLES_FORFAITS   (MTN_Bundles) on your mobile money account successfully completed at 2025-06-29 20:09:05. The amount was subject to a discount of 0 and coupons worth 0. Message from debit receiver: . Your new balance:10 XAF. Fee was 0 XAF, loyalty fee was 0 and loyalty reward was 0. Financial Transaction Id: [PHONE_7786]. External Transaction Id: 6148662606217050057. Subscribe to MoMo Helep with *126*61# and complete your transactions: even without money, initiate your payments and transfers, and MoMo will cover the remaining amount."
USER_10,2025-07-01,15:21:00,MobileMoney,transfert,IN,10000.0,XAF,10010.0,"You have received 10000 XAF of [CONTACT_C377] Mutah Emmanuella Enjong ([PHONE_9382] Mutah Emmanuella Enjong) on your Mobile Money 2025-07-01 15:20:58 account. Message from the sender: . Your new balance is 10010 XAF. Fee Paid: 0 XAF. Transaction ID: [PHONE_5803]. Subscribe to MoMo Helep with *126*61# and complete your transactions: even without money, initiate your payments and transfers, and MoMo will cover the remaining amount."
USER_10,2025-07-01,15:49:36,MobileMoney,transaction,OUT,500.0,XAF,9510.0,"A transaction of 500 XAF by MTNC BUNDLES_FORFAITS   (MTN_Bundles) on your mobile money account successfully completed at 2025-07-01 15:49:26. The amount was subject to a discount of 0 and coupons worth 0. Message from debit receiver: . Your new balance:9510 XAF. Fee was 0 XAF, loyalty fee was 0 and loyalty reward was 0. Financial Transaction Id: [PHONE_8843]. External Transaction Id: 8610790081184884276. Subscribe to MoMo Helep with *126*61# and complete your transactions: even without money, initiate your payments and transfers, and MoMo will cover the remaining amount."
USER_10,2025-07-01,16:47:59,MobileMoney,retrait,OUT,8100.0,XAF,1284.0,"You have withdrawn 8100 XAF from your mobile m[CONTACT_ED2B]ey account at  [CONTACT_ED2B] 2025-07-01 15:51:00. Your new balance:1284 XAF. Financial Transaction Id: [PHONE_8438]. Subscribe to MoMo Helep with *126*61# and complete your transactions: even without money, initiate your payments and transfers, and MoMo will cover the remaining amount."
USER_10,2025-07-01,22:28:48,MobileMoney,transfert,IN,500.0,XAF,1784.0,You have received 500 XAF from [CONTACT_20A3] ([PHONE_5329]) on your mobile money account at 2025-07-01 22:28:46. Message from sender: 1. Your new balance:1784 XAF. Financial Transaction Id: [PHONE_5080].
USER_10,2025-07-01,22:45:56,MobileMoney,transaction,OUT,500.0,XAF,1284.0,"A transaction of 500 XAF by MTNC BUNDLES_FORFAITS   (MTN_Bundles) on your mobile money account successfully completed at 2025-07-01 22:45:45. The amount was subject to a discount of 0 and coupons worth 0. Message from debit receiver: . Your new balance:1284 XAF. Fee was 0 XAF, loyalty fee was 0 and loyalty reward was 0. Financial Transaction Id: [PHONE_8019]. External Transaction Id: 7083594406931629568. Subscribe to MoMo Helep with *126*61# and complete your transactions: even without money, initiate your payments and transfers, and MoMo will cover the remaining amount."
USER_10,2025-07-02,21:58:29,MobileMoney,transaction,OUT,500.0,XAF,784.0,"A transaction of 500 XAF by MTNC BUNDLES_FORFAITS   (MTN_Bundles) on your mobile money account successfully completed at 2025-07-02 21:58:19. The amount was subject to a discount of 0 and coupons worth 0. Message from debit receiver: . Your new balance:784 XAF. Fee was 0 XAF, loyalty fee was 0 and loyalty reward was 0. Financial Transaction Id: [PHONE_5180]. External Transaction Id: 8791207878943837632. Subscribe to MoMo Helep with *126*61# and complete your transactions: even without money, initiate your payments and transfers, and MoMo will cover the remaining amount."
USER_10,2025-07-03,13:14:11,MobileMoney,transaction,OUT,500.0,XAF,284.0,"A transaction of 500 XAF by MTNC BUNDLES_FORFAITS   (MTN_Bundles) on your mobile money account successfully completed at 2025-07-03 13:14:00. The amount was subject to a discount of 0 and coupons worth 0. Message from debit receiver: . Your new balance:284 XAF. Fee was 0 XAF, loyalty fee was 0 and loyalty reward was 0. Financial Transaction Id: [PHONE_4553]. External Transaction Id: 6909078217957530622. Subscribe to MoMo Helep with *126*61# and complete your transactions: even without money, initiate your payments and transfers, and MoMo will cover the remaining amount."
USER_10,2025-07-04,08:36:15,MobileMoney,transaction,OUT,75.0,XAF,209.0,"A transaction of 75 XAF by MTNC BUNDLES_FORFAITS   (MTN_Bundles) on your mobile money account successfully completed at 2025-07-04 08:36:06. The amount was subject to a discount of 0 and coupons worth 0. Message from debit receiver: . Your new balance:209 XAF. Fee was 0 XAF, loyalty fee was 0 and loyalty reward was 0. Financial Transaction Id: [PHONE_8289]. External Transaction Id: 3465212961261440121. Subscribe to MoMo Helep with *126*61# and complete your transactions: even without money, initiate your payments and transfers, and MoMo will cover the remaining amount."
USER_10,2025-07-04,08:52:49,MobileMoney,transaction,OUT,199.0,XAF,10.0,"A transaction of 199 XAF by MTNC BUNDLES_FORFAITS   (MTN_Bundles) on your mobile money account successfully completed at 2025-07-04 08:52:39. The amount was subject to a discount of 0 and coupons worth 0. Message from debit receiver: . Your new balance:10 XAF. Fee was 0 XAF, loyalty fee was 0 and loyalty reward was 0. Financial Transaction Id: [PHONE_6304]. External Transaction Id: 35725215325586709. Subscribe to MoMo Helep with *126*61# and complete your transactions: even without money, initiate your payments and transfers, and MoMo will cover the remaining amount."
USER_10,2025-07-04,15:33:06,MobileMoney,transfert,IN,2000.0,XAF,2010.0,"You have received 2000 XAF of [CONTACT_E80E] Ers Shalomes Services ([PHONE_2963] ) on your Mobile Money 2025-07-04 15:33:06 account. Message from the sender: . Your new balance is 2010 XAF. Fee Paid: 0 XAF. Transaction ID: [PHONE_6376]. Subscribe to MoMo Helep with *126*61# and complete your transactions: even without money, initiate your payments and transfers, and MoMo will cover the remaining amount."
USER_10,2025-07-05,12:37:42,MobileMoney,transaction,OUT,500.0,XAF,1010.0,"A transaction of 500 XAF by MTNC BUNDLES_FORFAITS   (MTN_Bundles) on your mobile money account successfully completed at 2025-07-05 12:37:31. The amount was subject to a discount of 0 and coupons worth 0. Message from debit receiver: . Your new balance:1010 XAF. Fee was 0 XAF, loyalty fee was 0 and loyalty reward was 0. Financial Transaction Id: [PHONE_3965]. External Transaction Id: 1534052195957858544. Subscribe to MoMo Helep with *126*61# and complete your transactions: even without money, initiate your payments and transfers, and MoMo will cover the remaining amount."
USER_10,2025-07-05,22:04:46,MobileMoney,transaction,OUT,500.0,XAF,510.0,"A transaction of 500 XAF by MTNC BUNDLES_FORFAITS   (MTN_Bundles) on your mobile money account successfully completed at 2025-07-05 22:04:18. The amount was subject to a discount of 0 and coupons worth 0. Message from debit receiver: . Your new balance:510 XAF. Fee was 0 XAF, loyalty fee was 0 and loyalty reward was 0. Financial Transaction Id: [PHONE_9330]. External Transaction Id: 8395500725902275271. Subscribe to MoMo Helep with *126*61# and complete your transactions: even without money, initiate your payments and transfers, and MoMo will cover the remaining amount."
USER_10,2025-07-08,19:44:57,MobileMoney,transfert,IN,1100.0,XAF,1110.0,"You have received 1100 XAF of [CONTACT_E80E] Ers Shalomes Services ([PHONE_2963] ) on your Mobile Money 2025-07-08 19:44:54 account. Message from the sender: . Your new balance is 1110 XAF. Fee Paid: 0 XAF. Transaction ID: [PHONE_8826]. Subscribe to MoMo Helep with *126*61# and complete your transactions: even without money, initiate your payments and transfers, and MoMo will cover the remaining amount."
USER_10,2025-07-08,19:47:49,MobileMoney,paiement,OUT,1000.0,XAF,10.0,"Your payment of 1000 XAF to ENEO has been completed at 2025-07-08 19:47:46. Your new balance: 10 XAF. Fee was 100 XAF. Message: -. Transaction Id: [PHONE_8233].Subscribe to MoMo Helep with *126*61# and complete your transactions: even without money, initiate your payments and transfers, and MoMo will cover the remaining amount."
USER_10,2025-07-11,09:41:15,MobileMoney,transfert,IN,3000.0,XAF,3010.0,You have received 3000 XAF from [CONTACT_3F22] ([PHONE_1284]) on your mobile money account at 2025-07-11 09:41:14. Message from sender: 1. Your new balance:3010 XAF. Financial Transaction Id: [PHONE_8477].
USER_10,2025-07-11,14:51:15,MobileMoney,transaction,OUT,500.0,XAF,2510.0,"A transaction of 500 XAF by MTNC BUNDLES_FORFAITS   (MTN_Bundles) on your mobile money account successfully completed at 2025-07-11 14:51:04. The amount was subject to a discount of 0 and coupons worth 0. Message from debit receiver: . Your new balance:2510 XAF. Fee was 0 XAF, loyalty fee was 0 and loyalty reward was 0. Financial Transaction Id: [PHONE_1717]. External Transaction Id: 9154271698968418805. Subscribe to MoMo Helep with *126*61# and complete your transactions: even without money, initiate your payments and transfers, and MoMo will cover the remaining amount."
USER_10,2025-07-11,21:52:58,MobileMoney,transaction,OUT,500.0,XAF,2010.0,"A transaction of 500 XAF by MTNC BUNDLES_FORFAITS   (MTN_Bundles) on your mobile money account successfully completed at 2025-07-11 21:52:52. The amount was subject to a discount of 0 and coupons worth 0. Message from debit receiver: . Your new balance:2010 XAF. Fee was 0 XAF, loyalty fee was 0 and loyalty reward was 0. Financial Transaction Id: [PHONE_6165]. External Transaction Id: 8797976614358032191. Subscribe to MoMo Helep with *126*61# and complete your transactions: even without money, initiate your payments and transfers, and MoMo will cover the remaining amount."
USER_10,2025-07-12,19:27:40,MobileMoney,paiement,OUT,1000.0,XAF,910.0,"Your payment of 1000 XAF to ENEO has been completed at 2025-07-12 19:27:36. Your new balance: 910 XAF. Fee was 100 XAF. Message: -. Transaction Id: [PHONE_0714].Subscribe to MoMo Helep with *126*61# and complete your transactions: even without money, initiate your payments and transfers, and MoMo will cover the remaining amount."
USER_10,2025-07-12,22:14:18,MobileMoney,transaction,OUT,500.0,XAF,410.0,"A transaction of 500 XAF by MTNC BUNDLES_FORFAITS   (MTN_Bundles) on your mobile money account successfully completed at 2025-07-12 22:14:13. The amount was subject to a discount of 0 and coupons worth 0. Message from debit receiver: . Your new balance:410 XAF. Fee was 0 XAF, loyalty fee was 0 and loyalty reward was 0. Financial Transaction Id: [PHONE_1998]. External Transaction Id: 2480624995681184480. Subscribe to MoMo Helep with *126*61# and complete your transactions: even without money, initiate your payments and transfers, and MoMo will cover the remaining amount."
USER_10,2025-07-17,15:50:10,MobileMoney,paiement,OUT,125.0,XAF,285.0,"Your payment of 125 XAF to MTNC BUNDLES_FORFAITS has been completed at 2025-07-17 15:49:54. Your new balance: 285 XAF. Fee was 0 XAF. Message: -. Transaction Id: [PHONE_3040].Subscribe to MoMo Helep with *126*61# and complete your transactions: even without money, initiate your payments and transfers, and MoMo will cover the remaining amount."
USER_10,2025-07-17,17:13:34,MobileMoney,paiement,OUT,125.0,XAF,160.0,"Your payment of 125 XAF to MTNC BUNDLES_FORFAITS has been completed at 2025-07-17 17:13:06. Your new balance: 160 XAF. Fee was 0 XAF. Message: -. Transaction Id: [PHONE_9891].Subscribe to MoMo Helep with *126*61# and complete your transactions: even without money, initiate your payments and transfers, and MoMo will cover the remaining amount."
USER_10,2025-07-18,16:30:59,MobileMoney,paiement,OUT,25.0,XAF,135.0,"Your payment of 25 XAF to MTNC Bundles has been completed at 2025-07-18 16:30:31. Your new balance: 135 XAF. Fee was 0 XAF. Message: DATA. Transaction Id: [PHONE_2111].Subscribe to MoMo Helep with *126*61# and complete your transactions: even without money, initiate your payments and transfers, and MoMo will cover the remaining amount."
USER_10,2025-07-19,15:28:12,MobileMoney,paiement,OUT,25.0,XAF,110.0,"Your payment of 25 XAF to MTNC Bundles has been completed at 2025-07-19 15:27:46. Your new balance: 110 XAF. Fee was 0 XAF. Message: DATA. Transaction Id: [PHONE_6937].Subscribe to MoMo Helep with *126*61# and complete your transactions: even without money, initiate your payments and transfers, and MoMo will cover the remaining amount."
USER_10,2025-07-22,08:33:19,MobileMoney,paiement,OUT,25.0,XAF,85.0,"Your payment of 25 XAF to MTNC Bundles has been completed at 2025-07-22 08:32:52. Your new balance: 85 XAF. Fee was 0 XAF. Message: DATA. Transaction Id: [PHONE_7724].Subscribe to MoMo Helep with *126*61# and complete your transactions: even without money, initiate your payments and transfers, and MoMo will cover the remaining amount."
USER_10,2025-07-22,14:37:25,MobileMoney,transfert,IN,4000.0,XAF,4085.0,You have received 4000 XAF from [CONTACT_FCD4] ([PHONE_6220]) on your mobile money account at 2025-07-22 14:37:24. Message from sender: . Your new balance:4085 XAF. Financial Transaction Id: [PHONE_7760].
USER_10,2025-07-22,14:38:51,MobileMoney,transaction,OUT,500.0,XAF,3585.0,"A transaction of 500 XAF by MTNC BUNDLES_FORFAITS   (MTN_Bundles) on your mobile money account successfully completed at 2025-07-22 14:38:40. The amount was subject to a discount of 0 and coupons worth 0. Message from debit receiver: . Your new balance:3585 XAF. Fee was 0 XAF, loyalty fee was 0 and loyalty reward was 0. Financial Transaction Id: [PHONE_0440]. External Transaction Id: 8148449421699640459. Subscribe to MoMo Helep with *126*61# and complete your transactions: even without money, initiate your payments and transfers, and MoMo will cover the remaining amount."
USER_10,2025-07-22,18:54:55,MobileMoney,paiement,OUT,3000.0,XAF,485.0,"Your payment of 3000 XAF to ENEO has been completed at 2025-07-22 18:54:38. Your new balance: 485 XAF. Fee was 100 XAF. Message: -. Transaction Id: [PHONE_7576].Subscribe to MoMo Helep with *126*61# and complete your transactions: even without money, initiate your payments and transfers, and MoMo will cover the remaining amount."
USER_10,2025-07-23,09:13:33,MobileMoney,paiement,OUT,125.0,XAF,360.0,"Your payment of 125 XAF to MTNC BUNDLES_FORFAITS has been completed at 2025-07-23 09:13:17. Your new balance: 360 XAF. Fee was 0 XAF. Message: -. Transaction Id: [PHONE_0891].Subscribe to MoMo Helep with *126*61# and complete your transactions: even without money, initiate your payments and transfers, and MoMo will cover the remaining amount."
USER_10,2025-07-23,10:27:06,MobileMoney,transfert,IN,5000.0,XAF,5360.0,"You have received 5000 XAF of [CONTACT_C377] Mutah Emmanuella Enjong ([PHONE_9382] Mutah Emmanuella Enjong) on your Mobile Money 2025-07-23 10:27:04 account. Message from the sender: . Your new balance is 5360 XAF. Fee Paid: 0 XAF. Transaction ID: [PHONE_9487]. Subscribe to MoMo Helep with *126*61# and complete your transactions: even without money, initiate your payments and transfers, and MoMo will cover the remaining amount."
USER_10,2025-07-23,10:50:49,MobileMoney,retrait,OUT,3600.0,XAF,1702.0,"You have withdrawn 3600 XAF from your mobile m[CONTACT_ED2B]ey account at  [CONTACT_ED2B] 2025-07-23 10:50:38. Your new balance:1702 XAF. Financial Transaction Id: [PHONE_1152]. Subscribe to MoMo Helep with *126*61# and complete your transactions: even without money, initiate your payments and transfers, and MoMo will cover the remaining amount."
USER_10,2025-07-23,12:10:19,MobileMoney,transaction,OUT,500.0,XAF,1202.0,"A transaction of 500 XAF by MTNC BUNDLES_FORFAITS   (MTN_Bundles) on your mobile money account successfully completed at 2025-07-23 12:10:07. The amount was subject to a discount of 0 and coupons worth 0. Message from debit receiver: . Your new balance:1202 XAF. Fee was 0 XAF, loyalty fee was 0 and loyalty reward was 0. Financial Transaction Id: [PHONE_0420]. External Transaction Id: 6748643079974627557. Subscribe to MoMo Helep with *126*61# and complete your transactions: even without money, initiate your payments and transfers, and MoMo will cover the remaining amount."
USER_10,2025-07-23,14:57:35,MobileMoney,transaction,OUT,500.0,XAF,702.0,"A transaction of 500 XAF by MTNC BUNDLES_FORFAITS   (MTN_Bundles) on your mobile money account successfully completed at 2025-07-23 14:57:25. The amount was subject to a discount of 0 and coupons worth 0. Message from debit receiver: . Your new balance:702 XAF. Fee was 0 XAF, loyalty fee was 0 and loyalty reward was 0. Financial Transaction Id: [PHONE_0819]. External Transaction Id: 2107559940926613834. Subscribe to MoMo Helep with *126*61# and complete your transactions: even without money, initiate your payments and transfers, and MoMo will cover the remaining amount."
USER_10,2025-07-25,20:07:18,MobileMoney,transaction,OUT,500.0,XAF,202.0,"A transaction of 500 XAF by MTNC BUNDLES_FORFAITS   (MTN_Bundles) on your mobile money account successfully completed at 2025-07-25 20:07:16. The amount was subject to a discount of 0 and coupons worth 0. Message from debit receiver: . Your new balance:202 XAF. Fee was 0 XAF, loyalty fee was 0 and loyalty reward was 0. Financial Transaction Id: [PHONE_7430]. External Transaction Id: 4008775518068858761. Subscribe to MoMo Helep with *126*61# and complete your transactions: even without money, initiate your payments and transfers, and MoMo will cover the remaining amount."
USER_10,2025-07-27,13:04:19,MobileMoney,paiement,OUT,100.0,XAF,102.0,"Your payment of 100 XAF to MTNC BUNDLES_FORFAITS has been completed at 2025-07-27 13:04:03. Your new balance: 102 XAF. Fee was 0 XAF. Message: -. Transaction Id: [PHONE_6399].Subscribe to MoMo Helep with *126*61# and complete your transactions: even without money, initiate your payments and transfers, and MoMo will cover the remaining amount."
USER_10,2025-07-28,20:05:49,MobileMoney,paiement,OUT,100.0,XAF,2.0,"Your payment of 100 XAF to MTNC BUNDLES_FORFAITS has been completed at 2025-07-28 20:05:28. Your new balance: 2 XAF. Fee was 0 XAF. Message: -. Transaction Id: [PHONE_4726].Subscribe to MoMo Helep with *126*61# and complete your transactions: even without money, initiate your payments and transfers, and MoMo will cover the remaining amount."
USER_10,2025-07-29,14:20:50,MobileMoney,transfert,IN,55150.0,XAF,55152.0,"You have received 55150 XAF of [CONTACT_2949] [CONTACT_7C0A] ([PHONE_3287] [CONTACT_D0D3] NGATSING) on your Mobile Money 2025-07-29 14:20:49 account. Message from the sender: . Your new balance is 55152 XAF. Fee Paid: 0 XAF. Transaction ID: [PHONE_6709]. Subscribe to MoMo Helep with *126*61# and complete your transactions: even without money, initiate your payments and transfers, and MoMo will cover the remaining amount."
USER_10,2025-07-29,14:41:31,MobileMoney,retrait,OUT,50000.0,XAF,4398.0,"You have withdrawn 50000 XAF from your mobile m[CONTACT_ED2B]ey account at  [CONTACT_ED2B] 2025-07-29 14:37:34. Your new balance:4398 XAF. Financial Transaction Id: [PHONE_8959]. Subscribe to MoMo Helep with *126*61# and complete your transactions: even without money, initiate your payments and transfers, and MoMo will cover the remaining amount."
USER_10,2025-07-29,15:08:56,MobileMoney,paiement,OUT,1000.0,XAF,3298.0,"Your payment of 1000 XAF to ENEO has been completed at 2025-07-29 15:08:40. Your new balance: 3298 XAF. Fee was 100 XAF. Message: -. Transaction Id: [PHONE_6503].Subscribe to MoMo Helep with *126*61# and complete your transactions: even without money, initiate your payments and transfers, and MoMo will cover the remaining amount."
USER_10,2025-07-29,15:11:32,MobileMoney,paiement,OUT,1000.0,XAF,2198.0,"Your payment of 1000 XAF to ENEO has been completed at 2025-07-29 15:11:15. Your new balance: 2198 XAF. Fee was 100 XAF. Message: -. Transaction Id: [PHONE_5441].Subscribe to MoMo Helep with *126*61# and complete your transactions: even without money, initiate your payments and transfers, and MoMo will cover the remaining amount."
USER_10,2025-07-29,18:46:38,MobileMoney,transaction,OUT,500.0,XAF,1698.0,"A transaction of 500 XAF by MTNC BUNDLES_FORFAITS   (MTN_Bundles) on your mobile money account successfully completed at 2025-07-29 18:46:25. The amount was subject to a discount of 0 and coupons worth 0. Message from debit receiver: . Your new balance:1698 XAF. Fee was 0 XAF, loyalty fee was 0 and loyalty reward was 0. Financial Transaction Id: [PHONE_2362]. External Transaction Id: 3417921198186630040. Subscribe to MoMo Helep with *126*61# and complete your transactions: even without money, initiate your payments and transfers, and MoMo will cover the remaining amount."
USER_10,2025-07-29,20:47:51,MobileMoney,transaction,OUT,500.0,XAF,1198.0,"A transaction of 500 XAF by MTNC BUNDLES_FORFAITS   (MTN_Bundles) on your mobile money account successfully completed at 2025-07-29 20:47:40. The amount was subject to a discount of 0 and coupons worth 0. Message from debit receiver: . Your new balance:1198 XAF. Fee was 0 XAF, loyalty fee was 0 and loyalty reward was 0. Financial Transaction Id: [PHONE_8363]. External Transaction Id: 3354390875475521760. Subscribe to MoMo Helep with *126*61# and complete your transactions: even without money, initiate your payments and transfers, and MoMo will cover the remaining amount."
USER_10,2025-07-30,11:27:16,MobileMoney,transaction,OUT,500.0,XAF,698.0,"A transaction of 500 XAF by MTNC BUNDLES_FORFAITS   (MTN_Bundles) on your mobile money account successfully completed at 2025-07-30 11:27:05. The amount was subject to a discount of 0 and coupons worth 0. Message from debit receiver: . Your new balance:698 XAF. Fee was 0 XAF, loyalty fee was 0 and loyalty reward was 0. Financial Transaction Id: [PHONE_4904]. External Transaction Id: 345164266779145892. Subscribe to MoMo Helep with *126*61# and complete your transactions: even without money, initiate your payments and transfers, and MoMo will cover the remaining amount."
USER_10,2025-07-30,18:10:33,MobileMoney,transaction,OUT,500.0,XAF,198.0,"A transaction of 500 XAF by MTNC BUNDLES_FORFAITS   (MTN_Bundles) on your mobile money account successfully completed at 2025-07-30 18:10:22. The amount was subject to a discount of 0 and coupons worth 0. Message from debit receiver: . Your new balance:198 XAF. Fee was 0 XAF, loyalty fee was 0 and loyalty reward was 0. Financial Transaction Id: [PHONE_4308]. External Transaction Id: 5023578589271734097. Subscribe to MoMo Helep with *126*61# and complete your transactions: even without money, initiate your payments and transfers, and MoMo will cover the remaining amount."
USER_10,2025-07-30,21:28:18,MobileMoney,transfert,IN,1600.0,XAF,1798.0,"You have received 1600 XAF of [CONTACT_5A23] [CONTACT_F231] ALU ([PHONE_6275] [CONTACT_AA6F]) on your Mobile Money 2025-07-30 21:28:17 account. Message from the sender: . Your new balance is 1798 XAF. Fee Paid: 0 XAF. Transaction ID: [PHONE_3340]. Subscribe to MoMo Helep with *126*61# and complete your transactions: even without money, initiate your payments and transfers, and MoMo will cover the remaining amount."
USER_10,2025-07-31,00:43:28,MobileMoney,paiement,OUT,200.0,XAF,1598.0,"Your payment of 200 XAF to MTNC BUNDLES_FORFAITS has been completed at 2025-07-31 00:43:11. Your new balance: 1598 XAF. Fee was 0 XAF. Message: -. Transaction Id: [PHONE_9440].Subscribe to MoMo Helep with *126*61# and complete your transactions: even without money, initiate your payments and transfers, and MoMo will cover the remaining amount."
USER_10,2025-07-31,02:38:30,MobileMoney,paiement,OUT,200.0,XAF,1398.0,"Your payment of 200 XAF to MTNC BUNDLES_FORFAITS has been completed at 2025-07-31 02:38:13. Your new balance: 1398 XAF. Fee was 0 XAF. Message: -. Transaction Id: [PHONE_5744].Subscribe to MoMo Helep with *126*61# and complete your transactions: even without money, initiate your payments and transfers, and MoMo will cover the remaining amount."
USER_10,2025-07-31,11:55:35,MobileMoney,transaction,OUT,500.0,XAF,898.0,"A transaction of 500 XAF by MTNC BUNDLES_FORFAITS   (MTN_Bundles) on your mobile money account successfully completed at 2025-07-31 11:55:26. The amount was subject to a discount of 0 and coupons worth 0. Message from debit receiver: . Your new balance:898 XAF. Fee was 0 XAF, loyalty fee was 0 and loyalty reward was 0. Financial Transaction Id: [PHONE_9807]. External Transaction Id: 1733563957677636326. Subscribe to MoMo Helep with *126*61# and complete your transactions: even without money, initiate your payments and transfers, and MoMo will cover the remaining amount."
USER_10,2025-07-31,17:11:15,MobileMoney,transaction,OUT,200.0,XAF,698.0,"A transaction of 200 XAF by MTNC BUNDLES_FORFAITS   (MTN_Bundles) on your mobile money account successfully completed at 2025-07-31 17:10:36. The amount was subject to a discount of 0 and coupons worth 0. Message from debit receiver: . Your new balance:698 XAF. Fee was 0 XAF, loyalty fee was 0 and loyalty reward was 0. Financial Transaction Id: [PHONE_1481]. External Transaction Id: 6863727439508322868. Subscribe to MoMo Helep with *126*61# and complete your transactions: even without money, initiate your payments and transfers, and MoMo will cover the remaining amount."
USER_10,2025-08-01,00:07:23,MobileMoney,transaction,OUT,500.0,XAF,198.0,"A transaction of 500 XAF by MTNC BUNDLES_FORFAITS   (MTN_Bundles) on your mobile money account successfully completed at 2025-08-01 00:07:13. The amount was subject to a discount of 0 and coupons worth 0. Message from debit receiver: . Your new balance:198 XAF. Fee was 0 XAF, loyalty fee was 0 and loyalty reward was 0. Financial Transaction Id: [PHONE_6682]. External Transaction Id: 5013023939179413. Subscribe to MoMo Helep with *126*61# and complete your transactions: even without money, initiate your payments and transfers, and MoMo will cover the remaining amount."
USER_10,2025-08-01,18:05:42,MobileMoney,transfert,IN,2000.0,XAF,2198.0,"You have received 2000 XAF of [CONTACT_E80E] Ers Shalomes Services ([PHONE_2963] ) on your Mobile Money 2025-08-01 18:05:41 account. Message from the sender: . Your new balance is 2198 XAF. Fee Paid: 0 XAF. Transaction ID: [PHONE_5645]. Subscribe to MoMo Helep with *126*61# and complete your transactions: even without money, initiate your payments and transfers, and MoMo will cover the remaining amount."
USER_10,2025-08-01,18:07:03,MobileMoney,transaction,OUT,500.0,XAF,1698.0,"A transaction of 500 XAF by MTNC BUNDLES_FORFAITS   (MTN_Bundles) on your mobile money account successfully completed at 2025-08-01 18:07:00. The amount was subject to a discount of 0 and coupons worth 0. Message from debit receiver: . Your new balance:1698 XAF. Fee was 0 XAF, loyalty fee was 0 and loyalty reward was 0. Financial Transaction Id: [PHONE_0385]. External Transaction Id: 2530669533804777988. Subscribe to MoMo Helep with *126*61# and complete your transactions: even without money, initiate your payments and transfers, and MoMo will cover the remaining amount."
USER_10,2025-08-01,23:08:49,MobileMoney,transaction,OUT,500.0,XAF,1198.0,"A transaction of 500 XAF by MTNC BUNDLES_FORFAITS   (MTN_Bundles) on your mobile money account successfully completed at 2025-08-01 23:08:40. The amount was subject to a discount of 0 and coupons worth 0. Message from debit receiver: . Your new balance:1198 XAF. Fee was 0 XAF, loyalty fee was 0 and loyalty reward was 0. Financial Transaction Id: [PHONE_0406]. External Transaction Id: 4062954759116879934. Subscribe to MoMo Helep with *126*61# and complete your transactions: even without money, initiate your payments and transfers, and MoMo will cover the remaining amount."
USER_10,2025-08-02,16:23:52,MobileMoney,transaction,OUT,500.0,XAF,698.0,"A transaction of 500 XAF by MTNC BUNDLES_FORFAITS   (MTN_Bundles) on your mobile money account successfully completed at 2025-08-02 16:23:40. The amount was subject to a discount of 0 and coupons worth 0. Message from debit receiver: . Your new balance:698 XAF. Fee was 0 XAF, loyalty fee was 0 and loyalty reward was 0. Financial Transaction Id: [PHONE_2686]. External Transaction Id: 2153045717802426041. Subscribe to MoMo Helep with *126*61# and complete your transactions: even without money, initiate your payments and transfers, and MoMo will cover the remaining amount."
USER_10,2025-08-03,13:49:40,MobileMoney,transaction,OUT,500.0,XAF,198.0,"A transaction of 500 XAF by MTNC BUNDLES_FORFAITS   (MTN_Bundles) on your mobile money account successfully completed at 2025-08-03 13:49:30. The amount was subject to a discount of 0 and coupons worth 0. Message from debit receiver: . Your new balance:198 XAF. Fee was 0 XAF, loyalty fee was 0 and loyalty reward was 0. Financial Transaction Id: [PHONE_3134]. External Transaction Id: 4752351421055073488. Subscribe to MoMo Helep with *126*61# and complete your transactions: even without money, initiate your payments and transfers, and MoMo will cover the remaining amount."
USER_10,2025-08-03,18:18:25,MobileMoney,transfert,IN,2000.0,XAF,2198.0,"You have received 2000 XAF of [CONTACT_E80E] Ers Shalomes Services ([PHONE_2963] ) on your Mobile Money 2025-08-03 18:18:23 account. Message from the sender: . Your new balance is 2198 XAF. Fee Paid: 0 XAF. Transaction ID: [PHONE_7713]. Subscribe to MoMo Helep with *126*61# and complete your transactions: even without money, initiate your payments and transfers, and MoMo will cover the remaining amount."
USER_10,2025-08-04,11:06:13,MobileMoney,transaction,OUT,500.0,XAF,1698.0,"A transaction of 500 XAF by MTNC BUNDLES_FORFAITS   (MTN_Bundles) on your mobile money account successfully completed at 2025-08-04 11:06:01. The amount was subject to a discount of 0 and coupons worth 0. Message from debit receiver: . Your new balance:1698 XAF. Fee was 0 XAF, loyalty fee was 0 and loyalty reward was 0. Financial Transaction Id: [PHONE_3965]. External Transaction Id: 7168441001061908410. Subscribe to MoMo Helep with *126*61# and complete your transactions: even without money, initiate your payments and transfers, and MoMo will cover the remaining amount."
USER_10,2025-08-06,15:23:12,MobileMoney,transaction,OUT,500.0,XAF,698.0,"A transaction of 500 XAF by MTNC BUNDLES_FORFAITS   (MTN_Bundles) on your mobile money account successfully completed at 2025-08-06 15:23:01. The amount was subject to a discount of 0 and coupons worth 0. Message from debit receiver: . Your new balance:698 XAF. Fee was 0 XAF, loyalty fee was 0 and loyalty reward was 0. Financial Transaction Id: [PHONE_4381]. External Transaction Id: 8699536622831207016. Subscribe to MoMo Helep with *126*61# and complete your transactions: even without money, initiate your payments and transfers, and MoMo will cover the remaining amount."
USER_10,2025-08-07,17:36:11,MobileMoney,transfert,IN,2100.0,XAF,2798.0,"You have received 2100 XAF of [CONTACT_E80E] Ers Shalomes Services ([PHONE_2963] ) on your Mobile Money 2025-08-07 17:36:08 account. Message from the sender: . Your new balance is 2798 XAF. Fee Paid: 0 XAF. Transaction ID: [PHONE_3955]. Subscribe to MoMo Helep with *126*61# and complete your transactions: even without money, initiate your payments and transfers, and MoMo will cover the remaining amount."
USER_10,2025-08-07,17:41:40,MobileMoney,paiement,OUT,1000.0,XAF,1698.0,"Your payment of 1000 XAF to ENEO has been completed at 2025-08-07 17:41:22. Your new balance: 1698 XAF. Fee was 100 XAF. Message: -. Transaction Id: [PHONE_0458].Subscribe to MoMo Helep with *126*61# and complete your transactions: even without money, initiate your payments and transfers, and MoMo will cover the remaining amount."
USER_10,2025-08-08,10:03:36,MobileMoney,transaction,OUT,500.0,XAF,698.0,"A transaction of 500 XAF by MTNC BUNDLES_FORFAITS   (MTN_Bundles) on your mobile money account successfully completed at 2025-08-08 10:03:04. The amount was subject to a discount of 0 and coupons worth 0. Message from debit receiver: . Your new balance:698 XAF. Fee was 0 XAF, loyalty fee was 0 and loyalty reward was 0. Financial Transaction Id: [PHONE_4374]. External Transaction Id: 7863992619033061040. Subscribe to MoMo Helep with *126*61# and complete your transactions: even without money, initiate your payments and transfers, and MoMo will cover the remaining amount."
USER_10,2025-08-09,09:57:42,MobileMoney,transaction,OUT,500.0,XAF,198.0,"A transaction of 500 XAF by MTNC BUNDLES_FORFAITS   (MTN_Bundles) on your mobile money account successfully completed at 2025-08-09 09:57:31. The amount was subject to a discount of 0 and coupons worth 0. Message from debit receiver: . Your new balance:198 XAF. Fee was 0 XAF, loyalty fee was 0 and loyalty reward was 0. Financial Transaction Id: [PHONE_6489]. External Transaction Id: 3836471740499268702. Subscribe to MoMo Helep with *126*61# and complete your transactions: even without money, initiate your payments and transfers, and MoMo will cover the remaining amount."
USER_10,2025-08-11,10:58:53,MobileMoney,transfert,IN,2000.0,XAF,2198.0,"You have received 2000 XAF of [CONTACT_5A23] [CONTACT_F231] ALU ([PHONE_6275] [CONTACT_AA6F]) on your Mobile Money 2025-08-11 10:58:52 account. Message from the sender: . Your new balance is 2198 XAF. Fee Paid: 0 XAF. Transaction ID: [PHONE_7351]. Subscribe to MoMo Helep with *126*61# and complete your transactions: even without money, initiate your payments and transfers, and MoMo will cover the remaining amount."
USER_10,2025-08-11,11:00:39,MobileMoney,transaction,OUT,500.0,XAF,1698.0,"A transaction of 500 XAF by MTNC BUNDLES_FORFAITS   (MTN_Bundles) on your mobile money account successfully completed at 2025-08-11 11:00:26. The amount was subject to a discount of 0 and coupons worth 0. Message from debit receiver: . Your new balance:1698 XAF. Fee was 0 XAF, loyalty fee was 0 and loyalty reward was 0. Financial Transaction Id: [PHONE_2447]. External Transaction Id: 1167823022183372850. Subscribe to MoMo Helep with *126*61# and complete your transactions: even without money, initiate your payments and transfers, and MoMo will cover the remaining amount."
USER_10,2025-08-11,17:59:29,MobileMoney,transaction,OUT,500.0,XAF,1198.0,"A transaction of 500 XAF by MTNC BUNDLES_FORFAITS   (MTN_Bundles) on your mobile money account successfully completed at 2025-08-11 17:59:18. The amount was subject to a discount of 0 and coupons worth 0. Message from debit receiver: . Your new balance:1198 XAF. Fee was 0 XAF, loyalty fee was 0 and loyalty reward was 0. Financial Transaction Id: [PHONE_7987]. External Transaction Id: 3146213408409473464. Subscribe to MoMo Helep with *126*61# and complete your transactions: even without money, initiate your payments and transfers, and MoMo will cover the remaining amount."
USER_10,2025-08-12,07:31:20,MobileMoney,transaction,OUT,500.0,XAF,698.0,"A transaction of 500 XAF by MTNC BUNDLES_FORFAITS   (MTN_Bundles) on your mobile money account successfully completed at 2025-08-12 07:31:08. The amount was subject to a discount of 0 and coupons worth 0. Message from debit receiver: . Your new balance:698 XAF. Fee was 0 XAF, loyalty fee was 0 and loyalty reward was 0. Financial Transaction Id: [PHONE_9832]. External Transaction Id: 9183992178495064637. Subscribe to MoMo Helep with *126*61# and complete your transactions: even without money, initiate your payments and transfers, and MoMo will cover the remaining amount."
USER_10,2025-08-13,12:21:40,MobileMoney,transaction,OUT,500.0,XAF,198.0,"A transaction of 500 XAF by MTNC BUNDLES_FORFAITS   (MTN_Bundles) on your mobile money account successfully completed at 2025-08-13 12:21:28. The amount was subject to a discount of 0 and coupons worth 0. Message from debit receiver: . Your new balance:198 XAF. Fee was 0 XAF, loyalty fee was 0 and loyalty reward was 0. Financial Transaction Id: [PHONE_6415]. External Transaction Id: 8585793002642122389. Subscribe to MoMo Helep with *126*61# and complete your transactions: even without money, initiate your payments and transfers, and MoMo will cover the remaining amount."
USER_10,2025-08-13,18:28:11,MobileMoney,transfert,IN,1500.0,XAF,1698.0,"You have received 1500 XAF of [CONTACT_5A23] [CONTACT_F231] ALU ([PHONE_6275] [CONTACT_AA6F]) on your Mobile Money 2025-08-13 18:28:08 account. Message from the sender: . Your new balance is 1698 XAF. Fee Paid: 0 XAF. Transaction ID: [PHONE_7578]. Subscribe to MoMo Helep with *126*61# and complete your transactions: even without money, initiate your payments and transfers, and MoMo will cover the remaining amount."
USER_10,2025-08-14,03:20:04,MobileMoney,paiement,OUT,200.0,XAF,1498.0,"Your payment of 200 XAF to MTNC BUNDLES_FORFAITS has been completed at 2025-08-14 03:19:47. Your new balance: 1498 XAF. Fee was 0 XAF. Message: -. Transaction Id: [PHONE_7444].Subscribe to MoMo Helep with *126*61# and complete your transactions: even without money, initiate your payments and transfers, and MoMo will cover the remaining amount."
USER_10,2025-08-14,06:49:57,MobileMoney,transaction,OUT,500.0,XAF,998.0,"A transaction of 500 XAF by MTNC BUNDLES_FORFAITS   (MTN_Bundles) on your mobile money account successfully completed at 2025-08-14 06:49:47. The amount was subject to a discount of 0 and coupons worth 0. Message from debit receiver: . Your new balance:998 XAF. Fee was 0 XAF, loyalty fee was 0 and loyalty reward was 0. Financial Transaction Id: [PHONE_3010]. External Transaction Id: 408665084783693682. Subscribe to MoMo Helep with *126*61# and complete your transactions: even without money, initiate your payments and transfers, and MoMo will cover the remaining amount."
USER_10,2025-08-16,08:14:49,MobileMoney,transaction,OUT,500.0,XAF,498.0,"A transaction of 500 XAF by MTNC BUNDLES_FORFAITS   (MTN_Bundles) on your mobile money account successfully completed at 2025-08-16 08:14:40. The amount was subject to a discount of 0 and coupons worth 0. Message from debit receiver: . Your new balance:498 XAF. Fee was 0 XAF, loyalty fee was 0 and loyalty reward was 0. Financial Transaction Id: [PHONE_4164]. External Transaction Id: 4984463453910890631. Subscribe to MoMo Helep with *126*61# and complete your transactions: even without money, initiate your payments and transfers, and MoMo will cover the remaining amount."
USER_10,2025-08-16,16:44:30,MobileMoney,transfert,IN,2000.0,XAF,2498.0,"You have received 2000 XAF of [CONTACT_E80E] Ers Shalomes Services ([PHONE_2963] ) on your Mobile Money 2025-08-16 16:44:20 account. Message from the sender: . Your new balance is 2498 XAF. Fee Paid: 0 XAF. Transaction ID: [PHONE_7537]. Subscribe to MoMo Helep with *126*61# and complete your transactions: even without money, initiate your payments and transfers, and MoMo will cover the remaining amount."
USER_10,2025-08-16,23:39:22,MobileMoney,transaction,OUT,500.0,XAF,1998.0,"A transaction of 500 XAF by MTNC BUNDLES_FORFAITS   (MTN_Bundles) on your mobile money account successfully completed at 2025-08-16 23:39:12. The amount was subject to a discount of 0 and coupons worth 0. Message from debit receiver: . Your new balance:1998 XAF. Fee was 0 XAF, loyalty fee was 0 and loyalty reward was 0. Financial Transaction Id: [PHONE_6569]. External Transaction Id: 2095079097783557086. Subscribe to MoMo Helep with *126*61# and complete your transactions: even without money, initiate your payments and transfers, and MoMo will cover the remaining amount."
USER_10,2025-08-17,00:24:22,MobileMoney,paiement,OUT,200.0,XAF,1798.0,"Your payment of 200 XAF to MTNC BUNDLES_FORFAITS has been completed at 2025-08-17 00:23:55. Your new balance: 1798 XAF. Fee was 0 XAF. Message: -. Transaction Id: [PHONE_7677].Subscribe to MoMo Helep with *126*61# and complete your transactions: even without money, initiate your payments and transfers, and MoMo will cover the remaining amount."
USER_10,2025-08-18,00:12:49,MobileMoney,transaction,OUT,500.0,XAF,1298.0,"A transaction of 500 XAF by MTNC BUNDLES_FORFAITS   (MTN_Bundles) on your mobile money account successfully completed at 2025-08-18 00:12:41. The amount was subject to a discount of 0 and coupons worth 0. Message from debit receiver: . Your new balance:1298 XAF. Fee was 0 XAF, loyalty fee was 0 and loyalty reward was 0. Financial Transaction Id: [PHONE_2040]. External Transaction Id: 7728498683522423582. Subscribe to MoMo Helep with *126*61# and complete your transactions: even without money, initiate your payments and transfers, and MoMo will cover the remaining amount."
USER_10,2025-08-18,16:37:40,MobileMoney,transaction,OUT,500.0,XAF,798.0,"A transaction of 500 XAF by MTNC BUNDLES_FORFAITS   (MTN_Bundles) on your mobile money account successfully completed at 2025-08-18 16:37:32. The amount was subject to a discount of 0 and coupons worth 0. Message from debit receiver: . Your new balance:798 XAF. Fee was 0 XAF, loyalty fee was 0 and loyalty reward was 0. Financial Transaction Id: [PHONE_8514]. External Transaction Id: 6019345293553517500. Subscribe to MoMo Helep with *126*61# and complete your transactions: even without money, initiate your payments and transfers, and MoMo will cover the remaining amount."
USER_10,2025-08-19,04:19:45,MobileMoney,paiement,OUT,200.0,XAF,598.0,"Your payment of 200 XAF to MTNC BUNDLES_FORFAITS has been completed at 2025-08-19 04:19:27. Your new balance: 598 XAF. Fee was 0 XAF. Message: -. Transaction Id: [PHONE_6498]. School scholarships for a stress-free back-to-school with MoMo ! Make payments of minimum 5,237 F and stand a chance to win up to 50,500 F each week. More info at 8787 or on WhatsApp: [PHONE_8787]."
USER_10,2025-08-19,04:47:54,MobileMoney,paiement,OUT,200.0,XAF,398.0,"Your payment of 200 XAF to MTNC BUNDLES_FORFAITS has been completed at 2025-08-19 04:47:37. Your new balance: 398 XAF. Fee was 0 XAF. Message: -. Transaction Id: [PHONE_3959]. School scholarships for a stress-free back-to-school with MoMo ! Make payments of minimum 5,237 F and stand a chance to win up to 50,500 F each week. More info at 8787 or on WhatsApp: [PHONE_8787]."
USER_10,2025-08-19,07:14:20,MobileMoney,retrait,OUT,4000.0,XAF,4398.0,"You have received 4000 XAF of [CONTACT_E80E] Ers Shalomes Services ([PHONE_2963] ) on your Mobile Money 2025-08-19 07:14:18 account. Message from the sender: . Your new balance is 4398 XAF. Fee Paid: 0 XAF. Transaction ID: [PHONE_2678]. Save Big with 1 per cent on cash out fees + Zero fees on transfers. Plus, a chance to win 250F. Go To https://bit.ly/NewMoMoApp to download."
USER_10,2025-08-19,07:22:56,MobileMoney,transaction,OUT,500.0,XAF,3898.0,"A transaction of 500 XAF by MTNC BUNDLES_FORFAITS   (MTN_Bundles) on your mobile money account successfully completed at 2025-08-19 07:22:27. The amount was subject to a discount of 0 and coupons worth 0. Message from debit receiver: . Your new balance:3898 XAF. Fee was 0 XAF, loyalty fee was 0 and loyalty reward was 0. Financial Transaction Id: [PHONE_3828]. External Transaction Id: 8192871335057372384. School scholarships for a stress-free back-to-school with MoMo ! Make payments of minimum 5,237 F and stand a chance to win up to 100,000 F each week. More info at 8787 or on WhatsApp: 650 528 787."
USER_10,2025-08-19,12:47:17,MobileMoney,transaction,OUT,500.0,XAF,3398.0,"A transaction of 500 XAF by MTNC BUNDLES_FORFAITS   (MTN_Bundles) on your mobile money account successfully completed at 2025-08-19 12:47:07. The amount was subject to a discount of 0 and coupons worth 0. Message from debit receiver: . Your new balance:3398 XAF. Fee was 0 XAF, loyalty fee was 0 and loyalty reward was 0. Financial Transaction Id: [PHONE_2154]. External Transaction Id: 8928168248038405888. School scholarships for a stress-free back-to-school with MoMo ! Make payments of minimum 5,237 F and stand a chance to win up to 100,000 F each week. More info at 8787 or on WhatsApp: 650 528 787."
USER_10,2025-08-19,15:57:05,MobileMoney,transaction,OUT,500.0,XAF,2898.0,"A transaction of 500 XAF by MTNC BUNDLES_FORFAITS   (MTN_Bundles) on your mobile money account successfully completed at 2025-08-19 15:56:53. The amount was subject to a discount of 0 and coupons worth 0. Message from debit receiver: . Your new balance:2898 XAF. Fee was 0 XAF, loyalty fee was 0 and loyalty reward was 0. Financial Transaction Id: [PHONE_8566]. External Transaction Id: 1946807015629137502. School scholarships for a stress-free back-to-school with MoMo ! Make payments of minimum 5,237 F and stand a chance to win up to 100,000 F each week. More info at 8787 or on WhatsApp: 650 528 787."
USER_10,2025-08-19,19:18:05,MobileMoney,paiement,OUT,1000.0,XAF,1798.0,"Your payment of 1000 XAF to ENEO has been completed at 2025-08-19 19:17:48. Your new balance: 1798 XAF. Fee was 100 XAF. Message: -. Transaction Id: [PHONE_2213]. School scholarships for a stress-free back-to-school with MoMo ! Make payments of minimum 5,237 F and stand a chance to win up to 50,500 F each week. More info at 8787 or on WhatsApp: [PHONE_8787]."
USER_10,2025-08-20,09:01:30,MobileMoney,transaction,OUT,500.0,XAF,1298.0,"A transaction of 500 XAF by MTNC BUNDLES_FORFAITS   (MTN_Bundles) on your mobile money account successfully completed at 2025-08-20 09:01:19. The amount was subject to a discount of 0 and coupons worth 0. Message from debit receiver: . Your new balance:1298 XAF. Fee was 0 XAF, loyalty fee was 0 and loyalty reward was 0. Financial Transaction Id: [PHONE_7910]. External Transaction Id: 7950338642294148496. School scholarships for a stress-free back-to-school with MoMo ! Make payments of minimum 5,237 F and stand a chance to win up to 100,000 F each week. More info at 8787 or on WhatsApp: 650 528 787."
USER_10,2025-08-20,19:03:21,MobileMoney,transaction,OUT,500.0,XAF,798.0,"A transaction of 500 XAF by MTNC BUNDLES_FORFAITS   (MTN_Bundles) on your mobile money account successfully completed at 2025-08-20 19:03:12. The amount was subject to a discount of 0 and coupons worth 0. Message from debit receiver: . Your new balance:798 XAF. Fee was 0 XAF, loyalty fee was 0 and loyalty reward was 0. Financial Transaction Id: [PHONE_5291]. External Transaction Id: 4731745721573627750. School scholarships for a stress-free back-to-school with MoMo ! Make payments of minimum 5,237 F and stand a chance to win up to 100,000 F each week. More info at 8787 or on WhatsApp: 650 528 787."
USER_10,2025-08-21,03:31:02,MobileMoney,transaction,OUT,500.0,XAF,298.0,"A transaction of 500 XAF by MTNC BUNDLES_FORFAITS   (MTN_Bundles) on your mobile money account successfully completed at 2025-08-21 03:30:34. The amount was subject to a discount of 0 and coupons worth 0. Message from debit receiver: . Your new balance:298 XAF. Fee was 0 XAF, loyalty fee was 0 and loyalty reward was 0. Financial Transaction Id: [PHONE_5100]. External Transaction Id: 1750327956088051924. School scholarships for a stress-free back-to-school with MoMo ! Make payments of minimum 5,237 F and stand a chance to win up to 100,000 F each week. More info at 8787 or on WhatsApp: 650 528 787."
USER_10,2025-08-21,17:48:13,MobileMoney,retrait,OUT,3100.0,XAF,3398.0,"You have received 3100 XAF of [CONTACT_E80E] Ers Shalomes Services ([PHONE_2963] ) on your Mobile Money 2025-08-21 17:48:11 account. Message from the sender: . Your new balance is 3398 XAF. Fee Paid: 0 XAF. Transaction ID: [PHONE_0730]. Save Big with 1 per cent on cash out fees + Zero fees on transfers. Plus, a chance to win 250F. Go To https://bit.ly/NewMoMoApp to download."
USER_10,2025-08-21,23:04:49,MobileMoney,transaction,OUT,500.0,XAF,2898.0,"A transaction of 500 XAF by MTNC BUNDLES_FORFAITS   (MTN_Bundles) on your mobile money account successfully completed at 2025-08-21 23:04:41. The amount was subject to a discount of 0 and coupons worth 0. Message from debit receiver: . Your new balance:2898 XAF. Fee was 0 XAF, loyalty fee was 0 and loyalty reward was 0. Financial Transaction Id: [PHONE_8014]. External Transaction Id: 6468997729280060309. School scholarships for a stress-free back-to-school with MoMo ! Make payments of minimum 5,237 F and stand a chance to win up to 100,000 F each week. More info at 8787 or on WhatsApp: 650 528 787."
USER_10,2025-08-23,11:48:15,MobileMoney,transaction,OUT,500.0,XAF,2398.0,"A transaction of 500 XAF by MTNC BUNDLES_FORFAITS   (MTN_Bundles) on your mobile money account successfully completed at 2025-08-23 11:48:07. The amount was subject to a discount of 0 and coupons worth 0. Message from debit receiver: . Your new balance:2398 XAF. Fee was 0 XAF, loyalty fee was 0 and loyalty reward was 0. Financial Transaction Id: [PHONE_6755]. External Transaction Id: 3820697836871843202. School scholarships for a stress-free back-to-school with MoMo ! Make payments of minimum 5,237 F and stand a chance to win up to 100,000 F each week. More info at 8787 or on WhatsApp: 650 528 787."
USER_10,2025-08-23,20:07:12,MobileMoney,transaction,OUT,500.0,XAF,1898.0,"A transaction of 500 XAF by MTNC BUNDLES_FORFAITS   (MTN_Bundles) on your mobile money account successfully completed at 2025-08-23 20:07:04. The amount was subject to a discount of 0 and coupons worth 0. Message from debit receiver: . Your new balance:1898 XAF. Fee was 0 XAF, loyalty fee was 0 and loyalty reward was 0. Financial Transaction Id: [PHONE_9053]. External Transaction Id: 8454089159924910930. School scholarships for a stress-free back-to-school with MoMo ! Make payments of minimum 5,237 F and stand a chance to win up to 100,000 F each week. More info at 8787 or on WhatsApp: 650 528 787."
USER_10,2025-08-24,12:23:29,MobileMoney,transaction,OUT,500.0,XAF,1398.0,"A transaction of 500 XAF by MTNC BUNDLES_FORFAITS   (MTN_Bundles) on your mobile money account successfully completed at 2025-08-24 12:23:21. The amount was subject to a discount of 0 and coupons worth 0. Message from debit receiver: . Your new balance:1398 XAF. Fee was 0 XAF, loyalty fee was 0 and loyalty reward was 0. Financial Transaction Id: [PHONE_2650]. External Transaction Id: 9098884956878779056. School scholarships for a stress-free back-to-school with MoMo ! Make payments of minimum 5,237 F and stand a chance to win up to 100,000 F each week. More info at 8787 or on WhatsApp: 650 528 787."
USER_10,2025-08-25,09:26:24,MobileMoney,transaction,OUT,500.0,XAF,898.0,"A transaction of 500 XAF by MTNC BUNDLES_FORFAITS   (MTN_Bundles) on your mobile money account successfully completed at 2025-08-25 09:26:17. The amount was subject to a discount of 0 and coupons worth 0. Message from debit receiver: . Your new balance:898 XAF. Fee was 0 XAF, loyalty fee was 0 and loyalty reward was 0. Financial Transaction Id: [PHONE_6607]. External Transaction Id: 6079433260970647874. School scholarships for a stress-free back-to-school with MoMo ! Make payments of minimum 5,237 F and stand a chance to win up to 100,000 F each week. More info at 8787 or on WhatsApp: 650 528 787."
USER_10,2025-08-26,15:21:17,MobileMoney,transaction,OUT,500.0,XAF,398.0,"A transaction of 500 XAF by MTNC BUNDLES_FORFAITS   (MTN_Bundles) on your mobile money account successfully completed at 2025-08-26 15:21:06. The amount was subject to a discount of 0 and coupons worth 0. Message from debit receiver: . Your new balance:398 XAF. Fee was 0 XAF, loyalty fee was 0 and loyalty reward was 0. Financial Transaction Id: [PHONE_4743]. External Transaction Id: 4100047046742551493. School scholarships for a stress-free back-to-school with MoMo ! Make payments of minimum 5,237 F and stand a chance to win up to 100,000 F each week. More info at 8787 or on WhatsApp: 650 528 787."
USER_10,2025-08-29,17:14:31,MobileMoney,retrait,OUT,1100.0,XAF,1498.0,"You have received 1100 XAF of [CONTACT_4D8C] PRINCE Ers Shalomes Services ([PHONE_7211] [CONTACT_E16D] NGOUNOU) on your Mobile Money 2025-08-29 17:14:29 account. Message from the sender: . Your new balance is 1498 XAF. Fee Paid: 0 XAF. Transaction ID: [PHONE_3091]. Save Big with 1 per cent on cash out fees + Zero fees on transfers. Plus, a chance to win 250F. Go To https://bit.ly/NewMoMoApp to download."
USER_10,2025-08-29,17:16:46,MobileMoney,paiement,OUT,1000.0,XAF,398.0,"Your payment of 1000 XAF to ENEO has been completed at 2025-08-29 17:16:29. Your new balance: 398 XAF. Fee was 100 XAF. Message: -. Transaction Id: [PHONE_9767]. School scholarships for a stress-free back-to-school with MoMo ! Make payments of minimum 5,237 F and stand a chance to win up to 50,500 F each week. More info at 8787 or on WhatsApp: [PHONE_8787]."
USER_10,2025-09-01,11:11:47,MobileMoney,paiement,OUT,125.0,XAF,273.0,"Your payment of 125 XAF to MTNC BUNDLES_FORFAITS has been completed at 2025-09-01 11:11:18. Your new balance: 273 XAF. Fee was 0 XAF. Message: -. Transaction Id: [PHONE_1990]. School scholarships for a stress-free back-to-school with MoMo ! Make payments of minimum 5,237 F and stand a chance to win up to 50,500 F each week. More info at 8787 or on WhatsApp: [PHONE_8787]."
USER_10,2025-09-01,17:34:04,MobileMoney,paiement,OUT,125.0,XAF,148.0,"Your payment of 125 XAF to MTNC BUNDLES_FORFAITS has been completed at 2025-09-01 17:33:47. Your new balance: 148 XAF. Fee was 0 XAF. Message: -. Transaction Id: [PHONE_7833]. School scholarships for a stress-free back-to-school with MoMo ! Make payments of minimum 5,237 F and stand a chance to win up to 50,500 F each week. More info at 8787 or on WhatsApp: [PHONE_8787]."
USER_10,2025-09-02,18:49:53,MobileMoney,paiement,OUT,125.0,XAF,23.0,"Your payment of 125 XAF to MTNC BUNDLES_FORFAITS has been completed at 2025-09-02 18:49:35. Your new balance: 23 XAF. Fee was 0 XAF. Message: -. Transaction Id: [PHONE_8629]. School scholarships for a stress-free back-to-school with MoMo ! Make payments of minimum 5,237 F and stand a chance to win up to 50,500 F each week. More info at 8787 or on WhatsApp: [PHONE_8787]."
USER_10,2025-09-02,19:29:45,MobileMoney,retrait,OUT,1500.0,XAF,1523.0,"You have received 1500 XAF of [CONTACT_5A23] [CONTACT_F231] ALU ([PHONE_6275] [CONTACT_AA6F]) on your Mobile Money 2025-09-02 19:29:43 account. Message from the sender: . Your new balance is 1523 XAF. Fee Paid: 0 XAF. Transaction ID: [PHONE_9388]. Save Big with 1 per cent on cash out fees + Zero fees on transfers. Plus, a chance to win 250F. Go To https://bit.ly/NewMoMoApp to download."
USER_10,2025-09-02,19:30:57,MobileMoney,transaction,OUT,500.0,XAF,1023.0,"A transaction of 500 XAF by MTNC BUNDLES_FORFAITS   (MTN_Bundles) on your mobile money account successfully completed at 2025-09-02 19:30:46. The amount was subject to a discount of 0 and coupons worth 0. Message from debit receiver: . Your new balance:1023 XAF. Fee was 0 XAF, loyalty fee was 0 and loyalty reward was 0. Financial Transaction Id: [PHONE_2013]. External Transaction Id: 7341043139535597527. School scholarships for a stress-free back-to-school with MoMo ! Make payments of minimum 5,237 F and stand a chance to win up to 100,000 F each week. More info at 8787 or on WhatsApp: 650 528 787."
USER_10,2025-09-03,08:04:55,MobileMoney,transaction,OUT,500.0,XAF,523.0,"A transaction of 500 XAF by MTNC BUNDLES_FORFAITS   (MTN_Bundles) on your mobile money account successfully completed at 2025-09-03 07:54:26. The amount was subject to a discount of 0 and coupons worth 0. Message from debit receiver: . Your new balance:523 XAF. Fee was 0 XAF, loyalty fee was 0 and loyalty reward was 0. Financial Transaction Id: [PHONE_0795]. External Transaction Id: 182372788946513970. School scholarships for a stress-free back-to-school with MoMo ! Make payments of minimum 5,237 F and stand a chance to win up to 100,000 F each week. More info at 8787 or on WhatsApp: 650 528 787."
USER_10,2025-09-03,09:55:53,MobileMoney,retrait,OUT,10000.0,XAF,10523.0,"You have received 10000 XAF of [CONTACT_3185] R1 [CONTACT_4B3F] ([PHONE_3507] [CONTACT_7458]) on your Mobile Money 2025-09-03 09:55:50 account. Message from the sender: . Your new balance is 10523 XAF. Fee Paid: 0 XAF. Transaction ID: [PHONE_5010]. Save Big with 1 per cent on cash out fees + Zero fees on transfers. Plus, a chance to win 250F. Go To https://bit.ly/NewMoMoApp to download."
USER_10,2025-09-03,11:33:21,MobileMoney,transaction,OUT,500.0,XAF,10023.0,"A transaction of 500 XAF by MTNC BUNDLES_FORFAITS   (MTN_Bundles) on your mobile money account successfully completed at 2025-09-03 11:33:13. The amount was subject to a discount of 0 and coupons worth 0. Message from debit receiver: . Your new balance:10023 XAF. Fee was 0 XAF, loyalty fee was 0 and loyalty reward was 0. Financial Transaction Id: [PHONE_1997]. External Transaction Id: 1531349706928866016. School scholarships for a stress-free back-to-school with MoMo ! Make payments of minimum 5,237 F and stand a chance to win up to 100,000 F each week. More info at 8787 or on WhatsApp: 650 528 787."
USER_10,2025-09-03,11:59:47,MobileMoney,transaction,OUT,500.0,XAF,9523.0,"A transaction of 500 XAF by MTNC BUNDLES_FORFAITS   (MTN_Bundles) on your mobile money account successfully completed at 2025-09-03 11:59:36. The amount was subject to a discount of 0 and coupons worth 0. Message from debit receiver: . Your new balance:9523 XAF. Fee was 0 XAF, loyalty fee was 0 and loyalty reward was 0. Financial Transaction Id: [PHONE_2889]. External Transaction Id: 8620968852703708343. School scholarships for a stress-free back-to-school with MoMo ! Make payments of minimum 5,237 F and stand a chance to win up to 100,000 F each week. More info at 8787 or on WhatsApp: 650 528 787."
USER_10,2025-09-03,17:51:51,MobileMoney,retrait,OUT,2050.0,XAF,7419.0,"You have transferred 2050 XAF to [CONTACT_9519] ([PHONE_6959]) from your mobile money account 69020858 at 2025-09-03 17:51:47 FEES 54 FCFA. Your new balance: 7419 XAF. Message from sender: 0. Message to receiver: 0. Financial Transaction Id: [PHONE_7946]. Save Big with 1 per cent on cash out fees + Zero fees on transfers. Plus, a chance to win 250F. Go To https://bit.ly/NewMoMoApp to download."
USER_10,2025-09-04,05:05:34,MobileMoney,transaction,OUT,500.0,XAF,6919.0,"A transaction of 500 XAF by MTNC BUNDLES_FORFAITS   (MTN_Bundles) on your mobile money account successfully completed at 2025-09-04 05:05:26. The amount was subject to a discount of 0 and coupons worth 0. Message from debit receiver: . Your new balance:6919 XAF. Fee was 0 XAF, loyalty fee was 0 and loyalty reward was 0. Financial Transaction Id: [PHONE_1792]. External Transaction Id: 4881804354261451564. School scholarships for a stress-free back-to-school with MoMo ! Make payments of minimum 5,237 F and stand a chance to win up to 100,000 F each week. More info at 8787 or on WhatsApp: 650 528 787."
USER_10,2025-09-04,15:31:57,MobileMoney,retrait,OUT,2000.0,XAF,4865.0,"You have withdrawn 2000 XAF from your mobile m[CONTACT_ED2B]ey account at  [CONTACT_ED2B] 2025-09-04 15:30:08. Your new balance:4865 XAF. Financial Transaction Id: [PHONE_4066]. Save Big with 1 per cent on cash out fees + Zero fees on transfers. Plus, a chance to win 250F. Go To https://bit.ly/NewMoMoApp to download."
USER_10,2025-09-04,18:46:26,MobileMoney,transaction,OUT,500.0,XAF,4365.0,"A transaction of 500 XAF by MTNC BUNDLES_FORFAITS   (MTN_Bundles) on your mobile money account successfully completed at 2025-09-04 18:46:22. The amount was subject to a discount of 0 and coupons worth 0. Message from debit receiver: . Your new balance:4365 XAF. Fee was 0 XAF, loyalty fee was 0 and loyalty reward was 0. Financial Transaction Id: [PHONE_9515]. External Transaction Id: 6153943317856062051. School scholarships for a stress-free back-to-school with MoMo ! Make payments of minimum 5,237 F and stand a chance to win up to 100,000 F each week. More info at 8787 or on WhatsApp: 650 528 787."
USER_10,2025-09-05,08:16:09,MobileMoney,paiement,OUT,1000.0,XAF,3265.0,"Your payment of 1000 XAF to ENEO has been completed at 2025-09-05 08:15:51. Your new balance: 3265 XAF. Fee was 100 XAF. Message: -. Transaction Id: [PHONE_2947]. School scholarships for a stress-free back-to-school with MoMo ! Make payments of minimum 5,237 F and stand a chance to win up to 50,500 F each week. More info at 8787 or on WhatsApp: [PHONE_8787]."
USER_10,2025-09-05,08:47:11,MobileMoney,transaction,OUT,500.0,XAF,2765.0,"A transaction of 500 XAF by MTNC BUNDLES_FORFAITS   (MTN_Bundles) on your mobile money account successfully completed at 2025-09-05 08:46:53. The amount was subject to a discount of 0 and coupons worth 0. Message from debit receiver: . Your new balance:2765 XAF. Fee was 0 XAF, loyalty fee was 0 and loyalty reward was 0. Financial Transaction Id: [PHONE_8663]. External Transaction Id: 2192394420148624590. School scholarships for a stress-free back-to-school with MoMo ! Make payments of minimum 5,237 F and stand a chance to win up to 100,000 F each week. More info at 8787 or on WhatsApp: 650 528 787."
USER_10,2025-09-05,18:44:28,MobileMoney,transaction,OUT,500.0,XAF,2265.0,"A transaction of 500 XAF by MTNC BUNDLES_FORFAITS   (MTN_Bundles) on your mobile money account successfully completed at 2025-09-05 18:42:11. The amount was subject to a discount of 0 and coupons worth 0. Message from debit receiver: . Your new balance:2265 XAF. Fee was 0 XAF, loyalty fee was 0 and loyalty reward was 0. Financial Transaction Id: [PHONE_2755]. External Transaction Id: 8626743396050904229. School scholarships for a stress-free back-to-school with MoMo ! Make payments of minimum 5,237 F and stand a chance to win up to 100,000 F each week. More info at 8787 or on WhatsApp: 650 528 787."
USER_10,2025-09-06,08:08:48,MobileMoney,transaction,OUT,500.0,XAF,1765.0,"A transaction of 500 XAF by MTNC BUNDLES_FORFAITS   (MTN_Bundles) on your mobile money account successfully completed at 2025-09-06 08:08:37. The amount was subject to a discount of 0 and coupons worth 0. Message from debit receiver: . Your new balance:1765 XAF. Fee was 0 XAF, loyalty fee was 0 and loyalty reward was 0. Financial Transaction Id: [PHONE_2212]. External Transaction Id: 2882079857937396579. School scholarships for a stress-free back-to-school with MoMo ! Make payments of minimum 5,237 F and stand a chance to win up to 100,000 F each week. More info at 8787 or on WhatsApp: 650 528 787."
USER_10,2025-09-06,19:42:24,MobileMoney,transaction,OUT,500.0,XAF,1265.0,"A transaction of 500 XAF by MTNC BUNDLES_FORFAITS   (MTN_Bundles) on your mobile money account successfully completed at 2025-09-06 19:42:18. The amount was subject to a discount of 0 and coupons worth 0. Message from debit receiver: . Your new balance:1265 XAF. Fee was 0 XAF, loyalty fee was 0 and loyalty reward was 0. Financial Transaction Id: [PHONE_4031]. External Transaction Id: 1203663427937209177. School scholarships for a stress-free back-to-school with MoMo ! Make payments of minimum 5,237 F and stand a chance to win up to 100,000 F each week. More info at 8787 or on WhatsApp: 650 528 787."
USER_10,2025-09-07,08:46:13,MobileMoney,transaction,OUT,500.0,XAF,765.0,"A transaction of 500 XAF by MTNC BUNDLES_FORFAITS   (MTN_Bundles) on your mobile money account successfully completed at 2025-09-07 08:46:04. The amount was subject to a discount of 0 and coupons worth 0. Message from debit receiver: . Your new balance:765 XAF. Fee was 0 XAF, loyalty fee was 0 and loyalty reward was 0. Financial Transaction Id: [PHONE_6917]. External Transaction Id: 5945649437818605414. School scholarships for a stress-free back-to-school with MoMo ! Make payments of minimum 5,237 F and stand a chance to win up to 100,000 F each week. More info at 8787 or on WhatsApp: 650 528 787."
USER_10,2025-09-07,20:43:26,MobileMoney,transaction,OUT,500.0,XAF,265.0,"A transaction of 500 XAF by MTNC BUNDLES_FORFAITS   (MTN_Bundles) on your mobile money account successfully completed at 2025-09-07 20:42:58. The amount was subject to a discount of 0 and coupons worth 0. Message from debit receiver: . Your new balance:265 XAF. Fee was 0 XAF, loyalty fee was 0 and loyalty reward was 0. Financial Transaction Id: [PHONE_1109]. External Transaction Id: 2919072376616391714. School scholarships for a stress-free back-to-school with MoMo ! Make payments of minimum 5,237 F and stand a chance to win up to 100,000 F each week. More info at 8787 or on WhatsApp: 650 528 787."
USER_10,2025-09-08,14:36:23,MobileMoney,paiement,OUT,125.0,XAF,140.0,"Your payment of 125 XAF to MTNC BUNDLES_FORFAITS has been completed at 2025-09-08 14:36:06. Your new balance: 140 XAF. Fee was 0 XAF. Message: -. Transaction Id: [PHONE_7735]. School scholarships for a stress-free back-to-school with MoMo ! Make payments of minimum 5,237 F and stand a chance to win up to 50,500 F each week. More info at 8787 or on WhatsApp: [PHONE_8787]."
USER_10,2025-09-12,18:51:27,MobileMoney,transfert,IN,2500.0,XAF,2515.0,You have received 2500 XAF from Maviance  ([PHONE_1013]) on your mobile money account at 2025-09-12 18:51:25. Message from sender: . Your new balance:2515 XAF. Financial Transaction Id: [PHONE_9731].
USER_10,2025-09-12,18:53:17,MobileMoney,paiement,OUT,1000.0,XAF,1415.0,"Your payment of 1000 XAF to ENEO has been completed at 2025-09-12 18:52:59. Your new balance: 1415 XAF. Fee was 100 XAF. Message: -. Transaction Id: [PHONE_3440]. School scholarships for a stress-free back-to-school with MoMo ! Make payments of minimum 5,237 F and stand a chance to win up to 50,500 F each week. More info at 8787 or on WhatsApp: [PHONE_8787]."
USER_10,2025-09-12,18:55:53,MobileMoney,paiement,OUT,1000.0,XAF,315.0,"Your payment of 1000 XAF to ENEO has been completed at 2025-09-12 18:55:36. Your new balance: 315 XAF. Fee was 100 XAF. Message: -. Transaction Id: [PHONE_2398]. School scholarships for a stress-free back-to-school with MoMo ! Make payments of minimum 5,237 F and stand a chance to win up to 50,500 F each week. More info at 8787 or on WhatsApp: [PHONE_8787]."
USER_10,2025-09-17,14:21:54,MobileMoney,paiement,OUT,125.0,XAF,190.0,"Your payment of 125 XAF to MTNC BUNDLES_FORFAITS has been completed at 2025-09-17 14:10:32. Your new balance: 190 XAF. Fee was 0 XAF. Message: -. Transaction Id: [PHONE_8014]. School scholarships for a stress-free back-to-school with MoMo ! Make payments of minimum 5,237 F and stand a chance to win up to 50,500 F each week. More info at 8787 or on WhatsApp: [PHONE_8787]."
USER_10,2025-09-17,16:35:53,MobileMoney,paiement,OUT,125.0,XAF,65.0,"Your payment of 125 XAF to MTNC BUNDLES_FORFAITS has been completed at 2025-09-17 16:35:49. Your new balance: 65 XAF. Fee was 0 XAF. Message: -. Transaction Id: [PHONE_7724]. School scholarships for a stress-free back-to-school with MoMo ! Make payments of minimum 5,237 F and stand a chance to win up to 50,500 F each week. More info at 8787 or on WhatsApp: [PHONE_8787]."
USER_10,2025-09-19,14:10:56,MobileMoney,paiement,OUT,25.0,XAF,40.0,"Your payment of 25 XAF to MTNC Bundles has been completed at 2025-09-19 14:10:49. Your new balance: 40 XAF. Fee was 0 XAF. Message: DATA. Transaction Id: [PHONE_4758]. School scholarships for a stress-free back-to-school with MoMo ! Make payments of minimum 5,237 F and stand a chance to win up to 50,500 F each week. More info at 8787 or on WhatsApp: [PHONE_8787]."
USER_10,2025-09-24,12:54:02,MobileMoney,transfert,IN,1500.0,XAF,1540.0,You have received 1500 XAF from [CONTACT_4602] ([PHONE_7802]) on your mobile money account at 2025-09-24 12:54:00. Message from sender: data. Your new balance:1540 XAF. Financial Transaction Id: [PHONE_1897].
USER_10,2025-09-24,12:55:43,MobileMoney,transaction,OUT,500.0,XAF,1040.0,"A transaction of 500 XAF by MTNC BUNDLES_FORFAITS   (MTN_Bundles) on your mobile money account successfully completed at 2025-09-24 12:55:12. The amount was subject to a discount of 0 and coupons worth 0. Message from debit receiver: . Your new balance:1040 XAF. Fee was 0 XAF, loyalty fee was 0 and loyalty reward was 0. Financial Transaction Id: [PHONE_2114]. External Transaction Id: 202021048427706478. School scholarships for a stress-free back-to-school with MoMo ! Make payments of minimum 5,237 F and stand a chance to win up to 100,000 F each week. More info at 8787 or on WhatsApp: 650 528 787."
USER_10,2025-09-24,19:21:47,MobileMoney,transaction,OUT,500.0,XAF,540.0,"A transaction of 500 XAF by MTNC BUNDLES_FORFAITS   (MTN_Bundles) on your mobile money account successfully completed at 2025-09-24 19:21:44. The amount was subject to a discount of 0 and coupons worth 0. Message from debit receiver: . Your new balance:540 XAF. Fee was 0 XAF, loyalty fee was 0 and loyalty reward was 0. Financial Transaction Id: [PHONE_9782]. External Transaction Id: 370776848344779973. School scholarships for a stress-free back-to-school with MoMo ! Make payments of minimum 5,237 F and stand a chance to win up to 100,000 F each week. More info at 8787 or on WhatsApp: 650 528 787."
USER_10,2025-09-25,17:45:23,MobileMoney,transaction,OUT,500.0,XAF,40.0,"A transaction of 500 XAF by MTNC BUNDLES_FORFAITS   (MTN_Bundles) on your mobile money account successfully completed at 2025-09-25 17:45:14. The amount was subject to a discount of 0 and coupons worth 0. Message from debit receiver: . Your new balance:40 XAF. Fee was 0 XAF, loyalty fee was 0 and loyalty reward was 0. Financial Transaction Id: [PHONE_7346]. External Transaction Id: 7353009739783223688. School scholarships for a stress-free back-to-school with MoMo ! Make payments of minimum 5,237 F and stand a chance to win up to 100,000 F each week. More info at 8787 or on WhatsApp: 650 528 787."
USER_10,2025-09-28,09:29:24,MobileMoney,transfert,IN,7000.0,XAF,7040.0,You have received 7000 XAF from [CONTACT_4602] ([PHONE_7802]) on your mobile money account at 2025-09-28 09:29:23. Message from sender: transport. Your new balance:7040 XAF. Financial Transaction Id: [PHONE_3133].
USER_10,2025-09-28,09:34:00,MobileMoney,transaction,OUT,500.0,XAF,6540.0,"A transaction of 500 XAF by MTNC BUNDLES_FORFAITS   (MTN_Bundles) on your mobile money account successfully completed at 2025-09-28 09:33:51. The amount was subject to a discount of 0 and coupons worth 0. Message from debit receiver: . Your new balance:6540 XAF. Fee was 0 XAF, loyalty fee was 0 and loyalty reward was 0. Financial Transaction Id: [PHONE_3347]. External Transaction Id: 6591837298967389878. School scholarships for a stress-free back-to-school with MoMo ! Make payments of minimum 5,237 F and stand a chance to win up to 100,000 F each week. More info at 8787 or on WhatsApp: 650 528 787."
USER_10,2025-09-28,16:05:56,MobileMoney,transaction,OUT,500.0,XAF,6040.0,"A transaction of 500 XAF by MTNC BUNDLES_FORFAITS   (MTN_Bundles) on your mobile money account successfully completed at 2025-09-28 16:05:48. The amount was subject to a discount of 0 and coupons worth 0. Message from debit receiver: . Your new balance:6040 XAF. Fee was 0 XAF, loyalty fee was 0 and loyalty reward was 0. Financial Transaction Id: [PHONE_6073]. External Transaction Id: 5183327034952863822. School scholarships for a stress-free back-to-school with MoMo ! Make payments of minimum 5,237 F and stand a chance to win up to 100,000 F each week. More info at 8787 or on WhatsApp: 650 528 787."
USER_10,2025-09-28,16:45:50,MobileMoney,retrait,OUT,5900.0,XAF,48.0,"You have withdrawn 5900 XAF from your mobile m[CONTACT_ED2B]ey account at  [CONTACT_ED2B] 2025-09-28 16:10:36. Your new balance:48 XAF. Financial Transaction Id: [PHONE_8002]. Save Big with 1 per cent on cash out fees + Zero fees on transfers. Plus, a chance to win 250F. Go To https://bit.ly/NewMoMoApp to download."
USER_10,2025-10-02,15:53:41,MobileMoney,paiement,OUT,25.0,XAF,23.0,"Your payment of 25 XAF to MTNC Bundles has been completed at 2025-10-02 15:53:32. Your new balance: 23 XAF. Fee was 0 XAF. Message: DATA. Transaction Id: [PHONE_6675]. School scholarships for a stress-free back-to-school with MoMo ! Make payments of minimum 5,237 F and stand a chance to win up to 50,500 F each week. More info at 8787 or on WhatsApp: [PHONE_8787]."
USER_10,2025-10-05,18:31:56,MobileMoney,retrait,OUT,500.0,XAF,523.0,"You have received 500 XAF of MVOTTO [CONTACT_74DB] ([PHONE_7219]) on your Mobile Money 2025-10-05 18:31:56 account. Message from the sender: . Your new balance is 523 XAF. Fee Paid: 0 XAF. Transaction ID: [PHONE_6747]. Save Big with 1 per cent on cash out fees + Zero fees on transfers. Plus, a chance to win 250F. Go To https://bit.ly/NewMoMoApp to download."
USER_10,2025-10-05,18:51:53,MobileMoney,transaction,OUT,500.0,XAF,23.0,"A transaction of 500 XAF by MTNC BUNDLES_FORFAITS   (MTN_Bundles) on your mobile money account successfully completed at 2025-10-05 18:51:42. The amount was subject to a discount of 0 and coupons worth 0. Message from debit receiver: . Your new balance:23 XAF. Fee was 0 XAF, loyalty fee was 0 and loyalty reward was 0. Financial Transaction Id: [PHONE_0289]. External Transaction Id: 6290639850827650755. School scholarships for a stress-free back-to-school with MoMo ! Make payments of minimum 5,237 F and stand a chance to win up to 100,000 F each week. More info at 8787 or on WhatsApp: 650 528 787."
USER_10,2025-10-09,21:10:45,MobileMoney,transfert,IN,1000.0,XAF,1023.0,You have received 1000 XAF from [CONTACT_4602] ([PHONE_7802]) on your mobile money account at 2025-10-09 21:10:44. Message from sender: data. Your new balance:1023 XAF. Financial Transaction Id: [PHONE_5423].
USER_10,2025-10-09,21:13:21,MobileMoney,transaction,OUT,500.0,XAF,523.0,"A transaction of 500 XAF by MTNC BUNDLES_FORFAITS   (MTN_Bundles) on your mobile money account successfully completed at 2025-10-09 21:13:14. The amount was subject to a discount of 0 and coupons worth 0. Message from debit receiver: . Your new balance:523 XAF. Fee was 0 XAF, loyalty fee was 0 and loyalty reward was 0. Financial Transaction Id: [PHONE_1608]. External Transaction Id: 1725715052842068886. School scholarships for a stress-free back-to-school with MoMo ! Make payments of minimum 5,237 F and stand a chance to win up to 100,000 F each week. More info at 8787 or on WhatsApp: 650 528 787."
USER_10,2025-10-15,10:04:06,MobileMoney,transaction,OUT,500.0,XAF,23.0,"A transaction of 500 XAF by MTNC BUNDLES_FORFAITS   (MTN_Bundles) on your mobile money account successfully completed at 2025-10-15 10:04:00. The amount was subject to a discount of 0 and coupons worth 0. Message from debit receiver: . Your new balance:23 XAF. Fee was 0 XAF, loyalty fee was 0 and loyalty reward was 0. Financial Transaction Id: [PHONE_9046]. External Transaction Id: 1713979151561207153. School scholarships for a stress-free back-to-school with MoMo ! Make payments of minimum 5,237 F and stand a chance to win up to 100,000 F each week. More info at 8787 or on WhatsApp: 650 528 787."
USER_10,2025-10-18,11:44:16,MobileMoney,retrait,OUT,3000.0,XAF,3023.0,"You have received 3000 XAF of [CONTACT_CFBF] [CONTACT_4E07] ([PHONE_3100] [CONTACT_7737]) on your Mobile Money 2025-10-18 11:44:14 account. Message from the sender: . Your new balance is 3023 XAF. Fee Paid: 0 XAF. Transaction ID: [PHONE_3212]. Save Big with 1 per cent on cash out fees + Zero fees on transfers. Plus, a chance to win 250F. Go To https://bit.ly/NewMoMoApp to download."
USER_10,2025-10-18,13:14:24,MobileMoney,transaction,OUT,500.0,XAF,2523.0,"A transaction of 500 XAF by MTNC BUNDLES_FORFAITS   (MTN_Bundles) on your mobile money account successfully completed at 2025-10-18 13:14:13. The amount was subject to a discount of 0 and coupons worth 0. Message from debit receiver: . Your new balance:2523 XAF. Fee was 0 XAF, loyalty fee was 0 and loyalty reward was 0. Financial Transaction Id: [PHONE_2953]. External Transaction Id: 4487644028901513447. School scholarships for a stress-free back-to-school with MoMo ! Make payments of minimum 5,237 F and stand a chance to win up to 100,000 F each week. More info at 8787 or on WhatsApp: 650 528 787."
USER_10,2025-10-18,17:52:32,MobileMoney,transaction,OUT,500.0,XAF,2023.0,"A transaction of 500 XAF by MTNC BUNDLES_FORFAITS   (MTN_Bundles) on your mobile money account successfully completed at 2025-10-18 17:52:24. The amount was subject to a discount of 0 and coupons worth 0. Message from debit receiver: . Your new balance:2023 XAF. Fee was 0 XAF, loyalty fee was 0 and loyalty reward was 0. Financial Transaction Id: [PHONE_8976]. External Transaction Id: 2431408618413038419. School scholarships for a stress-free back-to-school with MoMo ! Make payments of minimum 5,237 F and stand a chance to win up to 100,000 F each week. More info at 8787 or on WhatsApp: 650 528 787."
USER_10,2025-10-19,23:03:54,MobileMoney,transaction,OUT,500.0,XAF,1523.0,"A transaction of 500 XAF by MTNC BUNDLES_FORFAITS   (MTN_Bundles) on your mobile money account successfully completed at 2025-10-19 23:03:43. The amount was subject to a discount of 0 and coupons worth 0. Message from debit receiver: . Your new balance:1523 XAF. Fee was 0 XAF, loyalty fee was 0 and loyalty reward was 0. Financial Transaction Id: [PHONE_8465]. External Transaction Id: 396359816456900243. School scholarships for a stress-free back-to-school with MoMo ! Make payments of minimum 5,237 F and stand a chance to win up to 100,000 F each week. More info at 8787 or on WhatsApp: 650 528 787."
USER_10,2025-10-20,19:36:23,MobileMoney,transaction,OUT,500.0,XAF,1023.0,"A transaction of 500 XAF by MTNC BUNDLES_FORFAITS   (MTN_Bundles) on your mobile money account successfully completed at 2025-10-20 19:36:13. The amount was subject to a discount of 0 and coupons worth 0. Message from debit receiver: . Your new balance:1023 XAF. Fee was 0 XAF, loyalty fee was 0 and loyalty reward was 0. Financial Transaction Id: [PHONE_3759]. External Transaction Id: 3008030539239787451. School scholarships for a stress-free back-to-school with MoMo ! Make payments of minimum 5,237 F and stand a chance to win up to 100,000 F each week. More info at 8787 or on WhatsApp: 650 528 787."
USER_10,2025-10-22,07:38:17,MobileMoney,transaction,OUT,500.0,XAF,523.0,"A transaction of 500 XAF by MTNC BUNDLES_FORFAITS   (MTN_Bundles) on your mobile money account successfully completed at 2025-10-22 07:38:06. The amount was subject to a discount of 0 and coupons worth 0. Message from debit receiver: . Your new balance:523 XAF. Fee was 0 XAF, loyalty fee was 0 and loyalty reward was 0. Financial Transaction Id: [PHONE_8303]. External Transaction Id: 1382097539099750356. School scholarships for a stress-free back-to-school with MoMo ! Make payments of minimum 5,237 F and stand a chance to win up to 100,000 F each week. More info at 8787 or on WhatsApp: 650 528 787."
USER_10,2025-10-22,11:43:15,MobileMoney,retrait,OUT,20475.0,XAF,20998.0,"You have received 20475 XAF of [CONTACT_513C]. [CONTACT_D47C] ([PHONE_8845]) on your Mobile Money 2025-10-22 11:43:12 account. Message from the sender: . Your new balance is 20998 XAF. Fee Paid: 0 XAF. Transaction ID: [PHONE_3270]. Save Big with 1 per cent on cash out fees + Zero fees on transfers. Plus, a chance to win 250F. Go To https://bit.ly/NewMoMoApp to download."
USER_10,2025-10-22,12:14:38,MobileMoney,transfert,IN,14000.0,XAF,34998.0,You have received 14000 XAF from ONAFRIQ_ International Remittance ([PHONE_3133]) on your mobile money account at 2025-10-22 12:14:36. Message from sender: Country: null. Your new balance:34998 XAF. Financial Transaction Id: [PHONE_9795].
USER_10,2025-10-22,18:09:38,MobileMoney,retrait,OUT,30000.0,XAF,4544.0,"You have withdrawn 30000 XAF from your mobile m[CONTACT_ED2B]ey account at  [CONTACT_ED2B] 2025-10-22 18:07:00. Your new balance:4544 XAF. Financial Transaction Id: [PHONE_4328]. Save Big with 1 per cent on cash out fees + Zero fees on transfers. Plus, a chance to win 250F. Go To https://bit.ly/NewMoMoApp to download."
USER_10,2025-10-22,23:55:11,MobileMoney,transaction,OUT,500.0,XAF,4044.0,"A transaction of 500 XAF by MTNC BUNDLES_FORFAITS   (MTN_Bundles) on your mobile money account successfully completed at 2025-10-22 23:55:03. The amount was subject to a discount of 0 and coupons worth 0. Message from debit receiver: . Your new balance:4044 XAF. Fee was 0 XAF, loyalty fee was 0 and loyalty reward was 0. Financial Transaction Id: [PHONE_8252]. External Transaction Id: 3213788624838834285. School scholarships for a stress-free back-to-school with MoMo ! Make payments of minimum 5,237 F and stand a chance to win up to 100,000 F each week. More info at 8787 or on WhatsApp: 650 528 787."
USER_10,2025-10-23,00:03:54,MobileMoney,paiement,OUT,200.0,XAF,3844.0,"Your payment of 200 XAF to MTNC BUNDLES_FORFAITS has been completed at 2025-10-23 00:03:37. Your new balance: 3844 XAF. Fee was 0 XAF. Message: -. Transaction Id: [PHONE_8598]. School scholarships for a stress-free back-to-school with MoMo ! Make payments of minimum 5,237 F and stand a chance to win up to 50,500 F each week. More info at 8787 or on WhatsApp: [PHONE_8787]."
USER_10,2025-10-23,14:32:31,MobileMoney,transaction,OUT,500.0,XAF,3344.0,"A transaction of 500 XAF by MTNC BUNDLES_FORFAITS   (MTN_Bundles) on your mobile money account successfully completed at 2025-10-23 14:32:23. The amount was subject to a discount of 0 and coupons worth 0. Message from debit receiver: . Your new balance:3344 XAF. Fee was 0 XAF, loyalty fee was 0 and loyalty reward was 0. Financial Transaction Id: [PHONE_7598]. External Transaction Id: 2902623605265232185. School scholarships for a stress-free back-to-school with MoMo ! Make payments of minimum 5,237 F and stand a chance to win up to 100,000 F each week. More info at 8787 or on WhatsApp: 650 528 787."
USER_10,2025-10-25,20:59:47,MobileMoney,transaction,OUT,500.0,XAF,2844.0,"A transaction of 500 XAF by MTNC BUNDLES_FORFAITS   (MTN_Bundles) on your mobile money account successfully completed at 2025-10-25 20:59:39. The amount was subject to a discount of 0 and coupons worth 0. Message from debit receiver: . Your new balance:2844 XAF. Fee was 0 XAF, loyalty fee was 0 and loyalty reward was 0. Financial Transaction Id: [PHONE_1997]. External Transaction Id: 8034532900684696621. School scholarships for a stress-free back-to-school with MoMo ! Make payments of minimum 5,237 F and stand a chance to win up to 100,000 F each week. More info at 8787 or on WhatsApp: 650 528 787."
USER_10,2025-10-27,12:04:36,MobileMoney,transaction,OUT,500.0,XAF,2344.0,"A transaction of 500 XAF by MTNC BUNDLES_FORFAITS   (MTN_Bundles) on your mobile money account successfully completed at 2025-10-27 12:04:22. The amount was subject to a discount of 0 and coupons worth 0. Message from debit receiver: . Your new balance:2344 XAF. Fee was 0 XAF, loyalty fee was 0 and loyalty reward was 0. Financial Transaction Id: [PHONE_7771]. External Transaction Id: 9171620785718807008. School scholarships for a stress-free back-to-school with MoMo ! Make payments of minimum 5,237 F and stand a chance to win up to 100,000 F each week. More info at 8787 or on WhatsApp: 650 528 787."
USER_10,2025-10-27,23:04:01,MobileMoney,transaction,OUT,500.0,XAF,1844.0,"A transaction of 500 XAF by MTNC BUNDLES_FORFAITS   (MTN_Bundles) on your mobile money account successfully completed at 2025-10-27 23:03:39. The amount was subject to a discount of 0 and coupons worth 0. Message from debit receiver: . Your new balance:1844 XAF. Fee was 0 XAF, loyalty fee was 0 and loyalty reward was 0. Financial Transaction Id: [PHONE_6689]. External Transaction Id: 1090879864245490420. School scholarships for a stress-free back-to-school with MoMo ! Make payments of minimum 5,237 F and stand a chance to win up to 100,000 F each week. More info at 8787 or on WhatsApp: 650 528 787."
USER_10,2025-10-29,08:55:08,MobileMoney,transaction,OUT,500.0,XAF,1144.0,"A transaction of 500 XAF by MTNC BUNDLES_FORFAITS   (MTN_Bundles) on your mobile money account successfully completed at 2025-10-29 08:54:51. The amount was subject to a discount of 0 and coupons worth 0. Message from debit receiver: . Your new balance:1144 XAF. Fee was 0 XAF, loyalty fee was 0 and loyalty reward was 0. Financial Transaction Id: [PHONE_3942]. External Transaction Id: 1028613328761441218. School scholarships for a stress-free back-to-school with MoMo ! Make payments of minimum 5,237 F and stand a chance to win up to 100,000 F each week. More info at 8787 or on WhatsApp: 650 528 787."
USER_10,2025-10-29,11:12:50,MobileMoney,retrait,OUT,2000.0,XAF,3144.0,"You have received 2000 XAF of [CONTACT_E8F5] ([PHONE_4679]) on your Mobile Money 2025-10-29 11:12:49 account. Message from the sender: . Your new balance is 3144 XAF. Fee Paid: 0 XAF. Transaction ID: [PHONE_7927]. Save Big with 1 per cent on cash out fees + Zero fees on transfers. Plus, a chance to win 250F. Go To https://bit.ly/NewMoMoApp to download."
USER_10,2025-10-30,00:46:55,MobileMoney,transaction,OUT,500.0,XAF,2644.0,"A transaction of 500 XAF by MTNC BUNDLES_FORFAITS   (MTN_Bundles) on your mobile money account successfully completed at 2025-10-30 00:46:45. The amount was subject to a discount of 0 and coupons worth 0. Message from debit receiver: . Your new balance:2644 XAF. Fee was 0 XAF, loyalty fee was 0 and loyalty reward was 0. Financial Transaction Id: [PHONE_1716]. External Transaction Id: 1024571521364697226. School scholarships for a stress-free back-to-school with MoMo ! Make payments of minimum 5,237 F and stand a chance to win up to 100,000 F each week. More info at 8787 or on WhatsApp: 650 528 787."
USER_10,2025-10-30,17:48:27,MobileMoney,transaction,OUT,500.0,XAF,2144.0,"A transaction of 500 XAF by MTNC BUNDLES_FORFAITS   (MTN_Bundles) on your mobile money account successfully completed at 2025-10-30 17:48:19. The amount was subject to a discount of 0 and coupons worth 0. Message from debit receiver: . Your new balance:2144 XAF. Fee was 0 XAF, loyalty fee was 0 and loyalty reward was 0. Financial Transaction Id: [PHONE_4127]. External Transaction Id: 3576537872030858405. School scholarships for a stress-free back-to-school with MoMo ! Make payments of minimum 5,237 F and stand a chance to win up to 100,000 F each week. More info at 8787 or on WhatsApp: 650 528 787."
USER_10,2025-10-31,12:51:29,MobileMoney,transaction,OUT,500.0,XAF,1644.0,"A transaction of 500 XAF by MTNC BUNDLES_FORFAITS   (MTN_Bundles) on your mobile money account successfully completed at 2025-10-31 12:51:20. The amount was subject to a discount of 0 and coupons worth 0. Message from debit receiver: . Your new balance:1644 XAF. Fee was 0 XAF, loyalty fee was 0 and loyalty reward was 0. Financial Transaction Id: [PHONE_0049]. External Transaction Id: 1599578189828200066. School scholarships for a stress-free back-to-school with MoMo ! Make payments of minimum 5,237 F and stand a chance to win up to 100,000 F each week. More info at 8787 or on WhatsApp: 650 528 787."
USER_10,2025-10-31,19:35:36,MobileMoney,transaction,OUT,500.0,XAF,1144.0,"A transaction of 500 XAF by MTNC BUNDLES_FORFAITS   (MTN_Bundles) on your mobile money account successfully completed at 2025-10-31 19:35:25. The amount was subject to a discount of 0 and coupons worth 0. Message from debit receiver: . Your new balance:1144 XAF. Fee was 0 XAF, loyalty fee was 0 and loyalty reward was 0. Financial Transaction Id: [PHONE_9476]. External Transaction Id: 5917502192678445070. School scholarships for a stress-free back-to-school with MoMo ! Make payments of minimum 5,237 F and stand a chance to win up to 100,000 F each week. More info at 8787 or on WhatsApp: 650 528 787."
USER_10,2025-11-01,15:22:14,MobileMoney,transaction,OUT,500.0,XAF,644.0,"A transaction of 500 XAF by MTNC BUNDLES_FORFAITS   (MTN_Bundles) on your mobile money account successfully completed at 2025-11-01 15:22:06. The amount was subject to a discount of 0 and coupons worth 0. Message from debit receiver: . Your new balance:644 XAF. Fee was 0 XAF, loyalty fee was 0 and loyalty reward was 0. Financial Transaction Id: [PHONE_2303]. External Transaction Id: 6314134321402207753. School scholarships for a stress-free back-to-school with MoMo ! Make payments of minimum 5,237 F and stand a chance to win up to 100,000 F each week. More info at 8787 or on WhatsApp: 650 528 787."
USER_10,2025-11-02,14:56:49,MobileMoney,transaction,OUT,500.0,XAF,144.0,"A transaction of 500 XAF by MTNC BUNDLES_FORFAITS   (MTN_Bundles) on your mobile money account successfully completed at 2025-11-02 14:56:42. The amount was subject to a discount of 0 and coupons worth 0. Message from debit receiver: . Your new balance:144 XAF. Fee was 0 XAF, loyalty fee was 0 and loyalty reward was 0. Financial Transaction Id: [PHONE_8714]. External Transaction Id: 2863782584277126947. School scholarships for a stress-free back-to-school with MoMo ! Make payments of minimum 5,237 F and stand a chance to win up to 100,000 F each week. More info at 8787 or on WhatsApp: 650 528 787."
USER_10,2025-11-03,15:06:06,MobileMoney,retrait,OUT,4000.0,XAF,4144.0,"You have received 4000 XAF of [CONTACT_D6F0] [CONTACT_EBF3] SIDOINE ([PHONE_4975] [CONTACT_137D] [CONTACT_0CD2]) on your Mobile Money 2025-11-03 15:06:05 account. Message from the sender: . Your new balance is 4144 XAF. Fee Paid: 0 XAF. Transaction ID: [PHONE_3865]. Save Big with 1 per cent on cash out fees + Zero fees on transfers. Plus, a chance to win 250F. Go To https://bit.ly/NewMoMoApp to download."
USER_10,2025-11-03,20:19:22,MobileMoney,transaction,OUT,500.0,XAF,3644.0,"A transaction of 500 XAF by MTNC BUNDLES_FORFAITS   (MTN_Bundles) on your mobile money account successfully completed at 2025-11-03 20:19:12. The amount was subject to a discount of 0 and coupons worth 0. Message from debit receiver: . Your new balance:3644 XAF. Fee was 0 XAF, loyalty fee was 0 and loyalty reward was 0. Financial Transaction Id: [PHONE_4945]. External Transaction Id: 2854599025212267928. School scholarships for a stress-free back-to-school with MoMo ! Make payments of minimum 5,237 F and stand a chance to win up to 100,000 F each week. More info at 8787 or on WhatsApp: 650 528 787."
USER_10,2025-11-04,11:27:13,MobileMoney,retrait,OUT,10000.0,XAF,13644.0,"You have received 10000 XAF of [CONTACT_3185] R1 [CONTACT_4B3F] ([PHONE_3507] [CONTACT_7458]) on your Mobile Money 2025-11-04 11:27:10 account. Message from the sender: . Your new balance is 13644 XAF. Fee Paid: 0 XAF. Transaction ID: [PHONE_8606]. Save Big with 1 per cent on cash out fees + Zero fees on transfers. Plus, a chance to win 250F. Go To https://bit.ly/NewMoMoApp to download."
USER_10,2025-11-05,15:55:03,MobileMoney,transaction,OUT,500.0,XAF,13144.0,"A transaction of 500 XAF by MTNC BUNDLES_FORFAITS   (MTN_Bundles) on your mobile money account successfully completed at 2025-11-05 15:54:42. The amount was subject to a discount of 0 and coupons worth 0. Message from debit receiver: . Your new balance:13144 XAF. Fee was 0 XAF, loyalty fee was 0 and loyalty reward was 0. Financial Transaction Id: [PHONE_7727]. External Transaction Id: 1575747729169205121. School scholarships for a stress-free back-to-school with MoMo ! Make payments of minimum 5,237 F and stand a chance to win up to 100,000 F each week. More info at 8787 or on WhatsApp: 650 528 787."
USER_10,2025-11-06,21:53:47,MobileMoney,transaction,OUT,500.0,XAF,12144.0,"A transaction of 500 XAF by MTNC BUNDLES_FORFAITS   (MTN_Bundles) on your mobile money account successfully completed at 2025-11-06 21:53:09. The amount was subject to a discount of 0 and coupons worth 0. Message from debit receiver: . Your new balance:12144 XAF. Fee was 0 XAF, loyalty fee was 0 and loyalty reward was 0. Financial Transaction Id: [PHONE_1900]. External Transaction Id: 5392852644472444053. School scholarships for a stress-free back-to-school with MoMo ! Make payments of minimum 5,237 F and stand a chance to win up to 100,000 F each week. More info at 8787 or on WhatsApp: 650 528 787."
USER_10,2025-11-07,19:17:59,MobileMoney,transaction,OUT,500.0,XAF,11644.0,"A transaction of 500 XAF by MTNC BUNDLES_FORFAITS   (MTN_Bundles) on your mobile money account successfully completed at 2025-11-07 19:17:48. The amount was subject to a discount of 0 and coupons worth 0. Message from debit receiver: . Your new balance:11644 XAF. Fee was 0 XAF, loyalty fee was 0 and loyalty reward was 0. Financial Transaction Id: [PHONE_1472]. External Transaction Id: 1309165849495256216. School scholarships for a stress-free back-to-school with MoMo ! Make payments of minimum 5,237 F and stand a chance to win up to 100,000 F each week. More info at 8787 or on WhatsApp: 650 528 787."
USER_10,2025-11-08,14:40:44,MobileMoney,paiement,OUT,25.0,XAF,11419.0,"Your payment of 25 XAF to MTNC Bundles has been completed at 2025-11-08 14:40:15. Your new balance: 11419 XAF. Fee was 0 XAF. Message: DATA. Transaction Id: [PHONE_4292]. School scholarships for a stress-free back-to-school with MoMo ! Make payments of minimum 5,237 F and stand a chance to win up to 50,500 F each week. More info at 8787 or on WhatsApp: [PHONE_8787]."
USER_10,2025-11-08,18:15:40,MobileMoney,transaction,OUT,500.0,XAF,10919.0,"A transaction of 500 XAF by MTNC BUNDLES_FORFAITS   (MTN_Bundles) on your mobile money account successfully completed at 2025-11-08 18:15:31. The amount was subject to a discount of 0 and coupons worth 0. Message from debit receiver: . Your new balance:10919 XAF. Fee was 0 XAF, loyalty fee was 0 and loyalty reward was 0. Financial Transaction Id: [PHONE_9835]. External Transaction Id: 42803804695467039. School scholarships for a stress-free back-to-school with MoMo ! Make payments of minimum 5,237 F and stand a chance to win up to 100,000 F each week. More info at 8787 or on WhatsApp: 650 528 787."
USER_10,2025-11-08,18:43:27,MobileMoney,transaction,OUT,500.0,XAF,10419.0,"A transaction of 500 XAF by MTNC BUNDLES_FORFAITS   (MTN_Bundles) on your mobile money account successfully completed at 2025-11-08 18:43:18. The amount was subject to a discount of 0 and coupons worth 0. Message from debit receiver: . Your new balance:10419 XAF. Fee was 0 XAF, loyalty fee was 0 and loyalty reward was 0. Financial Transaction Id: [PHONE_1785]. External Transaction Id: 5375297361010098457. School scholarships for a stress-free back-to-school with MoMo ! Make payments of minimum 5,237 F and stand a chance to win up to 100,000 F each week. More info at 8787 or on WhatsApp: 650 528 787."
USER_10,2025-11-09,08:08:54,MobileMoney,transaction,OUT,500.0,XAF,9919.0,"A transaction of 500 XAF by MTNC BUNDLES_FORFAITS   (MTN_Bundles) on your mobile money account successfully completed at 2025-11-09 08:08:45. The amount was subject to a discount of 0 and coupons worth 0. Message from debit receiver: . Your new balance:9919 XAF. Fee was 0 XAF, loyalty fee was 0 and loyalty reward was 0. Financial Transaction Id: [PHONE_4835]. External Transaction Id: 6245579411176845146. School scholarships for a stress-free back-to-school with MoMo ! Make payments of minimum 5,237 F and stand a chance to win up to 100,000 F each week. More info at 8787 or on WhatsApp: 650 528 787."
USER_10,2025-11-10,06:50:08,MobileMoney,transaction,OUT,500.0,XAF,9419.0,"A transaction of 500 XAF by MTNC BUNDLES_FORFAITS   (MTN_Bundles) on your mobile money account successfully completed at 2025-11-10 06:49:57. The amount was subject to a discount of 0 and coupons worth 0. Message from debit receiver: . Your new balance:9419 XAF. Fee was 0 XAF, loyalty fee was 0 and loyalty reward was 0. Financial Transaction Id: [PHONE_8849]. External Transaction Id: 6067190974603497005. School scholarships for a stress-free back-to-school with MoMo ! Make payments of minimum 5,237 F and stand a chance to win up to 100,000 F each week. More info at 8787 or on WhatsApp: 650 528 787."
USER_10,2025-11-10,23:43:07,MobileMoney,transaction,OUT,500.0,XAF,8919.0,"A transaction of 500 XAF by MTNC BUNDLES_FORFAITS   (MTN_Bundles) on your mobile money account successfully completed at 2025-11-10 23:43:05. The amount was subject to a discount of 0 and coupons worth 0. Message from debit receiver: . Your new balance:8919 XAF. Fee was 0 XAF, loyalty fee was 0 and loyalty reward was 0. Financial Transaction Id: [PHONE_4967]. External Transaction Id: 3569838465670520461. School scholarships for a stress-free back-to-school with MoMo ! Make payments of minimum 5,237 F and stand a chance to win up to 100,000 F each week. More info at 8787 or on WhatsApp: 650 528 787."
USER_10,2025-11-12,14:04:41,MobileMoney,transaction,OUT,500.0,XAF,8419.0,"A transaction of 500 XAF by MTNC BUNDLES_FORFAITS   (MTN_Bundles) on your mobile money account successfully completed at 2025-11-12 14:04:33. The amount was subject to a discount of 0 and coupons worth 0. Message from debit receiver: . Your new balance:8419 XAF. Fee was 0 XAF, loyalty fee was 0 and loyalty reward was 0. Financial Transaction Id: [PHONE_7675]. External Transaction Id: 6510272107056218626. School scholarships for a stress-free back-to-school with MoMo ! Make payments of minimum 5,237 F and stand a chance to win up to 100,000 F each week. More info at 8787 or on WhatsApp: 650 528 787."
USER_10,2025-11-13,01:16:48,MobileMoney,transaction,OUT,500.0,XAF,7919.0,"A transaction of 500 XAF by MTNC BUNDLES_FORFAITS   (MTN_Bundles) on your mobile money account successfully completed at 2025-11-13 01:16:42. The amount was subject to a discount of 0 and coupons worth 0. Message from debit receiver: . Your new balance:7919 XAF. Fee was 0 XAF, loyalty fee was 0 and loyalty reward was 0. Financial Transaction Id: [PHONE_1929]. External Transaction Id: 6280272237041219997. School scholarships for a stress-free back-to-school with MoMo ! Make payments of minimum 5,237 F and stand a chance to win up to 100,000 F each week. More info at 8787 or on WhatsApp: 650 528 787."
USER_10,2025-11-13,21:55:41,MobileMoney,transaction,OUT,500.0,XAF,7419.0,"A transaction of 500 XAF by MTNC BUNDLES_FORFAITS   (MTN_Bundles) on your mobile money account successfully completed at 2025-11-13 21:55:39. The amount was subject to a discount of 0 and coupons worth 0. Message from debit receiver: . Your new balance:7419 XAF. Fee was 0 XAF, loyalty fee was 0 and loyalty reward was 0. Financial Transaction Id: [PHONE_9034]. External Transaction Id: 8013015607901792155. School scholarships for a stress-free back-to-school with MoMo ! Make payments of minimum 5,237 F and stand a chance to win up to 100,000 F each week. More info at 8787 or on WhatsApp: 650 528 787."
USER_10,2025-11-14,14:20:05,MobileMoney,transaction,OUT,500.0,XAF,6919.0,"A transaction of 500 XAF by MTNC BUNDLES_FORFAITS   (MTN_Bundles) on your mobile money account successfully completed at 2025-11-14 14:19:57. The amount was subject to a discount of 0 and coupons worth 0. Message from debit receiver: . Your new balance:6919 XAF. Fee was 0 XAF, loyalty fee was 0 and loyalty reward was 0. Financial Transaction Id: [PHONE_8764]. External Transaction Id: 4404632111385410614. School scholarships for a stress-free back-to-school with MoMo ! Make payments of minimum 5,237 F and stand a chance to win up to 100,000 F each week. More info at 8787 or on WhatsApp: 650 528 787."
USER_10,2025-11-14,19:37:41,MobileMoney,transaction,OUT,500.0,XAF,6419.0,"A transaction of 500 XAF by MTNC BUNDLES_FORFAITS   (MTN_Bundles) on your mobile money account successfully completed at 2025-11-14 19:37:30. The amount was subject to a discount of 0 and coupons worth 0. Message from debit receiver: . Your new balance:6419 XAF. Fee was 0 XAF, loyalty fee was 0 and loyalty reward was 0. Financial Transaction Id: [PHONE_4367]. External Transaction Id: 1016090881625967041. School scholarships for a stress-free back-to-school with MoMo ! Make payments of minimum 5,237 F and stand a chance to win up to 100,000 F each week. More info at 8787 or on WhatsApp: 650 528 787."
USER_10,2025-11-15,10:48:52,MobileMoney,transaction,OUT,500.0,XAF,5919.0,"A transaction of 500 XAF by MTNC BUNDLES_FORFAITS   (MTN_Bundles) on your mobile money account successfully completed at 2025-11-15 10:48:40. The amount was subject to a discount of 0 and coupons worth 0. Message from debit receiver: . Your new balance:5919 XAF. Fee was 0 XAF, loyalty fee was 0 and loyalty reward was 0. Financial Transaction Id: [PHONE_3137]. External Transaction Id: 6643704141034058306. School scholarships for a stress-free back-to-school with MoMo ! Make payments of minimum 5,237 F and stand a chance to win up to 100,000 F each week. More info at 8787 or on WhatsApp: 650 528 787."
USER_10,2025-11-15,15:15:36,MobileMoney,transaction,OUT,500.0,XAF,5419.0,"A transaction of 500 XAF by MTNC BUNDLES_FORFAITS   (MTN_Bundles) on your mobile money account successfully completed at 2025-11-15 15:15:19. The amount was subject to a discount of 0 and coupons worth 0. Message from debit receiver: . Your new balance:5419 XAF. Fee was 0 XAF, loyalty fee was 0 and loyalty reward was 0. Financial Transaction Id: [PHONE_8754]. External Transaction Id: 6191428427530868269. School scholarships for a stress-free back-to-school with MoMo ! Make payments of minimum 5,237 F and stand a chance to win up to 100,000 F each week. More info at 8787 or on WhatsApp: 650 528 787."
USER_10,2025-11-16,17:32:13,MobileMoney,transaction,OUT,500.0,XAF,4919.0,"A transaction of 500 XAF by MTNC BUNDLES_FORFAITS   (MTN_Bundles) on your mobile money account successfully completed at 2025-11-16 16:08:22. The amount was subject to a discount of 0 and coupons worth 0. Message from debit receiver: . Your new balance:4919 XAF. Fee was 0 XAF, loyalty fee was 0 and loyalty reward was 0. Financial Transaction Id: [PHONE_4424]. External Transaction Id: 4396299682728159826. School scholarships for a stress-free back-to-school with MoMo ! Make payments of minimum 5,237 F and stand a chance to win up to 100,000 F each week. More info at 8787 or on WhatsApp: 650 528 787."
USER_10,2025-11-16,19:03:34,MobileMoney,transaction,OUT,500.0,XAF,4419.0,"A transaction of 500 XAF by MTNC BUNDLES_FORFAITS   (MTN_Bundles) on your mobile money account successfully completed at 2025-11-16 19:03:23. The amount was subject to a discount of 0 and coupons worth 0. Message from debit receiver: . Your new balance:4419 XAF. Fee was 0 XAF, loyalty fee was 0 and loyalty reward was 0. Financial Transaction Id: [PHONE_8143]. External Transaction Id: 3384810547198803875. School scholarships for a stress-free back-to-school with MoMo ! Make payments of minimum 5,237 F and stand a chance to win up to 100,000 F each week. More info at 8787 or on WhatsApp: 650 528 787."
USER_10,2025-11-18,12:07:10,MobileMoney,retrait,OUT,500.0,XAF,3865.0,"You have transferred 500 XAF to [CONTACT_FF45] ([PHONE_1127]) from your mobile money account 69020858 at 2025-11-18 12:07:05 FEES 54 FCFA. Your new balance: 3865 XAF. Message from sender: 0. Message to receiver: 0. Financial Transaction Id: [PHONE_7828]. Save Big with 1 per cent on cash out fees + Zero fees on transfers. Plus, a chance to win 250F. Go To https://bit.ly/NewMoMoApp to download."
USER_10,2025-11-18,20:39:20,MobileMoney,transaction,OUT,500.0,XAF,3365.0,"A transaction of 500 XAF by MTNC BUNDLES_FORFAITS   (MTN_Bundles) on your mobile money account successfully completed at 2025-11-18 20:21:25. The amount was subject to a discount of 0 and coupons worth 0. Message from debit receiver: . Your new balance:3365 XAF. Fee was 0 XAF, loyalty fee was 0 and loyalty reward was 0. Financial Transaction Id: [PHONE_2707]. External Transaction Id: 3227976362560399668. School scholarships for a stress-free back-to-school with MoMo ! Make payments of minimum 5,237 F and stand a chance to win up to 100,000 F each week. More info at 8787 or on WhatsApp: 650 528 787."
USER_10,2025-11-20,07:46:42,MobileMoney,transfert,IN,10000.0,XAF,13365.0,You have received 10000 XAF from [CONTACT_739E] ([PHONE_5013]) on your mobile money account at 2025-11-20 07:46:39. Message from sender: 20112. Your new balance:13365 XAF. Financial Transaction Id: [PHONE_2644].
USER_10,2025-11-21,16:45:33,MobileMoney,retrait,OUT,4000.0,XAF,9311.0,"You have transferred 4000 XAF to [CONTACT_8E57] ([PHONE_3769]) from your mobile money account 69020858 at 2025-11-21 16:45:29 FEES 54 FCFA. Your new balance: 9311 XAF. Message from sender: 0. Message to receiver: 0. Financial Transaction Id: [PHONE_5538]. Save Big with 1 per cent on cash out fees + Zero fees on transfers. Plus, a chance to win 250F. Go To https://bit.ly/NewMoMoApp to download."
USER_10,2025-11-21,19:39:28,MobileMoney,transaction,OUT,500.0,XAF,8811.0,"A transaction of 500 XAF by MTNC BUNDLES_FORFAITS   (MTN_Bundles) on your mobile money account successfully completed at 2025-11-21 19:39:07. The amount was subject to a discount of 0 and coupons worth 0. Message from debit receiver: . Your new balance:8811 XAF. Fee was 0 XAF, loyalty fee was 0 and loyalty reward was 0. Financial Transaction Id: [PHONE_4652]. External Transaction Id: 9207712834672095261. School scholarships for a stress-free back-to-school with MoMo ! Make payments of minimum 5,237 F and stand a chance to win up to 100,000 F each week. More info at 8787 or on WhatsApp: 650 528 787."
USER_10,2025-11-22,14:59:42,MobileMoney,transaction,OUT,500.0,XAF,8311.0,"A transaction of 500 XAF by MTNC BUNDLES_FORFAITS   (MTN_Bundles) on your mobile money account successfully completed at 2025-11-22 14:59:32. The amount was subject to a discount of 0 and coupons worth 0. Message from debit receiver: . Your new balance:8311 XAF. Fee was 0 XAF, loyalty fee was 0 and loyalty reward was 0. Financial Transaction Id: [PHONE_4783]. External Transaction Id: 9061706336689202795. School scholarships for a stress-free back-to-school with MoMo ! Make payments of minimum 5,237 F and stand a chance to win up to 100,000 F each week. More info at 8787 or on WhatsApp: 650 528 787."
USER_10,2025-11-23,15:01:36,MobileMoney,transaction,OUT,500.0,XAF,7811.0,"A transaction of 500 XAF by MTNC BUNDLES_FORFAITS   (MTN_Bundles) on your mobile money account successfully completed at 2025-11-23 15:01:25. The amount was subject to a discount of 0 and coupons worth 0. Message from debit receiver: . Your new balance:7811 XAF. Fee was 0 XAF, loyalty fee was 0 and loyalty reward was 0. Financial Transaction Id: [PHONE_1468]. External Transaction Id: 1551459904361045688. School scholarships for a stress-free back-to-school with MoMo ! Make payments of minimum 5,237 F and stand a chance to win up to 100,000 F each week. More info at 8787 or on WhatsApp: 650 528 787."
USER_10,2025-11-25,09:11:12,MobileMoney,transaction,OUT,500.0,XAF,7111.0,"A transaction of 500 XAF by MTNC BUNDLES_FORFAITS   (MTN_Bundles) on your mobile money account successfully completed at 2025-11-25 09:11:09. The amount was subject to a discount of 0 and coupons worth 0. Message from debit receiver: . Your new balance:7111 XAF. Fee was 0 XAF, loyalty fee was 0 and loyalty reward was 0. Financial Transaction Id: [PHONE_4312]. External Transaction Id: 9207209141758831653. School scholarships for a stress-free back-to-school with MoMo ! Make payments of minimum 5,237 F and stand a chance to win up to 100,000 F each week. More info at 8787 or on WhatsApp: 650 528 787."
USER_10,2025-11-26,03:04:19,MobileMoney,retrait,OUT,5000.0,XAF,2057.0,"You have transferred 5000 XAF to [CONTACT_5975] ([PHONE_7396]) from your mobile money account 69020858 at 2025-11-26 03:04:17 FEES 54 FCFA. Your new balance: 2057 XAF. Message from sender: ttt. Message to receiver: ttt. Financial Transaction Id: [PHONE_2750]. Save Big with 1 per cent on cash out fees + Zero fees on transfers. Plus, a chance to win 250F. Go To https://bit.ly/NewMoMoApp to download."
USER_10,2025-11-26,11:29:57,MobileMoney,retrait,OUT,15000.0,XAF,17057.0,"You have received 15000 XAF of [CONTACT_3185] R1 [CONTACT_4B3F] ([PHONE_3507] [CONTACT_7458]) on your Mobile Money 2025-11-26 11:29:55 account. Message from the sender: . Your new balance is 17057 XAF. Fee Paid: 0 XAF. Transaction ID: [PHONE_9147]. Save Big with 1 per cent on cash out fees + Zero fees on transfers. Plus, a chance to win 250F. Go To https://bit.ly/NewMoMoApp to download."
USER_10,2025-11-26,12:03:58,MobileMoney,retrait,OUT,15000.0,XAF,1828.0,"You have withdrawn 15000 XAF from your mobile money account at [CONTACT_2C13] 2025-11-26 12:01:50. Your new balance:1828 XAF. Financial Transaction Id: [PHONE_9835]. Save Big with 1 per cent on cash out fees + Zero fees on transfers. Plus, a chance to win 250F. Go To https://bit.ly/NewMoMoApp to download."
USER_10,2025-11-26,18:20:56,MobileMoney,retrait,OUT,5000.0,XAF,6828.0,"You have received 5000 XAF of [CONTACT_2AFE] ([PHONE_4245] [CONTACT_2AFE]) on your Mobile Money 2025-11-26 18:20:54 account. Message from the sender: . Your new balance is 6828 XAF. Fee Paid: 0 XAF. Transaction ID: [PHONE_9464]. Save Big with 1 per cent on cash out fees + Zero fees on transfers. Plus, a chance to win 250F. Go To https://bit.ly/NewMoMoApp to download."
USER_10,2025-11-26,18:26:17,MobileMoney,retrait,OUT,4000.0,XAF,2764.0,"You have withdrawn 4000 XAF from your mobile money account at [CONTACT_7F26] 2025-11-26 18:26:09. Your new balance:2764 XAF. Financial Transaction Id: [PHONE_5200]. Save Big with 1 per cent on cash out fees + Zero fees on transfers. Plus, a chance to win 250F. Go To https://bit.ly/NewMoMoApp to download."
USER_10,2025-11-27,18:55:59,MobileMoney,transaction,OUT,500.0,XAF,2264.0,"A transaction of 500 XAF by MTNC BUNDLES_FORFAITS   (MTN_Bundles) on your mobile money account successfully completed at 2025-11-27 18:55:48. The amount was subject to a discount of 0 and coupons worth 0. Message from debit receiver: . Your new balance:2264 XAF. Fee was 0 XAF, loyalty fee was 0 and loyalty reward was 0. Financial Transaction Id: [PHONE_7482]. External Transaction Id: 8947854233587390996. School scholarships for a stress-free back-to-school with MoMo ! Make payments of minimum 5,237 F and stand a chance to win up to 100,000 F each week. More info at 8787 or on WhatsApp: 650 528 787."
USER_10,2025-11-28,17:35:06,MobileMoney,retrait,OUT,1500.0,XAF,3764.0,"You have received 1500 XAF of [CONTACT_C377] Ngum Naderge Nwunesi ([PHONE_3365] ) on your Mobile Money 2025-11-28 17:35:04 account. Message from the sender: . Your new balance is 3764 XAF. Fee Paid: 0 XAF. Transaction ID: [PHONE_6105]. Save Big with 1 per cent on cash out fees + Zero fees on transfers. Plus, a chance to win 250F. Go To https://bit.ly/NewMoMoApp to download."
USER_10,2025-11-28,21:36:27,MobileMoney,transaction,OUT,500.0,XAF,3264.0,"A transaction of 500 XAF by MTNC BUNDLES_FORFAITS   (MTN_Bundles) on your mobile money account successfully completed at 2025-11-28 21:36:10. The amount was subject to a discount of 0 and coupons worth 0. Message from debit receiver: . Your new balance:3264 XAF. Fee was 0 XAF, loyalty fee was 0 and loyalty reward was 0. Financial Transaction Id: [PHONE_6830]. External Transaction Id: 414341022802195498. School scholarships for a stress-free back-to-school with MoMo ! Make payments of minimum 5,237 F and stand a chance to win up to 100,000 F each week. More info at 8787 or on WhatsApp: 650 528 787."
USER_10,2025-11-28,23:21:12,MobileMoney,transaction,OUT,1020.0,XAF,2244.0,"A transaction of 1020 XAF by HOTICE - [CONTACT_37EB] ([PHONE_8376]) on your mobile money account successfully completed at 2025-11-28 22:07:05. The amount was subject to a discount of 0 and coupons worth 0. Message from debit receiver: Orange Money Transfer. Your new balance:2244 XAF. Fee was 0 XAF, loyalty fee was 0 and loyalty reward was 0. Financial Transaction Id: [PHONE_2365]. External Transaction Id: 692a0ec35d3c018a72e74bcf. School scholarships for a stress-free back-to-school with MoMo ! Make payments of minimum 5,237 F and stand a chance to win up to 100,000 F each week. More info at 8787 or on WhatsApp: 650 528 787."
USER_10,2025-11-29,01:38:13,MobileMoney,paiement,OUT,200.0,XAF,1844.0,"Your payment of 200 XAF to MTNC BUNDLES_FORFAITS has been completed at 2025-11-29 01:37:56. Your new balance: 1844 XAF. Fee was 0 XAF. Message: -. Transaction Id: [PHONE_6684]. School scholarships for a stress-free back-to-school with MoMo ! Make payments of minimum 5,237 F and stand a chance to win up to 50,500 F each week. More info at 8787 or on WhatsApp: [PHONE_8787]."
USER_10,2025-11-29,10:30:50,MobileMoney,transaction,OUT,500.0,XAF,1344.0,"A transaction of 500 XAF by MTNC BUNDLES_FORFAITS   (MTN_Bundles) on your mobile money account successfully completed at 2025-11-29 10:30:39. The amount was subject to a discount of 0 and coupons worth 0. Message from debit receiver: . Your new balance:1344 XAF. Fee was 0 XAF, loyalty fee was 0 and loyalty reward was 0. Financial Transaction Id: [PHONE_1506]. External Transaction Id: 1802151329193470947. School scholarships for a stress-free back-to-school with MoMo ! Make payments of minimum 5,237 F and stand a chance to win up to 100,000 F each week. More info at 8787 or on WhatsApp: 650 528 787."
USER_10,2025-11-30,03:24:19,MobileMoney,transaction,OUT,500.0,XAF,844.0,"A transaction of 500 XAF by MTNC BUNDLES_FORFAITS   (MTN_Bundles) on your mobile money account successfully completed at 2025-11-30 03:24:11. The amount was subject to a discount of 0 and coupons worth 0. Message from debit receiver: . Your new balance:844 XAF. Fee was 0 XAF, loyalty fee was 0 and loyalty reward was 0. Financial Transaction Id: [PHONE_1573]. External Transaction Id: 6187288385134108584. School scholarships for a stress-free back-to-school with MoMo ! Make payments of minimum 5,237 F and stand a chance to win up to 100,000 F each week. More info at 8787 or on WhatsApp: 650 528 787."
USER_10,2025-12-01,18:09:40,MobileMoney,transaction,OUT,500.0,XAF,344.0,"A transaction of 500 XAF by MTNC BUNDLES_FORFAITS   (MTN_Bundles) on your mobile money account successfully completed at 2025-12-01 18:09:27. The amount was subject to a discount of 0 and coupons worth 0. Message from debit receiver: . Your new balance:344 XAF. Fee was 0 XAF, loyalty fee was 0 and loyalty reward was 0. Financial Transaction Id: [PHONE_8961]. External Transaction Id: 6171502967407472986. School scholarships for a stress-free back-to-school with MoMo ! Make payments of minimum 5,237 F and stand a chance to win up to 100,000 F each week. More info at 8787 or on WhatsApp: 650 528 787."
USER_10,2025-12-02,16:41:10,MobileMoney,transfert,IN,1100.0,XAF,1444.0,"You have received 1100 XAF of [CONTACT_64F4] ([PHONE_3095] [CONTACT_64F4]) on your Mobile Money 2025-12-02 16:41:07 account. Message from the sender: . Your new balance is 1444 XAF. Fee Paid: 0 XAF. Transaction ID: [PHONE_0747]. 237,000 [CONTACT_4B8C] to win by making your MoMo transactions starting from 5237,000F. Transfers, payments, withdrawals... etc. Try your luck on *126# or on bit.ly/MyMoMo1 to enjoy [CONTACT_8D6B]: 0 FCFA on your transfers and 1% on your withdrawals. Info: 8787 or [PHONE_8787]"
USER_10,2025-12-06,10:13:39,MobileMoney,transaction,OUT,500.0,XAF,944.0,"A transaction of 500 XAF by MTNC BUNDLES_FORFAITS   (MTN_Bundles) on your mobile money account successfully completed at 2025-12-06 10:13:31. The amount was subject to a discount of 0 and coupons worth 0. Message from debit receiver: . Your new balance:944 XAF. Fee was 0 XAF, loyalty fee was 0 and loyalty reward was 0. Financial Transaction Id: [PHONE_9722]. External Transaction Id: 9069638397065407724. 237,000 [CONTACT_4B8C] to win by making your MoMo transactions starting from 5237F. Transfers, payments, withdrawals... etc. Try your luck on *126# or on bit.ly/MyMoMo1 to enjoy [CONTACT_8D6B]: 0 FCFA on your transfers and 1% on your withdrawals. Info: 8787 or [PHONE_8787]"
USER_10,2025-12-07,21:58:18,MobileMoney,transaction,OUT,500.0,XAF,444.0,"A transaction of 500 XAF by MTNC BUNDLES_FORFAITS   (MTN_Bundles) on your mobile money account successfully completed at 2025-12-07 21:58:07. The amount was subject to a discount of 0 and coupons worth 0. Message from debit receiver: . Your new balance:444 XAF. Fee was 0 XAF, loyalty fee was 0 and loyalty reward was 0. Financial Transaction Id: [PHONE_4791]. External Transaction Id: 2626106155820663977. 237,000 [CONTACT_4B8C] to win by making your MoMo transactions starting from 5237F. Transfers, payments, withdrawals... etc. Try your luck on *126# or on bit.ly/MyMoMo1 to enjoy [CONTACT_8D6B]: 0 FCFA on your transfers and 1% on your withdrawals. Info: 8787 or [PHONE_8787]"
USER_10,2025-12-08,08:48:01,MobileMoney,transfert,IN,32175.0,XAF,32619.0,"You have received 32175 XAF of [CONTACT_2949] [CONTACT_7C0A] ([PHONE_3287] [CONTACT_D0D3] NGATSING) on your Mobile Money 2025-12-08 08:47:59 account. Message from the sender: . Your new balance is 32619 XAF. Fee Paid: 0 XAF. Transaction ID: [PHONE_7667]. 237,000 [CONTACT_4B8C] to win by making your MoMo transactions starting from 5237,000F. Transfers, payments, withdrawals... etc. Try your luck on *126# or on bit.ly/MyMoMo1 to enjoy [CONTACT_8D6B]: 0 FCFA on your transfers and 1% on your withdrawals. Info: 8787 or [PHONE_8787]"
USER_10,2025-12-08,10:15:29,MobileMoney,retrait,OUT,30000.0,XAF,2165.0,"You have withdrawn 30000 XAF from your mobile money account at [CONTACT_5012] 2025-12-08 10:15:20. Your new balance:2165 XAF. Financial Transaction Id: [PHONE_0653]. 237,000 [CONTACT_4B8C] to win by making your MoMo transactions starting from 5237F. Transfers, payments, withdrawals... etc. Try your luck on *126# or on bit.ly/MyMoMo1 to enjoy [CONTACT_8D6B]: 0 FCFA on your transfers and 1% on your withdrawals. Info: 8787 or [PHONE_8787]"
USER_10,2025-12-08,11:38:03,MobileMoney,transfert,IN,10000.0,XAF,12165.0,You have received 10000 XAF from [CONTACT_739E] ([PHONE_5013]) on your mobile money account at 2025-12-08 11:38:02. Message from sender: 20112. Your new balance:12165 XAF. Financial Transaction Id: [PHONE_1544].
USER_10,2025-12-08,11:54:06,MobileMoney,transfert,OUT,10000.0,XAF,2111.0,"You have transferred 10000 XAF to [CONTACT_66D8] ([PHONE_8841]) from your mobile money account 69020858 at 2025-12-08 11:54:00 FEES 54 FCFA. Your new balance: 2111 XAF. Message from sender: 0. Message to receiver: 0. Financial Transaction Id: [PHONE_0010]. 237,000 [CONTACT_4B8C] to win by making your MoMo transactions starting from 5237F. Transfers, payments, withdrawals... etc. Try your luck on *126# or on bit.ly/MyMoMo1 to enjoy [CONTACT_8D6B]: 0 FCFA on your transfers and 1% on your withdrawals. Info: 8787 or [PHONE_8787]"
USER_10,2025-12-09,15:26:44,MobileMoney,transaction,OUT,500.0,XAF,1611.0,"A transaction of 500 XAF by MTNC BUNDLES_FORFAITS   (MTN_Bundles) on your mobile money account successfully completed at 2025-12-09 15:26:33. The amount was subject to a discount of 0 and coupons worth 0. Message from debit receiver: . Your new balance:1611 XAF. Fee was 0 XAF, loyalty fee was 0 and loyalty reward was 0. Financial Transaction Id: [PHONE_8197]. External Transaction Id: 1652794767762327062. 237,000 [CONTACT_4B8C] to win by making your MoMo transactions starting from 5237F. Transfers, payments, withdrawals... etc. Try your luck on *126# or on bit.ly/MyMoMo1 to enjoy [CONTACT_8D6B]: 0 FCFA on your transfers and 1% on your withdrawals. Info: 8787 or [PHONE_8787]"
USER_10,2025-12-10,17:46:33,MobileMoney,transfert,IN,5000.0,XAF,6611.0,You have received 5000 XAF from Maealth Tech Deposit  ([PHONE_2501]) on your mobile money account at 2025-12-10 17:46:30. Message from sender: Nkwa P2P. Your new balance:6611 XAF. Financial Transaction Id: [PHONE_8813].
USER_10,2025-12-11,00:44:37,MobileMoney,paiement,OUT,200.0,XAF,6411.0,"Your payment of 200 XAF to MTNC BUNDLES_FORFAITS has been completed at 2025-12-11 00:44:20. Your new balance: 6411 XAF. Fee was 0 XAF. Message: -. Transaction Id: [PHONE_7973]. 237,000 [CONTACT_4B8C] to win by making your MoMo transactions starting from 5237F. Transfers, payments, withdrawals... etc. Try your luck on *126# or on bit.ly/MyMoMo1 to enjoy [CONTACT_8D6B]: 0 FCFA on your transfers and 1% on your withdrawals. Info: 8787 or [PHONE_8787]"
USER_10,2025-12-13,00:44:54,MobileMoney,transaction,OUT,500.0,XAF,5911.0,"A transaction of 500 XAF by MTNC BUNDLES_FORFAITS   (MTN_Bundles) on your mobile money account successfully completed at 2025-12-13 00:44:46. The amount was subject to a discount of 0 and coupons worth 0. Message from debit receiver: . Your new balance:5911 XAF. Fee was 0 XAF, loyalty fee was 0 and loyalty reward was 0. Financial Transaction Id: [PHONE_4491]. External Transaction Id: 3483110383467837674. 237,000 [CONTACT_4B8C] to win by making your MoMo transactions starting from 5237F. Transfers, payments, withdrawals... etc. Try your luck on *126# or on bit.ly/MyMoMo1 to enjoy [CONTACT_8D6B]: 0 FCFA on your transfers and 1% on your withdrawals. Info: 8787 or [PHONE_8787]"
USER_10,2025-12-14,01:15:17,MobileMoney,paiement,OUT,200.0,XAF,5711.0,"Your payment of 200 XAF to MTNC BUNDLES_FORFAITS has been completed at 2025-12-14 01:15:09. Your new balance: 5711 XAF. Fee was 0 XAF. Message: -. Transaction Id: [PHONE_9942]. 237,000 [CONTACT_4B8C] to win by making your MoMo transactions starting from 5237F. Transfers, payments, withdrawals... etc. Try your luck on *126# or on bit.ly/MyMoMo1 to enjoy [CONTACT_8D6B]: 0 FCFA on your transfers and 1% on your withdrawals. Info: 8787 or [PHONE_8787]"
USER_10,2025-12-14,02:59:55,MobileMoney,transaction,OUT,500.0,XAF,5211.0,"A transaction of 500 XAF by MTNC BUNDLES_FORFAITS   (MTN_Bundles) on your mobile money account successfully completed at 2025-12-14 02:59:25. The amount was subject to a discount of 0 and coupons worth 0. Message from debit receiver: . Your new balance:5211 XAF. Fee was 0 XAF, loyalty fee was 0 and loyalty reward was 0. Financial Transaction Id: [PHONE_8621]. External Transaction Id: 7155159569320009355. 237,000 [CONTACT_4B8C] to win by making your MoMo transactions starting from 5237F. Transfers, payments, withdrawals... etc. Try your luck on *126# or on bit.ly/MyMoMo1 to enjoy [CONTACT_8D6B]: 0 FCFA on your transfers and 1% on your withdrawals. Info: 8787 or [PHONE_8787]"
USER_10,2025-12-14,14:58:40,MobileMoney,transaction,OUT,500.0,XAF,4711.0,"A transaction of 500 XAF by MTNC BUNDLES_FORFAITS   (MTN_Bundles) on your mobile money account successfully completed at 2025-12-14 14:58:29. The amount was subject to a discount of 0 and coupons worth 0. Message from debit receiver: . Your new balance:4711 XAF. Fee was 0 XAF, loyalty fee was 0 and loyalty reward was 0. Financial Transaction Id: [PHONE_3100]. External Transaction Id: 1577011794667483662. 237,000 [CONTACT_4B8C] to win by making your MoMo transactions starting from 5237F. Transfers, payments, withdrawals... etc. Try your luck on *126# or on bit.ly/MyMoMo1 to enjoy [CONTACT_8D6B]: 0 FCFA on your transfers and 1% on your withdrawals. Info: 8787 or [PHONE_8787]"
USER_10,2025-12-15,09:32:38,MobileMoney,retrait,OUT,4000.0,XAF,647.0,"You have withdrawn 4000 XAF from your mobile m[CONTACT_ED2B]ey account at  [CONTACT_ED2B] 2025-12-15 09:32:30. Your new balance:647 XAF. Financial Transaction Id: [PHONE_3897]. 237,000 [CONTACT_4B8C] to win by making your MoMo transactions starting from 5237F. Transfers, payments, withdrawals... etc. Try your luck on *126# or on bit.ly/MyMoMo1 to enjoy [CONTACT_8D6B]: 0 FCFA on your transfers and 1% on your withdrawals. Info: 8787 or [PHONE_8787]"
USER_10,2025-12-17,18:25:04,MobileMoney,transaction,OUT,500.0,XAF,147.0,"A transaction of 500 XAF by MTNC BUNDLES_FORFAITS   (MTN_Bundles) on your mobile money account successfully completed at 2025-12-17 18:24:56. The amount was subject to a discount of 0 and coupons worth 0. Message from debit receiver: . Your new balance:147 XAF. Fee was 0 XAF, loyalty fee was 0 and loyalty reward was 0. Financial Transaction Id: [PHONE_4533]. External Transaction Id: 4712693331659969974. 237,000 [CONTACT_4B8C] to win by making your MoMo transactions starting from 5237F. Transfers, payments, withdrawals... etc. Try your luck on *126# or on bit.ly/MyMoMo1 to enjoy [CONTACT_8D6B]: 0 FCFA on your transfers and 1% on your withdrawals. Info: 8787 or [PHONE_8787]"
USER_10,2025-12-21,08:42:37,MobileMoney,transfert,IN,1000.0,XAF,1147.0,"You have received 1000 XAF of agnes youtchou ([PHONE_8889] ) on your Mobile Money 2025-12-21 08:42:33 account. Message from the sender: . Your new balance is 1147 XAF. Fee Paid: 0 XAF. Transaction ID: [PHONE_1489]. 237,000 [CONTACT_4B8C] to win by making your MoMo transactions starting from 5237,000F. Transfers, payments, withdrawals... etc. Try your luck on *126# or on bit.ly/MyMoMo1 to enjoy [CONTACT_8D6B]: 0 FCFA on your transfers and 1% on your withdrawals. Info: 8787 or [PHONE_8787]"
USER_10,2025-12-21,19:15:30,MobileMoney,transaction,OUT,500.0,XAF,647.0,"A transaction of 500 XAF by MTNC BUNDLES_FORFAITS   (MTN_Bundles) on your mobile money account successfully completed at 2025-12-21 19:15:23. The amount was subject to a discount of 0 and coupons worth 0. Message from debit receiver: . Your new balance:647 XAF. Fee was 0 XAF, loyalty fee was 0 and loyalty reward was 0. Financial Transaction Id: [PHONE_0267]. External Transaction Id: 2545909650947781730. 237,000 [CONTACT_4B8C] to win by making your MoMo transactions starting from 5237F. Transfers, payments, withdrawals... etc. Try your luck on *126# or on bit.ly/MyMoMo1 to enjoy [CONTACT_8D6B]: 0 FCFA on your transfers and 1% on your withdrawals. Info: 8787 or [PHONE_8787]"
USER_10,2025-12-22,15:18:45,MobileMoney,transfert,IN,2600.0,XAF,3247.0,You have received 2600 XAF from [CONTACT_245A] ([PHONE_4138]) on your mobile money account at 2025-12-22 15:18:44. Message from sender: . Your new balance:3247 XAF. Financial Transaction Id: [PHONE_6933].
USER_10,2025-12-22,15:27:43,MobileMoney,transaction,OUT,500.0,XAF,2747.0,"A transaction of 500 XAF by MTNC BUNDLES_FORFAITS   (MTN_Bundles) on your mobile money account successfully completed at 2025-12-22 15:27:32. The amount was subject to a discount of 0 and coupons worth 0. Message from debit receiver: . Your new balance:2747 XAF. Fee was 0 XAF, loyalty fee was 0 and loyalty reward was 0. Financial Transaction Id: [PHONE_6389]. External Transaction Id: 8267389267222477470. 237,000 [CONTACT_4B8C] to win by making your MoMo transactions starting from 5237F. Transfers, payments, withdrawals... etc. Try your luck on *126# or on bit.ly/MyMoMo1 to enjoy [CONTACT_8D6B]: 0 FCFA on your transfers and 1% on your withdrawals. Info: 8787 or [PHONE_8787]"
USER_10,2025-12-22,15:39:37,MobileMoney,paiement,OUT,2500.0,XAF,247.0,"Your payment of 2500 XAF to [CONTACT_2537] ([PHONE_0610]) has been completed at 2025-12-22 15:39:29. Message: . Your new balance: 247 XAF. Fee was 0 XAF. The amount was subject to a discount of 0 XAF and coupons worth . Financial Transaction Id: [PHONE_4320]. External Transaction Id: -. 237,000 [CONTACT_4B8C] to win by making your MoMo transactions starting from 5237F. Transfers, payments, withdrawals... etc. Try your luck on *126# or on bit.ly/MyMoMo1 to enjoy [CONTACT_8D6B]: 0 FCFA on your transfers and 1% on your withdrawals. Info: 8787 or [PHONE_8787]"
USER_10,2025-12-23,23:43:34,MobileMoney,transfert,IN,3000.0,XAF,3247.0,You have received 3000 XAF from [CONTACT_7D57] ([PHONE_6671]) on your mobile money account at 2025-12-23 23:43:32. Message from sender: 1. Your new balance:3247 XAF. Financial Transaction Id: [PHONE_1546].
USER_10,2025-12-24,00:05:35,MobileMoney,transaction,OUT,3060.0,XAF,187.0,"A transaction of 3060 XAF by HOTICE - [CONTACT_37EB] ([PHONE_8376]) on your mobile money account successfully completed at 2025-12-24 00:05:27. The amount was subject to a discount of 0 and coupons worth 0. Message from debit receiver: Orange Money Transfer. Your new balance:187 XAF. Fee was 0 XAF, loyalty fee was 0 and loyalty reward was 0. Financial Transaction Id: [PHONE_7922]. External Transaction Id: 694b1f74f17583909d6b375d. 237,000 [CONTACT_4B8C] to win by making your MoMo transactions starting from 5237F. Transfers, payments, withdrawals... etc. Try your luck on *126# or on bit.ly/MyMoMo1 to enjoy [CONTACT_8D6B]: 0 FCFA on your transfers and 1% on your withdrawals. Info: 8787 or [PHONE_8787]"
USER_10,2025-12-24,19:40:04,MobileMoney,transfert,IN,1000.0,XAF,1187.0,"You have received 1000 XAF of [CONTACT_C7FD] [CONTACT_40AA] ([PHONE_9446] [CONTACT_7AB8]) on your Mobile Money 2025-12-24 19:40:01 account. Message from the sender: . Your new balance is 1187 XAF. Fee Paid: 0 XAF. Transaction ID: [PHONE_8967]. 237,000 [CONTACT_4B8C] to win by making your MoMo transactions starting from 5237,000F. Transfers, payments, withdrawals... etc. Try your luck on *126# or on bit.ly/MyMoMo1 to enjoy [CONTACT_8D6B]: 0 FCFA on your transfers and 1% on your withdrawals. Info: 8787 or [PHONE_8787]"
USER_10,2025-12-24,19:41:33,MobileMoney,transaction,OUT,500.0,XAF,687.0,"A transaction of 500 XAF by MTNC BUNDLES_FORFAITS   (MTN_Bundles) on your mobile money account successfully completed at 2025-12-24 19:41:24. The amount was subject to a discount of 0 and coupons worth 0. Message from debit receiver: . Your new balance:687 XAF. Fee was 0 XAF, loyalty fee was 0 and loyalty reward was 0. Financial Transaction Id: [PHONE_8613]. External Transaction Id: 5735626114384256691. 237,000 [CONTACT_4B8C] to win by making your MoMo transactions starting from 5237F. Transfers, payments, withdrawals... etc. Try your luck on *126# or on bit.ly/MyMoMo1 to enjoy [CONTACT_8D6B]: 0 FCFA on your transfers and 1% on your withdrawals. Info: 8787 or [PHONE_8787]"
USER_10,2025-12-25,02:37:32,MobileMoney,transaction,OUT,500.0,XAF,187.0,"A transaction of 500 XAF by MTNC BUNDLES_FORFAITS   (MTN_Bundles) on your mobile money account successfully completed at 2025-12-25 02:37:23. The amount was subject to a discount of 0 and coupons worth 0. Message from debit receiver: . Your new balance:187 XAF. Fee was 0 XAF, loyalty fee was 0 and loyalty reward was 0. Financial Transaction Id: [PHONE_2230]. External Transaction Id: 8604708393112369886. 237,000 [CONTACT_4B8C] to win by making your MoMo transactions starting from 5237F. Transfers, payments, withdrawals... etc. Try your luck on *126# or on bit.ly/MyMoMo1 to enjoy [CONTACT_8D6B]: 0 FCFA on your transfers and 1% on your withdrawals. Info: 8787 or [PHONE_8787]"
USER_10,2025-12-25,14:00:30,MobileMoney,transfert,IN,10000.0,XAF,10187.0,"You have received 10000 XAF of [CONTACT_8612] CBOX R1 [CONTACT_DC4F] ([PHONE_7926] [CONTACT_9E63]) on your Mobile Money 2025-12-25 14:00:27 account. Message from the sender: . Your new balance is 10187 XAF. Fee Paid: 0 XAF. Transaction ID: [PHONE_1987]. 237,000 [CONTACT_4B8C] to win by making your MoMo transactions starting from 5237,000F. Transfers, payments, withdrawals... etc. Try your luck on *126# or on bit.ly/MyMoMo1 to enjoy [CONTACT_8D6B]: 0 FCFA on your transfers and 1% on your withdrawals. Info: 8787 or [PHONE_8787]"
USER_10,2025-12-25,19:05:29,MobileMoney,retrait,OUT,9000.0,XAF,1048.0,"You have withdrawn 9000 XAF from your mobile money account at [CONTACT_0350] 2025-12-25 19:05:11. Your new balance:1048 XAF. Financial Transaction Id: [PHONE_5547]. 237,000 [CONTACT_4B8C] to win by making your MoMo transactions starting from 5237F. Transfers, payments, withdrawals... etc. Try your luck on *126# or on bit.ly/MyMoMo1 to enjoy [CONTACT_8D6B]: 0 FCFA on your transfers and 1% on your withdrawals. Info: 8787 or [PHONE_8787]"
USER_10,2025-12-26,15:47:23,MobileMoney,transfert,IN,20000.0,XAF,21048.0,You have received 20000 XAF from [CONTACT_4602] ([PHONE_7802]) on your mobile money account at 2025-12-26 15:47:21. Message from sender: allo. Your new balance:21048 XAF. Financial Transaction Id: [PHONE_2152].
USER_10,2025-12-26,18:29:05,MobileMoney,transfert,OUT,20200.0,XAF,743.0,"You have transferred 20200 XAF to [CONTACT_43A3] ([PHONE_4124]) from your mobile money account 69020858 at 2025-12-26 18:29:01 FEES 105 FCFA. Your new balance: 743 XAF. Message from sender: 0. Message to receiver: 0. Financial Transaction Id: [PHONE_0062]. 237,000 [CONTACT_4B8C] to win by making your MoMo transactions starting from 5237F. Transfers, payments, withdrawals... etc. Try your luck on *126# or on bit.ly/MyMoMo1 to enjoy [CONTACT_8D6B]: 0 FCFA on your transfers and 1% on your withdrawals. Info: 8787 or [PHONE_8787]"
USER_10,2025-12-28,22:05:42,MobileMoney,transaction,OUT,500.0,XAF,243.0,"A transaction of 500 XAF by MTNC BUNDLES_FORFAITS   (MTN_Bundles) on your mobile money account successfully completed at 2025-12-28 22:05:29. The amount was subject to a discount of 0 and coupons worth 0. Message from debit receiver: . Your new balance:243 XAF. Fee was 0 XAF, loyalty fee was 0 and loyalty reward was 0. Financial Transaction Id: [PHONE_1971]. External Transaction Id: 2062827426842798347. 237,000 [CONTACT_4B8C] to win by making your MoMo transactions starting from 5237F. Transfers, payments, withdrawals... etc. Try your luck on *126# or on bit.ly/MyMoMo1 to enjoy [CONTACT_8D6B]: 0 FCFA on your transfers and 1% on your withdrawals. Info: 8787 or [PHONE_8787]"
USER_10,2025-12-29,13:24:29,MobileMoney,transfert,IN,15000.0,XAF,15243.0,"You have received 15000 XAF of [CONTACT_C7A7] ([PHONE_6021] [CONTACT_8783]) on your Mobile Money 2025-12-29 13:24:26 account. Message from the sender: . Your new balance is 15243 XAF. Fee Paid: 0 XAF. Transaction ID: [PHONE_8536]. 237,000 [CONTACT_4B8C] to win by making your MoMo transactions starting from 5237,000F. Transfers, payments, withdrawals... etc. Try your luck on *126# or on bit.ly/MyMoMo1 to enjoy [CONTACT_8D6B]: 0 FCFA on your transfers and 1% on your withdrawals. Info: 8787 or [PHONE_8787]"
USER_10,2025-12-30,18:43:52,MobileMoney,retrait,OUT,14000.0,XAF,1029.0,"You have withdrawn 14000 XAF from your mobile m[CONTACT_ED2B]ey account at  [CONTACT_ED2B] 2025-12-30 18:43:24. Your new balance:1029 XAF. Financial Transaction Id: [PHONE_0515]. 237,000 [CONTACT_4B8C] to win by making your MoMo transactions starting from 5237F. Transfers, payments, withdrawals... etc. Try your luck on *126# or on bit.ly/MyMoMo1 to enjoy [CONTACT_8D6B]: 0 FCFA on your transfers and 1% on your withdrawals. Info: 8787 or [PHONE_8787]"
USER_10,2025-12-31,18:14:22,MobileMoney,transfert,IN,15000.0,XAF,16029.0,"You have received 15000 XAF of [CONTACT_3185] R1 [CONTACT_4B3F] ([PHONE_3507] [CONTACT_7458]) on your Mobile Money 2025-12-31 18:14:19 account. Message from the sender: . Your new balance is 16029 XAF. Fee Paid: 0 XAF. Transaction ID: [PHONE_2189]. 237,000 [CONTACT_4B8C] to win by making your MoMo transactions starting from 5237,000F. Transfers, payments, withdrawals... etc. Try your luck on *126# or on bit.ly/MyMoMo1 to enjoy [CONTACT_8D6B]: 0 FCFA on your transfers and 1% on your withdrawals. Info: 8787 or [PHONE_8787]"
USER_10,2026-01-01,00:11:45,MobileMoney,transaction,OUT,500.0,XAF,15529.0,"A transaction of 500 XAF by MTNC BUNDLES_FORFAITS   (MTN_Bundles) on your mobile money account successfully completed at 2026-01-01 00:11:39. The amount was subject to a discount of 0 and coupons worth 0. Message from debit receiver: . Your new balance:15529 XAF. Fee was 0 XAF, loyalty fee was 0 and loyalty reward was 0. Financial Transaction Id: [PHONE_0349]. External Transaction Id: 6716842373737200684. 237,000 [CONTACT_4B8C] to win by making your MoMo transactions starting from 5237F. Transfers, payments, withdrawals... etc. Try your luck on *126# or on bit.ly/MyMoMo1 to enjoy [CONTACT_8D6B]: 0 FCFA on your transfers and 1% on your withdrawals. Info: 8787 or [PHONE_8787]"
USER_10,2026-01-05,15:50:12,MobileMoney,retrait,OUT,14000.0,XAF,1315.0,"You have withdrawn 14000 XAF from your mobile money account at [CONTACT_A4DB] 2026-01-05 15:49:45. Your new balance:1315 XAF. Financial Transaction Id: [PHONE_0503]. 237,000 [CONTACT_4B8C] to win by making your MoMo transactions starting from 5237F. Transfers, payments, withdrawals... etc. Try your luck on *126# or on bit.ly/MyMoMo1 to enjoy [CONTACT_8D6B]: 0 FCFA on your transfers and 1% on your withdrawals. Info: 8787 or [PHONE_8787]"
USER_10,2026-01-09,18:08:50,MobileMoney,transaction,OUT,500.0,XAF,315.0,"A transaction of 500 XAF by MTNC BUNDLES_FORFAITS   (MTN_Bundles) on your mobile money account successfully completed at 2026-01-09 18:08:38. The amount was subject to a discount of 0 and coupons worth 0. Message from debit receiver: . Your new balance:315 XAF. Fee was 0 XAF, loyalty fee was 0 and loyalty reward was 0. Financial Transaction Id: [PHONE_3293]. External Transaction Id: 8115641006156612657. 237,000 [CONTACT_4B8C] to win by making your MoMo transactions starting from 5237F. Transfers, payments, withdrawals... etc. Try your luck on *126# or on bit.ly/MyMoMo1 to enjoy [CONTACT_8D6B]: 0 FCFA on your transfers and 1% on your withdrawals. Info: 8787 or [PHONE_8787]"
USER_10,2026-01-09,20:53:37,MobileMoney,transaction,OUT,200.0,XAF,109.0,"A transaction of 200 XAF by [CONTACT_E7E3] ([PHONE_6255]) on your mobile money account successfully completed at 2026-01-09 20:53:32. The amount was subject to a discount of 0 and coupons worth 0. Message from debit receiver: Un paiement de 200 XAF a ete effectue via 1XBET sur le numero [USER_10_phone]. Your new balance:109 XAF. Fee was 6 XAF, loyalty fee was 0 and loyalty reward was 0. Financial Transaction Id: [PHONE_1655]. External Transaction Id: 1767988399669. 237,000 [CONTACT_4B8C] to win by making your MoMo transactions starting from 5237F. Transfers, payments, withdrawals... etc. Try your luck on *126# or on bit.ly/MyMoMo1 to enjoy [CONTACT_8D6B]: 0 FCFA on your transfers and 1% on your withdrawals. Info: 8787 or [PHONE_8787]"
USER_10,2026-01-11,17:35:02,MobileMoney,transfert,IN,2000.0,XAF,2109.0,"You have received 2000 XAF of [CONTACT_DFBB] [CONTACT_C0BD] ([PHONE_7109] [CONTACT_AFA8]) on your Mobile Money 2026-01-11 17:34:59 account. Message from the sender: . Your new balance is 2109 XAF. Fee Paid: 0 XAF. Transaction ID: [PHONE_5370]. 237,000 [CONTACT_4B8C] to win by making your MoMo transactions starting from 5237,000F. Transfers, payments, withdrawals... etc. Try your luck on *126# or on bit.ly/MyMoMo1 to enjoy [CONTACT_8D6B]: 0 FCFA on your transfers and 1% on your withdrawals. Info: 8787 or [PHONE_8787]"
USER_10,2026-01-11,18:11:13,MobileMoney,transaction,OUT,500.0,XAF,1609.0,"A transaction of 500 XAF by MTNC BUNDLES_FORFAITS   (MTN_Bundles) on your mobile money account successfully completed at 2026-01-11 18:11:05. The amount was subject to a discount of 0 and coupons worth 0. Message from debit receiver: . Your new balance:1609 XAF. Fee was 0 XAF, loyalty fee was 0 and loyalty reward was 0. Financial Transaction Id: [PHONE_0690]. External Transaction Id: 8312815016586325788. 237,000 [CONTACT_4B8C] to win by making your MoMo transactions starting from 5237F. Transfers, payments, withdrawals... etc. Try your luck on *126# or on bit.ly/MyMoMo1 to enjoy [CONTACT_8D6B]: 0 FCFA on your transfers and 1% on your withdrawals. Info: 8787 or [PHONE_8787]"
USER_10,2026-01-12,09:09:25,MobileMoney,transaction,OUT,500.0,XAF,1109.0,"A transaction of 500 XAF by MTNC BUNDLES_FORFAITS   (MTN_Bundles) on your mobile money account successfully completed at 2026-01-12 09:09:08. The amount was subject to a discount of 0 and coupons worth 0. Message from debit receiver: . Your new balance:1109 XAF. Fee was 0 XAF, loyalty fee was 0 and loyalty reward was 0. Financial Transaction Id: [PHONE_3568]. External Transaction Id: 6379038377230938155. 237,000 [CONTACT_4B8C] to win by making your MoMo transactions starting from 5237F. Transfers, payments, withdrawals... etc. Try your luck on *126# or on bit.ly/MyMoMo1 to enjoy [CONTACT_8D6B]: 0 FCFA on your transfers and 1% on your withdrawals. Info: 8787 or [PHONE_8787]"
USER_10,2026-01-13,19:14:20,MobileMoney,transaction,OUT,500.0,XAF,609.0,"A transaction of 500 XAF by MTNC BUNDLES_FORFAITS   (MTN_Bundles) on your mobile money account successfully completed at 2026-01-13 19:14:18. The amount was subject to a discount of 0 and coupons worth 0. Message from debit receiver: . Your new balance:609 XAF. Fee was 0 XAF, loyalty fee was 0 and loyalty reward was 0. Financial Transaction Id: [PHONE_7023]. External Transaction Id: 7938574118655165296. 237,000 [CONTACT_4B8C] to win by making your MoMo transactions starting from 5237F. Transfers, payments, withdrawals... etc. Try your luck on *126# or on bit.ly/MyMoMo1 to enjoy [CONTACT_8D6B]: 0 FCFA on your transfers and 1% on your withdrawals. Info: 8787 or [PHONE_8787]"
USER_10,2026-01-15,16:25:29,MobileMoney,transfert,IN,11405.0,XAF,12014.0,You have received 11405 XAF from ONAFRIQ_ International Remittance ([PHONE_3133]) on your mobile money account at 2026-01-15 16:25:28. Message from sender: Country: null. Your new balance:12014 XAF. Financial Transaction Id: [PHONE_9381].
USER_10,2026-01-15,20:09:42,MobileMoney,transaction,OUT,500.0,XAF,11514.0,"A transaction of 500 XAF by MTNC BUNDLES_FORFAITS   (MTN_Bundles) on your mobile money account successfully completed at 2026-01-15 20:09:34. The amount was subject to a discount of 0 and coupons worth 0. Message from debit receiver: . Your new balance:11514 XAF. Fee was 0 XAF, loyalty fee was 0 and loyalty reward was 0. Financial Transaction Id: [PHONE_1408]. External Transaction Id: 248417147635416702. 237,000 [CONTACT_4B8C] to win by making your MoMo transactions starting from 5237F. Transfers, payments, withdrawals... etc. Try your luck on *126# or on bit.ly/MyMoMo1 to enjoy [CONTACT_8D6B]: 0 FCFA on your transfers and 1% on your withdrawals. Info: 8787 or [PHONE_8787]"
USER_10,2026-01-16,10:01:16,MobileMoney,transaction,OUT,500.0,XAF,11014.0,"A transaction of 500 XAF by MTNC BUNDLES_FORFAITS   (MTN_Bundles) on your mobile money account successfully completed at 2026-01-16 10:01:06. The amount was subject to a discount of 0 and coupons worth 0. Message from debit receiver: . Your new balance:11014 XAF. Fee was 0 XAF, loyalty fee was 0 and loyalty reward was 0. Financial Transaction Id: [PHONE_9983]. External Transaction Id: 4391106967545079649. 237,000 [CONTACT_4B8C] to win by making your MoMo transactions starting from 5237F. Transfers, payments, withdrawals... etc. Try your luck on *126# or on bit.ly/MyMoMo1 to enjoy [CONTACT_8D6B]: 0 FCFA on your transfers and 1% on your withdrawals. Info: 8787 or [PHONE_8787]"
USER_10,2026-01-16,21:17:38,MobileMoney,transaction,OUT,500.0,XAF,10514.0,"A transaction of 500 XAF by MTNC BUNDLES_FORFAITS   (MTN_Bundles) on your mobile money account successfully completed at 2026-01-16 21:17:21. The amount was subject to a discount of 0 and coupons worth 0. Message from debit receiver: . Your new balance:10514 XAF. Fee was 0 XAF, loyalty fee was 0 and loyalty reward was 0. Financial Transaction Id: [PHONE_2829]. External Transaction Id: 1513845843559659891. 237,000 [CONTACT_4B8C] to win by making your MoMo transactions starting from 5237F. Transfers, payments, withdrawals... etc. Try your luck on *126# or on bit.ly/MyMoMo1 to enjoy [CONTACT_8D6B]: 0 FCFA on your transfers and 1% on your withdrawals. Info: 8787 or [PHONE_8787]"
USER_10,2026-01-17,01:40:20,MobileMoney,transaction,OUT,500.0,XAF,10014.0,"A transaction of 500 XAF by MTNC BUNDLES_FORFAITS   (MTN_Bundles) on your mobile money account successfully completed at 2026-01-17 01:40:11. The amount was subject to a discount of 0 and coupons worth 0. Message from debit receiver: . Your new balance:10014 XAF. Fee was 0 XAF, loyalty fee was 0 and loyalty reward was 0. Financial Transaction Id: [PHONE_8395]. External Transaction Id: 3821634569000128082. 237,000 [CONTACT_4B8C] to win by making your MoMo transactions starting from 5237F. Transfers, payments, withdrawals... etc. Try your luck on *126# or on bit.ly/MyMoMo1 to enjoy [CONTACT_8D6B]: 0 FCFA on your transfers and 1% on your withdrawals. Info: 8787 or [PHONE_8787]"
USER_10,2026-01-17,15:14:54,MobileMoney,transaction,OUT,500.0,XAF,9514.0,"A transaction of 500 XAF by MTNC BUNDLES_FORFAITS   (MTN_Bundles) on your mobile money account successfully completed at 2026-01-17 15:14:36. The amount was subject to a discount of 0 and coupons worth 0. Message from debit receiver: . Your new balance:9514 XAF. Fee was 0 XAF, loyalty fee was 0 and loyalty reward was 0. Financial Transaction Id: [PHONE_6567]. External Transaction Id: 7013482178831665829. 237,000 [CONTACT_4B8C] to win by making your MoMo transactions starting from 5237F. Transfers, payments, withdrawals... etc. Try your luck on *126# or on bit.ly/MyMoMo1 to enjoy [CONTACT_8D6B]: 0 FCFA on your transfers and 1% on your withdrawals. Info: 8787 or [PHONE_8787]"
USER_10,2026-01-19,12:18:58,MobileMoney,transaction,OUT,500.0,XAF,9014.0,"A transaction of 500 XAF by MTNC BUNDLES_FORFAITS   (MTN_Bundles) on your mobile money account successfully completed at 2026-01-19 12:18:30. The amount was subject to a discount of 0 and coupons worth 0. Message from debit receiver: . Your new balance:9014 XAF. Fee was 0 XAF, loyalty fee was 0 and loyalty reward was 0. Financial Transaction Id: [PHONE_3493]. External Transaction Id: 4347611506357189933. 237,000 [CONTACT_4B8C] to win by making your MoMo transactions starting from 5237F. Transfers, payments, withdrawals... etc. Try your luck on *126# or on bit.ly/MyMoMo1 to enjoy [CONTACT_8D6B]: 0 FCFA on your transfers and 1% on your withdrawals. Info: 8787 or [PHONE_8787]"
USER_10,2026-01-20,13:44:23,MobileMoney,transaction,OUT,500.0,XAF,8514.0,"A transaction of 500 XAF by MTNC BUNDLES_FORFAITS   (MTN_Bundles) on your mobile money account successfully completed at 2026-01-20 13:44:06. The amount was subject to a discount of 0 and coupons worth 0. Message from debit receiver: . Your new balance:8514 XAF. Fee was 0 XAF, loyalty fee was 0 and loyalty reward was 0. Financial Transaction Id: [PHONE_6067]. External Transaction Id: 8603601718396175784. 237,000 [CONTACT_4B8C] to win by making your MoMo transactions starting from 5237F. Transfers, payments, withdrawals... etc. Try your luck on *126# or on bit.ly/MyMoMo1 to enjoy [CONTACT_8D6B]: 0 FCFA on your transfers and 1% on your withdrawals. Info: 8787 or [PHONE_8787]"
USER_10,2026-01-22,17:38:42,MobileMoney,transaction,OUT,500.0,XAF,8014.0,"A transaction of 500 XAF by MTNC BUNDLES_FORFAITS   (MTN_Bundles) on your mobile money account successfully completed at 2026-01-22 17:38:33. The amount was subject to a discount of 0 and coupons worth 0. Message from debit receiver: . Your new balance:8014 XAF. Fee was 0 XAF, loyalty fee was 0 and loyalty reward was 0. Financial Transaction Id: [PHONE_4953]. External Transaction Id: 6214703017924946965. 237,000 [CONTACT_4B8C] to win by making your MoMo transactions starting from 5237F. Transfers, payments, withdrawals... etc. Try your luck on *126# or on bit.ly/MyMoMo1 to enjoy [CONTACT_8D6B]: 0 FCFA on your transfers and 1% on your withdrawals. Info: 8787 or [PHONE_8787]"
USER_10,2026-01-23,09:33:09,MobileMoney,retrait,OUT,6500.0,XAF,1412.0,"You have withdrawn 6500 XAF from your mobile money account at [CONTACT_7F26] 2026-01-23 09:32:52. Your new balance:1412 XAF. Financial Transaction Id: [PHONE_6197]. 237,000 [CONTACT_4B8C] to win by making your MoMo transactions starting from 5237F. Transfers, payments, withdrawals... etc. Try your luck on *126# or on bit.ly/MyMoMo1 to enjoy [CONTACT_8D6B]: 0 FCFA on your transfers and 1% on your withdrawals. Info: 8787 or [PHONE_8787]"
USER_10,2026-01-23,15:30:27,MobileMoney,transaction,OUT,500.0,XAF,912.0,"A transaction of 500 XAF by MTNC BUNDLES_FORFAITS   (MTN_Bundles) on your mobile money account successfully completed at 2026-01-23 15:30:19. The amount was subject to a discount of 0 and coupons worth 0. Message from debit receiver: . Your new balance:912 XAF. Fee was 0 XAF, loyalty fee was 0 and loyalty reward was 0. Financial Transaction Id: [PHONE_4217]. External Transaction Id: 1903864020206466233. 237,000 [CONTACT_4B8C] to win by making your MoMo transactions starting from 5237F. Transfers, payments, withdrawals... etc. Try your luck on *126# or on bit.ly/MyMoMo1 to enjoy [CONTACT_8D6B]: 0 FCFA on your transfers and 1% on your withdrawals. Info: 8787 or [PHONE_8787]"
USER_10,2026-01-24,13:12:07,MobileMoney,transaction,OUT,500.0,XAF,212.0,"A transaction of 500 XAF by MTNC BUNDLES_FORFAITS   (MTN_Bundles) on your mobile money account successfully completed at 2026-01-24 13:12:04. The amount was subject to a discount of 0 and coupons worth 0. Message from debit receiver: . Your new balance:212 XAF. Fee was 0 XAF, loyalty fee was 0 and loyalty reward was 0. Financial Transaction Id: [PHONE_6960]. External Transaction Id: 6955037003052446010. 237,000 [CONTACT_4B8C] to win by making your MoMo transactions starting from 5237F. Transfers, payments, withdrawals... etc. Try your luck on *126# or on bit.ly/MyMoMo1 to enjoy [CONTACT_8D6B]: 0 FCFA on your transfers and 1% on your withdrawals. Info: 8787 or [PHONE_8787]"
USER_10,2026-01-25,16:47:21,MobileMoney,transfert,IN,500.0,XAF,712.0,"You have received 500 XAF of [CONTACT_AA1C] [CONTACT_BD6B] ([PHONE_8570] [CONTACT_34BA] WANDJI) on your Mobile Money 2026-01-25 16:47:17 account. Message from the sender: . Your new balance is 712 XAF. Fee Paid: 0 XAF. Transaction ID: [PHONE_2710]. 237,000 [CONTACT_4B8C] to win by making your MoMo transactions starting from 5237,000F. Transfers, payments, withdrawals... etc. Try your luck on *126# or on bit.ly/MyMoMo1 to enjoy [CONTACT_8D6B]: 0 FCFA on your transfers and 1% on your withdrawals. Info: 8787 or [PHONE_8787]"
USER_10,2026-01-26,00:38:53,MobileMoney,transaction,OUT,500.0,XAF,212.0,"A transaction of 500 XAF by MTNC BUNDLES_FORFAITS   (MTN_Bundles) on your mobile money account successfully completed at 2026-01-26 00:38:43. The amount was subject to a discount of 0 and coupons worth 0. Message from debit receiver: . Your new balance:212 XAF. Fee was 0 XAF, loyalty fee was 0 and loyalty reward was 0. Financial Transaction Id: [PHONE_2693]. External Transaction Id: 6105866699713083912. 237,000 [CONTACT_4B8C] to win by making your MoMo transactions starting from 5237F. Transfers, payments, withdrawals... etc. Try your luck on *126# or on bit.ly/MyMoMo1 to enjoy [CONTACT_8D6B]: 0 FCFA on your transfers and 1% on your withdrawals. Info: 8787 or [PHONE_8787]"
USER_10,2026-01-28,18:27:12,MobileMoney,transaction,OUT,500.0,XAF,712.0,"A transaction of 500 XAF by MTNC BUNDLES_FORFAITS   (MTN_Bundles) on your mobile money account successfully completed at 2026-01-28 18:26:04. The amount was subject to a discount of 0 and coupons worth 0. Message from debit receiver: . Your new balance:712 XAF. Fee was 0 XAF, loyalty fee was 0 and loyalty reward was 0. Financial Transaction Id: [PHONE_8303]. External Transaction Id: 5763116741827929348. 237,000 [CONTACT_4B8C] to win by making your MoMo transactions starting from 5237F. Transfers, payments, withdrawals... etc. Try your luck on *126# or on bit.ly/MyMoMo1 to enjoy [CONTACT_8D6B]: 0 FCFA on your transfers and 1% on your withdrawals. Info: 8787 or [PHONE_8787]"
USER_10,2026-01-29,23:32:16,MobileMoney,transaction,OUT,500.0,XAF,212.0,"A transaction of 500 XAF by MTNC BUNDLES_FORFAITS   (MTN_Bundles) on your mobile money account successfully completed at 2026-01-29 23:32:07. The amount was subject to a discount of 0 and coupons worth 0. Message from debit receiver: . Your new balance:212 XAF. Fee was 0 XAF, loyalty fee was 0 and loyalty reward was 0. Financial Transaction Id: [PHONE_5421]. External Transaction Id: 5333672129515068718. 237,000 [CONTACT_4B8C] to win by making your MoMo transactions starting from 5237F. Transfers, payments, withdrawals... etc. Try your luck on *126# or on bit.ly/MyMoMo1 to enjoy [CONTACT_8D6B]: 0 FCFA on your transfers and 1% on your withdrawals. Info: 8787 or [PHONE_8787]"
USER_10,2026-02-03,08:48:09,MobileMoney,transfert,IN,5000.0,XAF,5012.0,"You have received 5000 XAF of [CONTACT_3185] R1 [CONTACT_4B3F] ([PHONE_3507] [CONTACT_7458]) on your Mobile Money 2026-02-03 08:48:07 account. Message from the sender: . Your new balance is 5012 XAF. Fee Paid: 0 XAF. Transaction ID: [PHONE_2234]. 237,000 [CONTACT_4B8C] to win by making your MoMo transactions starting from 5237,000F. Transfers, payments, withdrawals... etc. Try your luck on *126# or on bit.ly/MyMoMo1 to enjoy [CONTACT_8D6B]: 0 FCFA on your transfers and 1% on your withdrawals. Info: 8787 or [PHONE_8787]"
USER_10,2026-02-03,09:57:14,MobileMoney,retrait,OUT,3000.0,XAF,1958.0,"You have withdrawn 3000 XAF from your mobile money account at [CONTACT_654D] A DOUMA on 2026-02-03 09:53:44. Your new balance:1958 XAF. Financial Transaction Id: [PHONE_7293]. 237,000 [CONTACT_4B8C] to win by making your MoMo transactions starting from 5237F. Transfers, payments, withdrawals... etc. Try your luck on *126# or on bit.ly/MyMoMo1 to enjoy [CONTACT_8D6B]: 0 FCFA on your transfers and 1% on your withdrawals. Info: 8787 or [PHONE_8787]"
USER_10,2026-02-03,18:13:43,MobileMoney,transaction,OUT,500.0,XAF,1458.0,"A transaction of 500 XAF by MTNC BUNDLES_FORFAITS   (MTN_Bundles) on your mobile money account successfully completed at 2026-02-03 18:13:31. The amount was subject to a discount of 0 and coupons worth 0. Message from debit receiver: . Your new balance:1458 XAF. Fee was 0 XAF, loyalty fee was 0 and loyalty reward was 0. Financial Transaction Id: [PHONE_2541]. External Transaction Id: 6925822981519908165. 237,000 [CONTACT_4B8C] to win by making your MoMo transactions starting from 5237F. Transfers, payments, withdrawals... etc. Try your luck on *126# or on bit.ly/MyMoMo1 to enjoy [CONTACT_8D6B]: 0 FCFA on your transfers and 1% on your withdrawals. Info: 8787 or [PHONE_8787]"
USER_10,2026-02-05,14:09:33,MobileMoney,transfert,IN,11070.0,XAF,12528.0,You have received 11070 XAF from ONAFRIQ_ International Remittance ([PHONE_3133]) on your mobile money account at 2026-02-05 14:09:31. Message from sender: Country: null. Your new balance:12528 XAF. Financial Transaction Id: [PHONE_8932].
USER_10,2026-02-05,17:45:17,MobileMoney,retrait,OUT,10000.0,XAF,2374.0,"You have withdrawn 10000 XAF from your mobile m[CONTACT_ED2B]ey account at  [CONTACT_ED2B] 2026-02-05 17:45:00. Your new balance:2374 XAF. Financial Transaction Id: [PHONE_7716]. 237,000 [CONTACT_4B8C] to win by making your MoMo transactions starting from 5237F. Transfers, payments, withdrawals... etc. Try your luck on *126# or on bit.ly/MyMoMo1 to enjoy [CONTACT_8D6B]: 0 FCFA on your transfers and 1% on your withdrawals. Info: 8787 or [PHONE_8787]"
USER_10,2026-02-06,13:22:25,MobileMoney,transaction,OUT,500.0,XAF,1874.0,"A transaction of 500 XAF by MTNC BUNDLES_FORFAITS   (MTN_Bundles) on your mobile money account successfully completed at 2026-02-06 13:22:16. The amount was subject to a discount of 0 and coupons worth 0. Message from debit receiver: . Your new balance:1874 XAF. Fee was 0 XAF, loyalty fee was 0 and loyalty reward was 0. Financial Transaction Id: [PHONE_6652]. External Transaction Id: 2166469276837302949. 237,000 [CONTACT_4B8C] to win by making your MoMo transactions starting from 5237F. Transfers, payments, withdrawals... etc. Try your luck on *126# or on bit.ly/MyMoMo1 to enjoy [CONTACT_8D6B]: 0 FCFA on your transfers and 1% on your withdrawals. Info: 8787 or [PHONE_8787]"
USER_10,2026-02-11,00:26:54,MobileMoney,paiement,OUT,200.0,XAF,1674.0,"Your payment of 200 XAF to MTNC BUNDLES_FORFAITS has been completed at 2026-02-11 00:26:48. Your new balance: 1674 XAF. Fee was 0 XAF. Message: -. Transaction Id: [PHONE_2182]. 237,000 [CONTACT_4B8C] to win by making your MoMo transactions starting from 5237F. Transfers, payments, withdrawals... etc. Try your luck on *126# or on bit.ly/MyMoMo1 to enjoy [CONTACT_8D6B]: 0 FCFA on your transfers and 1% on your withdrawals. Info: 8787 or [PHONE_8787]"
USER_10,2026-02-12,13:06:29,MobileMoney,transaction,OUT,500.0,XAF,1174.0,"A transaction of 500 XAF by MTNC BUNDLES_FORFAITS   (MTN_Bundles) on your mobile money account successfully completed at 2026-02-12 13:06:23. The amount was subject to a discount of 0 and coupons worth 0. Message from debit receiver: . Your new balance:1174 XAF. Fee was 0 XAF, loyalty fee was 0 and loyalty reward was 0. Financial Transaction Id: [PHONE_8564]. External Transaction Id: 2730362369249371611. 237,000 [CONTACT_4B8C] to win by making your MoMo transactions starting from 5237F. Transfers, payments, withdrawals... etc. Try your luck on *126# or on bit.ly/MyMoMo1 to enjoy [CONTACT_8D6B]: 0 FCFA on your transfers and 1% on your withdrawals. Info: 8787 or [PHONE_8787]"
USER_10,2026-02-14,14:39:35,MobileMoney,transaction,OUT,500.0,XAF,674.0,"A transaction of 500 XAF by MTNC BUNDLES_FORFAITS   (MTN_Bundles) on your mobile money account successfully completed at 2026-02-14 14:39:30. The amount was subject to a discount of 0 and coupons worth 0. Message from debit receiver: . Your new balance:674 XAF. Fee was 0 XAF, loyalty fee was 0 and loyalty reward was 0. Financial Transaction Id: [PHONE_5617]. External Transaction Id: 8079370122399086227. 237,000 [CONTACT_4B8C] to win by making your MoMo transactions starting from 5237F. Transfers, payments, withdrawals... etc. Try your luck on *126# or on bit.ly/MyMoMo1 to enjoy [CONTACT_8D6B]: 0 FCFA on your transfers and 1% on your withdrawals. Info: 8787 or [PHONE_8787]"
USER_10,2026-02-15,20:57:24,MobileMoney,transaction,OUT,500.0,XAF,174.0,"A transaction of 500 XAF by MTNC BUNDLES_FORFAITS   (MTN_Bundles) on your mobile money account successfully completed at 2026-02-15 20:57:17. The amount was subject to a discount of 0 and coupons worth 0. Message from debit receiver: . Your new balance:174 XAF. Fee was 0 XAF, loyalty fee was 0 and loyalty reward was 0. Financial Transaction Id: [PHONE_6414]. External Transaction Id: 2341219259316017331. 237,000 [CONTACT_4B8C] to win by making your MoMo transactions starting from 5237F. Transfers, payments, withdrawals... etc. Try your luck on *126# or on bit.ly/MyMoMo1 to enjoy [CONTACT_8D6B]: 0 FCFA on your transfers and 1% on your withdrawals. Info: 8787 or [PHONE_8787]"
USER_10,2026-02-17,09:43:57,MobileMoney,transfert,IN,31490.0,XAF,31664.0,You have received 31490 XAF from ONAFRIQ_ International Remittance ([PHONE_3133]) on your mobile money account at 2026-02-17 09:43:55. Message from sender: Country: null. Your new balance:31664 XAF. Financial Transaction Id: [PHONE_4309].
USER_10,2026-02-17,12:22:13,MobileMoney,retrait,OUT,30000.0,XAF,1210.0,"You have withdrawn 30000 XAF from your mobile money account at [CONTACT_88C1] 2026-02-17 12:22:08. Your new balance:1210 XAF. Financial Transaction Id: [PHONE_5881]. 237,000 [CONTACT_4B8C] to win by making your MoMo transactions starting from 5237F. Transfers, payments, withdrawals... etc. Try your luck on *126# or on bit.ly/MyMoMo1 to enjoy [CONTACT_8D6B]: 0 FCFA on your transfers and 1% on your withdrawals. Info: 8787 or [PHONE_8787]"
USER_10,2026-02-18,00:48:01,MobileMoney,transaction,OUT,500.0,XAF,710.0,"A transaction of 500 XAF by MTNC BUNDLES_FORFAITS   (MTN_Bundles) on your mobile money account successfully completed at 2026-02-18 00:47:57. The amount was subject to a discount of 0 and coupons worth 0. Message from debit receiver: . Your new balance:710 XAF. Fee was 0 XAF, loyalty fee was 0 and loyalty reward was 0. Financial Transaction Id: [PHONE_1530]. External Transaction Id: 1195198434610747541. 237,000 [CONTACT_4B8C] to win by making your MoMo transactions starting from 5237F. Transfers, payments, withdrawals... etc. Try your luck on *126# or on bit.ly/MyMoMo1 to enjoy [CONTACT_8D6B]: 0 FCFA on your transfers and 1% on your withdrawals. Info: 8787 or [PHONE_8787]"
USER_10,2026-02-18,08:28:00,MobileMoney,transfert,IN,5000.0,XAF,5710.0,"You have received 5000 XAF of [CONTACT_3185] R1 [CONTACT_4B3F] ([PHONE_3507] [CONTACT_7458]) on your Mobile Money 2026-02-18 08:27:58 account. Message from the sender: . Your new balance is 5710 XAF. Fee Paid: 0 XAF. Transaction ID: [PHONE_8223]. 237,000 [CONTACT_4B8C] to win by making your MoMo transactions starting from 5237,000F. Transfers, payments, withdrawals... etc. Try your luck on *126# or on bit.ly/MyMoMo1 to enjoy [CONTACT_8D6B]: 0 FCFA on your transfers and 1% on your withdrawals. Info: 8787 or [PHONE_8787]"
USER_10,2026-02-18,19:15:43,MobileMoney,retrait,OUT,4000.0,XAF,1646.0,"You have withdrawn 4000 XAF from your mobile money account at [CONTACT_4BAC] 2026-02-18 19:15:38. Your new balance:1646 XAF. Financial Transaction Id: [PHONE_4127]. 237,000 [CONTACT_4B8C] to win by making your MoMo transactions starting from 5237F. Transfers, payments, withdrawals... etc. Try your luck on *126# or on bit.ly/MyMoMo1 to enjoy [CONTACT_8D6B]: 0 FCFA on your transfers and 1% on your withdrawals. Info: 8787 or [PHONE_8787]"
USER_10,2026-02-19,01:19:00,MobileMoney,transaction,OUT,500.0,XAF,1146.0,"A transaction of 500 XAF by MTNC BUNDLES_FORFAITS   (MTN_Bundles) on your mobile money account successfully completed at 2026-02-19 01:17:02. The amount was subject to a discount of 0 and coupons worth 0. Message from debit receiver: . Your new balance:1146 XAF. Fee was 0 XAF, loyalty fee was 0 and loyalty reward was 0. Financial Transaction Id: [PHONE_8993]. External Transaction Id: 3004315287316205022. 237,000 [CONTACT_4B8C] to win by making your MoMo transactions starting from 5237F. Transfers, payments, withdrawals... etc. Try your luck on *126# or on bit.ly/MyMoMo1 to enjoy [CONTACT_8D6B]: 0 FCFA on your transfers and 1% on your withdrawals. Info: 8787 or [PHONE_8787]"
USER_10,2026-02-19,08:17:24,MobileMoney,transaction,OUT,500.0,XAF,646.0,"A transaction of 500 XAF by MTNC BUNDLES_FORFAITS   (MTN_Bundles) on your mobile money account successfully completed at 2026-02-19 08:17:17. The amount was subject to a discount of 0 and coupons worth 0. Message from debit receiver: . Your new balance:646 XAF. Fee was 0 XAF, loyalty fee was 0 and loyalty reward was 0. Financial Transaction Id: [PHONE_6706]. External Transaction Id: 220599771381703411. 237,000 [CONTACT_4B8C] to win by making your MoMo transactions starting from 5237F. Transfers, payments, withdrawals... etc. Try your luck on *126# or on bit.ly/MyMoMo1 to enjoy [CONTACT_8D6B]: 0 FCFA on your transfers and 1% on your withdrawals. Info: 8787 or [PHONE_8787]"
USER_10,2026-02-20,14:35:48,MobileMoney,transaction,OUT,500.0,XAF,146.0,"A transaction of 500 XAF by MTNC BUNDLES_FORFAITS   (MTN_Bundles) on your mobile money account successfully completed at 2026-02-20 14:35:43. The amount was subject to a discount of 0 and coupons worth 0. Message from debit receiver: . Your new balance:146 XAF. Fee was 0 XAF, loyalty fee was 0 and loyalty reward was 0. Financial Transaction Id: [PHONE_0428]. External Transaction Id: 6407363147653121282. 237,000 [CONTACT_4B8C] to win by making your MoMo transactions starting from 5237F. Transfers, payments, withdrawals... etc. Try your luck on *126# or on bit.ly/MyMoMo1 to enjoy [CONTACT_8D6B]: 0 FCFA on your transfers and 1% on your withdrawals. Info: 8787 or [PHONE_8787]"
USER_10,2026-02-20,20:24:06,MobileMoney,transfert,IN,1500.0,XAF,1646.0,"You have received 1500 XAF of [CONTACT_E8F5] ([PHONE_4679]) on your Mobile Money 2026-02-20 20:24:01 account. Message from the sender: . Your new balance is 1646 XAF. Fee Paid: 0 XAF. Transaction ID: [PHONE_9540]. 237,000 [CONTACT_4B8C] to win by making your MoMo transactions starting from 5237,000F. Transfers, payments, withdrawals... etc. Try your luck on *126# or on bit.ly/MyMoMo1 to enjoy [CONTACT_8D6B]: 0 FCFA on your transfers and 1% on your withdrawals. Info: 8787 or [PHONE_8787]"
USER_10,2026-02-21,10:41:19,MobileMoney,transaction,OUT,500.0,XAF,946.0,"A transaction of 500 XAF by MTNC BUNDLES_FORFAITS   (MTN_Bundles) on your mobile money account successfully completed at 2026-02-21 10:41:15. The amount was subject to a discount of 0 and coupons worth 0. Message from debit receiver: . Your new balance:946 XAF. Fee was 0 XAF, loyalty fee was 0 and loyalty reward was 0. Financial Transaction Id: [PHONE_4328]. External Transaction Id: 3864120312740374272. 237,000 [CONTACT_4B8C] to win by making your MoMo transactions starting from 5237F. Transfers, payments, withdrawals... etc. Try your luck on *126# or on bit.ly/MyMoMo1 to enjoy [CONTACT_8D6B]: 0 FCFA on your transfers and 1% on your withdrawals. Info: 8787 or [PHONE_8787]"
USER_10,2026-02-21,17:20:06,MobileMoney,transaction,OUT,500.0,XAF,446.0,"A transaction of 500 XAF by MTNC BUNDLES_FORFAITS   (MTN_Bundles) on your mobile money account successfully completed at 2026-02-21 17:20:01. The amount was subject to a discount of 0 and coupons worth 0. Message from debit receiver: . Your new balance:446 XAF. Fee was 0 XAF, loyalty fee was 0 and loyalty reward was 0. Financial Transaction Id: [PHONE_8397]. External Transaction Id: 420834702945158602. 237,000 [CONTACT_4B8C] to win by making your MoMo transactions starting from 5237F. Transfers, payments, withdrawals... etc. Try your luck on *126# or on bit.ly/MyMoMo1 to enjoy [CONTACT_8D6B]: 0 FCFA on your transfers and 1% on your withdrawals. Info: 8787 or [PHONE_8787]"
USER_10,2026-02-25,15:44:17,MobileMoney,transaction,OUT,75.0,XAF,371.0,"A transaction of 75 XAF by MTNC BUNDLES_FORFAITS   (MTN_Bundles) on your mobile money account successfully completed at 2026-02-25 15:44:10. The amount was subject to a discount of 0 and coupons worth 0. Message from debit receiver: . Your new balance:371 XAF. Fee was 0 XAF, loyalty fee was 0 and loyalty reward was 0. Financial Transaction Id: [PHONE_3704]. External Transaction Id: 2373330489330818031. 237,000 [CONTACT_4B8C] to win by making your MoMo transactions starting from 5237F. Transfers, payments, withdrawals... etc. Try your luck on *126# or on bit.ly/MyMoMo1 to enjoy [CONTACT_8D6B]: 0 FCFA on your transfers and 1% on your withdrawals. Info: 8787 or [PHONE_8787]"
USER_10,2026-02-27,12:15:36,MobileMoney,transfert,IN,1000.0,XAF,1371.0,"You have received 1000 XAF of STYLE.COM? [CONTACT_E52D] ([PHONE_6072] [CONTACT_EE70] KENMOGNE) on your Mobile Money 2026-02-27 12:15:32 account. Message from the sender: . Your new balance is 1371 XAF. Fee Paid: 0 XAF. Transaction ID: [PHONE_6631]. 237,000 [CONTACT_4B8C] to win by making your MoMo transactions starting from 5237,000F. Transfers, payments, withdrawals... etc. Try your luck on *126# or on bit.ly/MyMoMo1 to enjoy [CONTACT_8D6B]: 0 FCFA on your transfers and 1% on your withdrawals. Info: 8787 or [PHONE_8787]"
USER_10,2026-02-27,12:32:20,MobileMoney,transaction,OUT,500.0,XAF,871.0,"A transaction of 500 XAF by MTNC BUNDLES_FORFAITS   (MTN_Bundles) on your mobile money account successfully completed at 2026-02-27 12:32:10. The amount was subject to a discount of 0 and coupons worth 0. Message from debit receiver: . Your new balance:871 XAF. Fee was 0 XAF, loyalty fee was 0 and loyalty reward was 0. Financial Transaction Id: [PHONE_4066]. External Transaction Id: 8547563344885409867. 237,000 [CONTACT_4B8C] to win by making your MoMo transactions starting from 5237F. Transfers, payments, withdrawals... etc. Try your luck on *126# or on bit.ly/MyMoMo1 to enjoy [CONTACT_8D6B]: 0 FCFA on your transfers and 1% on your withdrawals. Info: 8787 or [PHONE_8787]"
USER_10,2026-02-28,20:20:23,MobileMoney,transaction,OUT,500.0,XAF,371.0,"A transaction of 500 XAF by MTNC BUNDLES_FORFAITS   (MTN_Bundles) on your mobile money account successfully completed at 2026-02-28 20:20:15. The amount was subject to a discount of 0 and coupons worth 0. Message from debit receiver: . Your new balance:371 XAF. Fee was 0 XAF, loyalty fee was 0 and loyalty reward was 0. Financial Transaction Id: [PHONE_6633]. External Transaction Id: 1677060439810036633. 237,000 [CONTACT_4B8C] to win by making your MoMo transactions starting from 5237F. Transfers, payments, withdrawals... etc. Try your luck on *126# or on bit.ly/MyMoMo1 to enjoy [CONTACT_8D6B]: 0 FCFA on your transfers and 1% on your withdrawals. Info: 8787 or [PHONE_8787]"
USER_10,2026-03-01,17:44:37,MobileMoney,transfert,IN,2100.0,XAF,2471.0,"You have received 2100 XAF of [CONTACT_E80E] Ers Shalomes Services ([PHONE_2963] ) on your Mobile Money 2026-03-01 17:44:35 account. Message from the sender: . Your new balance is 2471 XAF. Fee Paid: 0 XAF. Transaction ID: [PHONE_9800]. 237,000 [CONTACT_4B8C] to win by making your MoMo transactions starting from 5237,000F. Transfers, payments, withdrawals... etc. Try your luck on *126# or on bit.ly/MyMoMo1 to enjoy [CONTACT_8D6B]: 0 FCFA on your transfers and 1% on your withdrawals. Info: 8787 or [PHONE_8787]"
USER_10,2026-03-01,17:54:40,MobileMoney,transaction,OUT,500.0,XAF,1971.0,"A transaction of 500 XAF by MTNC BUNDLES_FORFAITS   (MTN_Bundles) on your mobile money account successfully completed at 2026-03-01 17:54:34. The amount was subject to a discount of 0 and coupons worth 0. Message from debit receiver: . Your new balance:1971 XAF. Fee was 0 XAF, loyalty fee was 0 and loyalty reward was 0. Financial Transaction Id: [PHONE_5143]. External Transaction Id: 8714583051394632206. 237,000 [CONTACT_4B8C] to win by making your MoMo transactions starting from 5237F. Transfers, payments, withdrawals... etc. Try your luck on *126# or on bit.ly/MyMoMo1 to enjoy [CONTACT_8D6B]: 0 FCFA on your transfers and 1% on your withdrawals. Info: 8787 or [PHONE_8787]"
USER_10,2026-03-02,10:49:06,MobileMoney,transaction,OUT,500.0,XAF,1471.0,"A transaction of 500 XAF by MTNC BUNDLES_FORFAITS   (MTN_Bundles) on your mobile money account successfully completed at 2026-03-02 10:49:01. The amount was subject to a discount of 0 and coupons worth 0. Message from debit receiver: . Your new balance:1471 XAF. Fee was 0 XAF, loyalty fee was 0 and loyalty reward was 0. Financial Transaction Id: [PHONE_5761]. External Transaction Id: 4068761071281530109. 237,000 [CONTACT_4B8C] to win by making your MoMo transactions starting from 5237F. Transfers, payments, withdrawals... etc. Try your luck on *126# or on bit.ly/MyMoMo1 to enjoy [CONTACT_8D6B]: 0 FCFA on your transfers and 1% on your withdrawals. Info: 8787 or [PHONE_8787]"
USER_10,2026-03-02,13:41:02,MobileMoney,transaction,OUT,500.0,XAF,971.0,"A transaction of 500 XAF by MTNC BUNDLES_FORFAITS   (MTN_Bundles) on your mobile money account successfully completed at 2026-03-02 13:40:55. The amount was subject to a discount of 0 and coupons worth 0. Message from debit receiver: . Your new balance:971 XAF. Fee was 0 XAF, loyalty fee was 0 and loyalty reward was 0. Financial Transaction Id: [PHONE_6227]. External Transaction Id: 5276524372298836322. 237,000 [CONTACT_4B8C] to win by making your MoMo transactions starting from 5237F. Transfers, payments, withdrawals... etc. Try your luck on *126# or on bit.ly/MyMoMo1 to enjoy [CONTACT_8D6B]: 0 FCFA on your transfers and 1% on your withdrawals. Info: 8787 or [PHONE_8787]"
USER_10,2026-03-03,11:01:26,MobileMoney,transaction,OUT,500.0,XAF,471.0,"A transaction of 500 XAF by MTNC BUNDLES_FORFAITS   (MTN_Bundles) on your mobile money account successfully completed at 2026-03-03 11:01:19. The amount was subject to a discount of 0 and coupons worth 0. Message from debit receiver: . Your new balance:471 XAF. Fee was 0 XAF, loyalty fee was 0 and loyalty reward was 0. Financial Transaction Id: [PHONE_1327]. External Transaction Id: 3691275330926795817. 237,000 [CONTACT_4B8C] to win by making your MoMo transactions starting from 5237F. Transfers, payments, withdrawals... etc. Try your luck on *126# or on bit.ly/MyMoMo1 to enjoy [CONTACT_8D6B]: 0 FCFA on your transfers and 1% on your withdrawals. Info: 8787 or [PHONE_8787]"
USER_10,2026-03-06,09:27:11,MobileMoney,transaction,OUT,199.0,XAF,272.0,"A transaction of 199 XAF by MTNC BUNDLES_FORFAITS   (MTN_Bundles) on your mobile money account successfully completed at 2026-03-06 09:27:07. The amount was subject to a discount of 0 and coupons worth 0. Message from debit receiver: . Your new balance:272 XAF. Fee was 0 XAF, loyalty fee was 0 and loyalty reward was 0. Financial Transaction Id: [PHONE_1786]. External Transaction Id: 3078861730914260142. 237,000 [CONTACT_4B8C] to win by making your MoMo transactions starting from 5237F. Transfers, payments, withdrawals... etc. Try your luck on *126# or on bit.ly/MyMoMo1 to enjoy [CONTACT_8D6B]: 0 FCFA on your transfers and 1% on your withdrawals. Info: 8787 or [PHONE_8787]"
USER_10,2026-03-06,10:27:55,MobileMoney,transfert,IN,10000.0,XAF,10272.0,"You have received 10000 XAF of [CONTACT_3185] R1 [CONTACT_4B3F] ([PHONE_3507] [CONTACT_7458]) on your Mobile Money 2026-03-06 10:27:51 account. Message from the sender: . Your new balance is 10272 XAF. Fee Paid: 0 XAF. Transaction ID: [PHONE_3783]. 237,000 [CONTACT_4B8C] to win by making your MoMo transactions starting from 5237,000F. Transfers, payments, withdrawals... etc. Try your luck on *126# or on bit.ly/MyMoMo1 to enjoy [CONTACT_8D6B]: 0 FCFA on your transfers and 1% on your withdrawals. Info: 8787 or [PHONE_8787]"
USER_10,2026-03-06,10:50:08,MobileMoney,transaction,OUT,500.0,XAF,9772.0,"A transaction of 500 XAF by MTNC BUNDLES_FORFAITS   (MTN_Bundles) on your mobile money account successfully completed at 2026-03-06 10:50:01. The amount was subject to a discount of 0 and coupons worth 0. Message from debit receiver: . Your new balance:9772 XAF. Fee was 0 XAF, loyalty fee was 0 and loyalty reward was 0. Financial Transaction Id: [PHONE_1413]. External Transaction Id: 1023845251404510847. 237,000 [CONTACT_4B8C] to win by making your MoMo transactions starting from 5237F. Transfers, payments, withdrawals... etc. Try your luck on *126# or on bit.ly/MyMoMo1 to enjoy [CONTACT_8D6B]: 0 FCFA on your transfers and 1% on your withdrawals. Info: 8787 or [PHONE_8787]"
USER_10,2026-03-06,12:56:04,MobileMoney,transaction,OUT,500.0,XAF,9272.0,"A transaction of 500 XAF by MTNC BUNDLES_FORFAITS   (MTN_Bundles) on your mobile money account successfully completed at 2026-03-06 12:55:34. The amount was subject to a discount of 0 and coupons worth 0. Message from debit receiver: . Your new balance:9272 XAF. Fee was 0 XAF, loyalty fee was 0 and loyalty reward was 0. Financial Transaction Id: [PHONE_3990]. External Transaction Id: 7062454246128042651. 237,000 [CONTACT_4B8C] to win by making your MoMo transactions starting from 5237F. Transfers, payments, withdrawals... etc. Try your luck on *126# or on bit.ly/MyMoMo1 to enjoy [CONTACT_8D6B]: 0 FCFA on your transfers and 1% on your withdrawals. Info: 8787 or [PHONE_8787]"
USER_10,2026-03-06,16:34:23,MobileMoney,retrait,OUT,6100.0,XAF,3095.0,"You have withdrawn 6100 XAF from your mobile m[CONTACT_ED2B]ey account at  [CONTACT_ED2B] 2026-03-06 16:34:16. Your new balance:3095 XAF. Financial Transaction Id: [PHONE_8433]. 237,000 [CONTACT_4B8C] to win by making your MoMo transactions starting from 5237F. Transfers, payments, withdrawals... etc. Try your luck on *126# or on bit.ly/MyMoMo1 to enjoy [CONTACT_8D6B]: 0 FCFA on your transfers and 1% on your withdrawals. Info: 8787 or [PHONE_8787]"
USER_10,2026-03-06,19:22:05,MobileMoney,transaction,OUT,500.0,XAF,2595.0,"A transaction of 500 XAF by MTNC BUNDLES_FORFAITS   (MTN_Bundles) on your mobile money account successfully completed at 2026-03-06 19:21:57. The amount was subject to a discount of 0 and coupons worth 0. Message from debit receiver: . Your new balance:2595 XAF. Fee was 0 XAF, loyalty fee was 0 and loyalty reward was 0. Financial Transaction Id: [PHONE_0990]. External Transaction Id: 4849668526473484061. 237,000 [CONTACT_4B8C] to win by making your MoMo transactions starting from 5237F. Transfers, payments, withdrawals... etc. Try your luck on *126# or on bit.ly/MyMoMo1 to enjoy [CONTACT_8D6B]: 0 FCFA on your transfers and 1% on your withdrawals. Info: 8787 or [PHONE_8787]"
USER_10,2026-03-07,15:01:45,MobileMoney,transaction,OUT,500.0,XAF,2095.0,"A transaction of 500 XAF by MTNC BUNDLES_FORFAITS   (MTN_Bundles) on your mobile money account successfully completed at 2026-03-07 15:01:38. The amount was subject to a discount of 0 and coupons worth 0. Message from debit receiver: . Your new balance:2095 XAF. Fee was 0 XAF, loyalty fee was 0 and loyalty reward was 0. Financial Transaction Id: [PHONE_8792]. External Transaction Id: 8571336515353873089. 237,000 [CONTACT_4B8C] to win by making your MoMo transactions starting from 5237F. Transfers, payments, withdrawals... etc. Try your luck on *126# or on bit.ly/MyMoMo1 to enjoy [CONTACT_8D6B]: 0 FCFA on your transfers and 1% on your withdrawals. Info: 8787 or [PHONE_8787]"
USER_10,2026-03-08,00:06:25,MobileMoney,paiement,OUT,200.0,XAF,1895.0,"Your payment of 200 XAF to MTNC BUNDLES_FORFAITS has been completed at 2026-03-08 00:06:18. Your new balance: 1895 XAF. Fee was 0 XAF. Message: -. Transaction Id: [PHONE_5741]. 237,000 [CONTACT_4B8C] to win by making your MoMo transactions starting from 5237F. Transfers, payments, withdrawals... etc. Try your luck on *126# or on bit.ly/MyMoMo1 to enjoy [CONTACT_8D6B]: 0 FCFA on your transfers and 1% on your withdrawals. Info: 8787 or [PHONE_8787]"
USER_10,2026-03-08,09:31:00,MobileMoney,transaction,OUT,500.0,XAF,1395.0,"A transaction of 500 XAF by MTNC BUNDLES_FORFAITS   (MTN_Bundles) on your mobile money account successfully completed at 2026-03-08 09:30:53. The amount was subject to a discount of 0 and coupons worth 0. Message from debit receiver: . Your new balance:1395 XAF. Fee was 0 XAF, loyalty fee was 0 and loyalty reward was 0. Financial Transaction Id: [PHONE_6967]. External Transaction Id: 1068544950455834982. 237,000 [CONTACT_4B8C] to win by making your MoMo transactions starting from 5237F. Transfers, payments, withdrawals... etc. Try your luck on *126# or on bit.ly/MyMoMo1 to enjoy [CONTACT_8D6B]: 0 FCFA on your transfers and 1% on your withdrawals. Info: 8787 or [PHONE_8787]"
USER_10,2026-03-08,16:29:41,MobileMoney,transaction,OUT,500.0,XAF,895.0,"A transaction of 500 XAF by MTNC BUNDLES_FORFAITS   (MTN_Bundles) on your mobile money account successfully completed at 2026-03-08 16:29:33. The amount was subject to a discount of 0 and coupons worth 0. Message from debit receiver: . Your new balance:895 XAF. Fee was 0 XAF, loyalty fee was 0 and loyalty reward was 0. Financial Transaction Id: [PHONE_7599]. External Transaction Id: 2388224547751226325. 237,000 [CONTACT_4B8C] to win by making your MoMo transactions starting from 5237F. Transfers, payments, withdrawals... etc. Try your luck on *126# or on bit.ly/MyMoMo1 to enjoy [CONTACT_8D6B]: 0 FCFA on your transfers and 1% on your withdrawals. Info: 8787 or [PHONE_8787]"
USER_10,2026-03-10,07:27:56,MobileMoney,transaction,OUT,500.0,XAF,395.0,"A transaction of 500 XAF by MTNC BUNDLES_FORFAITS   (MTN_Bundles) on your mobile money account successfully completed at 2026-03-10 07:27:54. The amount was subject to a discount of 0 and coupons worth 0. Message from debit receiver: . Your new balance:395 XAF. Fee was 0 XAF, loyalty fee was 0 and loyalty reward was 0. Financial Transaction Id: [PHONE_9320]. External Transaction Id: 4803681874697348879. 237,000 [CONTACT_4B8C] to win by making your MoMo transactions starting from 5237F. Transfers, payments, withdrawals... etc. Try your luck on *126# or on bit.ly/MyMoMo1 to enjoy [CONTACT_8D6B]: 0 FCFA on your transfers and 1% on your withdrawals. Info: 8787 or [PHONE_8787]"
USER_10,2026-03-11,11:24:48,MobileMoney,transaction,OUT,199.0,XAF,196.0,"A transaction of 199 XAF by MTNC BUNDLES_FORFAITS   (MTN_Bundles) on your mobile money account successfully completed at 2026-03-11 11:24:42. The amount was subject to a discount of 0 and coupons worth 0. Message from debit receiver: . Your new balance:196 XAF. Fee was 0 XAF, loyalty fee was 0 and loyalty reward was 0. Financial Transaction Id: [PHONE_7481]. External Transaction Id: 5912634362981524595. 237,000 [CONTACT_4B8C] to win by making your MoMo transactions starting from 5237F. Transfers, payments, withdrawals... etc. Try your luck on *126# or on bit.ly/MyMoMo1 to enjoy [CONTACT_8D6B]: 0 FCFA on your transfers and 1% on your withdrawals. Info: 8787 or [PHONE_8787]"
USER_10,2026-03-11,14:31:01,MobileMoney,transfert,IN,450000.0,XAF,450196.0,"You have received 450000 XAF of [CONTACT_FF50] TIN-GLOBALCOMM _ ([PHONE_6349] [CONTACT_A475]) on your Mobile Money 2026-03-11 14:30:49 account. Message from the sender: . Your new balance is 450196 XAF. Fee Paid: 0 XAF. Transaction ID: [PHONE_9645]. 237,000 [CONTACT_4B8C] to win by making your MoMo transactions starting from 5237,000F. Transfers, payments, withdrawals... etc. Try your luck on *126# or on bit.ly/MyMoMo1 to enjoy [CONTACT_8D6B]: 0 FCFA on your transfers and 1% on your withdrawals. Info: 8787 or [PHONE_8787]"
USER_10,2026-03-11,14:32:28,MobileMoney,transaction,OUT,500.0,XAF,449696.0,"A transaction of 500 XAF by MTNC BUNDLES_FORFAITS   (MTN_Bundles) on your mobile money account successfully completed at 2026-03-11 14:32:22. The amount was subject to a discount of 0 and coupons worth 0. Message from debit receiver: . Your new balance:449696 XAF. Fee was 0 XAF, loyalty fee was 0 and loyalty reward was 0. Financial Transaction Id: [PHONE_6708]. External Transaction Id: 5713351012429502862. 237,000 [CONTACT_4B8C] to win by making your MoMo transactions starting from 5237F. Transfers, payments, withdrawals... etc. Try your luck on *126# or on bit.ly/MyMoMo1 to enjoy [CONTACT_8D6B]: 0 FCFA on your transfers and 1% on your withdrawals. Info: 8787 or [PHONE_8787]"
USER_10,2026-03-11,15:51:33,MobileMoney,retrait,OUT,440000.0,XAF,5692.0,"You have withdrawn 440000 XAF from your mobile money account at [CONTACT_C0CC] N A on 2026-03-11 15:51:26. Your new balance:5692 XAF. Financial Transaction Id: [PHONE_0819]. 237,000 [CONTACT_4B8C] to win by making your MoMo transactions starting from 5237F. Transfers, payments, withdrawals... etc. Try your luck on *126# or on bit.ly/MyMoMo1 to enjoy [CONTACT_8D6B]: 0 FCFA on your transfers and 1% on your withdrawals. Info: 8787 or [PHONE_8787]"
USER_10,2026-03-11,21:02:45,MobileMoney,transaction,OUT,500.0,XAF,5192.0,"A transaction of 500 XAF by MTNC BUNDLES_FORFAITS   (MTN_Bundles) on your mobile money account successfully completed at 2026-03-11 21:02:36. The amount was subject to a discount of 0 and coupons worth 0. Message from debit receiver: . Your new balance:5192 XAF. Fee was 0 XAF, loyalty fee was 0 and loyalty reward was 0. Financial Transaction Id: [PHONE_6333]. External Transaction Id: 6951559111845353604. 237,000 [CONTACT_4B8C] to win by making your MoMo transactions starting from 5237F. Transfers, payments, withdrawals... etc. Try your luck on *126# or on bit.ly/MyMoMo1 to enjoy [CONTACT_8D6B]: 0 FCFA on your transfers and 1% on your withdrawals. Info: 8787 or [PHONE_8787]"
USER_10,2026-03-11,23:56:04,MobileMoney,transaction,OUT,500.0,XAF,4692.0,"A transaction of 500 XAF by MTNC BUNDLES_FORFAITS   (MTN_Bundles) on your mobile money account successfully completed at 2026-03-11 23:55:54. The amount was subject to a discount of 0 and coupons worth 0. Message from debit receiver: . Your new balance:4692 XAF. Fee was 0 XAF, loyalty fee was 0 and loyalty reward was 0. Financial Transaction Id: [PHONE_5153]. External Transaction Id: 376711636661606230. 237,000 [CONTACT_4B8C] to win by making your MoMo transactions starting from 5237F. Transfers, payments, withdrawals... etc. Try your luck on *126# or on bit.ly/MyMoMo1 to enjoy [CONTACT_8D6B]: 0 FCFA on your transfers and 1% on your withdrawals. Info: 8787 or [PHONE_8787]"
USER_10,2026-03-12,12:38:24,MobileMoney,transaction,OUT,500.0,XAF,3992.0,"A transaction of 500 XAF by MTNC BUNDLES_FORFAITS   (MTN_Bundles) on your mobile money account successfully completed at 2026-03-12 12:38:16. The amount was subject to a discount of 0 and coupons worth 0. Message from debit receiver: . Your new balance:3992 XAF. Fee was 0 XAF, loyalty fee was 0 and loyalty reward was 0. Financial Transaction Id: [PHONE_5986]. External Transaction Id: 7289866679868489399. 237,000 [CONTACT_4B8C] to win by making your MoMo transactions starting from 5237F. Transfers, payments, withdrawals... etc. Try your luck on *126# or on bit.ly/MyMoMo1 to enjoy [CONTACT_8D6B]: 0 FCFA on your transfers and 1% on your withdrawals. Info: 8787 or [PHONE_8787]"
USER_10,2026-03-12,17:32:01,MobileMoney,transaction,OUT,500.0,XAF,3492.0,"A transaction of 500 XAF by MTNC BUNDLES_FORFAITS   (MTN_Bundles) on your mobile money account successfully completed at 2026-03-12 17:31:51. The amount was subject to a discount of 0 and coupons worth 0. Message from debit receiver: . Your new balance:3492 XAF. Fee was 0 XAF, loyalty fee was 0 and loyalty reward was 0. Financial Transaction Id: [PHONE_2582]. External Transaction Id: 1239544950380211311. 237,000 [CONTACT_4B8C] to win by making your MoMo transactions starting from 5237F. Transfers, payments, withdrawals... etc. Try your luck on *126# or on bit.ly/MyMoMo1 to enjoy [CONTACT_8D6B]: 0 FCFA on your transfers and 1% on your withdrawals. Info: 8787 or [PHONE_8787]"
USER_10,2026-03-12,21:41:36,MobileMoney,transaction,OUT,500.0,XAF,2992.0,"A transaction of 500 XAF by MTNC BUNDLES_FORFAITS   (MTN_Bundles) on your mobile money account successfully completed at 2026-03-12 21:41:29. The amount was subject to a discount of 0 and coupons worth 0. Message from debit receiver: . Your new balance:2992 XAF. Fee was 0 XAF, loyalty fee was 0 and loyalty reward was 0. Financial Transaction Id: [PHONE_2227]. External Transaction Id: 2374433599403754598. 237,000 [CONTACT_4B8C] to win by making your MoMo transactions starting from 5237F. Transfers, payments, withdrawals... etc. Try your luck on *126# or on bit.ly/MyMoMo1 to enjoy [CONTACT_8D6B]: 0 FCFA on your transfers and 1% on your withdrawals. Info: 8787 or [PHONE_8787]"
USER_10,2026-03-13,18:54:37,MobileMoney,transaction,OUT,500.0,XAF,2492.0,"A transaction of 500 XAF by MTNC BUNDLES_FORFAITS   (MTN_Bundles) on your mobile money account successfully completed at 2026-03-13 18:54:34. The amount was subject to a discount of 0 and coupons worth 0. Message from debit receiver: . Your new balance:2492 XAF. Fee was 0 XAF, loyalty fee was 0 and loyalty reward was 0. Financial Transaction Id: [PHONE_9177]. External Transaction Id: 8521881718310116325. 237,000 [CONTACT_4B8C] to win by making your MoMo transactions starting from 5237F. Transfers, payments, withdrawals... etc. Try your luck on *126# or on bit.ly/MyMoMo1 to enjoy [CONTACT_8D6B]: 0 FCFA on your transfers and 1% on your withdrawals. Info: 8787 or [PHONE_8787]"
USER_10,2026-03-14,14:21:01,MobileMoney,transaction,OUT,500.0,XAF,1992.0,"A transaction of 500 XAF by MTNC BUNDLES_FORFAITS   (MTN_Bundles) on your mobile money account successfully completed at 2026-03-14 14:20:57. The amount was subject to a discount of 0 and coupons worth 0. Message from debit receiver: . Your new balance:1992 XAF. Fee was 0 XAF, loyalty fee was 0 and loyalty reward was 0. Financial Transaction Id: [PHONE_6477]. External Transaction Id: 7152254801379664352. 237,000 [CONTACT_4B8C] to win by making your MoMo transactions starting from 5237F. Transfers, payments, withdrawals... etc. Try your luck on *126# or on bit.ly/MyMoMo1 to enjoy [CONTACT_8D6B]: 0 FCFA on your transfers and 1% on your withdrawals. Info: 8787 or [PHONE_8787]"
USER_10,2026-03-15,19:16:20,MobileMoney,transaction,OUT,500.0,XAF,1292.0,"A transaction of 500 XAF by MTNC BUNDLES_FORFAITS   (MTN_Bundles) on your mobile money account successfully completed at 2026-03-15 19:16:16. The amount was subject to a discount of 0 and coupons worth 0. Message from debit receiver: . Your new balance:1292 XAF. Fee was 0 XAF, loyalty fee was 0 and loyalty reward was 0. Financial Transaction Id: [PHONE_2134]. External Transaction Id: 9146052162541989677. 237,000 [CONTACT_4B8C] to win by making your MoMo transactions starting from 5237F. Transfers, payments, withdrawals... etc. Try your luck on *126# or on bit.ly/MyMoMo1 to enjoy [CONTACT_8D6B]: 0 FCFA on your transfers and 1% on your withdrawals. Info: 8787 or [PHONE_8787]"
USER_10,2026-03-16,13:45:33,MobileMoney,transaction,OUT,500.0,XAF,792.0,"A transaction of 500 XAF by MTNC BUNDLES_FORFAITS   (MTN_Bundles) on your mobile money account successfully completed at 2026-03-16 13:45:25. The amount was subject to a discount of 0 and coupons worth 0. Message from debit receiver: . Your new balance:792 XAF. Fee was 0 XAF, loyalty fee was 0 and loyalty reward was 0. Financial Transaction Id: [PHONE_0443]. External Transaction Id: 4955011793593040840. 237,000 [CONTACT_4B8C] to win by making your MoMo transactions starting from 5237F. Transfers, payments, withdrawals... etc. Try your luck on *126# or on bit.ly/MyMoMo1 to enjoy [CONTACT_8D6B]: 0 FCFA on your transfers and 1% on your withdrawals. Info: 8787 or [PHONE_8787]"
USER_10,2026-03-16,18:07:40,MobileMoney,transfert,IN,2000.0,XAF,2792.0,"You have received 2000 XAF of [CONTACT_E80E] Ers Shalomes Services ([PHONE_2963] ) on your Mobile Money 2026-03-16 18:07:38 account. Message from the sender: . Your new balance is 2792 XAF. Fee Paid: 0 XAF. Transaction ID: [PHONE_2421]. 237,000 [CONTACT_4B8C] to win by making your MoMo transactions starting from 5237,000F. Transfers, payments, withdrawals... etc. Try your luck on *126# or on bit.ly/MyMoMo1 to enjoy [CONTACT_8D6B]: 0 FCFA on your transfers and 1% on your withdrawals. Info: 8787 or [PHONE_8787]"
USER_10,2026-03-16,18:18:20,MobileMoney,transaction,OUT,500.0,XAF,2292.0,"A transaction of 500 XAF by MTNC BUNDLES_FORFAITS   (MTN_Bundles) on your mobile money account successfully completed at 2026-03-16 18:18:15. The amount was subject to a discount of 0 and coupons worth 0. Message from debit receiver: . Your new balance:2292 XAF. Fee was 0 XAF, loyalty fee was 0 and loyalty reward was 0. Financial Transaction Id: [PHONE_6018]. External Transaction Id: 4346422173540400877. 237,000 [CONTACT_4B8C] to win by making your MoMo transactions starting from 5237F. Transfers, payments, withdrawals... etc. Try your luck on *126# or on bit.ly/MyMoMo1 to enjoy [CONTACT_8D6B]: 0 FCFA on your transfers and 1% on your withdrawals. Info: 8787 or [PHONE_8787]"
USER_10,2026-03-17,10:01:30,MobileMoney,transaction,OUT,500.0,XAF,1592.0,"A transaction of 500 XAF by MTNC BUNDLES_FORFAITS   (MTN_Bundles) on your mobile money account successfully completed at 2026-03-17 10:01:22. The amount was subject to a discount of 0 and coupons worth 0. Message from debit receiver: . Your new balance:1592 XAF. Fee was 0 XAF, loyalty fee was 0 and loyalty reward was 0. Financial Transaction Id: [PHONE_3468]. External Transaction Id: 5657983272624956419. 237,000 [CONTACT_4B8C] to win by making your MoMo transactions starting from 5237F. Transfers, payments, withdrawals... etc. Try your luck on *126# or on bit.ly/MyMoMo1 to enjoy [CONTACT_8D6B]: 0 FCFA on your transfers and 1% on your withdrawals. Info: 8787 or [PHONE_8787]"
USER_10,2026-03-18,13:13:07,MobileMoney,transaction,OUT,500.0,XAF,1092.0,"A transaction of 500 XAF by MTNC BUNDLES_FORFAITS   (MTN_Bundles) on your mobile money account successfully completed at 2026-03-18 13:13:04. The amount was subject to a discount of 0 and coupons worth 0. Message from debit receiver: . Your new balance:1092 XAF. Fee was 0 XAF, loyalty fee was 0 and loyalty reward was 0. Financial Transaction Id: [PHONE_2341]. External Transaction Id: 2641295038141982648. 237,000 [CONTACT_4B8C] to win by making your MoMo transactions starting from 5237F. Transfers, payments, withdrawals... etc. Try your luck on *126# or on bit.ly/MyMoMo1 to enjoy [CONTACT_8D6B]: 0 FCFA on your transfers and 1% on your withdrawals. Info: 8787 or [PHONE_8787]"
USER_10,2026-03-18,16:30:20,MobileMoney,transfert,IN,25000.0,XAF,26092.0,"You have received 25000 XAF of [CONTACT_1038] STYLE. COM ([PHONE_7190] [CONTACT_C901]) on your Mobile Money 2026-03-18 16:30:18 account. Message from the sender: . Your new balance is 26092 XAF. Fee Paid: 0 XAF. Transaction ID: [PHONE_6632]. 237,000 [CONTACT_4B8C] to win by making your MoMo transactions starting from 5237,000F. Transfers, payments, withdrawals... etc. Try your luck on *126# or on bit.ly/MyMoMo1 to enjoy [CONTACT_8D6B]: 0 FCFA on your transfers and 1% on your withdrawals. Info: 8787 or [PHONE_8787]"
USER_10,2026-03-18,17:23:31,MobileMoney,transfert,OUT,15000.0,XAF,11058.0,"You have transferred 15000 XAF to [CONTACT_8489] ([PHONE_2250]) from your mobile money account 69020858 at 2026-03-18 17:23:26 FEES 34 FCFA. Your new balance: 11058 XAF. Message from sender: 0. Message to receiver: 0. Financial Transaction Id: [PHONE_1517]. 237,000 [CONTACT_4B8C] to win by making your MoMo transactions starting from 5237F. Transfers, payments, withdrawals... etc. Try your luck on *126# or on bit.ly/MyMoMo1 to enjoy [CONTACT_8D6B]: 0 FCFA on your transfers and 1% on your withdrawals. Info: 8787 or [PHONE_8787]"
USER_10,2026-03-19,06:58:15,MobileMoney,transaction,OUT,500.0,XAF,10558.0,"A transaction of 500 XAF by MTNC BUNDLES_FORFAITS   (MTN_Bundles) on your mobile money account successfully completed at 2026-03-19 06:58:12. The amount was subject to a discount of 0 and coupons worth 0. Message from debit receiver: . Your new balance:10558 XAF. Fee was 0 XAF, loyalty fee was 0 and loyalty reward was 0. Financial Transaction Id: [PHONE_5516]. External Transaction Id: 1758032685025930989. 237,000 [CONTACT_4B8C] to win by making your MoMo transactions starting from 5237F. Transfers, payments, withdrawals... etc. Try your luck on *126# or on bit.ly/MyMoMo1 to enjoy [CONTACT_8D6B]: 0 FCFA on your transfers and 1% on your withdrawals. Info: 8787 or [PHONE_8787]"
USER_10,2026-03-19,12:06:08,MobileMoney,transaction,OUT,500.0,XAF,10058.0,"A transaction of 500 XAF by MTNC BUNDLES_FORFAITS   (MTN_Bundles) on your mobile money account successfully completed at 2026-03-19 12:06:00. The amount was subject to a discount of 0 and coupons worth 0. Message from debit receiver: . Your new balance:10058 XAF. Fee was 0 XAF, loyalty fee was 0 and loyalty reward was 0. Financial Transaction Id: [PHONE_1487]. External Transaction Id: 869776999906622319. 237,000 [CONTACT_4B8C] to win by making your MoMo transactions starting from 5237F. Transfers, payments, withdrawals... etc. Try your luck on *126# or on bit.ly/MyMoMo1 to enjoy [CONTACT_8D6B]: 0 FCFA on your transfers and 1% on your withdrawals. Info: 8787 or [PHONE_8787]"
USER_10,2026-03-19,17:50:31,MobileMoney,transaction,OUT,500.0,XAF,9558.0,"A transaction of 500 XAF by MTNC BUNDLES_FORFAITS   (MTN_Bundles) on your mobile money account successfully completed at 2026-03-19 17:50:25. The amount was subject to a discount of 0 and coupons worth 0. Message from debit receiver: . Your new balance:9558 XAF. Fee was 0 XAF, loyalty fee was 0 and loyalty reward was 0. Financial Transaction Id: [PHONE_7247]. External Transaction Id: 7136789604826726234. 237,000 [CONTACT_4B8C] to win by making your MoMo transactions starting from 5237F. Transfers, payments, withdrawals... etc. Try your luck on *126# or on bit.ly/MyMoMo1 to enjoy [CONTACT_8D6B]: 0 FCFA on your transfers and 1% on your withdrawals. Info: 8787 or [PHONE_8787]"
USER_10,2026-03-20,17:17:02,MobileMoney,transaction,OUT,500.0,XAF,9058.0,"A transaction of 500 XAF by MTNC BUNDLES_FORFAITS   (MTN_Bundles) on your mobile money account successfully completed at 2026-03-20 17:16:56. The amount was subject to a discount of 0 and coupons worth 0. Message from debit receiver: . Your new balance:9058 XAF. Fee was 0 XAF, loyalty fee was 0 and loyalty reward was 0. Financial Transaction Id: [PHONE_6726]. External Transaction Id: 4941701711629757229. 237,000 [CONTACT_4B8C] to win by making your MoMo transactions starting from 5237F. Transfers, payments, withdrawals... etc. Try your luck on *126# or on bit.ly/MyMoMo1 to enjoy [CONTACT_8D6B]: 0 FCFA on your transfers and 1% on your withdrawals. Info: 8787 or [PHONE_8787]"
USER_10,2026-03-21,08:39:34,MobileMoney,transaction,OUT,500.0,XAF,8558.0,"A transaction of 500 XAF by MTNC BUNDLES_FORFAITS   (MTN_Bundles) on your mobile money account successfully completed at 2026-03-21 08:39:24. The amount was subject to a discount of 0 and coupons worth 0. Message from debit receiver: . Your new balance:8558 XAF. Fee was 0 XAF, loyalty fee was 0 and loyalty reward was 0. Financial Transaction Id: [PHONE_2576]. External Transaction Id: 3603494930339289. 237,000 [CONTACT_4B8C] to win by making your MoMo transactions starting from 5237F. Transfers, payments, withdrawals... etc. Try your luck on *126# or on bit.ly/MyMoMo1 to enjoy [CONTACT_8D6B]: 0 FCFA on your transfers and 1% on your withdrawals. Info: 8787 or [PHONE_8787]"
USER_10,2026-03-21,14:49:19,MobileMoney,transaction,OUT,500.0,XAF,8058.0,"A transaction of 500 XAF by MTNC BUNDLES_FORFAITS   (MTN_Bundles) on your mobile money account successfully completed at 2026-03-21 14:49:10. The amount was subject to a discount of 0 and coupons worth 0. Message from debit receiver: . Your new balance:8058 XAF. Fee was 0 XAF, loyalty fee was 0 and loyalty reward was 0. Financial Transaction Id: [PHONE_4359]. External Transaction Id: 6926869023985766946. 237,000 [CONTACT_4B8C] to win by making your MoMo transactions starting from 5237F. Transfers, payments, withdrawals... etc. Try your luck on *126# or on bit.ly/MyMoMo1 to enjoy [CONTACT_8D6B]: 0 FCFA on your transfers and 1% on your withdrawals. Info: 8787 or [PHONE_8787]"
USER_10,2026-03-22,11:00:51,MobileMoney,transaction,OUT,500.0,XAF,7558.0,"A transaction of 500 XAF by MTNC BUNDLES_FORFAITS   (MTN_Bundles) on your mobile money account successfully completed at 2026-03-22 11:00:46. The amount was subject to a discount of 0 and coupons worth 0. Message from debit receiver: . Your new balance:7558 XAF. Fee was 0 XAF, loyalty fee was 0 and loyalty reward was 0. Financial Transaction Id: [PHONE_2200]. External Transaction Id: 5482857273477566106. 237,000 [CONTACT_4B8C] to win by making your MoMo transactions starting from 5237F. Transfers, payments, withdrawals... etc. Try your luck on *126# or on bit.ly/MyMoMo1 to enjoy [CONTACT_8D6B]: 0 FCFA on your transfers and 1% on your withdrawals. Info: 8787 or [PHONE_8787]"
USER_10,2026-03-23,00:07:39,MobileMoney,paiement,OUT,200.0,XAF,7358.0,"Your payment of 200 XAF to MTNC BUNDLES_FORFAITS has been completed at 2026-03-23 00:07:31. Your new balance: 7358 XAF. Fee was 0 XAF. Message: -. Transaction Id: [PHONE_5984]. 237,000 [CONTACT_4B8C] to win by making your MoMo transactions starting from 5237F. Transfers, payments, withdrawals... etc. Try your luck on *126# or on bit.ly/MyMoMo1 to enjoy [CONTACT_8D6B]: 0 FCFA on your transfers and 1% on your withdrawals. Info: 8787 or [PHONE_8787]"
USER_10,2026-03-23,00:57:04,MobileMoney,paiement,OUT,200.0,XAF,7158.0,"Your payment of 200 XAF to MTNC BUNDLES_FORFAITS has been completed at 2026-03-23 00:56:51. Your new balance: 7158 XAF. Fee was 0 XAF. Message: -. Transaction Id: [PHONE_1982]. 237,000 [CONTACT_4B8C] to win by making your MoMo transactions starting from 5237F. Transfers, payments, withdrawals... etc. Try your luck on *126# or on bit.ly/MyMoMo1 to enjoy [CONTACT_8D6B]: 0 FCFA on your transfers and 1% on your withdrawals. Info: 8787 or [PHONE_8787]"
USER_10,2026-03-23,00:59:08,MobileMoney,paiement,OUT,200.0,XAF,7158.0,"Your payment of 200 XAF to MTNC BUNDLES_FORFAITS has been completed at 2026-03-23 00:56:51. Your new balance: 7158 XAF. Fee was 0 XAF. Message: -. Transaction Id: [PHONE_1982]. 237,000 [CONTACT_4B8C] to win by making your MoMo transactions starting from 5237F. Transfers, payments, withdrawals... etc. Try your luck on *126# or on bit.ly/MyMoMo1 to enjoy [CONTACT_8D6B]: 0 FCFA on your transfers and 1% on your withdrawals. Info: 8787 or [PHONE_8787]"
USER_10,2026-03-23,01:22:54,MobileMoney,transaction,OUT,500.0,XAF,6658.0,"A transaction of 500 XAF by MTNC BUNDLES_FORFAITS   (MTN_Bundles) on your mobile money account successfully completed at 2026-03-23 01:22:47. The amount was subject to a discount of 0 and coupons worth 0. Message from debit receiver: . Your new balance:6658 XAF. Fee was 0 XAF, loyalty fee was 0 and loyalty reward was 0. Financial Transaction Id: [PHONE_4369]. External Transaction Id: 9086703655591518139. 237,000 [CONTACT_4B8C] to win by making your MoMo transactions starting from 5237F. Transfers, payments, withdrawals... etc. Try your luck on *126# or on bit.ly/MyMoMo1 to enjoy [CONTACT_8D6B]: 0 FCFA on your transfers and 1% on your withdrawals. Info: 8787 or [PHONE_8787]"
USER_10,2026-03-23,14:23:31,MobileMoney,retrait,OUT,4100.0,XAF,2504.0,"You have withdrawn 4100 XAF from your mobile m[CONTACT_ED2B]ey account at  [CONTACT_ED2B] 2026-03-23 14:23:26. Your new balance:2504 XAF. Financial Transaction Id: [PHONE_3001]. 237,000 [CONTACT_4B8C] to win by making your MoMo transactions starting from 5237F. Transfers, payments, withdrawals... etc. Try your luck on *126# or on bit.ly/MyMoMo1 to enjoy [CONTACT_8D6B]: 0 FCFA on your transfers and 1% on your withdrawals. Info: 8787 or [PHONE_8787]"
USER_10,2026-03-23,21:59:29,MobileMoney,transaction,OUT,500.0,XAF,2004.0,"A transaction of 500 XAF by MTNC BUNDLES_FORFAITS   (MTN_Bundles) on your mobile money account successfully completed at 2026-03-23 21:59:25. The amount was subject to a discount of 0 and coupons worth 0. Message from debit receiver: . Your new balance:2004 XAF. Fee was 0 XAF, loyalty fee was 0 and loyalty reward was 0. Financial Transaction Id: [PHONE_2912]. External Transaction Id: 168163804635275850. 237,000 [CONTACT_4B8C] to win by making your MoMo transactions starting from 5237F. Transfers, payments, withdrawals... etc. Try your luck on *126# or on bit.ly/MyMoMo1 to enjoy [CONTACT_8D6B]: 0 FCFA on your transfers and 1% on your withdrawals. Info: 8787 or [PHONE_8787]"
USER_10,2026-03-24,08:41:52,MobileMoney,transaction,OUT,500.0,XAF,1504.0,"A transaction of 500 XAF by MTNC BUNDLES_FORFAITS   (MTN_Bundles) on your mobile money account successfully completed at 2026-03-24 08:41:46. The amount was subject to a discount of 0 and coupons worth 0. Message from debit receiver: . Your new balance:1504 XAF. Fee was 0 XAF, loyalty fee was 0 and loyalty reward was 0. Financial Transaction Id: [PHONE_9465]. External Transaction Id: 2728672862007035325. 237,000 [CONTACT_4B8C] to win by making your MoMo transactions starting from 5237F. Transfers, payments, withdrawals... etc. Try your luck on *126# or on bit.ly/MyMoMo1 to enjoy [CONTACT_8D6B]: 0 FCFA on your transfers and 1% on your withdrawals. Info: 8787 or [PHONE_8787]"
USER_10,2026-03-24,20:59:10,MobileMoney,transaction,OUT,500.0,XAF,1004.0,"A transaction of 500 XAF by MTNC BUNDLES_FORFAITS   (MTN_Bundles) on your mobile money account successfully completed at 2026-03-24 20:59:01. The amount was subject to a discount of 0 and coupons worth 0. Message from debit receiver: . Your new balance:1004 XAF. Fee was 0 XAF, loyalty fee was 0 and loyalty reward was 0. Financial Transaction Id: [PHONE_7962]. External Transaction Id: 2581320494791336202. 237,000 [CONTACT_4B8C] to win by making your MoMo transactions starting from 5237F. Transfers, payments, withdrawals... etc. Try your luck on *126# or on bit.ly/MyMoMo1 to enjoy [CONTACT_8D6B]: 0 FCFA on your transfers and 1% on your withdrawals. Info: 8787 or [PHONE_8787]"
USER_10,2026-03-25,12:04:25,MobileMoney,transaction,OUT,500.0,XAF,504.0,"A transaction of 500 XAF by MTNC BUNDLES_FORFAITS   (MTN_Bundles) on your mobile money account successfully completed at 2026-03-25 12:04:20. The amount was subject to a discount of 0 and coupons worth 0. Message from debit receiver: . Your new balance:504 XAF. Fee was 0 XAF, loyalty fee was 0 and loyalty reward was 0. Financial Transaction Id: [PHONE_5852]. External Transaction Id: 3955093554540361355. 237,000 [CONTACT_4B8C] to win by making your MoMo transactions starting from 5237F. Transfers, payments, withdrawals... etc. Try your luck on *126# or on bit.ly/MyMoMo1 to enjoy [CONTACT_8D6B]: 0 FCFA on your transfers and 1% on your withdrawals. Info: 8787 or [PHONE_8787]"
