UserId,Date,Time,Operator,Transaction_type,Direction,Amount,Currency,New_balance,Anonymized_Content
USER_11,2025-05-04,18:45:05,MobileMoney,transfert,OUT,2100.0,XAF,46.0,"You have transferred 2100 XAF to [CONTACT_D985] ([PHONE_5987]) from your mobile money account 33671023 at 2025-05-04 18:45:03 FEES 58 FCFA. Your new balance: 46 XAF. Message from sender: 04042025. Message to receiver: 04042025. Financial Transaction Id: [PHONE_7568]. Subscribe to MoMo Helep with *126*61# and complete your transactions: even without money, initiate your payments and transfers, and MoMo will cover the remaining amount."
USER_11,2025-05-05,11:29:56,MobileMoney,transfert,IN,10000.0,XAF,10046.0,"You have received 10000 XAF of [CONTACT_69D5] ([PHONE_6021] [CONTACT_8783]) on your Mobile Money 2025-05-05 11:29:55 account. Message from the sender: . Your new balance is 10046 XAF. Fee Paid: 0 XAF. Transaction ID: [PHONE_6245]. Subscribe to MoMo Helep with *126*61# and complete your transactions: even without money, initiate your payments and transfers, and MoMo will cover the remaining amount."
USER_11,2025-05-05,11:35:24,MobileMoney,paiement,OUT,2000.0,XAF,8046.0,"Your payment of 2000 XAF to MTNC AIRTIME has been completed at 2025-05-05 11:35:23. Your new balance: 8046 XAF. Fee was 0 XAF. Message: -. Transaction Id: [PHONE_5095].Subscribe to MoMo Helep with *126*61# and complete your transactions: even without money, initiate your payments and transfers, and MoMo will cover the remaining amount."
USER_11,2025-05-05,14:06:09,MobileMoney,transaction,OUT,5000.0,XAF,3046.0,"A transaction of 5000 XAF by MTNC BUNDLES_FORFAITS   (MTN_Bundles) on your mobile money account successfully completed at 2025-05-05 14:06:06. The amount was subject to a discount of 0 and coupons worth 0. Message from debit receiver: . Your new balance:3046 XAF. Fee was 0 XAF, loyalty fee was 0 and loyalty reward was 0. Financial Transaction Id: [PHONE_5544]. External Transaction Id: 288572801012220323. Subscribe to MoMo Helep with *126*61# and complete your transactions: even without money, initiate your payments and transfers, and MoMo will cover the remaining amount."
USER_11,2025-05-06,16:11:37,MobileMoney,transfert,IN,102000.0,XAF,104046.0,You have received 102000 XAF from Valentine Chick Chick ([PHONE_7261]) on your mobile money account at 2025-05-06 16:11:36. Message from sender: . Your new balance:104046 XAF. Financial Transaction Id: [PHONE_7138].
USER_11,2025-05-06,20:43:54,MobileMoney,transfert,IN,20200.0,XAF,124246.0,You have received 20200 XAF from [CONTACT_8554] ([PHONE_6997]) on your mobile money account at 2025-05-06 20:43:52. Message from sender: transport. Your new balance:124246 XAF. Financial Transaction Id: [PHONE_1040].
USER_11,2025-05-07,15:24:52,MobileMoney,transfert,IN,18000.0,XAF,142246.0,You have received 18000 XAF from [CONTACT_5E08] ([PHONE_5640]) on your mobile money account at 2025-05-07 14:44:26. Message from sender: [CONTACT_3527] 2025. Your new balance:142246 XAF. Financial Transaction Id: [PHONE_2784].
USER_11,2025-05-08,17:35:57,MobileMoney,paiement,OUT,11000.0,XAF,131246.0,"Your payment of 11000 XAF to [CONTACT_FC32] ([PHONE_5839]) has been completed at 2025-05-08 17:35:46. Message: . Your new balance: 131246 XAF. Fee was 0 XAF. The amount was subject to a discount of 0 XAF and coupons worth . Financial Transaction Id: [PHONE_4273]. External Transaction Id: -. MoMo cuts prices for its customers! From now on, 25% off all your withdrawals. Go to your MoMo point of sale. More info on 8787 or WhatsApp [PHONE_8787]"
USER_11,2025-05-09,15:13:04,MobileMoney,transfert,IN,100000.0,XAF,231246.0,You have received 100000 XAF from Valentine Chick Chick ([PHONE_7261]) on your mobile money account at 2025-05-09 15:13:02. Message from sender: . Your new balance:231246 XAF. Financial Transaction Id: [PHONE_8887].
USER_11,2025-05-09,18:50:41,MobileMoney,retrait,OUT,150000.0,XAF,78992.0,"You [USER_11] ([USER_11_phone]) have via agent: [CONTACT_7214] STANDARD_ [CONTACT_C208] ([PHONE_6552]), withdrawn 150000 XAF from your mobile money account: 33671023 at 2025-05-09 18:50:35 and you can now collect your money in cash. Your new balance: 78992 XAF. Fee paid: 2254 XAF. Message from agent: BUNDLE_OUT:NULL. Financial Transaction Id: [PHONE_6129]. Subscribe to MoMo Helep with *126*61# and complete your transactions: even without money, initiate your payments and transfers, and MoMo will cover the remaining amount."
USER_11,2025-05-11,08:18:50,MobileMoney,retrait,OUT,15000.0,XAF,7934.0,"You [USER_11] ([USER_11_phone]) have via agent: [CONTACT_5B12] ([PHONE_0220]), withdrawn 15000 XAF from your mobile money account: 33671023 at 2025-05-11 08:18:45 and you can now collect your money in cash. Your new balance: 7934 XAF. Fee paid: 229 XAF. Message from agent: BUNDLE_OUT:NULL. Financial Transaction Id: [PHONE_9145]. Subscribe to MoMo Helep with *126*61# and complete your transactions: even without money, initiate your payments and transfers, and MoMo will cover the remaining amount."
USER_11,2025-05-12,17:17:09,MobileMoney,transfert,OUT,30000.0,XAF,,You have transferred 30000 XAF to [USER_11] ([USER_11_phone]) from your mobile money account 2000000202244586@UBA.bank at 2025-05-12 17:16:53. Your new balance:  . Message from sender: . Message to receiver: . Financial Transaction Id: [PHONE_8140].
USER_11,2025-05-12,17:17:20,MobileMoney,transfert,IN,30000.0,XAF,37934.0,You have received 30000 XAF from [USER_11] ([USER_11_phone]) on your mobile money account at 2025-05-12 17:16:53. Message from sender: . Your new balance:37934 XAF. Financial Transaction Id: [PHONE_8140].
USER_11,2025-05-12,17:24:28,MobileMoney,retrait,OUT,22500.0,XAF,15092.0,"You [USER_11] ([USER_11_phone]) have via agent: [CONTACT_7214] STANDARD_ [CONTACT_C208] ([PHONE_6552]), withdrawn 22500 XAF from your mobile money account: 33671023 at 2025-05-12 17:24:18 and you can now collect your money in cash. Your new balance: 15092 XAF. Fee paid: 342 XAF. Message from agent: BUNDLE_OUT:NULL. Financial Transaction Id: [PHONE_1810]. Subscribe to MoMo Helep with *126*61# and complete your transactions: even without money, initiate your payments and transfers, and MoMo will cover the remaining amount."
USER_11,2025-05-13,13:33:59,MobileMoney,transfert,IN,10000.0,XAF,25092.0,You have received 10000 XAF from [CONTACT_6764]  (1stTrust-PERSONAL) on your mobile money account at 2025-05-13 13:33:58. Message from sender: . Your new balance:25092 XAF. Financial Transaction Id: [PHONE_2512].
USER_11,2025-05-13,13:35:57,MobileMoney,transfert,OUT,23000.0,XAF,1992.0,"You have transferred 23000 XAF to [CONTACT_A73F] ([PHONE_3365]) from your mobile money account 33671023 at 2025-05-13 13:35:55 FEES 100 FCFA. Your new balance: 1992 XAF. Message from sender: all bills. Message to receiver: all bills. Financial Transaction Id: [PHONE_1594]. Subscribe to MoMo Helep with *126*61# and complete your transactions: even without money, initiate your payments and transfers, and MoMo will cover the remaining amount."
USER_11,2025-05-15,03:13:07,MobileMoney,transfert,OUT,1000.0,XAF,936.0,"You have transferred 1000 XAF to [CONTACT_2F47] ([PHONE_6852]) from your mobile money account 33671023 at 2025-05-15 03:13:05 FEES 56 FCFA. Your new balance: 936 XAF. Message from sender: airtime. Message to receiver: airtime. Financial Transaction Id: [PHONE_3990]. Subscribe to MoMo Helep with *126*61# and complete your transactions: even without money, initiate your payments and transfers, and MoMo will cover the remaining amount."
USER_11,2025-05-17,09:15:56,MobileMoney,transfert,IN,5000.0,XAF,5936.0,"You have received 5000 XAF of [CONTACT_69D5] ([PHONE_6021] [CONTACT_8783]) on your Mobile Money 2025-05-17 09:15:54 account. Message from the sender: . Your new balance is 5936 XAF. Fee Paid: 0 XAF. Transaction ID: [PHONE_4410]. Subscribe to MoMo Helep with *126*61# and complete your transactions: even without money, initiate your payments and transfers, and MoMo will cover the remaining amount."
USER_11,2025-05-18,17:32:34,MobileMoney,transfert,OUT,35000.0,XAF,,You have transferred 35000 XAF to [USER_11] ([USER_11_phone]) from your mobile money account 2000000202244586@UBA.bank at 2025-05-18 17:32:24. Your new balance:  . Message from sender: . Message to receiver: . Financial Transaction Id: [PHONE_4910].
USER_11,2025-05-18,17:32:41,MobileMoney,transfert,IN,35000.0,XAF,38686.0,You have received 35000 XAF from [USER_11] ([USER_11_phone]) on your mobile money account at 2025-05-18 17:32:24. Message from sender: . Your new balance:38686 XAF. Financial Transaction Id: [PHONE_4910].
USER_11,2025-05-18,17:35:53,MobileMoney,transfert,OUT,5000.0,XAF,33622.0,"You have transferred 5000 XAF to [CONTACT_23B1] ([PHONE_6537]) from your mobile money account 33671023 at 2025-05-18 17:35:51 FEES 64 FCFA. Your new balance: 33622 XAF. Message from sender: April bill. Message to receiver: April bill. Financial Transaction Id: [PHONE_8852]. Subscribe to MoMo Helep with *126*61# and complete your transactions: even without money, initiate your payments and transfers, and MoMo will cover the remaining amount."
USER_11,2025-05-23,11:53:22,MobileMoney,transfert,IN,18000.0,XAF,30798.0,You have received 18000 XAF from [CONTACT_5E08] ([PHONE_5640]) on your mobile money account at 2025-05-23 11:53:21. Message from sender: [CONTACT_EDEC] 2025. Your new balance:30798 XAF. Financial Transaction Id: [PHONE_2659].
USER_11,2025-05-23,12:12:10,MobileMoney,transfert,OUT,12000.0,XAF,18720.0,"You have transferred 12000 XAF to [CONTACT_7025] ([PHONE_6223]) from your mobile money account 33671023 at 2025-05-23 12:12:09 FEES 78 FCFA. Your new balance: 18720 XAF. Message from sender: cable line 2 mths. Message to receiver: cable line 2 mths. Financial Transaction Id: [PHONE_2185]. Subscribe to MoMo Helep with *126*61# and complete your transactions: even without money, initiate your payments and transfers, and MoMo will cover the remaining amount."
USER_11,2025-05-24,10:03:20,MobileMoney,transfert,IN,82000.0,XAF,100720.0,"You have received 82000 XAF of [CONTACT_69D5] ([PHONE_6021] [CONTACT_8783]) on your Mobile Money 2025-05-24 10:03:19 account. Message from the sender: . Your new balance is 100720 XAF. Fee Paid: 0 XAF. Transaction ID: [PHONE_1050]. Subscribe to MoMo Helep with *126*61# and complete your transactions: even without money, initiate your payments and transfers, and MoMo will cover the remaining amount."
USER_11,2025-05-24,10:04:20,MobileMoney,transfert,OUT,55000.0,XAF,45441.0,"You have transferred 55000 XAF to [CONTACT_54DE] ([PHONE_6478]) from your mobile money account 33671023 at 2025-05-24 10:04:19 FEES 279 FCFA. Your new balance: 45441 XAF. Message from sender: bill. Message to receiver: bill. Financial Transaction Id: [PHONE_2480]. Subscribe to MoMo Helep with *126*61# and complete your transactions: even without money, initiate your payments and transfers, and MoMo will cover the remaining amount."
USER_11,2025-05-26,08:53:10,MobileMoney,transfert,OUT,20000.0,XAF,25347.0,"You have transferred 20000 XAF to [CONTACT_0DF9] ([PHONE_7243]) from your mobile money account 33671023 at 2025-05-26 08:53:09 FEES 94 FCFA. Your new balance: 25347 XAF. Message from sender: 260525. Message to receiver: 260525. Financial Transaction Id: [PHONE_4385]. Subscribe to MoMo Helep with *126*61# and complete your transactions: even without money, initiate your payments and transfers, and MoMo will cover the remaining amount."
USER_11,2025-05-27,08:13:35,MobileMoney,transfert,OUT,15000.0,XAF,8263.0,"You have transferred 15000 XAF to synthia ngumeyen ([PHONE_2663]) from your mobile money account 33671023 at 2025-05-27 08:13:34 FEES 84 FCFA. Your new balance: 8263 XAF. Message from sender: boy cont. Message to receiver: boy cont. Financial Transaction Id: [PHONE_6200]. Subscribe to MoMo Helep with *126*61# and complete your transactions: even without money, initiate your payments and transfers, and MoMo will cover the remaining amount."
USER_11,2025-05-27,12:32:18,MobileMoney,transaction,OUT,5000.0,XAF,3263.0,"A transaction of 5000 XAF by MTNC BUNDLES_FORFAITS   (MTN_Bundles) on your mobile money account successfully completed at 2025-05-27 12:32:07. The amount was subject to a discount of 0 and coupons worth 0. Message from debit receiver: . Your new balance:3263 XAF. Fee was 0 XAF, loyalty fee was 0 and loyalty reward was 0. Financial Transaction Id: [PHONE_4250]. External Transaction Id: 7853621960970016558. Subscribe to MoMo Helep with *126*61# and complete your transactions: even without money, initiate your payments and transfers, and MoMo will cover the remaining amount."
USER_11,2025-06-01,15:32:43,MobileMoney,transfert,OUT,10000.0,XAF,3189.0,"You have transferred 10000 XAF to N A [CONTACT_54F5] ([PHONE_4911]) from your mobile money account 33671023 at 2025-06-01 15:32:42 FEES 74 FCFA. Your new balance: 3189 XAF. Message from sender: 010625. Message to receiver: 010625. Financial Transaction Id: [PHONE_8055]. Subscribe to MoMo Helep with *126*61# and complete your transactions: even without money, initiate your payments and transfers, and MoMo will cover the remaining amount."
USER_11,2025-06-02,10:50:56,MobileMoney,transfert,IN,10000.0,XAF,13189.0,"You have received 10000 XAF of [CONTACT_69D5] ([PHONE_6021] [CONTACT_8783]) on your Mobile Money 2025-06-02 10:50:54 account. Message from the sender: . Your new balance is 13189 XAF. Fee Paid: 0 XAF. Transaction ID: [PHONE_3538]. Subscribe to MoMo Helep with *126*61# and complete your transactions: even without money, initiate your payments and transfers, and MoMo will cover the remaining amount."
USER_11,2025-06-02,19:09:51,MobileMoney,transfert,OUT,7200.0,XAF,5921.0,"You have transferred 7200 XAF to N A EMACULATE [CONTACT_CC8C] ([PHONE_9156]) from your mobile money account 33671023 at 2025-06-02 19:09:50 FEES 68 FCFA. Your new balance: 5921 XAF. Message from sender: 020625. Message to receiver: 020625. Financial Transaction Id: [PHONE_3693]. Subscribe to MoMo Helep with *126*61# and complete your transactions: even without money, initiate your payments and transfers, and MoMo will cover the remaining amount."
USER_11,2025-06-10,02:25:23,MobileMoney,paiement,OUT,2000.0,XAF,3873.0,"Your payment of 2000 XAF to Transfer To non MoMo Account has been completed at 2025-06-10 02:25:20. Your new balance: 3873 XAF. Fee was 48 XAF. Message: mobile_transfer. Transaction Id: [PHONE_7573].Subscribe to MoMo Helep with *126*61# and complete your transactions: even without money, initiate your payments and transfers, and MoMo will cover the remaining amount."
USER_11,2025-06-10,18:28:34,MobileMoney,transfert,OUT,1000.0,XAF,2817.0,"You have transferred 1000 XAF to [CONTACT_2F47] ([PHONE_6852]) from your mobile money account 33671023 at 2025-06-10 18:28:32 FEES 56 FCFA. Your new balance: 2817 XAF. Message from sender: data . Message to receiver: data . Financial Transaction Id: [PHONE_2031]. Subscribe to MoMo Helep with *126*61# and complete your transactions: even without money, initiate your payments and transfers, and MoMo will cover the remaining amount."
USER_11,2025-06-15,03:18:30,MobileMoney,transfert,OUT,1000.0,XAF,1761.0,"You have transferred 1000 XAF to [CONTACT_2F47] ([PHONE_6852]) from your mobile money account 33671023 at 2025-06-15 03:18:25 FEES 56 FCFA. Your new balance: 1761 XAF. Message from sender: airtime. Message to receiver: airtime. Financial Transaction Id: [PHONE_9081]. Subscribe to MoMo Helep with *126*61# and complete your transactions: even without money, initiate your payments and transfers, and MoMo will cover the remaining amount."
USER_11,2025-06-16,10:36:55,MobileMoney,transaction,OUT,1550.0,XAF,211.0,"A transaction of 1550 XAF by NOFIA undefined (NOFIASA-PERSONAL) on your mobile money account successfully completed at 2025-06-16 10:36:51. The amount was subject to a discount of 0 and coupons worth 0. Message from debit receiver: . Your new balance:211 XAF. Fee was 0 XAF, loyalty fee was 0 and loyalty reward was 0. Financial Transaction Id: [PHONE_9007]. External Transaction Id: 202506161036480823RM74547802. Subscribe to MoMo Helep with *126*61# and complete your transactions: even without money, initiate your payments and transfers, and MoMo will cover the remaining amount."
USER_11,2025-06-17,22:32:48,MobileMoney,transfert,IN,2000.0,XAF,2211.0,You have received 2000 XAF from Transfer from Non MoMo Account   (Transfert_Non_MoMo_I) on your mobile money account at 2025-06-17 22:32:39. Message from sender: W4uD0kJFX94X + 12001. Your new balance:2211 XAF. Financial Transaction Id: [PHONE_1970].
USER_11,2025-06-17,22:36:10,MobileMoney,transaction,OUT,1000.0,XAF,1211.0,"A transaction of 1000 XAF by MTNC BUNDLES_FORFAITS   (MTN_Bundles) on your mobile money account successfully completed at 2025-06-17 22:35:54. The amount was subject to a discount of 0 and coupons worth 0. Message from debit receiver: . Your new balance:1211 XAF. Fee was 0 XAF, loyalty fee was 0 and loyalty reward was 0. Financial Transaction Id: [PHONE_0583]. External Transaction Id: 471292175057968. Subscribe to MoMo Helep with *126*61# and complete your transactions: even without money, initiate your payments and transfers, and MoMo will cover the remaining amount."
USER_11,2025-06-17,22:39:50,MobileMoney,transaction,OUT,1000.0,XAF,211.0,"A transaction of 1000 XAF by MTNC BUNDLES_FORFAITS   (MTN_Bundles) on your mobile money account successfully completed at 2025-06-17 22:39:41. The amount was subject to a discount of 0 and coupons worth 0. Message from debit receiver: . Your new balance:211 XAF. Fee was 0 XAF, loyalty fee was 0 and loyalty reward was 0. Financial Transaction Id: [PHONE_7213]. External Transaction Id: 5922631792034538667. Subscribe to MoMo Helep with *126*61# and complete your transactions: even without money, initiate your payments and transfers, and MoMo will cover the remaining amount."
USER_11,2025-06-21,11:57:29,MobileMoney,transfert,IN,25000.0,XAF,25211.0,"You have received 25000 XAF of [CONTACT_69D5] ([PHONE_6021] [CONTACT_8783]) on your Mobile Money 2025-06-21 11:57:14 account. Message from the sender: . Your new balance is 25211 XAF. Fee Paid: 0 XAF. Transaction ID: [PHONE_3772]. Subscribe to MoMo Helep with *126*61# and complete your transactions: even without money, initiate your payments and transfers, and MoMo will cover the remaining amount."
USER_11,2025-06-21,11:59:24,MobileMoney,transaction,OUT,2000.0,XAF,23211.0,"A transaction of 2000 XAF by NOFIA undefined (NOFIASA-PERSONAL) on your mobile money account successfully completed at 2025-06-21 11:59:10. The amount was subject to a discount of 0 and coupons worth 0. Message from debit receiver: . Your new balance:23211 XAF. Fee was 0 XAF, loyalty fee was 0 and loyalty reward was 0. Financial Transaction Id: [PHONE_4207]. External Transaction Id: 202506211159070052RM74547802. Subscribe to MoMo Helep with *126*61# and complete your transactions: even without money, initiate your payments and transfers, and MoMo will cover the remaining amount."
USER_11,2025-06-22,17:37:30,MobileMoney,retrait,OUT,10000.0,XAF,13057.0,"You have withdrawn 10000 XAF from your mobile money account at [CONTACT_DC02] 2025-06-22 16:41:56. Your new balance:13057 XAF. Financial Transaction Id: [PHONE_1042]. Subscribe to MoMo Helep with *126*61# and complete your transactions: even without money, initiate your payments and transfers, and MoMo will cover the remaining amount."
USER_11,2025-06-23,13:40:39,MobileMoney,transfert,OUT,5200.0,XAF,7793.0,"You have transferred 5200 XAF to [CONTACT_A73F] ([PHONE_3365]) from your mobile money account 33671023 at 2025-06-23 13:40:29 FEES 64 FCFA. Your new balance: 7793 XAF. Message from sender: cont for die. Message to receiver: cont for die. Financial Transaction Id: [PHONE_5422]. Subscribe to MoMo Helep with *126*61# and complete your transactions: even without money, initiate your payments and transfers, and MoMo will cover the remaining amount."
USER_11,2025-06-23,13:51:10,MobileMoney,transaction,OUT,3400.0,XAF,4393.0,"A transaction of 3400 XAF by NOFIA undefined (NOFIASA-PERSONAL) on your mobile money account successfully completed at 2025-06-23 13:50:59. The amount was subject to a discount of 0 and coupons worth 0. Message from debit receiver: . Your new balance:4393 XAF. Fee was 0 XAF, loyalty fee was 0 and loyalty reward was 0. Financial Transaction Id: [PHONE_3481]. External Transaction Id: 202506231350550942RM74547802. Subscribe to MoMo Helep with *126*61# and complete your transactions: even without money, initiate your payments and transfers, and MoMo will cover the remaining amount."
USER_11,2025-06-25,18:59:58,MobileMoney,transaction,OUT,1000.0,XAF,3393.0,"A transaction of 1000 XAF by MTNC BUNDLES_FORFAITS   (MTN_Bundles) on your mobile money account successfully completed at 2025-06-25 18:59:53. The amount was subject to a discount of 0 and coupons worth 0. Message from debit receiver: . Your new balance:3393 XAF. Fee was 0 XAF, loyalty fee was 0 and loyalty reward was 0. Financial Transaction Id: [PHONE_6606]. External Transaction Id: 2561632303832371639. Subscribe to MoMo Helep with *126*61# and complete your transactions: even without money, initiate your payments and transfers, and MoMo will cover the remaining amount."
USER_11,2025-06-25,19:00:21,MobileMoney,transaction,OUT,1000.0,XAF,2393.0,"A transaction of 1000 XAF by MTNC BUNDLES_FORFAITS   (MTN_Bundles) on your mobile money account successfully completed at 2025-06-25 19:00:16. The amount was subject to a discount of 0 and coupons worth 0. Message from debit receiver: . Your new balance:2393 XAF. Fee was 0 XAF, loyalty fee was 0 and loyalty reward was 0. Financial Transaction Id: [PHONE_2622]. External Transaction Id: 5697881715295733913. Subscribe to MoMo Helep with *126*61# and complete your transactions: even without money, initiate your payments and transfers, and MoMo will cover the remaining amount."
USER_11,2025-06-25,20:16:05,MobileMoney,transaction,OUT,1000.0,XAF,1393.0,"A transaction of 1000 XAF by MTNC BUNDLES_FORFAITS   (MTN_Bundles) on your mobile money account successfully completed at 2025-06-25 20:15:30. The amount was subject to a discount of 0 and coupons worth 0. Message from debit receiver: . Your new balance:1393 XAF. Fee was 0 XAF, loyalty fee was 0 and loyalty reward was 0. Financial Transaction Id: [PHONE_3612]. External Transaction Id: 7707562314084442047. Subscribe to MoMo Helep with *126*61# and complete your transactions: even without money, initiate your payments and transfers, and MoMo will cover the remaining amount."
USER_11,2025-06-30,18:27:48,MobileMoney,transfert,IN,15500.0,XAF,15593.0,"You have received 15500 XAF of [CONTACT_9C5F] [CONTACT_310A] ([PHONE_9650]) on your Mobile Money 2025-06-30 18:27:43 account. Message from the sender: . Your new balance is 15593 XAF. Fee Paid: 0 XAF. Transaction ID: [PHONE_4034]. Subscribe to MoMo Helep with *126*61# and complete your transactions: even without money, initiate your payments and transfers, and MoMo will cover the remaining amount."
USER_11,2025-06-30,22:55:41,MobileMoney,transaction,OUT,3307.0,XAF,12286.0,"A transaction of 3307 XAF by NOFIA undefined (NOFIASA-PERSONAL) on your mobile money account successfully completed at 2025-06-30 22:55:32. The amount was subject to a discount of 0 and coupons worth 0. Message from debit receiver: . Your new balance:12286 XAF. Fee was 0 XAF, loyalty fee was 0 and loyalty reward was 0. Financial Transaction Id: [PHONE_1849]. External Transaction Id: 202506302255280035RM74547802. Subscribe to MoMo Helep with *126*61# and complete your transactions: even without money, initiate your payments and transfers, and MoMo will cover the remaining amount."
USER_11,2025-07-02,19:23:08,MobileMoney,transfert,OUT,6000.0,XAF,6220.0,"You have transferred 6000 XAF to [CONTACT_BCE1] ([PHONE_3234]) from your mobile money account 33671023 at 2025-07-02 19:23:06 FEES 66 FCFA. Your new balance: 6220 XAF. Message from sender: food. Message to receiver: food. Financial Transaction Id: [PHONE_8704]. Subscribe to MoMo Helep with *126*61# and complete your transactions: even without money, initiate your payments and transfers, and MoMo will cover the remaining amount."
USER_11,2025-07-05,11:13:50,MobileMoney,transaction,OUT,5000.0,XAF,1220.0,"A transaction of 5000 XAF by MTNC BUNDLES_FORFAITS   (MTN_Bundles) on your mobile money account successfully completed at 2025-07-05 11:13:39. The amount was subject to a discount of 0 and coupons worth 0. Message from debit receiver: . Your new balance:1220 XAF. Fee was 0 XAF, loyalty fee was 0 and loyalty reward was 0. Financial Transaction Id: [PHONE_8503]. External Transaction Id: 1741013887684385440. Subscribe to MoMo Helep with *126*61# and complete your transactions: even without money, initiate your payments and transfers, and MoMo will cover the remaining amount."
USER_11,2025-07-15,17:36:52,MobileMoney,transfert,IN,10000.0,XAF,11164.0,You have received 10000 XAF from [CONTACT_F657]  (RAINBOW-PERSONAL) on your mobile money account at 2025-07-15 17:36:51. Message from sender: . Your new balance:11164 XAF. Financial Transaction Id: [PHONE_5224].
USER_11,2025-07-15,17:39:48,MobileMoney,transfert,IN,10000.0,XAF,21164.0,You have received 10000 XAF from [USER_11] ([USER_11_phone]) on your mobile money account at 2025-07-15 17:39:32. Message from sender: . Your new balance:21164 XAF. Financial Transaction Id: [PHONE_3697].
USER_11,2025-07-15,17:40:00,MobileMoney,transfert,OUT,10000.0,XAF,,You have transferred 10000 XAF to [USER_11] ([USER_11_phone]) from your mobile money account 2000000202244586@UBA.bank at 2025-07-15 17:39:32. Your new balance:  . Message from sender: . Message to receiver: . Financial Transaction Id: [PHONE_3697].
USER_11,2025-07-15,19:40:52,MobileMoney,retrait,OUT,15000.0,XAF,5935.0,"You have withdrawn 15000 XAF from your mobile m[CONTACT_ED2B]ey account at  [CONTACT_ED2B] 2025-07-15 19:37:47. Your new balance:5935 XAF. Financial Transaction Id: [PHONE_8012]. Subscribe to MoMo Helep with *126*61# and complete your transactions: even without money, initiate your payments and transfers, and MoMo will cover the remaining amount."
USER_11,2025-07-19,17:57:15,MobileMoney,transfert,IN,29000.0,XAF,33935.0,"You have received 29000 XAF of [CONTACT_AD00] [CONTACT_067E] [CONTACT_1902] ([PHONE_0265]) on your Mobile Money 2025-07-19 17:57:14 account. Message from the sender: . Your new balance is 33935 XAF. Fee Paid: 0 XAF. Transaction ID: [PHONE_7871]. Subscribe to MoMo Helep with *126*61# and complete your transactions: even without money, initiate your payments and transfers, and MoMo will cover the remaining amount."
USER_11,2025-07-19,19:39:40,MobileMoney,retrait,OUT,15000.0,XAF,18706.0,"You [USER_11] ([USER_11_phone]) have via agent: [CONTACT_1310] ([PHONE_0686]), withdrawn 15000 XAF from your mobile money account: 33671023 at 2025-07-19 19:39:36 and you can now collect your money in cash. Your new balance: 18706 XAF. Fee paid: 229 XAF. Message from agent: BUNDLE_OUT:NULL. Financial Transaction Id: [PHONE_4406]. Subscribe to MoMo Helep with *126*61# and complete your transactions: even without money, initiate your payments and transfers, and MoMo will cover the remaining amount."
USER_11,2025-07-19,19:42:45,MobileMoney,transfert,OUT,17000.0,XAF,1618.0,"You have transferred 17000 XAF to [CONTACT_078E] ([PHONE_7427]) from your mobile money account 33671023 at 2025-07-19 19:42:44 FEES 88 FCFA. Your new balance: 1618 XAF. Message from sender: charlo. Message to receiver: charlo. Financial Transaction Id: [PHONE_0482]. Subscribe to MoMo Helep with *126*61# and complete your transactions: even without money, initiate your payments and transfers, and MoMo will cover the remaining amount."
USER_11,2025-07-20,17:20:56,MobileMoney,transfert,IN,4100.0,XAF,5718.0,You have received 4100 XAF from dickson yimnai zaokang ([PHONE_5204]) on your mobile money account at 2025-07-20 11:43:48. Message from sender: 123. Your new balance:5718 XAF. Financial Transaction Id: [PHONE_4657].
USER_11,2025-07-23,10:54:14,MobileMoney,transfert,OUT,15009.0,XAF,,You have transferred 15009 XAF to [USER_11] ([USER_11_phone]) from your mobile money account 2000000202244586@UBA.bank at 2025-07-23 10:54:13. Your new balance:  . Message from sender: . Message to receiver: . Financial Transaction Id: [PHONE_0794].
USER_11,2025-07-23,10:54:14,MobileMoney,transfert,IN,15009.0,XAF,19727.0,You have received 15009 XAF from [USER_11] ([USER_11_phone]) on your mobile money account at 2025-07-23 10:54:13. Message from sender: . Your new balance:19727 XAF. Financial Transaction Id: [PHONE_0794].
USER_11,2025-07-23,10:55:56,MobileMoney,transaction,OUT,5000.0,XAF,14727.0,"A transaction of 5000 XAF by MTNC BUNDLES_FORFAITS   (MTN_Bundles) on your mobile money account successfully completed at 2025-07-23 10:55:45. The amount was subject to a discount of 0 and coupons worth 0. Message from debit receiver: . Your new balance:14727 XAF. Fee was 0 XAF, loyalty fee was 0 and loyalty reward was 0. Financial Transaction Id: [PHONE_5619]. External Transaction Id: 5053752727866304401. Subscribe to MoMo Helep with *126*61# and complete your transactions: even without money, initiate your payments and transfers, and MoMo will cover the remaining amount."
USER_11,2025-07-23,13:45:33,MobileMoney,transfert,OUT,5200.0,XAF,9463.0,"You have transferred 5200 XAF to [CONTACT_5C66] ([PHONE_6776]) from your mobile money account 33671023 at 2025-07-23 13:45:32 FEES 64 FCFA. Your new balance: 9463 XAF. Message from sender: clinton fees. Message to receiver: clinton fees. Financial Transaction Id: [PHONE_9915]. Subscribe to MoMo Helep with *126*61# and complete your transactions: even without money, initiate your payments and transfers, and MoMo will cover the remaining amount."
USER_11,2025-07-24,07:30:50,MobileMoney,transfert,OUT,2000.0,XAF,7405.0,"You have transferred 2000 XAF to [CONTACT_2F47] ([PHONE_6852]) from your mobile money account 33671023 at 2025-07-24 07:30:46 FEES 58 FCFA. Your new balance: 7405 XAF. Message from sender: credit. Message to receiver: credit. Financial Transaction Id: [PHONE_5256]. Subscribe to MoMo Helep with *126*61# and complete your transactions: even without money, initiate your payments and transfers, and MoMo will cover the remaining amount."
USER_11,2025-07-28,09:09:32,MobileMoney,transfert,OUT,5200.0,XAF,1141.0,"You have transferred 5200 XAF to [CONTACT_3BC7] ([PHONE_4479]) from your mobile money account 33671023 at 2025-07-28 09:09:31 FEES 64 FCFA. Your new balance: 1141 XAF. Message from sender: ok. Message to receiver: ok. Financial Transaction Id: [PHONE_7425]. Subscribe to MoMo Helep with *126*61# and complete your transactions: even without money, initiate your payments and transfers, and MoMo will cover the remaining amount."
USER_11,2025-07-29,18:51:02,MobileMoney,transfert,IN,1000.0,XAF,2141.0,You have received 1000 XAF from [CONTACT_A76A] ([PHONE_4230]) on your mobile money account at 2025-07-29 18:51:01. Message from sender: gift. Your new balance:2141 XAF. Financial Transaction Id: [PHONE_3545].
USER_11,2025-08-01,15:30:23,MobileMoney,transfert,IN,36000.0,XAF,36377.0,You have received 36000 XAF from [CONTACT_5E08] ([PHONE_5640]) on your mobile money account at 2025-08-01 15:30:22. Message from sender: [CONTACT_9CDE] 2025 [CONTACT_4ABA] 2025. Your new balance:36377 XAF. Financial Transaction Id: [PHONE_1560].
USER_11,2025-08-02,18:02:03,MobileMoney,transfert,IN,5100.0,XAF,41477.0,You have received 5100 XAF from [CONTACT_FEE1] ([PHONE_2580]) on your mobile money account at 2025-08-02 16:30:36. Message from sender: r. Your new balance:41477 XAF. Financial Transaction Id: [PHONE_7210].
USER_11,2025-08-02,21:55:25,MobileMoney,paiement,OUT,6600.0,XAF,34877.0,"Your payment of 6600 XAF to N A [CONTACT_8A20] ([PHONE_2714]) has been completed at 2025-08-02 21:55:08. Message: . Your new balance: 34877 XAF. Fee was 0 XAF. The amount was subject to a discount of 0 XAF and coupons worth . Financial Transaction Id: [PHONE_8379]. External Transaction Id: -. MoMo cuts prices for its customers! From now on, 25% off all your withdrawals. Go to your MoMo point of sale. More info on 8787 or WhatsApp [PHONE_8787]"
USER_11,2025-08-03,16:49:12,MobileMoney,retrait,OUT,20000.0,XAF,14573.0,"You have withdrawn 20000 XAF from your mobile m[CONTACT_ED2B]ey account at  [CONTACT_ED2B] 2025-08-03 16:49:02. Your new balance:14573 XAF. Financial Transaction Id: [PHONE_5552]. Subscribe to MoMo Helep with *126*61# and complete your transactions: even without money, initiate your payments and transfers, and MoMo will cover the remaining amount."
USER_11,2025-08-04,14:36:13,MobileMoney,transfert,OUT,5000.0,XAF,9509.0,"You have transferred 5000 XAF to [CONTACT_23B1] ([PHONE_6537]) from your mobile money account 33671023 at 2025-08-04 14:36:09 FEES 64 FCFA. Your new balance: 9509 XAF. Message from sender: 0408. Message to receiver: 0408. Financial Transaction Id: [PHONE_5195]. Subscribe to MoMo Helep with *126*61# and complete your transactions: even without money, initiate your payments and transfers, and MoMo will cover the remaining amount."
USER_11,2025-08-06,09:15:41,MobileMoney,transfert,IN,55000.0,XAF,64509.0,"You have received 55000 XAF of [CONTACT_C7A7] ([PHONE_6021] [CONTACT_8783]) on your Mobile Money 2025-08-06 09:15:40 account. Message from the sender: . Your new balance is 64509 XAF. Fee Paid: 0 XAF. Transaction ID: [PHONE_5115]. Subscribe to MoMo Helep with *126*61# and complete your transactions: even without money, initiate your payments and transfers, and MoMo will cover the remaining amount."
USER_11,2025-08-06,14:15:16,MobileMoney,retrait,OUT,30000.0,XAF,34055.0,"You have withdrawn 30000 XAF from your mobile money account at [CONTACT_33AF] 2025-08-06 14:15:06. Your new balance:34055 XAF. Financial Transaction Id: [PHONE_6081]. Subscribe to MoMo Helep with *126*61# and complete your transactions: even without money, initiate your payments and transfers, and MoMo will cover the remaining amount."
USER_11,2025-08-06,18:01:08,MobileMoney,transfert,OUT,20300.0,XAF,13660.0,"You have transferred 20300 XAF to [CONTACT_EAB2] ([PHONE_0842]) from your mobile money account 33671023 at 2025-08-06 18:01:04 FEES 95 FCFA. Your new balance: 13660 XAF. Message from sender: dues. Message to receiver: dues. Financial Transaction Id: [PHONE_1755]. Subscribe to MoMo Helep with *126*61# and complete your transactions: even without money, initiate your payments and transfers, and MoMo will cover the remaining amount."
USER_11,2025-08-07,09:34:29,MobileMoney,transfert,OUT,11000.0,XAF,2584.0,"You have transferred 11000 XAF to [CONTACT_2F47] ([PHONE_6852]) from your mobile money account 33671023 at 2025-08-07 09:34:25 FEES 76 FCFA. Your new balance: 2584 XAF. Message from sender: foul. Message to receiver: foul. Financial Transaction Id: [PHONE_9104]. Subscribe to MoMo Helep with *126*61# and complete your transactions: even without money, initiate your payments and transfers, and MoMo will cover the remaining amount."
USER_11,2025-08-09,08:00:59,MobileMoney,transfert,IN,10000.0,XAF,10584.0,"You have received 10000 XAF of [CONTACT_7D90] ([PHONE_4993]) on your Mobile Money 2025-08-09 08:00:57 account. Message from the sender: . Your new balance is 10584 XAF. Fee Paid: 0 XAF. Transaction ID: [PHONE_9217]. Subscribe to MoMo Helep with *126*61# and complete your transactions: even without money, initiate your payments and transfers, and MoMo will cover the remaining amount."
USER_11,2025-08-09,12:10:49,MobileMoney,transfert,IN,20000.0,XAF,30584.0,"You have received 20000 XAF of [CONTACT_C7A7] ([PHONE_6021] [CONTACT_8783]) on your Mobile Money 2025-08-09 12:10:48 account. Message from the sender: . Your new balance is 30584 XAF. Fee Paid: 0 XAF. Transaction ID: [PHONE_2351]. Subscribe to MoMo Helep with *126*61# and complete your transactions: even without money, initiate your payments and transfers, and MoMo will cover the remaining amount."
USER_11,2025-08-09,20:18:58,MobileMoney,retrait,OUT,10000.0,XAF,20430.0,"You have withdrawn 10000 XAF from your mobile money account at [CONTACT_3FF9] 2025-08-09 20:15:16. Your new balance:20430 XAF. Financial Transaction Id: [PHONE_9013]. Subscribe to MoMo Helep with *126*61# and complete your transactions: even without money, initiate your payments and transfers, and MoMo will cover the remaining amount."
USER_11,2025-08-11,14:39:48,MobileMoney,transaction,OUT,10750.0,XAF,9680.0,"A transaction of 10750 XAF by [CONTACT_F2B7] (RAINBOW-PERSONAL) on your mobile money account successfully completed at 2025-08-11 14:39:42. The amount was subject to a discount of 0 and coupons worth 0. Message from debit receiver: . Your new balance:9680 XAF. Fee was 0 XAF, loyalty fee was 0 and loyalty reward was 0. Financial Transaction Id: [PHONE_4592]. External Transaction Id: 202508111439380992RM74547802. Subscribe to MoMo Helep with *126*61# and complete your transactions: even without money, initiate your payments and transfers, and MoMo will cover the remaining amount."
USER_11,2025-08-11,14:55:26,MobileMoney,transfert,OUT,5100.0,XAF,4580.0,"You have transferred 5100 XAF to N A [CONTACT_C672] ([PHONE_0967]) from your mobile money account 33671023 at 2025-08-11 14:55:25 FEES 0 FCFA. Your new balance: 4580 XAF. Message from sender: AVI kalina. Message to receiver: AVI kalina. Financial Transaction Id: [PHONE_9908]. Subscribe to MoMo Helep with *126*61# and complete your transactions: even without money, initiate your payments and transfers, and MoMo will cover the remaining amount."
USER_11,2025-08-12,14:21:22,MobileMoney,transaction,OUT,1000.0,XAF,2580.0,"A transaction of 1000 XAF by MTNC BUNDLES_FORFAITS   (MTN_Bundles) on your mobile money account successfully completed at 2025-08-12 14:21:17. The amount was subject to a discount of 0 and coupons worth 0. Message from debit receiver: . Your new balance:2580 XAF. Fee was 0 XAF, loyalty fee was 0 and loyalty reward was 0. Financial Transaction Id: [PHONE_1342]. External Transaction Id: 4342146424888955879. Subscribe to MoMo Helep with *126*61# and complete your transactions: even without money, initiate your payments and transfers, and MoMo will cover the remaining amount."
USER_11,2025-08-15,03:14:26,MobileMoney,transfert,OUT,1000.0,XAF,717.0,"You have transferred 1000 XAF to [CONTACT_2F47] ([PHONE_6852]) from your mobile money account 33671023 at 2025-08-15 03:14:23 FEES 56 FCFA. Your new balance: 717 XAF. Message from sender: airtime. Message to receiver: airtime. Financial Transaction Id: [PHONE_4305]. Subscribe to MoMo Helep with *126*61# and complete your transactions: even without money, initiate your payments and transfers, and MoMo will cover the remaining amount."
USER_11,2025-08-20,10:10:00,MobileMoney,transfert,IN,5100.0,XAF,5317.0,You have received 5100 XAF from [CONTACT_A199] ([PHONE_5326]) on your mobile money account at 2025-08-20 10:09:59. Message from sender: 1. Your new balance:5317 XAF. Financial Transaction Id: [PHONE_5875].
USER_11,2025-08-20,11:12:08,MobileMoney,transfert,IN,5100.0,XAF,10417.0,You have received 5100 XAF from [CONTACT_7DC6] ([PHONE_1311]) on your mobile money account at 2025-08-20 11:12:07. Message from sender: . Your new balance:10417 XAF. Financial Transaction Id: [PHONE_5696].
USER_11,2025-08-20,19:45:47,MobileMoney,transfert,IN,10500.0,XAF,20917.0,You have received 10500 XAF from Calson Mbaku Ngoh ([PHONE_8180]) on your mobile money account at 2025-08-20 19:45:44. Message from sender: . Your new balance:20917 XAF. Financial Transaction Id: [PHONE_0093].
USER_11,2025-08-22,12:13:20,MobileMoney,transfert,IN,5100.0,XAF,25017.0,You have received 5100 XAF from ADELINE [CONTACT_9B12] ([PHONE_7941]) on your mobile money account at 2025-08-22 12:13:19. Message from sender: 1. Your new balance:25017 XAF. Financial Transaction Id: [PHONE_6876].
USER_11,2025-08-23,11:43:39,MobileMoney,transaction,OUT,5000.0,XAF,20017.0,"A transaction of 5000 XAF by MTNC BUNDLES_FORFAITS   (MTN_Bundles) on your mobile money account successfully completed at 2025-08-23 11:43:33. The amount was subject to a discount of 0 and coupons worth 0. Message from debit receiver: . Your new balance:20017 XAF. Fee was 0 XAF, loyalty fee was 0 and loyalty reward was 0. Financial Transaction Id: [PHONE_4337]. External Transaction Id: 4942293360324618520. School scholarships for a stress-free back-to-school with MoMo ! Make payments of minimum 5,237 F and stand a chance to win up to 100,000 F each week. More info at 8787 or on WhatsApp: 650 528 787."
USER_11,2025-08-23,13:42:39,MobileMoney,retrait,OUT,12000.0,XAF,7939.0,"You have transferred 12000 XAF to [CONTACT_7025] ([PHONE_6223]) from your mobile money account 33671023 at 2025-08-23 13:42:37 FEES 78 FCFA. Your new balance: 7939 XAF. Message from sender: cable line 2 months. Message to receiver: cable line 2 months. Financial Transaction Id: [PHONE_3843]. Save Big with 1 per cent on cash out fees + Zero fees on transfers. Plus, a chance to win 250F. Go To https://bit.ly/NewMoMoApp to download."
USER_11,2025-08-24,14:52:43,MobileMoney,transfert,IN,5100.0,XAF,13039.0,You have received 5100 XAF from SIDOLINE [CONTACT_8630] ([PHONE_2101]) on your mobile money account at 2025-08-24 14:52:41. Message from sender: 000. Your new balance:13039 XAF. Financial Transaction Id: [PHONE_6089].
USER_11,2025-08-24,16:04:56,MobileMoney,transfert,IN,5100.0,XAF,18139.0,You have received 5100 XAF from [CONTACT_4D81] ([PHONE_0535]) on your mobile money account at 2025-08-24 16:04:55. Message from sender: . Your new balance:18139 XAF. Financial Transaction Id: [PHONE_2042].
USER_11,2025-08-25,10:16:18,MobileMoney,transfert,IN,5100.0,XAF,23239.0,You have received 5100 XAF from [CONTACT_32F6] ([PHONE_4143]) on your mobile money account at 2025-08-25 10:16:17. Message from sender: 0000. Your new balance:23239 XAF. Financial Transaction Id: [PHONE_9274].
USER_11,2025-08-25,11:26:00,MobileMoney,transfert,IN,5000.0,XAF,28239.0,You have received 5000 XAF from [CONTACT_A90A] ([PHONE_2400]) on your mobile money account at 2025-08-25 11:25:58. Message from sender: 1. Your new balance:28239 XAF. Financial Transaction Id: [PHONE_9641].
USER_11,2025-08-25,12:41:42,MobileMoney,transfert,IN,5100.0,XAF,33339.0,You have received 5100 XAF from Solange Neg ([PHONE_8114]) on your mobile money account at 2025-08-25 12:41:41. Message from sender: use. Your new balance:33339 XAF. Financial Transaction Id: [PHONE_9013].
USER_11,2025-08-25,16:31:37,MobileMoney,transfert,IN,5200.0,XAF,38539.0,You have received 5200 XAF from [CONTACT_6BB4] ([PHONE_1018]) on your mobile money account at 2025-08-25 14:55:45. Message from sender: . Your new balance:38539 XAF. Financial Transaction Id: [PHONE_7789].
USER_11,2025-08-25,18:34:11,MobileMoney,transfert,IN,5100.0,XAF,43639.0,You have received 5100 XAF from [CONTACT_0D5D] ([PHONE_8536]) on your mobile money account at 2025-08-25 18:34:10. Message from sender: 1. Your new balance:43639 XAF. Financial Transaction Id: [PHONE_8085].
USER_11,2025-08-25,20:39:19,MobileMoney,retrait,OUT,40000.0,XAF,3035.0,"You [USER_11] ([USER_11_phone]) have via agent: [CONTACT_5028] [CONTACT_371F] ([PHONE_0380]), withdrawn 40000 XAF from your mobile money account: 33671023 at 2025-08-25 20:38:50 and you can now collect your money in cash. Your new balance: 3035 XAF. Fee paid: 604 XAF. Message from agent: BUNDLE_OUT:NULL. Financial Transaction Id: [PHONE_0505]. Save Big with 1 per cent on cash out fees + Zero fees on transfers. Plus, a chance to win 250F. Go To https://bit.ly/NewMoMoApp to download."
USER_11,2025-08-25,22:09:29,MobileMoney,retrait,OUT,10000.0,XAF,13035.0,"You have received 10000 XAF of [CONTACT_7B25] _MBAKU [CONTACT_48AF] ([PHONE_7970]) on your Mobile Money 2025-08-25 22:09:07 account. Message from the sender: . Your new balance is 13035 XAF. Fee Paid: 0 XAF. Transaction ID: [PHONE_5587]. Save Big with 1 per cent on cash out fees + Zero fees on transfers. Plus, a chance to win 250F. Go To https://bit.ly/NewMoMoApp to download."
USER_11,2025-08-25,22:11:08,MobileMoney,retrait,OUT,200.0,XAF,13235.0,"You have received 200 XAF of [CONTACT_7B25] _MBAKU [CONTACT_48AF] ([PHONE_7970]) on your Mobile Money 2025-08-25 22:11:07 account. Message from the sender: . Your new balance is 13235 XAF. Fee Paid: 0 XAF. Transaction ID: [PHONE_6702]. Save Big with 1 per cent on cash out fees + Zero fees on transfers. Plus, a chance to win 250F. Go To https://bit.ly/NewMoMoApp to download."
USER_11,2025-08-26,04:39:51,MobileMoney,transfert,IN,10265.0,XAF,23500.0,You have received 10265 XAF from ONAFRIQ_ International Remittance ([PHONE_3133]) on your mobile money account at 2025-08-26 04:39:49. Message from sender: Country: null. Your new balance:23500 XAF. Financial Transaction Id: [PHONE_1342].
USER_11,2025-08-26,12:45:35,MobileMoney,transfert,IN,5100.0,XAF,28600.0,You have received 5100 XAF from [CONTACT_7B10] ([PHONE_8113]) on your mobile money account at 2025-08-26 12:45:34. Message from sender: . Your new balance:28600 XAF. Financial Transaction Id: [PHONE_9601].
USER_11,2025-08-26,13:47:49,MobileMoney,transfert,IN,5100.0,XAF,33700.0,You have received 5100 XAF from PAMELA [CONTACT_2150] ([PHONE_8304]) on your mobile money account at 2025-08-26 13:47:47. Message from sender: business. Your new balance:33700 XAF. Financial Transaction Id: [PHONE_5648].
USER_11,2025-08-27,10:13:25,MobileMoney,retrait,OUT,5200.0,XAF,38900.0,"You have received 5200 XAF of [CONTACT_BB4C] NSI-BAM ([PHONE_1806] [CONTACT_9C30]) on your Mobile Money 2025-08-27 10:13:23 account. Message from the sender: . Your new balance is 38900 XAF. Fee Paid: 0 XAF. Transaction ID: [PHONE_0985]. Save Big with 1 per cent on cash out fees + Zero fees on transfers. Plus, a chance to win 250F. Go To https://bit.ly/NewMoMoApp to download."
USER_11,2025-08-27,12:30:44,MobileMoney,transfert,IN,5100.0,XAF,44000.0,You have received 5100 XAF from [CONTACT_3EEF] ([PHONE_7586]) on your mobile money account at 2025-08-27 12:30:42. Message from sender: 000. Your new balance:44000 XAF. Financial Transaction Id: [PHONE_2067].
USER_11,2025-08-27,12:38:00,MobileMoney,transfert,IN,10205.0,XAF,54205.0,You have received 10205 XAF from Peers Exchange Cameroon Agency_ International Remittance ([PHONE_1235]) on your mobile money account at 2025-08-27 12:37:58. Message from sender: USA. Your new balance:54205 XAF. Financial Transaction Id: [PHONE_5701].
USER_11,2025-08-27,17:14:40,MobileMoney,retrait,OUT,85000.0,XAF,139205.0,"You have received 85000 XAF of BUSNESCOEDEA 29? ([PHONE_2367] [CONTACT_7CDC]) on your Mobile Money 2025-08-27 17:14:39 account. Message from the sender: . Your new balance is 139205 XAF. Fee Paid: 0 XAF. Transaction ID: [PHONE_4841]. Save Big with 1 per cent on cash out fees + Zero fees on transfers. Plus, a chance to win 250F. Go To https://bit.ly/NewMoMoApp to download."
USER_11,2025-08-27,17:50:25,MobileMoney,retrait,OUT,6200.0,XAF,132939.0,"You have transferred 6200 XAF to [CONTACT_0C2F] ([PHONE_1215]) from your mobile money account 33671023 at 2025-08-27 17:50:21 FEES 66 FCFA. Your new balance: 132939 XAF. Message from sender: clarise. Message to receiver: clarise. Financial Transaction Id: [PHONE_1008]. Save Big with 1 per cent on cash out fees + Zero fees on transfers. Plus, a chance to win 250F. Go To https://bit.ly/NewMoMoApp to download."
USER_11,2025-08-27,20:04:48,MobileMoney,retrait,OUT,132000.0,XAF,275.0,"You have transferred 132000 XAF to [CONTACT_A73F] ([PHONE_3365]) from your mobile money account 33671023 at 2025-08-27 20:04:47 FEES 664 FCFA. Your new balance: 275 XAF. Message from sender: contributions for Moses. Message to receiver: contributions for Moses. Financial Transaction Id: [PHONE_1138]. Save Big with 1 per cent on cash out fees + Zero fees on transfers. Plus, a chance to win 250F. Go To https://bit.ly/NewMoMoApp to download."
USER_11,2025-08-28,14:41:23,MobileMoney,transfert,IN,18000.0,XAF,18275.0,You have received 18000 XAF from [CONTACT_5E08] ([PHONE_5640]) on your mobile money account at 2025-08-28 14:41:21. Message from sender: [CONTACT_F228] 2025. Your new balance:18275 XAF. Financial Transaction Id: [PHONE_2094].
USER_11,2025-09-02,21:13:26,MobileMoney,transaction,OUT,1000.0,XAF,17275.0,"A transaction of 1000 XAF by MTNC BUNDLES_FORFAITS   (MTN_Bundles) on your mobile money account successfully completed at 2025-09-02 21:13:15. The amount was subject to a discount of 0 and coupons worth 0. Message from debit receiver: . Your new balance:17275 XAF. Fee was 0 XAF, loyalty fee was 0 and loyalty reward was 0. Financial Transaction Id: [PHONE_6192]. External Transaction Id: 1275574736483256285. School scholarships for a stress-free back-to-school with MoMo ! Make payments of minimum 5,237 F and stand a chance to win up to 100,000 F each week. More info at 8787 or on WhatsApp: 650 528 787."
USER_11,2025-09-04,20:17:02,MobileMoney,transfert,IN,10200.0,XAF,27475.0,You have received 10200 XAF from [CONTACT_9A30] ([PHONE_0517]) on your mobile money account at 2025-09-04 20:17:01. Message from sender: 0000. Your new balance:27475 XAF. Financial Transaction Id: [PHONE_4039].
USER_11,2025-09-06,07:50:25,MobileMoney,retrait,OUT,10000.0,XAF,17401.0,"You have transferred 10000 XAF to [CONTACT_2F47] ([PHONE_6852]) from your mobile money account 33671023 at 2025-09-06 07:50:23 FEES 74 FCFA. Your new balance: 17401 XAF. Message from sender: food. Message to receiver: food. Financial Transaction Id: [PHONE_8692]. Save Big with 1 per cent on cash out fees + Zero fees on transfers. Plus, a chance to win 250F. Go To https://bit.ly/NewMoMoApp to download."
USER_11,2025-09-06,19:54:29,MobileMoney,transfert,IN,20100.0,XAF,37501.0,You have received 20100 XAF from [CONTACT_AE98] ([PHONE_9268]) on your mobile money account at 2025-09-06 19:54:26. Message from sender: 0000. Your new balance:37501 XAF. Financial Transaction Id: [PHONE_4730].
USER_11,2025-09-08,11:44:18,MobileMoney,transfert,IN,3100.0,XAF,40601.0,You have received 3100 XAF from leonard fanka mbiba ([PHONE_5336]) on your mobile money account at 2025-09-08 11:44:16. Message from sender: 09091. Your new balance:40601 XAF. Financial Transaction Id: [PHONE_5791].
USER_11,2025-09-08,21:11:23,MobileMoney,transfert,IN,1000.0,XAF,41601.0,You have received 1000 XAF from [CONTACT_C022] ([PHONE_5788]) on your mobile money account at 2025-09-08 21:11:22. Message from sender: 1. Your new balance:41601 XAF. Financial Transaction Id: [PHONE_2773].
USER_11,2025-09-10,18:22:28,MobileMoney,retrait,OUT,9950.0,XAF,31498.0,"You [USER_11] ([USER_11_phone]) have via agent: [CONTACT_1E75] ([PHONE_9587]), withdrawn 9950 XAF from your mobile money account: 33671023 at 2025-09-10 18:22:24 and you can now collect your money in cash. Your new balance: 31498 XAF. Fee paid: 153 XAF. Message from agent: BUNDLE_OUT:NULL. Financial Transaction Id: [PHONE_4445]. Save Big with 1 per cent on cash out fees + Zero fees on transfers. Plus, a chance to win 250F. Go To https://bit.ly/NewMoMoApp to download."
USER_11,2025-09-10,18:27:05,MobileMoney,retrait,OUT,10000.0,XAF,21344.0,"You [USER_11] ([USER_11_phone]) have via agent: [CONTACT_1E75] ([PHONE_9587]), withdrawn 10000 XAF from your mobile money account: 33671023 at 2025-09-10 18:27:03 and you can now collect your money in cash. Your new balance: 21344 XAF. Fee paid: 154 XAF. Message from agent: BUNDLE_OUT:NULL. Financial Transaction Id: [PHONE_3363]. Save Big with 1 per cent on cash out fees + Zero fees on transfers. Plus, a chance to win 250F. Go To https://bit.ly/NewMoMoApp to download."
USER_11,2025-09-11,14:20:09,MobileMoney,transaction,OUT,1000.0,XAF,20344.0,"A transaction of 1000 XAF by MTNC BUNDLES_FORFAITS   (MTN_Bundles) on your mobile money account successfully completed at 2025-09-11 14:20:06. The amount was subject to a discount of 0 and coupons worth 0. Message from debit receiver: . Your new balance:20344 XAF. Fee was 0 XAF, loyalty fee was 0 and loyalty reward was 0. Financial Transaction Id: [PHONE_3905]. External Transaction Id: 5614799890293133068. School scholarships for a stress-free back-to-school with MoMo ! Make payments of minimum 5,237 F and stand a chance to win up to 100,000 F each week. More info at 8787 or on WhatsApp: 650 528 787."
USER_11,2025-09-12,08:58:53,MobileMoney,transaction,OUT,5000.0,XAF,15344.0,"A transaction of 5000 XAF by MTNC BUNDLES_FORFAITS   (MTN_Bundles) on your mobile money account successfully completed at 2025-09-12 08:58:52. The amount was subject to a discount of 0 and coupons worth 0. Message from debit receiver: . Your new balance:15344 XAF. Fee was 0 XAF, loyalty fee was 0 and loyalty reward was 0. Financial Transaction Id: [PHONE_9217]. External Transaction Id: 3309465230857539422. School scholarships for a stress-free back-to-school with MoMo ! Make payments of minimum 5,237 F and stand a chance to win up to 100,000 F each week. More info at 8787 or on WhatsApp: 650 528 787."
USER_11,2025-09-13,06:46:52,MobileMoney,transaction,OUT,1000.0,XAF,14344.0,"A transaction of 1000 XAF by MTNC BUNDLES_FORFAITS   (MTN_Bundles) on your mobile money account successfully completed at 2025-09-13 06:46:45. The amount was subject to a discount of 0 and coupons worth 0. Message from debit receiver: . Your new balance:14344 XAF. Fee was 0 XAF, loyalty fee was 0 and loyalty reward was 0. Financial Transaction Id: [PHONE_8019]. External Transaction Id: 8529219861304842939. School scholarships for a stress-free back-to-school with MoMo ! Make payments of minimum 5,237 F and stand a chance to win up to 100,000 F each week. More info at 8787 or on WhatsApp: 650 528 787."
USER_11,2025-09-14,10:22:24,MobileMoney,transfert,IN,5000.0,XAF,19344.0,You have received 5000 XAF from [CONTACT_C022] ([PHONE_5788]) on your mobile money account at 2025-09-14 10:22:23. Message from sender: 1. Your new balance:19344 XAF. Financial Transaction Id: [PHONE_6323].
USER_11,2025-09-15,03:12:39,MobileMoney,retrait,OUT,1000.0,XAF,18288.0,"You have transferred 1000 XAF to [CONTACT_2F47] ([PHONE_6852]) from your mobile money account 33671023 at 2025-09-15 03:12:38 FEES 56 FCFA. Your new balance: 18288 XAF. Message from sender: airtime. Message to receiver: airtime. Financial Transaction Id: [PHONE_4367]. Save Big with 1 per cent on cash out fees + Zero fees on transfers. Plus, a chance to win 250F. Go To https://bit.ly/NewMoMoApp to download."
USER_11,2025-09-15,09:38:04,MobileMoney,transfert,IN,5100.0,XAF,23388.0,You have received 5100 XAF from [CONTACT_6C2E] ([PHONE_8626]) on your mobile money account at 2025-09-15 09:38:04. Message from sender: 0000. Your new balance:23388 XAF. Financial Transaction Id: [PHONE_5200].
USER_11,2025-09-15,16:13:57,MobileMoney,transfert,IN,500.0,XAF,17822.0,You have received 500 XAF from [CONTACT_6C2E] ([PHONE_8626]) on your mobile money account at 2025-09-15 16:13:56. Message from sender: 0000. Your new balance:17822 XAF. Financial Transaction Id: [PHONE_6221].
USER_11,2025-09-16,11:55:41,MobileMoney,retrait,OUT,550.0,XAF,18372.0,"You have received 550 XAF of [CONTACT_B2E5] [CONTACT_86E0] ([PHONE_0380] [CONTACT_B2E5] VIMOMBI) on your Mobile Money 2025-09-16 11:55:39 account. Message from the sender: . Your new balance is 18372 XAF. Fee Paid: 0 XAF. Transaction ID: [PHONE_2156]. Save Big with 1 per cent on cash out fees + Zero fees on transfers. Plus, a chance to win 250F. Go To https://bit.ly/NewMoMoApp to download."
USER_11,2025-09-18,15:02:06,MobileMoney,transfert,IN,10000.0,XAF,28372.0,You have received 10000 XAF from N A [CONTACT_210B] ([PHONE_1100]) on your mobile money account at 2025-09-18 14:57:58. Message from sender: CMF. Your new balance:28372 XAF. Financial Transaction Id: [PHONE_0703].
USER_11,2025-09-19,16:33:06,MobileMoney,transfert,IN,6200.0,XAF,34572.0,You have received 6200 XAF from [CONTACT_A76A] ([PHONE_4230]) on your mobile money account at 2025-09-19 16:33:01. Message from sender: contribution. Your new balance:34572 XAF. Financial Transaction Id: [PHONE_2343].
USER_11,2025-09-19,17:36:37,MobileMoney,transfert,IN,1000.0,XAF,35572.0,You have received 1000 XAF from N A [CONTACT_25F4] ([PHONE_8717]) on your mobile money account at 2025-09-19 17:36:34. Message from sender: 11111. Your new balance:35572 XAF. Financial Transaction Id: [PHONE_5405].
USER_11,2025-09-23,10:22:01,MobileMoney,transaction,OUT,1000.0,XAF,34572.0,"A transaction of 1000 XAF by MTNC BUNDLES_FORFAITS   (MTN_Bundles) on your mobile money account successfully completed at 2025-09-23 10:21:27. The amount was subject to a discount of 0 and coupons worth 0. Message from debit receiver: . Your new balance:34572 XAF. Fee was 0 XAF, loyalty fee was 0 and loyalty reward was 0. Financial Transaction Id: [PHONE_2914]. External Transaction Id: 2928214996989109114. School scholarships for a stress-free back-to-school with MoMo ! Make payments of minimum 5,237 F and stand a chance to win up to 100,000 F each week. More info at 8787 or on WhatsApp: 650 528 787."
USER_11,2025-09-24,12:54:02,MobileMoney,retrait,OUT,1500.0,XAF,30957.0,"You have transferred 1500 XAF to [CONTACT_0DF9] ([PHONE_7243]) from your mobile money account 33671023 at 2025-09-24 12:54:00 FEES 57 FCFA. Your new balance: 30957 XAF. Message from sender: data. Message to receiver: data. Financial Transaction Id: [PHONE_1897]. Save Big with 1 per cent on cash out fees + Zero fees on transfers. Plus, a chance to win 250F. Go To https://bit.ly/NewMoMoApp to download."
USER_11,2025-09-25,06:05:23,MobileMoney,transfert,IN,18000.0,XAF,48957.0,You have received 18000 XAF from [CONTACT_5E08] ([PHONE_5640]) on your mobile money account at 2025-09-25 06:05:20. Message from sender: [CONTACT_554E] 2025. Your new balance:48957 XAF. Financial Transaction Id: [PHONE_0375].
USER_11,2025-09-28,09:29:24,MobileMoney,retrait,OUT,7000.0,XAF,41889.0,"You have transferred 7000 XAF to [CONTACT_0DF9] ([PHONE_7243]) from your mobile money account 33671023 at 2025-09-28 09:29:23 FEES 68 FCFA. Your new balance: 41889 XAF. Message from sender: transport. Message to receiver: transport. Financial Transaction Id: [PHONE_3133]. Save Big with 1 per cent on cash out fees + Zero fees on transfers. Plus, a chance to win 250F. Go To https://bit.ly/NewMoMoApp to download."
USER_11,2025-09-28,18:02:11,MobileMoney,retrait,OUT,2000.0,XAF,39831.0,"You have transferred 2000 XAF to [CONTACT_2F47] ([PHONE_6852]) from your mobile money account 33671023 at 2025-09-28 18:02:10 FEES 58 FCFA. Your new balance: 39831 XAF. Message from sender: data. Message to receiver: data. Financial Transaction Id: [PHONE_2648]. Save Big with 1 per cent on cash out fees + Zero fees on transfers. Plus, a chance to win 250F. Go To https://bit.ly/NewMoMoApp to download."
USER_11,2025-09-30,11:21:22,MobileMoney,retrait,OUT,25000.0,XAF,14727.0,"You have transferred 25000 XAF to [CONTACT_6521] ([PHONE_5916]) from your mobile money account 33671023 at 2025-09-30 11:21:21 FEES 104 FCFA. Your new balance: 14727 XAF. Message from sender: 300925. Message to receiver: 300925. Financial Transaction Id: [PHONE_3082]. Save Big with 1 per cent on cash out fees + Zero fees on transfers. Plus, a chance to win 250F. Go To https://bit.ly/NewMoMoApp to download."
USER_11,2025-10-05,06:51:34,MobileMoney,transfert,IN,162000.0,XAF,176727.0,An adjustment has been made and 162000 XAF has been added to your mobile money account 33671023 at 2025-10-05 06:51:33. Message: [CONTACT_55E3] 2025 2026. Your new balance: 176727 XAF. Financial Transaction Id: [PHONE_3103].
USER_11,2025-10-05,15:28:28,MobileMoney,retrait,OUT,25000.0,XAF,151727.0,"You have transferred 25000 XAF to [CONTACT_91EC] ([PHONE_0989]) from your mobile money account 33671023 at 2025-10-05 15:28:22 FEES 0 FCFA. Your new balance: 151727 XAF. Message from sender: bill. Message to receiver: bill. Financial Transaction Id: [PHONE_9355]. Save Big with 1 per cent on cash out fees + Zero fees on transfers. Plus, a chance to win 250F. Go To https://bit.ly/NewMoMoApp to download."
USER_11,2025-10-06,16:57:25,MobileMoney,retrait,OUT,85000.0,XAF,66298.0,"You have transferred 85000 XAF to [CONTACT_A251] ([PHONE_3867]) from your mobile money account 33671023 at 2025-10-06 16:57:22 FEES 429 FCFA. Your new balance: 66298 XAF. Message from sender: sal. Message to receiver: sal. Financial Transaction Id: [PHONE_8602]. Save Big with 1 per cent on cash out fees + Zero fees on transfers. Plus, a chance to win 250F. Go To https://bit.ly/NewMoMoApp to download."
USER_11,2025-10-07,17:27:54,MobileMoney,transaction,OUT,1000.0,XAF,65298.0,"A transaction of 1000 XAF by MTNC BUNDLES_FORFAITS   (MTN_Bundles) on your mobile money account successfully completed at 2025-10-07 17:27:49. The amount was subject to a discount of 0 and coupons worth 0. Message from debit receiver: . Your new balance:65298 XAF. Fee was 0 XAF, loyalty fee was 0 and loyalty reward was 0. Financial Transaction Id: [PHONE_8084]. External Transaction Id: 1773473403939759645. School scholarships for a stress-free back-to-school with MoMo ! Make payments of minimum 5,237 F and stand a chance to win up to 100,000 F each week. More info at 8787 or on WhatsApp: 650 528 787."
USER_11,2025-10-07,17:28:39,MobileMoney,transaction,OUT,1000.0,XAF,64298.0,"A transaction of 1000 XAF by MTNC BUNDLES_FORFAITS   (MTN_Bundles) on your mobile money account successfully completed at 2025-10-07 17:28:34. The amount was subject to a discount of 0 and coupons worth 0. Message from debit receiver: . Your new balance:64298 XAF. Fee was 0 XAF, loyalty fee was 0 and loyalty reward was 0. Financial Transaction Id: [PHONE_2385]. External Transaction Id: 6834204770851796897. School scholarships for a stress-free back-to-school with MoMo ! Make payments of minimum 5,237 F and stand a chance to win up to 100,000 F each week. More info at 8787 or on WhatsApp: 650 528 787."
USER_11,2025-10-08,08:09:31,MobileMoney,retrait,OUT,10000.0,XAF,54224.0,"You have transferred 10000 XAF to [CONTACT_2F47] ([PHONE_6852]) from your mobile money account 33671023 at 2025-10-08 08:09:28 FEES 74 FCFA. Your new balance: 54224 XAF. Message from sender: bill. Message to receiver: bill. Financial Transaction Id: [PHONE_6423]. Save Big with 1 per cent on cash out fees + Zero fees on transfers. Plus, a chance to win 250F. Go To https://bit.ly/NewMoMoApp to download."
USER_11,2025-10-09,21:10:46,MobileMoney,retrait,OUT,1000.0,XAF,53168.0,"You have transferred 1000 XAF to [CONTACT_0DF9] ([PHONE_7243]) from your mobile money account 33671023 at 2025-10-09 21:10:44 FEES 56 FCFA. Your new balance: 53168 XAF. Message from sender: data. Message to receiver: data. Financial Transaction Id: [PHONE_5423]. Save Big with 1 per cent on cash out fees + Zero fees on transfers. Plus, a chance to win 250F. Go To https://bit.ly/NewMoMoApp to download."
USER_11,2025-10-13,11:12:11,MobileMoney,transfert,IN,10000.0,XAF,63168.0,You have received 10000 XAF from [CONTACT_2035] ([PHONE_8128]) on your mobile money account at 2025-10-13 11:12:08. Message from sender: 1. Your new balance:63168 XAF. Financial Transaction Id: [PHONE_8970].
USER_11,2025-10-13,13:13:39,MobileMoney,transaction,OUT,10000.0,XAF,53168.0,"A transaction of 10000 XAF by CAMEROON [CONTACT_66C0] ([PHONE_6003]) on your mobile money account successfully completed at 2025-10-13 13:13:34. The amount was subject to a discount of 0 and coupons worth 0. Message from debit receiver: b2iPay IDCAM 20251013121300CAB7. Your new balance:53168 XAF. Fee was 0 XAF, loyalty fee was 0 and loyalty reward was 0. Financial Transaction Id: [PHONE_4273]. External Transaction Id: 628d2ffd-ec3d-4767-bc2b-ae099a295e2b. School scholarships for a stress-free back-to-school with MoMo ! Make payments of minimum 5,237 F and stand a chance to win up to 100,000 F each week. More info at 8787 or on WhatsApp: 650 528 787."
USER_11,2025-10-14,07:22:34,MobileMoney,transfert,IN,20300.0,XAF,73468.0,You have received 20300 XAF from [CONTACT_1784] ([PHONE_5118]) on your mobile money account at 2025-10-14 07:22:33. Message from sender: 1. Your new balance:73468 XAF. Financial Transaction Id: [PHONE_0462].
USER_11,2025-10-14,11:58:03,MobileMoney,retrait,OUT,40000.0,XAF,32864.0,"You [USER_11] ([USER_11_phone]) have via agent: [CONTACT_C7A7] ([PHONE_6021]), withdrawn 40000 XAF from your mobile money account: 33671023 at 2025-10-14 11:57:51 and you can now collect your money in cash. Your new balance: 32864 XAF. Fee paid: 604 XAF. Message from agent: BUNDLE_OUT:NULL. Financial Transaction Id: [PHONE_0262]. Save Big with 1 per cent on cash out fees + Zero fees on transfers. Plus, a chance to win 250F. Go To https://bit.ly/NewMoMoApp to download."
USER_11,2025-10-14,17:10:37,MobileMoney,retrait,OUT,18200.0,XAF,14574.0,"You have transferred 18200 XAF to [CONTACT_8BD8] ([PHONE_6407]) from your mobile money account 33671023 at 2025-10-14 17:10:36 FEES 90 FCFA. Your new balance: 14574 XAF. Message from sender: zone 4. Message to receiver: zone 4. Financial Transaction Id: [PHONE_1653]. Save Big with 1 per cent on cash out fees + Zero fees on transfers. Plus, a chance to win 250F. Go To https://bit.ly/NewMoMoApp to download."
USER_11,2025-10-15,03:13:11,MobileMoney,retrait,OUT,1000.0,XAF,13518.0,"You have transferred 1000 XAF to [CONTACT_2F47] ([PHONE_6852]) from your mobile money account 33671023 at 2025-10-15 03:13:09 FEES 56 FCFA. Your new balance: 13518 XAF. Message from sender: airtime. Message to receiver: airtime. Financial Transaction Id: [PHONE_0643]. Save Big with 1 per cent on cash out fees + Zero fees on transfers. Plus, a chance to win 250F. Go To https://bit.ly/NewMoMoApp to download."
USER_11,2025-10-15,18:47:34,MobileMoney,retrait,OUT,2100.0,XAF,11360.0,"You have transferred 2100 XAF to [CONTACT_0C2F] ([PHONE_1215]) from your mobile money account 33671023 at 2025-10-15 18:47:33 FEES 58 FCFA. Your new balance: 11360 XAF. Message from sender: odet. Message to receiver: odet. Financial Transaction Id: [PHONE_8081]. Save Big with 1 per cent on cash out fees + Zero fees on transfers. Plus, a chance to win 250F. Go To https://bit.ly/NewMoMoApp to download."
USER_11,2025-10-16,19:27:21,MobileMoney,retrait,OUT,7600.0,XAF,3691.0,"You have transferred 7600 XAF to [CONTACT_2286] ([PHONE_7081]) from your mobile money account 33671023 at 2025-10-16 19:27:20 FEES 69 FCFA. Your new balance: 3691 XAF. Message from sender: cmf trp. Message to receiver: cmf trp. Financial Transaction Id: [PHONE_2121]. Save Big with 1 per cent on cash out fees + Zero fees on transfers. Plus, a chance to win 250F. Go To https://bit.ly/NewMoMoApp to download."
USER_11,2025-10-20,12:07:32,MobileMoney,retrait,OUT,13000.0,XAF,16691.0,"You have received 13000 XAF of [CONTACT_C7A7] ([PHONE_6021] [CONTACT_8783]) on your Mobile Money 2025-10-20 12:07:31 account. Message from the sender: . Your new balance is 16691 XAF. Fee Paid: 0 XAF. Transaction ID: [PHONE_0055]. Save Big with 1 per cent on cash out fees + Zero fees on transfers. Plus, a chance to win 250F. Go To https://bit.ly/NewMoMoApp to download."
USER_11,2025-10-21,08:07:39,MobileMoney,retrait,OUT,15200.0,XAF,1407.0,"You have transferred 15200 XAF to [CONTACT_D5F4] ([PHONE_8998]) from your mobile money account 33671023 at 2025-10-21 08:07:37 FEES 84 FCFA. Your new balance: 1407 XAF. Message from sender: cmf bill. Message to receiver: cmf bill. Financial Transaction Id: [PHONE_6114]. Save Big with 1 per cent on cash out fees + Zero fees on transfers. Plus, a chance to win 250F. Go To https://bit.ly/NewMoMoApp to download."
USER_11,2025-10-27,02:27:37,MobileMoney,transaction,OUT,1000.0,XAF,133.0,"A transaction of 1000 XAF by MTNC BUNDLES_FORFAITS   (MTN_Bundles) on your mobile money account successfully completed at 2025-10-27 02:27:32. The amount was subject to a discount of 0 and coupons worth 0. Message from debit receiver: . Your new balance:133 XAF. Fee was 0 XAF, loyalty fee was 0 and loyalty reward was 0. Financial Transaction Id: [PHONE_5335]. External Transaction Id: 1854646613061307774. School scholarships for a stress-free back-to-school with MoMo ! Make payments of minimum 5,237 F and stand a chance to win up to 100,000 F each week. More info at 8787 or on WhatsApp: 650 528 787."
USER_11,2025-10-30,12:42:53,MobileMoney,retrait,OUT,5000.0,XAF,5133.0,"You have received 5000 XAF of [CONTACT_E7C4] ([PHONE_0623] [CONTACT_68C2]) on your Mobile Money 2025-10-30 12:42:51 account. Message from the sender: . Your new balance is 5133 XAF. Fee Paid: 0 XAF. Transaction ID: [PHONE_8378]. Save Big with 1 per cent on cash out fees + Zero fees on transfers. Plus, a chance to win 250F. Go To https://bit.ly/NewMoMoApp to download."
USER_11,2025-11-01,09:31:11,MobileMoney,transaction,OUT,5000.0,XAF,133.0,"A transaction of 5000 XAF by MTNC BUNDLES_FORFAITS   (MTN_Bundles) on your mobile money account successfully completed at 2025-11-01 09:31:07. The amount was subject to a discount of 0 and coupons worth 0. Message from debit receiver: . Your new balance:133 XAF. Fee was 0 XAF, loyalty fee was 0 and loyalty reward was 0. Financial Transaction Id: [PHONE_1444]. External Transaction Id: 2857131382194722936. School scholarships for a stress-free back-to-school with MoMo ! Make payments of minimum 5,237 F and stand a chance to win up to 100,000 F each week. More info at 8787 or on WhatsApp: 650 528 787."
USER_11,2025-11-03,11:52:04,MobileMoney,transfert,IN,15000.0,XAF,15133.0,You have received 15000 XAF from [CONTACT_CA36] ([PHONE_6652]) on your mobile money account at 2025-11-03 11:51:12. Message from sender: 1234. Your new balance:15133 XAF. Financial Transaction Id: [PHONE_2649].
USER_11,2025-11-04,20:12:06,MobileMoney,transaction,OUT,1000.0,XAF,14133.0,"A transaction of 1000 XAF by MTNC BUNDLES_FORFAITS   (MTN_Bundles) on your mobile money account successfully completed at 2025-11-04 20:11:58. The amount was subject to a discount of 0 and coupons worth 0. Message from debit receiver: . Your new balance:14133 XAF. Fee was 0 XAF, loyalty fee was 0 and loyalty reward was 0. Financial Transaction Id: [PHONE_0750]. External Transaction Id: 2900100802537266281. School scholarships for a stress-free back-to-school with MoMo ! Make payments of minimum 5,237 F and stand a chance to win up to 100,000 F each week. More info at 8787 or on WhatsApp: 650 528 787."
USER_11,2025-11-04,20:13:25,MobileMoney,transaction,OUT,1000.0,XAF,13133.0,"A transaction of 1000 XAF by MTNC BUNDLES_FORFAITS   (MTN_Bundles) on your mobile money account successfully completed at 2025-11-04 20:12:50. The amount was subject to a discount of 0 and coupons worth 0. Message from debit receiver: . Your new balance:13133 XAF. Fee was 0 XAF, loyalty fee was 0 and loyalty reward was 0. Financial Transaction Id: [PHONE_7377]. External Transaction Id: 1659898744488225583. School scholarships for a stress-free back-to-school with MoMo ! Make payments of minimum 5,237 F and stand a chance to win up to 100,000 F each week. More info at 8787 or on WhatsApp: 650 528 787."
USER_11,2025-11-04,20:55:48,MobileMoney,retrait,OUT,2000.0,XAF,11075.0,"You have transferred 2000 XAF to [CONTACT_2F47] ([PHONE_6852]) from your mobile money account 33671023 at 2025-11-04 20:55:44 FEES 58 FCFA. Your new balance: 11075 XAF. Message from sender: data. Message to receiver: data. Financial Transaction Id: [PHONE_4054]. Save Big with 1 per cent on cash out fees + Zero fees on transfers. Plus, a chance to win 250F. Go To https://bit.ly/NewMoMoApp to download."
USER_11,2025-11-07,09:12:07,MobileMoney,retrait,OUT,5000.0,XAF,6011.0,"You have transferred 5000 XAF to [CONTACT_3520] ([PHONE_9895]) from your mobile money account 33671023 at 2025-11-07 09:12:06 FEES 64 FCFA. Your new balance: 6011 XAF. Message from sender: condolences suppot Jery. Message to receiver: condolences suppot Jery. Financial Transaction Id: [PHONE_4463]. Save Big with 1 per cent on cash out fees + Zero fees on transfers. Plus, a chance to win 250F. Go To https://bit.ly/NewMoMoApp to download."
USER_11,2025-11-07,09:16:10,MobileMoney,retrait,OUT,5000.0,XAF,947.0,"You have transferred 5000 XAF to NDAMUKONG [CONTACT_451A] ([PHONE_0206]) from your mobile money account 33671023 at 2025-11-07 09:16:09 FEES 64 FCFA. Your new balance: 947 XAF. Message from sender: condolence for SP Akuro. Message to receiver: condolence for SP Akuro. Financial Transaction Id: [PHONE_2325]. Save Big with 1 per cent on cash out fees + Zero fees on transfers. Plus, a chance to win 250F. Go To https://bit.ly/NewMoMoApp to download."
USER_11,2025-11-10,07:32:33,MobileMoney,transfert,IN,25300.0,XAF,26247.0,You have received 25300 XAF from [CONTACT_8554] ([PHONE_6997]) on your mobile money account at 2025-11-10 06:43:15. Message from sender: transport . Your new balance:26247 XAF. Financial Transaction Id: [PHONE_3214].
USER_11,2025-11-10,17:59:02,MobileMoney,transfert,IN,18000.0,XAF,44247.0,You have received 18000 XAF from [CONTACT_5E08] ([PHONE_5640]) on your mobile money account at 2025-11-10 17:59:01. Message from sender: [CONTACT_D382] 2025. Your new balance:44247 XAF. Financial Transaction Id: [PHONE_0857].
USER_11,2025-11-11,14:29:24,MobileMoney,retrait,OUT,15000.0,XAF,29018.0,"You have withdrawn 15000 XAF from your mobile money account at [CONTACT_E677] 2025-11-11 14:29:22. Your new balance:29018 XAF. Financial Transaction Id: [PHONE_6440]. Save Big with 1 per cent on cash out fees + Zero fees on transfers. Plus, a chance to win 250F. Go To https://bit.ly/NewMoMoApp to download."
USER_11,2025-11-11,19:00:51,MobileMoney,retrait,OUT,5500.0,XAF,23453.0,"You have transferred 5500 XAF to N A [CONTACT_85AF] ([PHONE_5523]) from your mobile money account 33671023 at 2025-11-11 19:00:47 FEES 65 FCFA. Your new balance: 23453 XAF. Message from sender: bill. Message to receiver: bill. Financial Transaction Id: [PHONE_9439]. Save Big with 1 per cent on cash out fees + Zero fees on transfers. Plus, a chance to win 250F. Go To https://bit.ly/NewMoMoApp to download."
USER_11,2025-11-15,03:07:04,MobileMoney,retrait,OUT,1000.0,XAF,22399.0,"You have transferred 1000 XAF to [CONTACT_2F47] ([PHONE_6852]) from your mobile money account 33671023 at 2025-11-15 03:07:02 FEES 54 FCFA. Your new balance: 22399 XAF. Message from sender: airtime. Message to receiver: airtime. Financial Transaction Id: [PHONE_4588]. Save Big with 1 per cent on cash out fees + Zero fees on transfers. Plus, a chance to win 250F. Go To https://bit.ly/NewMoMoApp to download."
USER_11,2025-11-17,11:51:50,MobileMoney,paiement,OUT,10200.0,XAF,12199.0,"Your payment of 10200 XAF to [CONTACT_51F3] ([PHONE_6723]) has been completed at 2025-11-17 11:51:22. Message: . Your new balance: 12199 XAF. Fee was 0 XAF. The amount was subject to a discount of 0 XAF and coupons worth . Financial Transaction Id: [PHONE_0036]. External Transaction Id: -. School scholarships for a stress-free back-to-school with MoMo ! Make payments of minimum 5,237 F and stand a chance to win up to 100,000 F each week. More info at 8787 or on WhatsApp: 650 528 787."
USER_11,2025-11-18,18:20:19,MobileMoney,retrait,OUT,10000.0,XAF,2045.0,"You have withdrawn 10000 XAF from your mobile money account at [CONTACT_3447] A [CONTACT_7F24] on 2025-11-18 17:55:45. Your new balance:2045 XAF. Financial Transaction Id: [PHONE_8802]. Save Big with 1 per cent on cash out fees + Zero fees on transfers. Plus, a chance to win 250F. Go To https://bit.ly/NewMoMoApp to download."
USER_11,2025-11-20,18:23:30,MobileMoney,retrait,OUT,1600.0,XAF,391.0,"You have transferred 1600 XAF to [CONTACT_F61D] ([PHONE_3497]) from your mobile money account 33671023 at 2025-11-20 18:23:30 FEES 54 FCFA. Your new balance: 391 XAF. Message from sender: bill. Message to receiver: bill. Financial Transaction Id: [PHONE_7851]. Save Big with 1 per cent on cash out fees + Zero fees on transfers. Plus, a chance to win 250F. Go To https://bit.ly/NewMoMoApp to download."
USER_11,2025-11-22,11:55:53,MobileMoney,retrait,OUT,5000.0,XAF,5391.0,"You have received 5000 XAF of [CONTACT_C7A7] ([PHONE_6021] [CONTACT_8783]) on your Mobile Money 2025-11-22 11:55:52 account. Message from the sender: . Your new balance is 5391 XAF. Fee Paid: 0 XAF. Transaction ID: [PHONE_8159]. Save Big with 1 per cent on cash out fees + Zero fees on transfers. Plus, a chance to win 250F. Go To https://bit.ly/NewMoMoApp to download."
USER_11,2025-11-22,11:58:05,MobileMoney,transaction,OUT,5000.0,XAF,391.0,"A transaction of 5000 XAF by MTNC BUNDLES_FORFAITS   (MTN_Bundles) on your mobile money account successfully completed at 2025-11-22 11:58:02. The amount was subject to a discount of 0 and coupons worth 0. Message from debit receiver: . Your new balance:391 XAF. Fee was 0 XAF, loyalty fee was 0 and loyalty reward was 0. Financial Transaction Id: [PHONE_3556]. External Transaction Id: 1468831592174568019. School scholarships for a stress-free back-to-school with MoMo ! Make payments of minimum 5,237 F and stand a chance to win up to 100,000 F each week. More info at 8787 or on WhatsApp: 650 528 787."
USER_11,2025-11-22,12:00:52,MobileMoney,transfert,IN,5000.0,XAF,5391.0,You have received 5000 XAF from [CONTACT_F2B7] (RAINBOW-PERSONAL) on your mobile money account at 2025-11-22 12:00:51. Message from sender: . Your new balance:5391 XAF. Financial Transaction Id: [PHONE_9651].
USER_11,2025-11-22,12:02:58,MobileMoney,transaction,OUT,1000.0,XAF,4391.0,"A transaction of 1000 XAF by MTNC BUNDLES_FORFAITS   (MTN_Bundles) on your mobile money account successfully completed at 2025-11-22 12:02:53. The amount was subject to a discount of 0 and coupons worth 0. Message from debit receiver: . Your new balance:4391 XAF. Fee was 0 XAF, loyalty fee was 0 and loyalty reward was 0. Financial Transaction Id: [PHONE_0018]. External Transaction Id: 751784999905625427. School scholarships for a stress-free back-to-school with MoMo ! Make payments of minimum 5,237 F and stand a chance to win up to 100,000 F each week. More info at 8787 or on WhatsApp: 650 528 787."
USER_11,2025-11-22,12:03:39,MobileMoney,transaction,OUT,1000.0,XAF,3391.0,"A transaction of 1000 XAF by MTNC BUNDLES_FORFAITS   (MTN_Bundles) on your mobile money account successfully completed at 2025-11-22 12:03:34. The amount was subject to a discount of 0 and coupons worth 0. Message from debit receiver: . Your new balance:3391 XAF. Fee was 0 XAF, loyalty fee was 0 and loyalty reward was 0. Financial Transaction Id: [PHONE_1057]. External Transaction Id: 7207516680296773756. School scholarships for a stress-free back-to-school with MoMo ! Make payments of minimum 5,237 F and stand a chance to win up to 100,000 F each week. More info at 8787 or on WhatsApp: 650 528 787."
USER_11,2025-11-22,18:22:41,MobileMoney,paiement,OUT,100.0,XAF,3291.0,"Your payment of 100 XAF to PHARMACIE [CONTACT_B1D4] ([PHONE_5266]) has been completed at 2025-11-22 18:22:34. Message: . Your new balance: 3291 XAF. Fee was 0 XAF. The amount was subject to a discount of 0 XAF and coupons worth . Financial Transaction Id: [PHONE_2561]. External Transaction Id: -. School scholarships for a stress-free back-to-school with MoMo ! Make payments of minimum 5,237 F and stand a chance to win up to 100,000 F each week. More info at 8787 or on WhatsApp: 650 528 787."
USER_11,2025-11-23,11:08:44,MobileMoney,transfert,IN,500.0,XAF,3791.0,You have received 500 XAF from [CONTACT_DD75] ([PHONE_5437]) on your mobile money account at 2025-11-23 11:08:42. Message from sender: . Your new balance:3791 XAF. Financial Transaction Id: [PHONE_3335].
USER_11,2025-11-26,19:25:20,MobileMoney,transfert,IN,5000.0,XAF,8791.0,You have received 5000 XAF from [CONTACT_9FB5] ([PHONE_2218]) on your mobile money account at 2025-11-26 19:25:19. Message from sender: 0000. Your new balance:8791 XAF. Financial Transaction Id: [PHONE_7993].
USER_11,2025-11-27,14:54:34,MobileMoney,retrait,OUT,5100.0,XAF,1427.0,"You have transferred 5100 XAF to N A [CONTACT_C672] ([PHONE_0967]) from your mobile money account 33671023 at 2025-11-27 14:54:33 FEES 0 FCFA. Your new balance: 1427 XAF. Message from sender: AVI GiGli. Message to receiver: AVI GiGli. Financial Transaction Id: [PHONE_5737]. Save Big with 1 per cent on cash out fees + Zero fees on transfers. Plus, a chance to win 250F. Go To https://bit.ly/NewMoMoApp to download."
USER_11,2025-11-30,00:47:10,MobileMoney,transfert,IN,10000.0,XAF,11427.0,You have received 10000 XAF from N A [CONTACT_BB28] ([PHONE_7040]) on your mobile money account at 2025-11-30 00:47:09. Message from sender: . Your new balance:11427 XAF. Financial Transaction Id: [PHONE_6195].
USER_11,2025-12-02,09:35:23,MobileMoney,transfert,IN,18000.0,XAF,29427.0,You have received 18000 XAF from [CONTACT_5E08] ([PHONE_5640]) on your mobile money account at 2025-12-02 09:35:21. Message from sender: [CONTACT_75BC] 2025. Your new balance:29427 XAF. Financial Transaction Id: [PHONE_9114].
USER_11,2025-12-05,12:13:57,MobileMoney,transaction,OUT,5375.0,XAF,24052.0,"A transaction of 5375 XAF by [CONTACT_F2B7] (RAINBOW-PERSONAL) on your mobile money account successfully completed at 2025-12-05 12:13:55. The amount was subject to a discount of 0 and coupons worth 0. Message from debit receiver: . Your new balance:24052 XAF. Fee was 0 XAF, loyalty fee was 0 and loyalty reward was 0. Financial Transaction Id: [PHONE_0149]. External Transaction Id: 202512051213510691RM74547802. 237,000 [CONTACT_4B8C] to win by making your MoMo transactions starting from 5237F. Transfers, payments, withdrawals... etc. Try your luck on *126# or on bit.ly/MyMoMo1 to enjoy [CONTACT_8D6B]: 0 FCFA on your transfers and 1% on your withdrawals. Info: 8787 or [PHONE_8787]"
USER_11,2025-12-05,12:20:41,MobileMoney,transfert,IN,10000.0,XAF,34052.0,You have received 10000 XAF from [CONTACT_6032] (ORISS-PERSONAL) on your mobile money account at 2025-12-05 12:20:40. Message from sender: . Your new balance:34052 XAF. Financial Transaction Id: [PHONE_6173].
USER_11,2025-12-06,09:18:32,MobileMoney,transfert,OUT,10000.0,XAF,23998.0,"You have transferred 10000 XAF to Mbazang Tegwie Collins ([PHONE_7897]) from your mobile money account 33671023 at 2025-12-06 09:18:31 FEES 54 FCFA. Your new balance: 23998 XAF. Message from sender: Mr/Mrs Teyim suppoert. Message to receiver: Mr/Mrs Teyim suppoert. Financial Transaction Id: [PHONE_5740]. 237,000 [CONTACT_4B8C] to win by making your MoMo transactions starting from 5237F. Transfers, payments, withdrawals... etc. Try your luck on *126# or on bit.ly/MyMoMo1 to enjoy [CONTACT_8D6B]: 0 FCFA on your transfers and 1% on your withdrawals. Info: 8787 or [PHONE_8787]"
USER_11,2025-12-06,11:08:42,MobileMoney,transfert,OUT,5200.0,XAF,18744.0,"You have transferred 5200 XAF to [CONTACT_CA46] ([PHONE_1391]) from your mobile money account 33671023 at 2025-12-06 11:08:41 FEES 54 FCFA. Your new balance: 18744 XAF. Message from sender: condolence contr chick. Message to receiver: condolence contr chick. Financial Transaction Id: [PHONE_8638]. 237,000 [CONTACT_4B8C] to win by making your MoMo transactions starting from 5237F. Transfers, payments, withdrawals... etc. Try your luck on *126# or on bit.ly/MyMoMo1 to enjoy [CONTACT_8D6B]: 0 FCFA on your transfers and 1% on your withdrawals. Info: 8787 or [PHONE_8787]"
USER_11,2025-12-06,12:31:47,MobileMoney,transfert,IN,27500.0,XAF,46244.0,"You have received 27500 XAF of [CONTACT_2949] [CONTACT_7C0A] ([PHONE_3287] [CONTACT_D0D3] NGATSING) on your Mobile Money 2025-12-06 12:31:44 account. Message from the sender: . Your new balance is 46244 XAF. Fee Paid: 0 XAF. Transaction ID: [PHONE_0438]. 237,000 [CONTACT_4B8C] to win by making your MoMo transactions starting from 5237,000F. Transfers, payments, withdrawals... etc. Try your luck on *126# or on bit.ly/MyMoMo1 to enjoy [CONTACT_8D6B]: 0 FCFA on your transfers and 1% on your withdrawals. Info: 8787 or [PHONE_8787]"
USER_11,2025-12-07,11:14:08,MobileMoney,transfert,IN,10200.0,XAF,56444.0,You have received 10200 XAF from [CONTACT_8554] ([PHONE_6997]) on your mobile money account at 2025-12-07 11:14:06. Message from sender: transport . Your new balance:56444 XAF. Financial Transaction Id: [PHONE_5541].
USER_11,2025-12-08,11:26:48,MobileMoney,transfert,IN,10000.0,XAF,66444.0,You have received 10000 XAF from [CONTACT_C022] ([PHONE_5788]) on your mobile money account at 2025-12-08 11:26:46. Message from sender: 1. Your new balance:66444 XAF. Financial Transaction Id: [PHONE_6246].
USER_11,2025-12-11,12:36:41,MobileMoney,transaction,OUT,1000.0,XAF,64944.0,"A transaction of 1000 XAF by MTNC BUNDLES_FORFAITS   (MTN_Bundles) on your mobile money account successfully completed at 2025-12-11 12:36:32. The amount was subject to a discount of 0 and coupons worth 0. Message from debit receiver: . Your new balance:64944 XAF. Fee was 0 XAF, loyalty fee was 0 and loyalty reward was 0. Financial Transaction Id: [PHONE_2448]. External Transaction Id: 8368190164172982045. 237,000 [CONTACT_4B8C] to win by making your MoMo transactions starting from 5237F. Transfers, payments, withdrawals... etc. Try your luck on *126# or on bit.ly/MyMoMo1 to enjoy [CONTACT_8D6B]: 0 FCFA on your transfers and 1% on your withdrawals. Info: 8787 or [PHONE_8787]"
USER_11,2025-12-12,05:55:20,MobileMoney,transaction,OUT,5000.0,XAF,59944.0,"A transaction of 5000 XAF by MTNC BUNDLES_FORFAITS   (MTN_Bundles) on your mobile money account successfully completed at 2025-12-12 05:55:17. The amount was subject to a discount of 0 and coupons worth 0. Message from debit receiver: . Your new balance:59944 XAF. Fee was 0 XAF, loyalty fee was 0 and loyalty reward was 0. Financial Transaction Id: [PHONE_3501]. External Transaction Id: 8773885631399501581. 237,000 [CONTACT_4B8C] to win by making your MoMo transactions starting from 5237F. Transfers, payments, withdrawals... etc. Try your luck on *126# or on bit.ly/MyMoMo1 to enjoy [CONTACT_8D6B]: 0 FCFA on your transfers and 1% on your withdrawals. Info: 8787 or [PHONE_8787]"
USER_11,2025-12-12,09:41:13,MobileMoney,transfert,OUT,45000.0,XAF,14715.0,"You have transferred 45000 XAF to [CONTACT_3BC7] ([PHONE_4479]) from your mobile money account 33671023 at 2025-12-12 09:41:12 FEES 229 FCFA. Your new balance: 14715 XAF. Message from sender: bills. Message to receiver: bills. Financial Transaction Id: [PHONE_8975]. 237,000 [CONTACT_4B8C] to win by making your MoMo transactions starting from 5237F. Transfers, payments, withdrawals... etc. Try your luck on *126# or on bit.ly/MyMoMo1 to enjoy [CONTACT_8D6B]: 0 FCFA on your transfers and 1% on your withdrawals. Info: 8787 or [PHONE_8787]"
USER_11,2025-12-12,14:48:15,MobileMoney,transfert,OUT,10150.0,XAF,4511.0,"You have transferred 10150 XAF to [CONTACT_198B] ([PHONE_0534]) from your mobile money account 33671023 at 2025-12-12 14:48:13 FEES 54 FCFA. Your new balance: 4511 XAF. Message from sender: Emile and Kina. Message to receiver: Emile and Kina. Financial Transaction Id: [PHONE_4292]. 237,000 [CONTACT_4B8C] to win by making your MoMo transactions starting from 5237F. Transfers, payments, withdrawals... etc. Try your luck on *126# or on bit.ly/MyMoMo1 to enjoy [CONTACT_8D6B]: 0 FCFA on your transfers and 1% on your withdrawals. Info: 8787 or [PHONE_8787]"
USER_11,2025-12-13,08:21:14,MobileMoney,transfert,IN,8000.0,XAF,12511.0,You have received 8000 XAF from [CONTACT_C022] ([PHONE_5788]) on your mobile money account at 2025-12-13 08:21:13. Message from sender: 1. Your new balance:12511 XAF. Financial Transaction Id: [PHONE_8615].
USER_11,2025-12-15,03:07:13,MobileMoney,transfert,OUT,1000.0,XAF,11457.0,"You have transferred 1000 XAF to [CONTACT_2F47] ([PHONE_6852]) from your mobile money account 33671023 at 2025-12-15 03:07:10 FEES 54 FCFA. Your new balance: 11457 XAF. Message from sender: airtime. Message to receiver: airtime. Financial Transaction Id: [PHONE_4018]. 237,000 [CONTACT_4B8C] to win by making your MoMo transactions starting from 5237F. Transfers, payments, withdrawals... etc. Try your luck on *126# or on bit.ly/MyMoMo1 to enjoy [CONTACT_8D6B]: 0 FCFA on your transfers and 1% on your withdrawals. Info: 8787 or [PHONE_8787]"
USER_11,2025-12-15,09:37:40,MobileMoney,transfert,IN,10200.0,XAF,21657.0,"You have received 10200 XAF of [CONTACT_1790] ([PHONE_4589] [CONTACT_AAD3]) on your Mobile Money 2025-12-15 09:37:38 account. Message from the sender: . Your new balance is 21657 XAF. Fee Paid: 0 XAF. Transaction ID: [PHONE_3633]. 237,000 [CONTACT_4B8C] to win by making your MoMo transactions starting from 5237,000F. Transfers, payments, withdrawals... etc. Try your luck on *126# or on bit.ly/MyMoMo1 to enjoy [CONTACT_8D6B]: 0 FCFA on your transfers and 1% on your withdrawals. Info: 8787 or [PHONE_8787]"
USER_11,2025-12-15,17:42:12,MobileMoney,retrait,OUT,15000.0,XAF,6428.0,"You have withdrawn 15000 XAF from your mobile money account at [CONTACT_CF31] 2025-12-15 17:38:57. Your new balance:6428 XAF. Financial Transaction Id: [PHONE_4970]. 237,000 [CONTACT_4B8C] to win by making your MoMo transactions starting from 5237F. Transfers, payments, withdrawals... etc. Try your luck on *126# or on bit.ly/MyMoMo1 to enjoy [CONTACT_8D6B]: 0 FCFA on your transfers and 1% on your withdrawals. Info: 8787 or [PHONE_8787]"
USER_11,2025-12-17,15:51:13,MobileMoney,transfert,OUT,5000.0,XAF,1374.0,"You have transferred 5000 XAF to NDAMUKONG [CONTACT_451A] ([PHONE_0206]) from your mobile money account 33671023 at 2025-12-17 15:51:11 FEES 54 FCFA. Your new balance: 1374 XAF. Message from sender: cont mbah Anthanacious. Message to receiver: cont mbah Anthanacious. Financial Transaction Id: [PHONE_8892]. 237,000 [CONTACT_4B8C] to win by making your MoMo transactions starting from 5237F. Transfers, payments, withdrawals... etc. Try your luck on *126# or on bit.ly/MyMoMo1 to enjoy [CONTACT_8D6B]: 0 FCFA on your transfers and 1% on your withdrawals. Info: 8787 or [PHONE_8787]"
USER_11,2025-12-21,19:17:38,MobileMoney,retrait,OUT,10000.0,XAF,56037.0,"You have withdrawn 10000 XAF from your mobile money account at [CONTACT_C652] 2025-12-21 19:17:31. Your new balance:56037 XAF. Financial Transaction Id: [PHONE_0089]. 237,000 [CONTACT_4B8C] to win by making your MoMo transactions starting from 5237F. Transfers, payments, withdrawals... etc. Try your luck on *126# or on bit.ly/MyMoMo1 to enjoy [CONTACT_8D6B]: 0 FCFA on your transfers and 1% on your withdrawals. Info: 8787 or [PHONE_8787]"
USER_11,2025-12-22,18:25:33,MobileMoney,retrait,OUT,32000.0,XAF,23553.0,"You have withdrawn 32000 XAF from your mobile money account at [CONTACT_CF31] 2025-12-22 18:25:23. Your new balance:23553 XAF. Financial Transaction Id: [PHONE_2107]. 237,000 [CONTACT_4B8C] to win by making your MoMo transactions starting from 5237F. Transfers, payments, withdrawals... etc. Try your luck on *126# or on bit.ly/MyMoMo1 to enjoy [CONTACT_8D6B]: 0 FCFA on your transfers and 1% on your withdrawals. Info: 8787 or [PHONE_8787]"
USER_11,2025-12-23,14:15:25,MobileMoney,transfert,IN,100000.0,XAF,123553.0,"You have received 100000 XAF of [CONTACT_C7A7] ([PHONE_6021] [CONTACT_8783]) on your Mobile Money 2025-12-23 14:15:23 account. Message from the sender: . Your new balance is 123553 XAF. Fee Paid: 0 XAF. Transaction ID: [PHONE_1105]. 237,000 [CONTACT_4B8C] to win by making your MoMo transactions starting from 5237,000F. Transfers, payments, withdrawals... etc. Try your luck on *126# or on bit.ly/MyMoMo1 to enjoy [CONTACT_8D6B]: 0 FCFA on your transfers and 1% on your withdrawals. Info: 8787 or [PHONE_8787]"
USER_11,2025-12-23,15:21:28,MobileMoney,transfert,OUT,30000.0,XAF,93399.0,"You have transferred 30000 XAF to [CONTACT_98E5] ([PHONE_6104]) from your mobile money account 33671023 at 2025-12-23 15:21:27 FEES 154 FCFA. Your new balance: 93399 XAF. Message from sender: xmass. Message to receiver: xmass. Financial Transaction Id: [PHONE_3321]. 237,000 [CONTACT_4B8C] to win by making your MoMo transactions starting from 5237F. Transfers, payments, withdrawals... etc. Try your luck on *126# or on bit.ly/MyMoMo1 to enjoy [CONTACT_8D6B]: 0 FCFA on your transfers and 1% on your withdrawals. Info: 8787 or [PHONE_8787]"
USER_11,2025-12-23,15:23:22,MobileMoney,transfert,OUT,15000.0,XAF,78320.0,"You have transferred 15000 XAF to [CONTACT_BE50] ([PHONE_3573]) from your mobile money account 33671023 at 2025-12-23 15:23:21 FEES 79 FCFA. Your new balance: 78320 XAF. Message from sender: mankaa. Message to receiver: mankaa. Financial Transaction Id: [PHONE_9732]. 237,000 [CONTACT_4B8C] to win by making your MoMo transactions starting from 5237F. Transfers, payments, withdrawals... etc. Try your luck on *126# or on bit.ly/MyMoMo1 to enjoy [CONTACT_8D6B]: 0 FCFA on your transfers and 1% on your withdrawals. Info: 8787 or [PHONE_8787]"
USER_11,2025-12-23,15:24:51,MobileMoney,transfert,OUT,20000.0,XAF,58320.0,"You have transferred 20000 XAF to [CONTACT_4D68] ([PHONE_5643]) from your mobile money account 33671023 at 2025-12-23 15:24:50 FEES 0 FCFA. Your new balance: 58320 XAF. Message from sender: xmass. Message to receiver: xmass. Financial Transaction Id: [PHONE_0252]. 237,000 [CONTACT_4B8C] to win by making your MoMo transactions starting from 5237F. Transfers, payments, withdrawals... etc. Try your luck on *126# or on bit.ly/MyMoMo1 to enjoy [CONTACT_8D6B]: 0 FCFA on your transfers and 1% on your withdrawals. Info: 8787 or [PHONE_8787]"
USER_11,2025-12-23,20:30:35,MobileMoney,transfert,IN,22000.0,XAF,80320.0,You have received 22000 XAF from [CONTACT_2286] ([PHONE_7081]) on your mobile money account at 2025-12-23 20:30:35. Message from sender: Njanji. Your new balance:80320 XAF. Financial Transaction Id: [PHONE_7116].
USER_11,2025-12-24,12:59:18,MobileMoney,transfert,OUT,25500.0,XAF,54689.0,"You have transferred 25500 XAF to N A [CONTACT_5DE5] ([PHONE_0369]) from your mobile money account 33671023 at 2025-12-24 12:59:01 FEES 131 FCFA. Your new balance: 54689 XAF. Message from sender: mami . Message to receiver: mami . Financial Transaction Id: [PHONE_5336]. 237,000 [CONTACT_4B8C] to win by making your MoMo transactions starting from 5237F. Transfers, payments, withdrawals... etc. Try your luck on *126# or on bit.ly/MyMoMo1 to enjoy [CONTACT_8D6B]: 0 FCFA on your transfers and 1% on your withdrawals. Info: 8787 or [PHONE_8787]"
USER_11,2025-12-24,13:03:14,MobileMoney,transfert,OUT,50000.0,XAF,4435.0,"You have transferred 50000 XAF to [CONTACT_A01F] ([PHONE_3957]) from your mobile money account 33671023 at 2025-12-24 13:03:12 FEES 254 FCFA. Your new balance: 4435 XAF. Message from sender: fees. Message to receiver: fees. Financial Transaction Id: [PHONE_1558]. 237,000 [CONTACT_4B8C] to win by making your MoMo transactions starting from 5237F. Transfers, payments, withdrawals... etc. Try your luck on *126# or on bit.ly/MyMoMo1 to enjoy [CONTACT_8D6B]: 0 FCFA on your transfers and 1% on your withdrawals. Info: 8787 or [PHONE_8787]"
USER_11,2025-12-24,15:28:52,MobileMoney,transfert,IN,20000.0,XAF,24435.0,You have received 20000 XAF from [CONTACT_A3C9] ([PHONE_2341]) on your mobile money account at 2025-12-24 15:28:51. Message from sender: m. Your new balance:24435 XAF. Financial Transaction Id: [PHONE_1565].
USER_11,2025-12-26,10:14:02,MobileMoney,transfert,IN,18000.0,XAF,42435.0,You have received 18000 XAF from [CONTACT_5E08] ([PHONE_5640]) on your mobile money account at 2025-12-26 10:14:00. Message from sender: [CONTACT_A949] 2025. Your new balance:42435 XAF. Financial Transaction Id: [PHONE_0810].
USER_11,2025-12-26,15:47:22,MobileMoney,transfert,OUT,20000.0,XAF,22331.0,"You have transferred 20000 XAF to [CONTACT_0DF9] ([PHONE_7243]) from your mobile money account 33671023 at 2025-12-26 15:47:21 FEES 104 FCFA. Your new balance: 22331 XAF. Message from sender: allo. Message to receiver: allo. Financial Transaction Id: [PHONE_2152]. 237,000 [CONTACT_4B8C] to win by making your MoMo transactions starting from 5237F. Transfers, payments, withdrawals... etc. Try your luck on *126# or on bit.ly/MyMoMo1 to enjoy [CONTACT_8D6B]: 0 FCFA on your transfers and 1% on your withdrawals. Info: 8787 or [PHONE_8787]"
USER_11,2025-12-26,15:51:38,MobileMoney,transfert,OUT,15000.0,XAF,7252.0,"You have transferred 15000 XAF to [CONTACT_8C42] ([PHONE_7242]) from your mobile money account 33671023 at 2025-12-26 15:51:37 FEES 79 FCFA. Your new balance: 7252 XAF. Message from sender: odet. Message to receiver: odet. Financial Transaction Id: [PHONE_7918]. 237,000 [CONTACT_4B8C] to win by making your MoMo transactions starting from 5237F. Transfers, payments, withdrawals... etc. Try your luck on *126# or on bit.ly/MyMoMo1 to enjoy [CONTACT_8D6B]: 0 FCFA on your transfers and 1% on your withdrawals. Info: 8787 or [PHONE_8787]"
USER_11,2025-12-26,15:52:57,MobileMoney,transfert,OUT,6000.0,XAF,1198.0,"You have transferred 6000 XAF to [CONTACT_7025] ([PHONE_6223]) from your mobile money account 33671023 at 2025-12-26 15:52:56 FEES 54 FCFA. Your new balance: 1198 XAF. Message from sender: cable. Message to receiver: cable. Financial Transaction Id: [PHONE_5692]. 237,000 [CONTACT_4B8C] to win by making your MoMo transactions starting from 5237F. Transfers, payments, withdrawals... etc. Try your luck on *126# or on bit.ly/MyMoMo1 to enjoy [CONTACT_8D6B]: 0 FCFA on your transfers and 1% on your withdrawals. Info: 8787 or [PHONE_8787]"
USER_11,2025-12-26,17:33:30,MobileMoney,transfert,IN,11000.0,XAF,12198.0,You have received 11000 XAF from N A [CONTACT_BB28] ([PHONE_7040]) on your mobile money account at 2025-12-26 17:33:28. Message from sender: . Your new balance:12198 XAF. Financial Transaction Id: [PHONE_5893].
USER_11,2025-12-27,06:09:29,MobileMoney,transfert,OUT,10000.0,XAF,2144.0,"You have transferred 10000 XAF to [CONTACT_23B1] ([PHONE_6537]) from your mobile money account 33671023 at 2025-12-27 06:09:23 FEES 54 FCFA. Your new balance: 2144 XAF. Message from sender: 27122025. Message to receiver: 27122025. Financial Transaction Id: [PHONE_1009]. 237,000 [CONTACT_4B8C] to win by making your MoMo transactions starting from 5237F. Transfers, payments, withdrawals... etc. Try your luck on *126# or on bit.ly/MyMoMo1 to enjoy [CONTACT_8D6B]: 0 FCFA on your transfers and 1% on your withdrawals. Info: 8787 or [PHONE_8787]"
USER_11,2025-12-28,21:34:55,MobileMoney,paiement,OUT,1500.0,XAF,380.0,"Your payment of 1500 XAF to Transfer To non MoMo Account has been completed at 2025-12-28 21:31:00. Your new balance: 380 XAF. Fee was 264 XAF. Message: -. Transaction Id: [PHONE_1126]. 237,000 [CONTACT_4B8C] to win by making your MoMo transactions starting from 5237F. Transfers, payments, withdrawals... etc. Try your luck on *126# or on bit.ly/MyMoMo1 to enjoy [CONTACT_8D6B]: 0 FCFA on your transfers and 1% on your withdrawals. Info: 8787 or [PHONE_8787]"
USER_11,2025-12-29,13:27:52,MobileMoney,transfert,IN,15000.0,XAF,15380.0,"You have received 15000 XAF of [CONTACT_C7A7] ([PHONE_6021] [CONTACT_8783]) on your Mobile Money 2025-12-29 13:27:51 account. Message from the sender: . Your new balance is 15380 XAF. Fee Paid: 0 XAF. Transaction ID: [PHONE_8587]. 237,000 [CONTACT_4B8C] to win by making your MoMo transactions starting from 5237,000F. Transfers, payments, withdrawals... etc. Try your luck on *126# or on bit.ly/MyMoMo1 to enjoy [CONTACT_8D6B]: 0 FCFA on your transfers and 1% on your withdrawals. Info: 8787 or [PHONE_8787]"
USER_11,2025-12-29,19:35:06,MobileMoney,transaction,OUT,5000.0,XAF,10380.0,"A transaction of 5000 XAF by MTNC BUNDLES_FORFAITS   (MTN_Bundles) on your mobile money account successfully completed at 2025-12-29 19:34:58. The amount was subject to a discount of 0 and coupons worth 0. Message from debit receiver: . Your new balance:10380 XAF. Fee was 0 XAF, loyalty fee was 0 and loyalty reward was 0. Financial Transaction Id: [PHONE_3727]. External Transaction Id: 2875132145531725451. 237,000 [CONTACT_4B8C] to win by making your MoMo transactions starting from 5237F. Transfers, payments, withdrawals... etc. Try your luck on *126# or on bit.ly/MyMoMo1 to enjoy [CONTACT_8D6B]: 0 FCFA on your transfers and 1% on your withdrawals. Info: 8787 or [PHONE_8787]"
USER_11,2025-12-30,13:15:20,MobileMoney,transaction,OUT,10380.0,XAF,0.0,"A transaction of 10380 XAF by [CONTACT_6032] (ORISS-PERSONAL) on your mobile money account successfully completed at 2025-12-30 13:15:00. The amount was subject to a discount of 0 and coupons worth 0. Message from debit receiver: MOMOKASH. Your new balance:0 XAF. Fee was 0 XAF, loyalty fee was 0 and loyalty reward was 0. Financial Transaction Id: [PHONE_7412]. External Transaction Id: 202512305809340974547802RA. 237,000 [CONTACT_4B8C] to win by making your MoMo transactions starting from 5237F. Transfers, payments, withdrawals... etc. Try your luck on *126# or on bit.ly/MyMoMo1 to enjoy [CONTACT_8D6B]: 0 FCFA on your transfers and 1% on your withdrawals. Info: 8787 or [PHONE_8787]"
USER_11,2026-01-06,18:42:28,MobileMoney,transfert,IN,7000.0,XAF,7000.0,"You have received 7000 XAF of [CONTACT_1310] ([PHONE_0686] [CONTACT_706B]) on your Mobile Money 2026-01-06 18:42:27 account. Message from the sender: . Your new balance is 7000 XAF. Fee Paid: 0 XAF. Transaction ID: [PHONE_5204]. 237,000 [CONTACT_4B8C] to win by making your MoMo transactions starting from 5237,000F. Transfers, payments, withdrawals... etc. Try your luck on *126# or on bit.ly/MyMoMo1 to enjoy [CONTACT_8D6B]: 0 FCFA on your transfers and 1% on your withdrawals. Info: 8787 or [PHONE_8787]"
USER_11,2026-01-06,18:42:31,MobileMoney,transaction,OUT,6177.0,XAF,823.0,"A transaction of 6177 XAF by [CONTACT_6032] (ORISS-PERSONAL) on your mobile money account successfully completed at 2026-01-06 18:42:30. The amount was subject to a discount of 0 and coupons worth 0. Message from debit receiver: . Your new balance:823 XAF. Fee was 0 XAF, loyalty fee was 0 and loyalty reward was 0. Financial Transaction Id: [PHONE_6242]. External Transaction Id: loan_repayment. 237,000 [CONTACT_4B8C] to win by making your MoMo transactions starting from 5237F. Transfers, payments, withdrawals... etc. Try your luck on *126# or on bit.ly/MyMoMo1 to enjoy [CONTACT_8D6B]: 0 FCFA on your transfers and 1% on your withdrawals. Info: 8787 or [PHONE_8787]"
USER_11,2026-01-09,14:34:39,MobileMoney,transaction,OUT,500.0,XAF,323.0,"A transaction of 500 XAF by MTNC BUNDLES_FORFAITS   (MTN_Bundles) on your mobile money account successfully completed at 2026-01-09 14:34:28. The amount was subject to a discount of 0 and coupons worth 0. Message from debit receiver: . Your new balance:323 XAF. Fee was 0 XAF, loyalty fee was 0 and loyalty reward was 0. Financial Transaction Id: [PHONE_1335]. External Transaction Id: 4131366433515507512. 237,000 [CONTACT_4B8C] to win by making your MoMo transactions starting from 5237F. Transfers, payments, withdrawals... etc. Try your luck on *126# or on bit.ly/MyMoMo1 to enjoy [CONTACT_8D6B]: 0 FCFA on your transfers and 1% on your withdrawals. Info: 8787 or [PHONE_8787]"
USER_11,2026-01-09,15:59:51,MobileMoney,transfert,IN,5000.0,XAF,5323.0,"You have received 5000 XAF of [CONTACT_C7A7] ([PHONE_6021] [CONTACT_8783]) on your Mobile Money 2026-01-09 15:59:49 account. Message from the sender: . Your new balance is 5323 XAF. Fee Paid: 0 XAF. Transaction ID: [PHONE_3437]. 237,000 [CONTACT_4B8C] to win by making your MoMo transactions starting from 5237,000F. Transfers, payments, withdrawals... etc. Try your luck on *126# or on bit.ly/MyMoMo1 to enjoy [CONTACT_8D6B]: 0 FCFA on your transfers and 1% on your withdrawals. Info: 8787 or [PHONE_8787]"
USER_11,2026-01-09,16:41:02,MobileMoney,transaction,OUT,5000.0,XAF,323.0,"A transaction of 5000 XAF by MTNC BUNDLES_FORFAITS   (MTN_Bundles) on your mobile money account successfully completed at 2026-01-09 16:40:51. The amount was subject to a discount of 0 and coupons worth 0. Message from debit receiver: . Your new balance:323 XAF. Fee was 0 XAF, loyalty fee was 0 and loyalty reward was 0. Financial Transaction Id: [PHONE_8701]. External Transaction Id: 6067848239099028435. 237,000 [CONTACT_4B8C] to win by making your MoMo transactions starting from 5237F. Transfers, payments, withdrawals... etc. Try your luck on *126# or on bit.ly/MyMoMo1 to enjoy [CONTACT_8D6B]: 0 FCFA on your transfers and 1% on your withdrawals. Info: 8787 or [PHONE_8787]"
USER_11,2026-01-14,17:11:27,MobileMoney,transaction,OUT,200.0,XAF,9988.0,"A transaction of 200 XAF by [CONTACT_E7E3] ([PHONE_6255]) on your mobile money account successfully completed at 2026-01-14 17:11:22. The amount was subject to a discount of 0 and coupons worth 0. Message from debit receiver: Un paiement de 200 XAF a ete effectue via 1XBET sur le numero [USER_11_phone]. Your new balance:9988 XAF. Fee was 6 XAF, loyalty fee was 0 and loyalty reward was 0. Financial Transaction Id: [PHONE_3994]. External Transaction Id: 1768407070053. 237,000 [CONTACT_4B8C] to win by making your MoMo transactions starting from 5237F. Transfers, payments, withdrawals... etc. Try your luck on *126# or on bit.ly/MyMoMo1 to enjoy [CONTACT_8D6B]: 0 FCFA on your transfers and 1% on your withdrawals. Info: 8787 or [PHONE_8787]"
USER_11,2026-01-14,17:40:12,MobileMoney,transaction,OUT,200.0,XAF,9782.0,"A transaction of 200 XAF by [CONTACT_E7E3] ([PHONE_6255]) on your mobile money account successfully completed at 2026-01-14 17:40:07. The amount was subject to a discount of 0 and coupons worth 0. Message from debit receiver: Un paiement de 200 XAF a ete effectue via 1XBET sur le numero [USER_11_phone]. Your new balance:9782 XAF. Fee was 6 XAF, loyalty fee was 0 and loyalty reward was 0. Financial Transaction Id: [PHONE_8742]. External Transaction Id: 1768408793017. 237,000 [CONTACT_4B8C] to win by making your MoMo transactions starting from 5237F. Transfers, payments, withdrawals... etc. Try your luck on *126# or on bit.ly/MyMoMo1 to enjoy [CONTACT_8D6B]: 0 FCFA on your transfers and 1% on your withdrawals. Info: 8787 or [PHONE_8787]"
USER_11,2026-01-14,17:41:03,MobileMoney,transaction,OUT,1000.0,XAF,8768.0,"A transaction of 1000 XAF by [CONTACT_E7E3] ([PHONE_6255]) on your mobile money account successfully completed at 2026-01-14 17:40:52. The amount was subject to a discount of 0 and coupons worth 0. Message from debit receiver: Un paiement de 1000 XAF a ete effectue via 1XBET sur le numero [USER_11_phone]. Your new balance:8768 XAF. Fee was 14 XAF, loyalty fee was 0 and loyalty reward was 0. Financial Transaction Id: [PHONE_1208]. External Transaction Id: 1768408841504. 237,000 [CONTACT_4B8C] to win by making your MoMo transactions starting from 5237F. Transfers, payments, withdrawals... etc. Try your luck on *126# or on bit.ly/MyMoMo1 to enjoy [CONTACT_8D6B]: 0 FCFA on your transfers and 1% on your withdrawals. Info: 8787 or [PHONE_8787]"
USER_11,2026-01-14,18:07:44,MobileMoney,transaction,OUT,1000.0,XAF,7768.0,"A transaction of 1000 XAF by MTNC BUNDLES_FORFAITS   (MTN_Bundles) on your mobile money account successfully completed at 2026-01-14 18:07:33. The amount was subject to a discount of 0 and coupons worth 0. Message from debit receiver: . Your new balance:7768 XAF. Fee was 0 XAF, loyalty fee was 0 and loyalty reward was 0. Financial Transaction Id: [PHONE_3026]. External Transaction Id: 6195339930224604868. 237,000 [CONTACT_4B8C] to win by making your MoMo transactions starting from 5237F. Transfers, payments, withdrawals... etc. Try your luck on *126# or on bit.ly/MyMoMo1 to enjoy [CONTACT_8D6B]: 0 FCFA on your transfers and 1% on your withdrawals. Info: 8787 or [PHONE_8787]"
USER_11,2026-01-15,03:43:14,MobileMoney,transfert,OUT,1000.0,XAF,6714.0,"You have transferred 1000 XAF to [CONTACT_2F47] ([PHONE_6852]) from your mobile money account 33671023 at 2026-01-15 03:07:31 FEES 54 FCFA. Your new balance: 6714 XAF. Message from sender: airtime. Message to receiver: airtime. Financial Transaction Id: [PHONE_0907]. 237,000 [CONTACT_4B8C] to win by making your MoMo transactions starting from 5237F. Transfers, payments, withdrawals... etc. Try your luck on *126# or on bit.ly/MyMoMo1 to enjoy [CONTACT_8D6B]: 0 FCFA on your transfers and 1% on your withdrawals. Info: 8787 or [PHONE_8787]"
USER_11,2026-01-16,10:09:08,MobileMoney,transfert,IN,10000.0,XAF,16714.0,You have received 10000 XAF from Union Bank Of Cameroon (UBC_BANK-PERSONAL) on your mobile money account at 2026-01-16 10:09:06. Message from sender: . Your new balance:16714 XAF. Financial Transaction Id: [PHONE_1993].
USER_11,2026-01-16,10:11:44,MobileMoney,transfert,OUT,10000.0,XAF,6714.0,"You have transferred 10000 XAF to [CONTACT_F1F3] ([PHONE_3527]) from your mobile money account 33671023 at 2026-01-16 10:11:42 FEES 0 FCFA. Your new balance: 6714 XAF. Message from sender: data. Message to receiver: data. Financial Transaction Id: [PHONE_3946]. 237,000 [CONTACT_4B8C] to win by making your MoMo transactions starting from 5237F. Transfers, payments, withdrawals... etc. Try your luck on *126# or on bit.ly/MyMoMo1 to enjoy [CONTACT_8D6B]: 0 FCFA on your transfers and 1% on your withdrawals. Info: 8787 or [PHONE_8787]"
USER_11,2026-01-17,12:39:10,MobileMoney,transfert,IN,15000.0,XAF,21714.0,"You have received 15000 XAF of [CONTACT_C7A7] ([PHONE_6021] [CONTACT_8783]) on your Mobile Money 2026-01-17 12:39:06 account. Message from the sender: . Your new balance is 21714 XAF. Fee Paid: 0 XAF. Transaction ID: [PHONE_3804]. 237,000 [CONTACT_4B8C] to win by making your MoMo transactions starting from 5237,000F. Transfers, payments, withdrawals... etc. Try your luck on *126# or on bit.ly/MyMoMo1 to enjoy [CONTACT_8D6B]: 0 FCFA on your transfers and 1% on your withdrawals. Info: 8787 or [PHONE_8787]"
USER_11,2026-01-17,13:30:06,MobileMoney,transfert,OUT,10000.0,XAF,11660.0,"You have transferred 10000 XAF to N A [CONTACT_16E0] ([PHONE_2314]) from your mobile money account 33671023 at 2026-01-17 13:30:04 FEES 54 FCFA. Your new balance: 11660 XAF. Message from sender: odet. Message to receiver: odet. Financial Transaction Id: [PHONE_1753]. 237,000 [CONTACT_4B8C] to win by making your MoMo transactions starting from 5237F. Transfers, payments, withdrawals... etc. Try your luck on *126# or on bit.ly/MyMoMo1 to enjoy [CONTACT_8D6B]: 0 FCFA on your transfers and 1% on your withdrawals. Info: 8787 or [PHONE_8787]"
USER_11,2026-01-19,17:13:32,MobileMoney,retrait,OUT,10000.0,XAF,1506.0,"You have withdrawn 10000 XAF from your mobile money account at [CONTACT_104F] 2026-01-19 17:13:04. Your new balance:1506 XAF. Financial Transaction Id: [PHONE_9419]. 237,000 [CONTACT_4B8C] to win by making your MoMo transactions starting from 5237F. Transfers, payments, withdrawals... etc. Try your luck on *126# or on bit.ly/MyMoMo1 to enjoy [CONTACT_8D6B]: 0 FCFA on your transfers and 1% on your withdrawals. Info: 8787 or [PHONE_8787]"
USER_11,2026-01-21,12:52:04,MobileMoney,transfert,IN,5100.0,XAF,6606.0,You have received 5100 XAF from [CONTACT_A199] ([PHONE_5326]) on your mobile money account at 2026-01-21 12:52:03. Message from sender: 1. Your new balance:6606 XAF. Financial Transaction Id: [PHONE_6618].
USER_11,2026-01-21,14:30:13,MobileMoney,transfert,IN,5100.0,XAF,11706.0,You have received 5100 XAF from [CONTACT_6BB4] ([PHONE_1018]) on your mobile money account at 2026-01-21 14:30:12. Message from sender: . Your new balance:11706 XAF. Financial Transaction Id: [PHONE_8604].
USER_11,2026-01-21,14:51:21,MobileMoney,transaction,OUT,5000.0,XAF,6706.0,"A transaction of 5000 XAF by MTNC BUNDLES_FORFAITS   (MTN_Bundles) on your mobile money account successfully completed at 2026-01-21 14:51:10. The amount was subject to a discount of 0 and coupons worth 0. Message from debit receiver: . Your new balance:6706 XAF. Fee was 0 XAF, loyalty fee was 0 and loyalty reward was 0. Financial Transaction Id: [PHONE_0180]. External Transaction Id: 210073212965202582. 237,000 [CONTACT_4B8C] to win by making your MoMo transactions starting from 5237F. Transfers, payments, withdrawals... etc. Try your luck on *126# or on bit.ly/MyMoMo1 to enjoy [CONTACT_8D6B]: 0 FCFA on your transfers and 1% on your withdrawals. Info: 8787 or [PHONE_8787]"
USER_11,2026-01-21,15:06:02,MobileMoney,transfert,IN,12000.0,XAF,18706.0,"You have received 12000 XAF of [CONTACT_B46B] ([PHONE_8045]) on your Mobile Money 2026-01-21 15:06:01 account. Message from the sender: depot 12000 [USER_11_phone]. Your new balance is 18706 XAF. Fee Paid: 0 XAF. Transaction ID: [PHONE_8320]. 237,000 [CONTACT_4B8C] to win by making your MoMo transactions starting from 5237,000F. Transfers, payments, withdrawals... etc. Try your luck on *126# or on bit.ly/MyMoMo1 to enjoy [CONTACT_8D6B]: 0 FCFA on your transfers and 1% on your withdrawals. Info: 8787 or [PHONE_8787]"
USER_11,2026-01-21,16:06:39,MobileMoney,transfert,IN,5100.0,XAF,23806.0,You have received 5100 XAF from [CONTACT_8C42] ([PHONE_0730]) on your mobile money account at 2026-01-21 16:06:38. Message from sender: 5100. Your new balance:23806 XAF. Financial Transaction Id: [PHONE_7282].
USER_11,2026-01-21,18:34:40,MobileMoney,transfert,IN,5100.0,XAF,28906.0,You have received 5100 XAF from [CONTACT_0D5D] ([PHONE_8536]) on your mobile money account at 2026-01-21 18:34:39. Message from sender: . Your new balance:28906 XAF. Financial Transaction Id: [PHONE_4528].
USER_11,2026-01-21,19:27:48,MobileMoney,transfert,IN,10500.0,XAF,39406.0,"You have received 10500 XAF of [CONTACT_B32E] 4 [CONTACT_05B2] ([PHONE_1177]) on your Mobile Money 2026-01-21 19:27:47 account. Message from the sender: . Your new balance is 39406 XAF. Fee Paid: 0 XAF. Transaction ID: [PHONE_7096]. 237,000 [CONTACT_4B8C] to win by making your MoMo transactions starting from 5237,000F. Transfers, payments, withdrawals... etc. Try your luck on *126# or on bit.ly/MyMoMo1 to enjoy [CONTACT_8D6B]: 0 FCFA on your transfers and 1% on your withdrawals. Info: 8787 or [PHONE_8787]"
USER_11,2026-01-22,11:04:06,MobileMoney,transfert,OUT,9000.0,XAF,30384.0,"You have transferred 9000 XAF to [CONTACT_198B] ([PHONE_0534]) from your mobile money account 33671023 at 2026-01-22 11:04:04 FEES 22 FCFA. Your new balance: 30384 XAF. Message from sender: Con gownum. Message to receiver: . Financial Transaction Id: [PHONE_7984]. 237,000 [CONTACT_4B8C] to win by making your MoMo transactions starting from 5237F. Transfers, payments, withdrawals... etc. Try your luck on *126# or on bit.ly/MyMoMo1 to enjoy [CONTACT_8D6B]: 0 FCFA on your transfers and 1% on your withdrawals. Info: 8787 or [PHONE_8787]"
USER_11,2026-01-22,16:52:34,MobileMoney,transfert,IN,10496.0,XAF,40880.0,"You have received 10496 XAF from Maviance_ International Remittance ([PHONE_1773]) on your mobile money account at 2026-01-22 16:52:32. Message from sender: OCountry:IRL,OAmt:16.0010488492385934,OCurrency:EUR,PyrName:Derick Njei Nading,PyrMsisdn:[PHONE_9295],Gender:. Your new balance:40880 XAF. Financial Transaction Id: [PHONE_0097]."
USER_11,2026-01-23,06:22:02,MobileMoney,transfert,IN,5200.0,XAF,46080.0,You have received 5200 XAF from [CONTACT_3B31] ([PHONE_5740]) on your mobile money account at 2026-01-22 18:45:42. Message from sender: 1. Your new balance:46080 XAF. Financial Transaction Id: [PHONE_4631].
USER_11,2026-01-23,11:29:22,MobileMoney,transfert,IN,5100.0,XAF,51180.0,You have received 5100 XAF from [CONTACT_32F6] ([PHONE_4143]) on your mobile money account at 2026-01-23 11:29:20. Message from sender: 0000. Your new balance:51180 XAF. Financial Transaction Id: [PHONE_4702].
USER_11,2026-01-23,12:28:30,MobileMoney,transfert,IN,20260.0,XAF,71440.0,You have received 20260 XAF from ONAFRIQ_ International Remittance ([PHONE_3133]) on your mobile money account at 2026-01-23 12:28:29. Message from sender: Country: null. Your new balance:71440 XAF. Financial Transaction Id: [PHONE_1194].
USER_11,2026-01-23,17:20:52,MobileMoney,transfert,IN,5100.0,XAF,76540.0,You have received 5100 XAF from ADELINE [CONTACT_9B12] ([PHONE_7941]) on your mobile money account at 2026-01-23 17:20:50. Message from sender: for food . Your new balance:76540 XAF. Financial Transaction Id: [PHONE_3740].
USER_11,2026-01-23,18:13:24,MobileMoney,transfert,IN,5100.0,XAF,81640.0,You have received 5100 XAF from [CONTACT_3EEF] ([PHONE_7586]) on your mobile money account at 2026-01-23 18:13:23. Message from sender: 000. Your new balance:81640 XAF. Financial Transaction Id: [PHONE_1295].
USER_11,2026-01-24,07:06:08,MobileMoney,transfert,IN,20000.0,XAF,101640.0,You have received 20000 XAF from [CONTACT_D2DE] ([PHONE_8517]) on your mobile money account at 2026-01-24 07:06:06. Message from sender: 2. Your new balance:101640 XAF. Financial Transaction Id: [PHONE_0578].
USER_11,2026-01-24,08:27:32,MobileMoney,transfert,IN,5200.0,XAF,106840.0,You have received 5200 XAF from [CONTACT_3EAE] ([PHONE_0977]) on your mobile money account at 2026-01-24 08:27:31. Message from sender: 1. Your new balance:106840 XAF. Financial Transaction Id: [PHONE_3834].
USER_11,2026-01-24,10:05:48,MobileMoney,transfert,OUT,101000.0,XAF,5331.0,"You have transferred 101000 XAF to [CONTACT_0FF6] ([PHONE_5116]) from your mobile money account 33671023 at 2026-01-24 10:05:46 FEES 509 FCFA. Your new balance: 5331 XAF. Message from sender: Dynamic youths. Message to receiver: Dynamic youths. Financial Transaction Id: [PHONE_3701]. 237,000 [CONTACT_4B8C] to win by making your MoMo transactions starting from 5237F. Transfers, payments, withdrawals... etc. Try your luck on *126# or on bit.ly/MyMoMo1 to enjoy [CONTACT_8D6B]: 0 FCFA on your transfers and 1% on your withdrawals. Info: 8787 or [PHONE_8787]"
USER_11,2026-01-24,15:46:33,MobileMoney,transfert,IN,5050.0,XAF,10381.0,You have received 5050 XAF from SIDOLINE [CONTACT_8630] ([PHONE_2101]) on your mobile money account at 2026-01-24 15:46:32. Message from sender: 000. Your new balance:10381 XAF. Financial Transaction Id: [PHONE_5778].
USER_11,2026-01-24,16:04:18,MobileMoney,transfert,IN,5100.0,XAF,15481.0,You have received 5100 XAF from [CONTACT_4D81] ([PHONE_6547]) on your mobile money account at 2026-01-24 16:04:16. Message from sender: . Your new balance:15481 XAF. Financial Transaction Id: [PHONE_6482].
USER_11,2026-01-24,19:56:01,MobileMoney,transfert,IN,15300.0,XAF,30781.0,You have received 15300 XAF from [CONTACT_2280] ([PHONE_6629]) on your mobile money account at 2026-01-24 19:56:00. Message from sender: Mine and Tenya. Your new balance:30781 XAF. Financial Transaction Id: [PHONE_6857].
USER_11,2026-01-24,20:13:39,MobileMoney,transfert,IN,5050.0,XAF,35831.0,You have received 5050 XAF from N A [CONTACT_7300] ([PHONE_7211]) on your mobile money account at 2026-01-24 20:13:37. Message from sender: 1. Your new balance:35831 XAF. Financial Transaction Id: [PHONE_3008].
USER_11,2026-01-24,21:35:15,MobileMoney,transfert,IN,10588.0,XAF,46419.0,"You have received 10588 XAF from Maviance_ International Remittance ([PHONE_1773]) on your mobile money account at 2026-01-24 21:35:14. Message from sender: OCountry:USA,OAmt:19.092739005896067,OCurrency:USD,PyrName:Teyim Ivo Mbachan,PyrMsisdn:[PHONE_9295],Gender:. Your new balance:46419 XAF. Financial Transaction Id: [PHONE_7418]."
USER_11,2026-01-25,12:05:11,MobileMoney,transfert,IN,5100.0,XAF,51519.0,You have received 5100 XAF from [CONTACT_8C13] ([PHONE_0412]) on your mobile money account at 2026-01-25 12:05:09. Message from sender: 5100. Your new balance:51519 XAF. Financial Transaction Id: [PHONE_0494].
USER_11,2026-01-25,20:00:26,MobileMoney,transfert,OUT,50000.0,XAF,1265.0,"You have transferred 50000 XAF to [CONTACT_198B] ([PHONE_0534]) from your mobile money account 33671023 at 2026-01-25 20:00:24 FEES 254 FCFA. Your new balance: 1265 XAF. Message from sender: dynamic youths. Message to receiver: dynamic youths. Financial Transaction Id: [PHONE_5641]. 237,000 [CONTACT_4B8C] to win by making your MoMo transactions starting from 5237F. Transfers, payments, withdrawals... etc. Try your luck on *126# or on bit.ly/MyMoMo1 to enjoy [CONTACT_8D6B]: 0 FCFA on your transfers and 1% on your withdrawals. Info: 8787 or [PHONE_8787]"
USER_11,2026-01-25,21:33:26,MobileMoney,transfert,IN,10200.0,XAF,11465.0,You have received 10200 XAF from [CONTACT_9A30] ([PHONE_0517]) on your mobile money account at 2026-01-25 21:33:25. Message from sender: 000. Your new balance:11465 XAF. Financial Transaction Id: [PHONE_6593].
USER_11,2026-01-26,17:56:01,MobileMoney,transaction,OUT,1000.0,XAF,10465.0,"A transaction of 1000 XAF by MTNC BUNDLES_FORFAITS   (MTN_Bundles) on your mobile money account successfully completed at 2026-01-26 17:55:53. The amount was subject to a discount of 0 and coupons worth 0. Message from debit receiver: . Your new balance:10465 XAF. Fee was 0 XAF, loyalty fee was 0 and loyalty reward was 0. Financial Transaction Id: [PHONE_3880]. External Transaction Id: 1202471349716921154. 237,000 [CONTACT_4B8C] to win by making your MoMo transactions starting from 5237F. Transfers, payments, withdrawals... etc. Try your luck on *126# or on bit.ly/MyMoMo1 to enjoy [CONTACT_8D6B]: 0 FCFA on your transfers and 1% on your withdrawals. Info: 8787 or [PHONE_8787]"
USER_11,2026-01-27,12:01:04,MobileMoney,transfert,OUT,5000.0,XAF,5451.0,"You have transferred 5000 XAF to [CONTACT_B78F] ([PHONE_5343]) from your mobile money account 33671023 at 2026-01-27 12:01:02 FEES 14 FCFA. Your new balance: 5451 XAF. Message from sender: [CONTACT_FDA4]. Message to receiver: . Financial Transaction Id: [PHONE_3457]. 237,000 [CONTACT_4B8C] to win by making your MoMo transactions starting from 5237F. Transfers, payments, withdrawals... etc. Try your luck on *126# or on bit.ly/MyMoMo1 to enjoy [CONTACT_8D6B]: 0 FCFA on your transfers and 1% on your withdrawals. Info: 8787 or [PHONE_8787]"
USER_11,2026-01-27,19:18:33,MobileMoney,transaction,OUT,500.0,XAF,4951.0,"A transaction of 500 XAF by MTNC BUNDLES_FORFAITS   (MTN_Bundles) on your mobile money account successfully completed at 2026-01-27 19:18:22. The amount was subject to a discount of 0 and coupons worth 0. Message from debit receiver: . Your new balance:4951 XAF. Fee was 0 XAF, loyalty fee was 0 and loyalty reward was 0. Financial Transaction Id: [PHONE_6726]. External Transaction Id: 8018632736930720820. 237,000 [CONTACT_4B8C] to win by making your MoMo transactions starting from 5237F. Transfers, payments, withdrawals... etc. Try your luck on *126# or on bit.ly/MyMoMo1 to enjoy [CONTACT_8D6B]: 0 FCFA on your transfers and 1% on your withdrawals. Info: 8787 or [PHONE_8787]"
USER_11,2026-01-27,21:36:38,MobileMoney,transaction,OUT,1000.0,XAF,3951.0,"A transaction of 1000 XAF by MTNC BUNDLES_FORFAITS   (MTN_Bundles) on your mobile money account successfully completed at 2026-01-27 21:36:30. The amount was subject to a discount of 0 and coupons worth 0. Message from debit receiver: . Your new balance:3951 XAF. Fee was 0 XAF, loyalty fee was 0 and loyalty reward was 0. Financial Transaction Id: [PHONE_4140]. External Transaction Id: 1659929005024296222. 237,000 [CONTACT_4B8C] to win by making your MoMo transactions starting from 5237F. Transfers, payments, withdrawals... etc. Try your luck on *126# or on bit.ly/MyMoMo1 to enjoy [CONTACT_8D6B]: 0 FCFA on your transfers and 1% on your withdrawals. Info: 8787 or [PHONE_8787]"
USER_11,2026-01-29,15:49:42,MobileMoney,transfert,IN,30000.0,XAF,33951.0,"You have received 30000 XAF of [CONTACT_C7A7] ([PHONE_6021] [CONTACT_8783]) on your Mobile Money 2026-01-29 15:49:41 account. Message from the sender: . Your new balance is 33951 XAF. Fee Paid: 0 XAF. Transaction ID: [PHONE_3713]. 237,000 [CONTACT_4B8C] to win by making your MoMo transactions starting from 5237,000F. Transfers, payments, withdrawals... etc. Try your luck on *126# or on bit.ly/MyMoMo1 to enjoy [CONTACT_8D6B]: 0 FCFA on your transfers and 1% on your withdrawals. Info: 8787 or [PHONE_8787]"
USER_11,2026-01-29,16:54:39,MobileMoney,transaction,OUT,10750.0,XAF,23201.0,"A transaction of 10750 XAF by Union Bank Of Cameroon (UBC_BANK-PERSONAL) on your mobile money account successfully completed at 2026-01-29 16:54:37. The amount was subject to a discount of 0 and coupons worth 0. Message from debit receiver: . Your new balance:23201 XAF. Fee was 0 XAF, loyalty fee was 0 and loyalty reward was 0. Financial Transaction Id: [PHONE_8619]. External Transaction Id: 202601291654350037RM74547802. 237,000 [CONTACT_4B8C] to win by making your MoMo transactions starting from 5237F. Transfers, payments, withdrawals... etc. Try your luck on *126# or on bit.ly/MyMoMo1 to enjoy [CONTACT_8D6B]: 0 FCFA on your transfers and 1% on your withdrawals. Info: 8787 or [PHONE_8787]"
USER_11,2026-01-30,06:50:44,MobileMoney,transaction,OUT,5000.0,XAF,8001.0,"A transaction of 5000 XAF by MTNC BUNDLES_FORFAITS   (MTN_Bundles) on your mobile money account successfully completed at 2026-01-30 06:50:10. The amount was subject to a discount of 0 and coupons worth 0. Message from debit receiver: . Your new balance:8001 XAF. Fee was 0 XAF, loyalty fee was 0 and loyalty reward was 0. Financial Transaction Id: [PHONE_9428]. External Transaction Id: 8452004340274325801. 237,000 [CONTACT_4B8C] to win by making your MoMo transactions starting from 5237F. Transfers, payments, withdrawals... etc. Try your luck on *126# or on bit.ly/MyMoMo1 to enjoy [CONTACT_8D6B]: 0 FCFA on your transfers and 1% on your withdrawals. Info: 8787 or [PHONE_8787]"
USER_11,2026-01-30,12:34:22,MobileMoney,transfert,IN,5100.0,XAF,13101.0,You have received 5100 XAF from [CONTACT_9DE6] ([PHONE_6048]) on your mobile money account at 2026-01-30 12:34:21. Message from sender: cash. Your new balance:13101 XAF. Financial Transaction Id: [PHONE_6875].
USER_11,2026-01-31,13:28:06,MobileMoney,transfert,IN,5000.0,XAF,18101.0,You have received 5000 XAF from Solange Neg ([PHONE_8114]) on your mobile money account at 2026-01-31 13:28:05. Message from sender: use. Your new balance:18101 XAF. Financial Transaction Id: [PHONE_6762].
USER_11,2026-02-01,19:46:30,MobileMoney,transfert,OUT,1000.0,XAF,17095.0,"You have transferred 1000 XAF to [CONTACT_1FFD] ([PHONE_6299]) from your mobile money account 33671023 at 2026-02-01 19:46:29 FEES 6 FCFA. Your new balance: 17095 XAF. Message from sender: Credit. Message to receiver: . Financial Transaction Id: [PHONE_3652]. 237,000 [CONTACT_4B8C] to win by making your MoMo transactions starting from 5237F. Transfers, payments, withdrawals... etc. Try your luck on *126# or on bit.ly/MyMoMo1 to enjoy [CONTACT_8D6B]: 0 FCFA on your transfers and 1% on your withdrawals. Info: 8787 or [PHONE_8787]"
USER_11,2026-02-04,18:50:22,MobileMoney,transfert,OUT,5079.0,XAF,12016.0,"You have transferred 5079 XAF to N A [CONTACT_C672] ([PHONE_0967]) from your mobile money account 33671023 at 2026-02-04 18:50:20 FEES 0 FCFA. Your new balance: 12016 XAF. Message from sender: Avi iheg. Message to receiver: . Financial Transaction Id: [PHONE_5226]. 237,000 [CONTACT_4B8C] to win by making your MoMo transactions starting from 5237F. Transfers, payments, withdrawals... etc. Try your luck on *126# or on bit.ly/MyMoMo1 to enjoy [CONTACT_8D6B]: 0 FCFA on your transfers and 1% on your withdrawals. Info: 8787 or [PHONE_8787]"
USER_11,2026-02-07,11:17:36,MobileMoney,transfert,IN,50000.0,XAF,62016.0,"You have received 50000 XAF of [CONTACT_C7A7] ([PHONE_6021] [CONTACT_8783]) on your Mobile Money 2026-02-07 11:17:34 account. Message from the sender: . Your new balance is 62016 XAF. Fee Paid: 0 XAF. Transaction ID: [PHONE_1898]. 237,000 [CONTACT_4B8C] to win by making your MoMo transactions starting from 5237,000F. Transfers, payments, withdrawals... etc. Try your luck on *126# or on bit.ly/MyMoMo1 to enjoy [CONTACT_8D6B]: 0 FCFA on your transfers and 1% on your withdrawals. Info: 8787 or [PHONE_8787]"
USER_11,2026-02-08,12:09:04,MobileMoney,transfert,OUT,30000.0,XAF,16918.0,"You have transferred 30000 XAF to [CONTACT_A73F] ([PHONE_3365]) from your mobile money account 33671023 at 2026-02-08 12:09:03 FEES 64 FCFA. Your new balance: 16918 XAF. Message from sender: Dynamic. Message to receiver: . Financial Transaction Id: [PHONE_0381]. 237,000 [CONTACT_4B8C] to win by making your MoMo transactions starting from 5237F. Transfers, payments, withdrawals... etc. Try your luck on *126# or on bit.ly/MyMoMo1 to enjoy [CONTACT_8D6B]: 0 FCFA on your transfers and 1% on your withdrawals. Info: 8787 or [PHONE_8787]"
USER_11,2026-02-09,18:09:47,MobileMoney,paiement,OUT,5000.0,XAF,6918.0,"Your payment of 5000 XAF to [CONTACT_2814] ([PHONE_4834]) has been completed at 2026-02-09 18:09:42. Message: . Your new balance: 6918 XAF. Fee was 0 XAF. The amount was subject to a discount of 0 XAF and coupons worth . Financial Transaction Id: [PHONE_5872]. External Transaction Id: -. 237,000 [CONTACT_4B8C] to win by making your MoMo transactions starting from 5237F. Transfers, payments, withdrawals... etc. Try your luck on *126# or on bit.ly/MyMoMo1 to enjoy [CONTACT_8D6B]: 0 FCFA on your transfers and 1% on your withdrawals. Info: 8787 or [PHONE_8787]"
USER_11,2026-02-10,18:20:19,MobileMoney,transfert,OUT,2000.0,XAF,4910.0,"You have transferred 2000 XAF to [CONTACT_F117] ([PHONE_6874]) from your mobile money account 33671023 at 2026-02-10 18:20:17 FEES 8 FCFA. Your new balance: 4910 XAF. Message from sender: Leonie. Message to receiver: . Financial Transaction Id: [PHONE_7878]. 237,000 [CONTACT_4B8C] to win by making your MoMo transactions starting from 5237F. Transfers, payments, withdrawals... etc. Try your luck on *126# or on bit.ly/MyMoMo1 to enjoy [CONTACT_8D6B]: 0 FCFA on your transfers and 1% on your withdrawals. Info: 8787 or [PHONE_8787]"
USER_11,2026-02-11,21:50:53,MobileMoney,transfert,OUT,2500.0,XAF,2401.0,"You have transferred 2500 XAF to [CONTACT_5115] ([PHONE_7925]) from your mobile money account 33671023 at 2026-02-11 21:50:52 FEES 9 FCFA. Your new balance: 2401 XAF. Message from sender: Youthday. Message to receiver: . Financial Transaction Id: [PHONE_4959]. 237,000 [CONTACT_4B8C] to win by making your MoMo transactions starting from 5237F. Transfers, payments, withdrawals... etc. Try your luck on *126# or on bit.ly/MyMoMo1 to enjoy [CONTACT_8D6B]: 0 FCFA on your transfers and 1% on your withdrawals. Info: 8787 or [PHONE_8787]"
USER_11,2026-02-12,12:18:59,MobileMoney,transfert,IN,20000.0,XAF,22401.0,"You have received 20000 XAF of [CONTACT_C7A7] ([PHONE_6021] [CONTACT_8783]) on your Mobile Money 2026-02-12 12:18:58 account. Message from the sender: . Your new balance is 22401 XAF. Fee Paid: 0 XAF. Transaction ID: [PHONE_5553]. 237,000 [CONTACT_4B8C] to win by making your MoMo transactions starting from 5237,000F. Transfers, payments, withdrawals... etc. Try your luck on *126# or on bit.ly/MyMoMo1 to enjoy [CONTACT_8D6B]: 0 FCFA on your transfers and 1% on your withdrawals. Info: 8787 or [PHONE_8787]"
USER_11,2026-02-12,20:54:03,MobileMoney,transfert,OUT,10000.0,XAF,2377.0,"You have transferred 10000 XAF to N A [CONTACT_7B34] ([PHONE_0793]) from your mobile money account 33671023 at 2026-02-12 20:54:01 FEES 24 FCFA. Your new balance: 2377 XAF. Message from sender: Trp. Message to receiver: . Financial Transaction Id: [PHONE_6854]. 237,000 [CONTACT_4B8C] to win by making your MoMo transactions starting from 5237F. Transfers, payments, withdrawals... etc. Try your luck on *126# or on bit.ly/MyMoMo1 to enjoy [CONTACT_8D6B]: 0 FCFA on your transfers and 1% on your withdrawals. Info: 8787 or [PHONE_8787]"
USER_11,2026-02-14,07:33:42,MobileMoney,transaction,OUT,1000.0,XAF,1377.0,"A transaction of 1000 XAF by MTNC BUNDLES_FORFAITS   (MTN_Bundles) on your mobile money account successfully completed at 2026-02-14 07:33:37. The amount was subject to a discount of 0 and coupons worth 0. Message from debit receiver: . Your new balance:1377 XAF. Fee was 0 XAF, loyalty fee was 0 and loyalty reward was 0. Financial Transaction Id: [PHONE_7504]. External Transaction Id: 7283795713887486249. 237,000 [CONTACT_4B8C] to win by making your MoMo transactions starting from 5237F. Transfers, payments, withdrawals... etc. Try your luck on *126# or on bit.ly/MyMoMo1 to enjoy [CONTACT_8D6B]: 0 FCFA on your transfers and 1% on your withdrawals. Info: 8787 or [PHONE_8787]"
USER_11,2026-02-14,16:29:34,MobileMoney,paiement,OUT,500.0,XAF,877.0,"Your payment of 500 XAF to MTNC AIRTIME has been completed at 2026-02-14 16:29:32. Your new balance: 877 XAF. Fee was 0 XAF. Message: -. Transaction Id: [PHONE_3258]. 237,000 [CONTACT_4B8C] to win by making your MoMo transactions starting from 5237F. Transfers, payments, withdrawals... etc. Try your luck on *126# or on bit.ly/MyMoMo1 to enjoy [CONTACT_8D6B]: 0 FCFA on your transfers and 1% on your withdrawals. Info: 8787 or [PHONE_8787]"
USER_11,2026-02-15,03:07:33,MobileMoney,transfert,OUT,1000.0,XAF,0.0,"You have transferred 1000 XAF to [CONTACT_2F47] ([PHONE_6852]) from your mobile money account 33671023 at 2026-02-15 03:07:30 FEES 54 FCFA. Your new balance: 0 XAF. Message from sender: airtime. Message to receiver: airtime. Financial Transaction Id: [PHONE_6601]. 237,000 [CONTACT_4B8C] to win by making your MoMo transactions starting from 5237F. Transfers, payments, withdrawals... etc. Try your luck on *126# or on bit.ly/MyMoMo1 to enjoy [CONTACT_8D6B]: 0 FCFA on your transfers and 1% on your withdrawals. Info: 8787 or [PHONE_8787]"
USER_11,2026-02-18,12:50:16,MobileMoney,transfert,OUT,10000.0,XAF,29791.0,"You have transferred 10000 XAF to [CONTACT_C595] ([PHONE_1720]) from your mobile money account 33671023 at 2026-02-18 12:50:14 FEES 24 FCFA. Your new balance: 29791 XAF. Message from sender: Temile funeral contr. Message to receiver: . Financial Transaction Id: [PHONE_1304]. 237,000 [CONTACT_4B8C] to win by making your MoMo transactions starting from 5237F. Transfers, payments, withdrawals... etc. Try your luck on *126# or on bit.ly/MyMoMo1 to enjoy [CONTACT_8D6B]: 0 FCFA on your transfers and 1% on your withdrawals. Info: 8787 or [PHONE_8787]"
USER_11,2026-02-18,13:01:01,MobileMoney,transaction,OUT,5000.0,XAF,2763.0,"A transaction of 5000 XAF by MTNC BUNDLES_FORFAITS   (MTN_Bundles) on your mobile money account successfully completed at 2026-02-18 13:00:54. The amount was subject to a discount of 0 and coupons worth 0. Message from debit receiver: . Your new balance:2763 XAF. Fee was 0 XAF, loyalty fee was 0 and loyalty reward was 0. Financial Transaction Id: [PHONE_3037]. External Transaction Id: 4635524400567382325. 237,000 [CONTACT_4B8C] to win by making your MoMo transactions starting from 5237F. Transfers, payments, withdrawals... etc. Try your luck on *126# or on bit.ly/MyMoMo1 to enjoy [CONTACT_8D6B]: 0 FCFA on your transfers and 1% on your withdrawals. Info: 8787 or [PHONE_8787]"
USER_11,2026-02-21,14:40:07,MobileMoney,transfert,OUT,100.0,XAF,2609.0,"You have transferred 100 XAF to [USER_11] ([PHONE_9173]) from your mobile money account 33671023 at 2026-02-21 14:40:06 FEES 54 FCFA. Your new balance: 2609 XAF. Message from sender: ok. Message to receiver: ok. Financial Transaction Id: [PHONE_6144]. 237,000 [CONTACT_4B8C] to win by making your MoMo transactions starting from 5237F. Transfers, payments, withdrawals... etc. Try your luck on *126# or on bit.ly/MyMoMo1 to enjoy [CONTACT_8D6B]: 0 FCFA on your transfers and 1% on your withdrawals. Info: 8787 or [PHONE_8787]"
USER_11,2026-02-27,18:48:13,MobileMoney,transaction,OUT,1000.0,XAF,1609.0,"A transaction of 1000 XAF by MTNC BUNDLES_FORFAITS   (MTN_Bundles) on your mobile money account successfully completed at 2026-02-27 18:48:10. The amount was subject to a discount of 0 and coupons worth 0. Message from debit receiver: . Your new balance:1609 XAF. Fee was 0 XAF, loyalty fee was 0 and loyalty reward was 0. Financial Transaction Id: [PHONE_3376]. External Transaction Id: 6550536893231192842. 237,000 [CONTACT_4B8C] to win by making your MoMo transactions starting from 5237F. Transfers, payments, withdrawals... etc. Try your luck on *126# or on bit.ly/MyMoMo1 to enjoy [CONTACT_8D6B]: 0 FCFA on your transfers and 1% on your withdrawals. Info: 8787 or [PHONE_8787]"
USER_11,2026-02-27,18:55:11,MobileMoney,transaction,OUT,300.0,XAF,1309.0,"A transaction of 300 XAF by Credix Collection  (n.djoumessi@credixcm.com) on your mobile money account successfully completed at 2026-02-27 18:55:06. The amount was subject to a discount of 0 and coupons worth 0. Message from debit receiver: . Your new balance:1309 XAF. Fee was 0 XAF, loyalty fee was 0 and loyalty reward was 0. Financial Transaction Id: [PHONE_5246]. External Transaction Id: 202602271854510226SM74547802. 237,000 [CONTACT_4B8C] to win by making your MoMo transactions starting from 5237F. Transfers, payments, withdrawals... etc. Try your luck on *126# or on bit.ly/MyMoMo1 to enjoy [CONTACT_8D6B]: 0 FCFA on your transfers and 1% on your withdrawals. Info: 8787 or [PHONE_8787]"
USER_11,2026-02-28,09:27:52,MobileMoney,transfert,IN,90000.0,XAF,91309.0,"You have received 90000 XAF of [CONTACT_C7A7] ([PHONE_6021] [CONTACT_8783]) on your Mobile Money 2026-02-28 09:27:51 account. Message from the sender: . Your new balance is 91309 XAF. Fee Paid: 0 XAF. Transaction ID: [PHONE_3206]. 237,000 [CONTACT_4B8C] to win by making your MoMo transactions starting from 5237,000F. Transfers, payments, withdrawals... etc. Try your luck on *126# or on bit.ly/MyMoMo1 to enjoy [CONTACT_8D6B]: 0 FCFA on your transfers and 1% on your withdrawals. Info: 8787 or [PHONE_8787]"
USER_11,2026-02-28,12:15:00,MobileMoney,transfert,OUT,15000.0,XAF,76275.0,"You have transferred 15000 XAF to [CONTACT_A154] ([PHONE_6714]) from your mobile money account 33671023 at 2026-02-28 12:14:59 FEES 34 FCFA. Your new balance: 76275 XAF. Message from sender: Emile. Message to receiver: . Financial Transaction Id: [PHONE_9925]. 237,000 [CONTACT_4B8C] to win by making your MoMo transactions starting from 5237F. Transfers, payments, withdrawals... etc. Try your luck on *126# or on bit.ly/MyMoMo1 to enjoy [CONTACT_8D6B]: 0 FCFA on your transfers and 1% on your withdrawals. Info: 8787 or [PHONE_8787]"
USER_11,2026-02-28,12:16:05,MobileMoney,transfert,OUT,50700.0,XAF,25470.0,"You have transferred 50700 XAF to [CONTACT_3520] ([PHONE_9895]) from your mobile money account 33671023 at 2026-02-28 12:16:04 FEES 105 FCFA. Your new balance: 25470 XAF. Message from sender: Njangi. Message to receiver: . Financial Transaction Id: [PHONE_4413]. 237,000 [CONTACT_4B8C] to win by making your MoMo transactions starting from 5237F. Transfers, payments, withdrawals... etc. Try your luck on *126# or on bit.ly/MyMoMo1 to enjoy [CONTACT_8D6B]: 0 FCFA on your transfers and 1% on your withdrawals. Info: 8787 or [PHONE_8787]"
USER_11,2026-02-28,12:16:49,MobileMoney,transfert,OUT,20000.0,XAF,5470.0,"You have transferred 20000 XAF to [CONTACT_F1F3] ([PHONE_3527]) from your mobile money account 33671023 at 2026-02-28 12:16:48 FEES 0 FCFA. Your new balance: 5470 XAF. Message from sender: Trp. Message to receiver: . Financial Transaction Id: [PHONE_4254]. 237,000 [CONTACT_4B8C] to win by making your MoMo transactions starting from 5237F. Transfers, payments, withdrawals... etc. Try your luck on *126# or on bit.ly/MyMoMo1 to enjoy [CONTACT_8D6B]: 0 FCFA on your transfers and 1% on your withdrawals. Info: 8787 or [PHONE_8787]"
USER_11,2026-02-28,13:24:40,MobileMoney,transaction,OUT,5000.0,XAF,470.0,"A transaction of 5000 XAF by MTNC BUNDLES_FORFAITS   (MTN_Bundles) on your mobile money account successfully completed at 2026-02-28 13:24:37. The amount was subject to a discount of 0 and coupons worth 0. Message from debit receiver: . Your new balance:470 XAF. Fee was 0 XAF, loyalty fee was 0 and loyalty reward was 0. Financial Transaction Id: [PHONE_9391]. External Transaction Id: 18911978572517484. 237,000 [CONTACT_4B8C] to win by making your MoMo transactions starting from 5237F. Transfers, payments, withdrawals... etc. Try your luck on *126# or on bit.ly/MyMoMo1 to enjoy [CONTACT_8D6B]: 0 FCFA on your transfers and 1% on your withdrawals. Info: 8787 or [PHONE_8787]"
USER_11,2026-03-01,10:24:12,MobileMoney,transfert,IN,1600.0,XAF,2070.0,You have received 1600 XAF from [CONTACT_C022] ([PHONE_5788]) on your mobile money account at 2026-03-01 10:24:11. Message from sender: 1. Your new balance:2070 XAF. Financial Transaction Id: [PHONE_2052].
USER_11,2026-03-01,10:48:24,MobileMoney,transfert,IN,5000.0,XAF,7070.0,You have received 5000 XAF from N A [CONTACT_25F4] ([PHONE_3075]) on your mobile money account at 2026-03-01 10:48:23. Message from sender: 11111. Your new balance:7070 XAF. Financial Transaction Id: [PHONE_8403].
USER_11,2026-03-03,21:03:23,MobileMoney,transfert,IN,18000.0,XAF,25070.0,You have received 18000 XAF from [CONTACT_5E08] ([PHONE_5640]) on your mobile money account at 2026-03-03 21:03:22. Message from sender: [CONTACT_879E] NOV25. Your new balance:25070 XAF. Financial Transaction Id: [PHONE_6640].
USER_11,2026-03-04,18:44:27,MobileMoney,transfert,OUT,10000.0,XAF,15046.0,"You have transferred 10000 XAF to [CONTACT_A73F] ([PHONE_3365]) from your mobile money account 33671023 at 2026-03-04 18:44:19 FEES 24 FCFA. Your new balance: 15046 XAF. Message from sender: 040326. Message to receiver: 040326. Financial Transaction Id: [PHONE_6665]. 237,000 [CONTACT_4B8C] to win by making your MoMo transactions starting from 5237F. Transfers, payments, withdrawals... etc. Try your luck on *126# or on bit.ly/MyMoMo1 to enjoy [CONTACT_8D6B]: 0 FCFA on your transfers and 1% on your withdrawals. Info: 8787 or [PHONE_8787]"
USER_11,2026-03-05,21:00:43,MobileMoney,transfert,OUT,500.0,XAF,14546.0,"You have transferred 500 XAF to [CONTACT_3B31] ([PHONE_5740]) from your mobile money account 33671023 at 2026-03-05 21:00:38 FEES 0 FCFA. Your new balance: 14546 XAF. Message from sender: 1. Message to receiver: 1. Financial Transaction Id: [PHONE_6479]. 237,000 [CONTACT_4B8C] to win by making your MoMo transactions starting from 5237F. Transfers, payments, withdrawals... etc. Try your luck on *126# or on bit.ly/MyMoMo1 to enjoy [CONTACT_8D6B]: 0 FCFA on your transfers and 1% on your withdrawals. Info: 8787 or [PHONE_8787]"
USER_11,2026-03-06,17:03:33,MobileMoney,transfert,IN,5000.0,XAF,19546.0,You have received 5000 XAF from Transfer from Non MoMo Account   (Transfert_Non_MoMo_I) on your mobile money account at 2026-03-06 17:03:32. Message from sender: lUELL9oFL8Rf + 11006. Your new balance:19546 XAF. Financial Transaction Id: [PHONE_3771].
USER_11,2026-03-08,13:37:35,MobileMoney,retrait,OUT,5500.0,XAF,13976.0,"You have withdrawn 5500 XAF from your mobile money account at [CONTACT_6B9E] on 2026-03-08 13:37:29. Your new balance:13976 XAF. Financial Transaction Id: [PHONE_7309]. 237,000 [CONTACT_4B8C] to win by making your MoMo transactions starting from 5237F. Transfers, payments, withdrawals... etc. Try your luck on *126# or on bit.ly/MyMoMo1 to enjoy [CONTACT_8D6B]: 0 FCFA on your transfers and 1% on your withdrawals. Info: 8787 or [PHONE_8787]"
USER_11,2026-03-09,17:47:14,MobileMoney,transfert,IN,40000.0,XAF,46958.0,You have received 40000 XAF from Transfer from Non MoMo Account   (Transfert_Non_MoMo_I) on your mobile money account at 2026-03-09 17:47:13. Message from sender: FH2dGjfBmzpL + 11006. Your new balance:46958 XAF. Financial Transaction Id: [PHONE_9247].
USER_11,2026-03-09,18:11:43,MobileMoney,retrait,OUT,40000.0,XAF,6474.0,"You have withdrawn 40000 XAF from your mobile m[CONTACT_ED2B]ey account at  [CONTACT_ED2B] 2026-03-09 18:11:36. Your new balance:6474 XAF. Financial Transaction Id: [PHONE_3001]. 237,000 [CONTACT_4B8C] to win by making your MoMo transactions starting from 5237F. Transfers, payments, withdrawals... etc. Try your luck on *126# or on bit.ly/MyMoMo1 to enjoy [CONTACT_8D6B]: 0 FCFA on your transfers and 1% on your withdrawals. Info: 8787 or [PHONE_8787]"
USER_11,2026-03-10,14:37:12,MobileMoney,transfert,IN,10000.0,XAF,16474.0,You have received 10000 XAF from [CONTACT_5DCC] (CCC_PLC-PERSONAL) on your mobile money account at 2026-03-10 14:37:11. Message from sender: . Your new balance:16474 XAF. Financial Transaction Id: [PHONE_2729].
USER_11,2026-03-11,14:18:20,MobileMoney,transfert,OUT,15000.0,XAF,1440.0,"You have transferred 15000 XAF to [CONTACT_23B1] ([PHONE_6537]) from your mobile money account 33671023 at 2026-03-11 14:18:18 FEES 34 FCFA. Your new balance: 1440 XAF. Message from sender: clases and saturday. Message to receiver: clases and saturday. Financial Transaction Id: [PHONE_4591]. 237,000 [CONTACT_4B8C] to win by making your MoMo transactions starting from 5237F. Transfers, payments, withdrawals... etc. Try your luck on *126# or on bit.ly/MyMoMo1 to enjoy [CONTACT_8D6B]: 0 FCFA on your transfers and 1% on your withdrawals. Info: 8787 or [PHONE_8787]"
USER_11,2026-03-11,19:27:41,MobileMoney,transaction,OUT,1000.0,XAF,440.0,"A transaction of 1000 XAF by MTNC BUNDLES_FORFAITS   (MTN_Bundles) on your mobile money account successfully completed at 2026-03-11 19:27:35. The amount was subject to a discount of 0 and coupons worth 0. Message from debit receiver: . Your new balance:440 XAF. Fee was 0 XAF, loyalty fee was 0 and loyalty reward was 0. Financial Transaction Id: [PHONE_5484]. External Transaction Id: 7119689615380438266. 237,000 [CONTACT_4B8C] to win by making your MoMo transactions starting from 5237F. Transfers, payments, withdrawals... etc. Try your luck on *126# or on bit.ly/MyMoMo1 to enjoy [CONTACT_8D6B]: 0 FCFA on your transfers and 1% on your withdrawals. Info: 8787 or [PHONE_8787]"
USER_11,2026-03-12,12:01:49,MobileMoney,transfert,IN,10000.0,XAF,10440.0,"You have received 10000 XAF of [CONTACT_C7A7] ([PHONE_6021] [CONTACT_8783]) on your Mobile Money 2026-03-12 12:01:48 account. Message from the sender: . Your new balance is 10440 XAF. Fee Paid: 0 XAF. Transaction ID: [PHONE_6934]. 237,000 [CONTACT_4B8C] to win by making your MoMo transactions starting from 5237,000F. Transfers, payments, withdrawals... etc. Try your luck on *126# or on bit.ly/MyMoMo1 to enjoy [CONTACT_8D6B]: 0 FCFA on your transfers and 1% on your withdrawals. Info: 8787 or [PHONE_8787]"
USER_11,2026-03-12,13:40:49,MobileMoney,transaction,OUT,5000.0,XAF,5440.0,"A transaction of 5000 XAF by MTNC BUNDLES_FORFAITS   (MTN_Bundles) on your mobile money account successfully completed at 2026-03-12 13:20:44. The amount was subject to a discount of 0 and coupons worth 0. Message from debit receiver: . Your new balance:5440 XAF. Fee was 0 XAF, loyalty fee was 0 and loyalty reward was 0. Financial Transaction Id: [PHONE_0809]. External Transaction Id: 2408447664598207163. 237,000 [CONTACT_4B8C] to win by making your MoMo transactions starting from 5237F. Transfers, payments, withdrawals... etc. Try your luck on *126# or on bit.ly/MyMoMo1 to enjoy [CONTACT_8D6B]: 0 FCFA on your transfers and 1% on your withdrawals. Info: 8787 or [PHONE_8787]"
USER_11,2026-03-17,19:05:38,MobileMoney,transfert,IN,10200.0,XAF,13027.0,You have received 10200 XAF from [CONTACT_A90A] ([PHONE_2400]) on your mobile money account at 2026-03-17 19:05:38. Message from sender: 1. Your new balance:13027 XAF. Financial Transaction Id: [PHONE_4017].
USER_11,2026-03-18,16:11:13,MobileMoney,transfert,IN,5100.0,XAF,18127.0,You have received 5100 XAF from [CONTACT_3EEF] ([PHONE_7586]) on your mobile money account at 2026-03-18 16:11:12. Message from sender: 000. Your new balance:18127 XAF. Financial Transaction Id: [PHONE_7833].
USER_11,2026-03-20,11:50:37,MobileMoney,transfert,IN,15200.0,XAF,32327.0,You have received 15200 XAF from N A [CONTACT_7A2E] ([PHONE_5753]) on your mobile money account at 2026-03-20 11:50:36. Message from sender: 1. Your new balance:32327 XAF. Financial Transaction Id: [PHONE_8199].
USER_11,2026-03-21,08:00:56,MobileMoney,retrait,OUT,22000.0,XAF,10059.0,"You have withdrawn 22000 XAF from your mobile money account at [CONTACT_E677] 2026-03-21 08:00:51. Your new balance:10059 XAF. Financial Transaction Id: [PHONE_1978]. 237,000 [CONTACT_4B8C] to win by making your MoMo transactions starting from 5237F. Transfers, payments, withdrawals... etc. Try your luck on *126# or on bit.ly/MyMoMo1 to enjoy [CONTACT_8D6B]: 0 FCFA on your transfers and 1% on your withdrawals. Info: 8787 or [PHONE_8787]"
USER_11,2026-03-21,08:22:20,MobileMoney,transfert,IN,5100.0,XAF,15159.0,You have received 5100 XAF from [CONTACT_7B10] ([PHONE_8113]) on your mobile money account at 2026-03-21 08:22:19. Message from sender: . Your new balance:15159 XAF. Financial Transaction Id: [PHONE_4138].
USER_11,2026-03-21,08:32:04,MobileMoney,transfert,IN,5200.0,XAF,20359.0,You have received 5200 XAF from [CONTACT_3EAE] ([PHONE_0977]) on your mobile money account at 2026-03-21 08:32:01. Message from sender: 1. Your new balance:20359 XAF. Financial Transaction Id: [PHONE_4094].
USER_11,2026-03-21,10:40:23,MobileMoney,transfert,IN,5100.0,XAF,25459.0,You have received 5100 XAF from [CONTACT_2280] ([PHONE_6629]) on your mobile money account at 2026-03-21 10:40:22. Message from sender: . Your new balance:25459 XAF. Financial Transaction Id: [PHONE_1451].
USER_11,2026-03-21,21:24:42,MobileMoney,transfert,IN,10111.0,XAF,35570.0,You have received 10111 XAF from [CONTACT_C74B] ([PHONE_9369]) on your mobile money account at 2026-03-21 21:24:40. Message from sender: From_TEYIM_IVO_MBACH. Your new balance:35570 XAF. Financial Transaction Id: [PHONE_9727].
USER_11,2026-03-22,14:55:59,MobileMoney,transfert,IN,5100.0,XAF,40670.0,You have received 5100 XAF from N A [CONTACT_C0EA] ([PHONE_2362]) on your mobile money account at 2026-03-22 14:55:57. Message from sender: . Your new balance:40670 XAF. Financial Transaction Id: [PHONE_7539].
USER_11,2026-03-22,18:47:25,MobileMoney,transfert,IN,11000.0,XAF,51670.0,"You have received 11000 XAF of [CONTACT_B32E] 4 [CONTACT_05B2] ([PHONE_1177]) on your Mobile Money 2026-03-22 18:47:23 account. Message from the sender: . Your new balance is 51670 XAF. Fee Paid: 0 XAF. Transaction ID: [PHONE_7198]. 237,000 [CONTACT_4B8C] to win by making your MoMo transactions starting from 5237,000F. Transfers, payments, withdrawals... etc. Try your luck on *126# or on bit.ly/MyMoMo1 to enjoy [CONTACT_8D6B]: 0 FCFA on your transfers and 1% on your withdrawals. Info: 8787 or [PHONE_8787]"
USER_11,2026-03-23,15:07:32,MobileMoney,transfert,OUT,5150.0,XAF,46506.0,"You have transferred 5150 XAF to [CONTACT_5C66] ([PHONE_6776]) from your mobile money account 33671023 at 2026-03-23 15:07:30 FEES 14 FCFA. Your new balance: 46506 XAF. Message from sender: sport wear clinton. Message to receiver: sport wear clinton. Financial Transaction Id: [PHONE_3688]. 237,000 [CONTACT_4B8C] to win by making your MoMo transactions starting from 5237F. Transfers, payments, withdrawals... etc. Try your luck on *126# or on bit.ly/MyMoMo1 to enjoy [CONTACT_8D6B]: 0 FCFA on your transfers and 1% on your withdrawals. Info: 8787 or [PHONE_8787]"
USER_11,2026-03-24,05:03:18,MobileMoney,transaction,OUT,1000.0,XAF,45506.0,"A transaction of 1000 XAF by MTNC BUNDLES_FORFAITS   (MTN_Bundles) on your mobile money account successfully completed at 2026-03-24 05:03:12. The amount was subject to a discount of 0 and coupons worth 0. Message from debit receiver: . Your new balance:45506 XAF. Fee was 0 XAF, loyalty fee was 0 and loyalty reward was 0. Financial Transaction Id: [PHONE_6572]. External Transaction Id: 3975207961734638744. 237,000 [CONTACT_4B8C] to win by making your MoMo transactions starting from 5237F. Transfers, payments, withdrawals... etc. Try your luck on *126# or on bit.ly/MyMoMo1 to enjoy [CONTACT_8D6B]: 0 FCFA on your transfers and 1% on your withdrawals. Info: 8787 or [PHONE_8787]"
USER_11,2026-03-24,08:44:48,MobileMoney,transaction,OUT,5000.0,XAF,40506.0,"A transaction of 5000 XAF by MTNC BUNDLES_FORFAITS   (MTN_Bundles) on your mobile money account successfully completed at 2026-03-24 08:44:46. The amount was subject to a discount of 0 and coupons worth 0. Message from debit receiver: . Your new balance:40506 XAF. Fee was 0 XAF, loyalty fee was 0 and loyalty reward was 0. Financial Transaction Id: [PHONE_6443]. External Transaction Id: 8829500651201536557. 237,000 [CONTACT_4B8C] to win by making your MoMo transactions starting from 5237F. Transfers, payments, withdrawals... etc. Try your luck on *126# or on bit.ly/MyMoMo1 to enjoy [CONTACT_8D6B]: 0 FCFA on your transfers and 1% on your withdrawals. Info: 8787 or [PHONE_8787]"
USER_11,2026-03-24,12:46:03,MobileMoney,transfert,OUT,1000.0,XAF,39500.0,"You have transferred 1000 XAF to [CONTACT_3995] ([PHONE_2893]) from your mobile money account 33671023 at 2026-03-24 12:46:01 FEES 6 FCFA. Your new balance: 39500 XAF. Message from sender: payslip Neba Neh. Message to receiver: payslip Neba Neh. Financial Transaction Id: [PHONE_2775]. 237,000 [CONTACT_4B8C] to win by making your MoMo transactions starting from 5237F. Transfers, payments, withdrawals... etc. Try your luck on *126# or on bit.ly/MyMoMo1 to enjoy [CONTACT_8D6B]: 0 FCFA on your transfers and 1% on your withdrawals. Info: 8787 or [PHONE_8787]"
USER_11,2026-03-25,17:41:02,MobileMoney,transfert,IN,5100.0,XAF,33043.0,You have received 5100 XAF from [CONTACT_6BB4] ([PHONE_1018]) on your mobile money account at 2026-03-25 17:41:01. Message from sender: . Your new balance:33043 XAF. Financial Transaction Id: [PHONE_2532].
USER_11,2026-03-26,11:04:17,MobileMoney,transfert,IN,5100.0,XAF,38143.0,You have received 5100 XAF from [CONTACT_4D81] ([PHONE_0535]) on your mobile money account at 2026-03-26 11:04:09. Message from sender: . Your new balance:38143 XAF. Financial Transaction Id: [PHONE_1850].
USER_11,2026-03-26,14:12:01,MobileMoney,transfert,IN,5100.0,XAF,43243.0,You have received 5100 XAF from [CONTACT_32F6] ([PHONE_4143]) on your mobile money account at 2026-03-26 14:11:59. Message from sender: . Your new balance:43243 XAF. Financial Transaction Id: [PHONE_7446].
